Date,Open,High,Low,Close,Adj Close,Volume
2011-01-04,7914.0,8135.0,7914.0,7923.0,7923.0,1100
2011-01-05,8005.0,8010.0,7718.0,7755.0,7755.0,700
2011-01-06,7744.0,7868.0,7687.0,7788.0,7788.0,800
2011-01-07,7724.0,8001.0,7618.0,7804.0,7804.0,400
2011-01-10,7964.0,8087.0,7776.0,7788.0,7788.0,700
2011-01-11,7672.0,7726.0,7551.0,7573.0,7573.0,600
2011-01-12,7411.0,7427.0,7216.0,7235.0,7235.0,400
2011-01-13,7228.0,7304.0,7149.0,7150.0,7150.0,100
2011-01-14,7200.0,7200.0,6780.0,6855.0,6855.0,400
2011-01-18,6802.0,6838.0,6642.0,6646.0,6646.0,200
2011-01-19,6681.0,7125.0,6664.0,6992.0,6992.0,500
2011-01-20,7039.0,7204.0,6893.0,6931.0,6931.0,900
2011-01-21,6739.0,7062.0,6737.0,6997.0,6997.0,300
2011-01-24,7010.0,7045.0,6831.0,6846.0,6846.0,300
2011-01-25,6919.0,7017.0,6759.0,6759.0,6759.0,200
2011-01-26,6694.0,6737.0,6516.0,6548.0,6548.0,300
2011-01-27,6557.0,6585.0,6410.0,6425.0,6425.0,100
2011-01-28,6401.0,7061.0,6363.0,6963.0,6963.0,600
2011-01-31,6871.0,6981.0,6838.0,6935.0,6935.0,200
2011-02-01,6778.0,6778.0,6538.0,6605.0,6605.0,300
2011-02-02,6656.0,6670.0,6491.0,6578.0,6578.0,100
2011-02-03,6603.0,6768.0,6480.0,6500.0,6500.0,100
2011-02-04,6479.0,6495.0,6335.0,6347.0,6347.0,300
2011-02-07,6274.0,6274.0,6161.0,6230.0,6230.0,200
2011-02-08,6219.0,6300.0,6126.0,6145.0,6145.0,200
2011-02-09,6211.0,6300.0,6161.0,6175.0,6175.0,500
2011-02-10,6337.0,6337.0,6151.0,6170.0,6170.0,300
2011-02-11,6240.0,6240.0,6065.0,6070.0,6070.0,400
2011-02-14,6073.0,6102.0,6015.0,6016.0,6016.0,300
2011-02-15,6049.0,6103.0,6028.0,6097.0,6097.0,300
2011-02-16,6012.0,6169.0,5955.0,6169.0,6169.0,400
2011-02-17,6204.0,6275.0,6198.0,6229.0,6229.0,400
2011-02-18,6211.0,6350.0,6210.0,6294.0,6294.0,300
2011-02-22,6677.0,7115.0,6456.0,7080.0,7080.0,1100
2011-02-23,7087.0,7583.0,7011.0,7393.0,7393.0,1100
2011-02-24,7383.0,7530.0,7247.0,7295.0,7295.0,200
2011-02-25,7096.0,7096.0,6840.0,6849.0,6849.0,400
2011-02-28,6681.0,6681.0,6508.0,6554.0,6554.0,600
2011-03-01,6491.0,7046.0,6475.0,7033.0,7033.0,900
2011-03-02,7057.0,7127.0,6859.0,7060.0,7060.0,700
2011-03-03,6733.0,6793.0,6685.0,6695.0,6695.0,200
2011-03-04,6656.0,7012.0,6644.0,6886.0,6886.0,400
2011-03-07,7050.0,7251.0,6716.0,7061.0,7061.0,400
2011-03-08,7014.0,7202.0,6854.0,6907.0,6907.0,100
2011-03-09,6998.0,7190.0,6968.0,6999.0,6999.0,200
2011-03-10,7262.0,7406.0,7182.0,7354.0,7354.0,300
2011-03-11,7501.0,7501.0,7115.0,7152.0,7152.0,300
2011-03-14,7395.0,7448.0,7218.0,7246.0,7246.0,200
2011-03-15,8028.0,8043.0,7411.0,7538.0,7538.0,1900
2011-03-16,7602.0,8499.0,7558.0,8216.0,8216.0,2600
2011-03-17,7750.0,7965.0,7682.0,7909.0,7909.0,1000
2011-03-18,7548.0,7770.0,7548.0,7671.0,7671.0,400
2011-03-21,7332.0,7337.0,7069.0,7071.0,7071.0,800
2011-03-22,6995.0,7109.0,6981.0,7011.0,7011.0,400
2011-03-23,7098.0,7219.0,6754.0,6773.0,6773.0,1000
2011-03-24,6571.0,6691.0,6536.0,6593.0,6593.0,1000
2011-03-25,6507.0,6603.0,6422.0,6587.0,6587.0,1500
2011-03-28,6522.0,6674.0,6461.0,6671.0,6671.0,1000
2011-03-29,6666.0,6765.0,6506.0,6511.0,6511.0,800
2011-03-30,6427.0,6459.0,6344.0,6388.0,6388.0,1100
2011-03-31,6450.0,6472.0,6354.0,6375.0,6375.0,800
2011-04-01,6239.0,6385.0,6180.0,6316.0,6316.0,1500
2011-04-04,6257.0,6347.0,6240.0,6260.0,6260.0,1000
2011-04-05,6302.0,6307.0,6115.0,6143.0,6143.0,1500
2011-04-06,6092.0,6222.0,6051.0,6116.0,6116.0,1600
2011-04-07,6140.0,6297.0,6099.0,6169.0,6169.0,1800
2011-04-08,6108.0,6354.0,6064.0,6283.0,6283.0,2300
2011-04-11,6226.0,6298.0,6148.0,6219.0,6219.0,1500
2011-04-12,6335.0,6408.0,6230.0,6278.0,6278.0,2500
2011-04-13,6191.0,6300.0,6158.0,6169.0,6169.0,1900
2011-04-14,6300.0,6324.0,6084.0,6112.0,6112.0,1800
2011-04-15,6072.0,6133.0,5947.0,5976.0,5976.0,2400
2011-04-18,6250.0,6364.0,6085.0,6115.0,6115.0,4300
2011-04-19,6053.0,6053.0,5792.0,5807.0,5807.0,2500
2011-04-20,5581.0,5611.0,5522.0,5567.0,5567.0,2000
2011-04-21,5460.0,5548.0,5401.0,5405.0,5405.0,2600
2011-04-25,5381.0,5423.0,5278.0,5282.0,5282.0,1000
2011-04-26,5210.0,5251.0,5101.0,5166.0,5166.0,1800
2011-04-27,5171.0,5379.0,5097.0,5097.0,5097.0,2000
2011-04-28,5155.0,5156.0,5000.0,5025.0,5025.0,1700
2011-04-29,5022.0,5076.0,5019.0,5039.0,5039.0,1100
2011-05-02,4977.0,5225.0,4977.0,5177.0,5177.0,1800
2011-05-03,5209.0,5413.0,5200.0,5294.0,5294.0,1300
2011-05-04,5307.0,5524.0,5292.0,5350.0,5350.0,3100
2011-05-05,5530.0,5558.0,5288.0,5507.0,5507.0,4100
2011-05-06,5256.0,5550.0,5154.0,5382.0,5382.0,4200
2011-05-09,5391.0,5400.0,5193.0,5202.0,5202.0,1700
2011-05-10,5146.0,5183.0,5001.0,5019.0,5019.0,3100
2011-05-11,5031.0,5266.0,5031.0,5118.0,5118.0,3200
2011-05-12,5202.0,5275.0,5010.0,5062.0,5062.0,3200
2011-05-13,5040.0,5207.0,5023.0,5130.0,5130.0,2400
2011-05-16,5171.0,5230.0,5023.0,5230.0,5230.0,3600
2011-05-17,5293.0,5374.0,5121.0,5137.0,5137.0,4000
2011-05-18,5135.0,5177.0,4968.0,4995.0,4995.0,3500
2011-05-19,4927.0,4998.0,4873.0,4876.0,4876.0,3500
2011-05-20,4887.0,5041.0,4820.0,4934.0,4934.0,4600
2011-05-23,5178.0,5210.0,5029.0,5099.0,5099.0,4200
2011-05-24,5047.0,5091.0,4980.0,5090.0,5090.0,3200
2011-05-25,5086.0,5094.0,4894.0,4944.0,4944.0,1500
2011-05-26,4976.0,4999.0,4825.0,4840.0,4840.0,2200
2011-05-27,4769.0,4782.0,4687.0,4755.0,4755.0,2400
2011-05-31,4580.0,4674.0,4580.0,4619.0,4619.0,1900
2011-06-01,4656.0,4911.0,4632.0,4911.0,4911.0,3400
2011-06-02,4837.0,5005.0,4798.0,4851.0,4851.0,4000
2011-06-03,5060.0,5060.0,4796.0,4854.0,4854.0,4200
2011-06-06,4853.0,4991.0,4792.0,4933.0,4933.0,2500
2011-06-07,4844.0,4875.0,4758.0,4869.0,4869.0,3100
2011-06-08,4884.0,4977.0,4824.0,4950.0,4950.0,4000
2011-06-09,4880.0,4889.0,4756.0,4791.0,4791.0,2100
2011-06-10,4813.0,5003.0,4798.0,4958.0,4958.0,5600
2011-06-13,4934.0,5138.0,4880.0,5034.0,5034.0,3400
2011-06-14,4893.0,4901.0,4823.0,4882.0,4882.0,2300
2011-06-15,5054.0,5315.0,5019.0,5292.0,5292.0,12300
2011-06-16,5391.0,5825.0,5310.0,5573.0,5573.0,11000
2011-06-17,5399.0,5598.0,5337.0,5465.0,5465.0,6100
2011-06-20,5508.0,5538.0,5215.0,5221.0,5221.0,4500
2011-06-21,5067.0,5097.0,4924.0,5054.0,5054.0,3700
2011-06-22,4993.0,5117.0,4895.0,5107.0,5107.0,4100
2011-06-23,5392.0,5461.0,5092.0,5103.0,5103.0,6700
2011-06-24,5060.0,5333.0,5033.0,5313.0,5313.0,5300
2011-06-27,5318.0,5386.0,5199.0,5220.0,5220.0,3700
2011-06-28,5150.0,5187.0,5010.0,5014.0,5014.0,2100
2011-06-29,4886.0,4926.0,4755.0,4763.0,4763.0,4800
2011-06-30,4674.0,4677.0,4521.0,4568.0,4568.0,7100
2011-07-01,4531.0,4555.0,4354.0,4385.0,4385.0,3800
2011-07-05,4377.0,4428.0,4340.0,4404.0,4404.0,2200
2011-07-06,4462.0,4543.0,4423.0,4472.0,4472.0,1700
2011-07-07,4321.0,4361.0,4303.0,4350.0,4350.0,1800
2011-07-08,4513.0,4514.0,4398.0,4398.0,4398.0,3700
2011-07-11,4615.0,4784.0,4571.0,4764.0,4764.0,5000
2011-07-12,4867.0,4888.0,4666.0,4882.0,4882.0,4400
2011-07-13,4783.0,4933.0,4625.0,4878.0,4878.0,5000
2011-07-14,4816.0,5179.0,4816.0,5055.0,5055.0,7200
2011-07-15,4995.0,5182.0,4937.0,5004.0,5004.0,6100
2011-07-18,5100.0,5211.0,5095.0,5111.0,5111.0,5400
2011-07-19,5012.0,5017.0,4843.0,4864.0,4864.0,4600
2011-07-20,4767.0,4868.0,4742.0,4763.0,4763.0,3800
2011-07-21,4640.0,4669.0,4500.0,4519.0,4519.0,5600
2011-07-22,4468.0,4553.0,4440.0,4483.0,4483.0,3200
2011-07-25,4629.0,4663.0,4551.0,4654.0,4654.0,5000
2011-07-26,4678.0,4787.0,4652.0,4750.0,4750.0,4400
2011-07-27,4841.0,5055.0,4836.0,5031.0,5031.0,6300
2011-07-28,5063.0,5183.0,4886.0,5147.0,5147.0,5000
2011-07-29,5309.0,5386.0,5021.0,5051.0,5051.0,11200
2011-08-01,4780.0,5165.0,4766.0,4839.0,4839.0,10400
2011-08-02,4994.0,5175.0,4882.0,5175.0,5175.0,6800
2011-08-03,5200.0,5441.0,5113.0,5206.0,5206.0,6400
2011-08-04,5403.0,6238.0,5370.0,6230.0,6230.0,10500
2011-08-05,5962.0,7180.0,5869.0,6548.0,6548.0,22000
2011-08-08,7129.0,7695.0,6892.0,7507.0,7507.0,21000
2011-08-09,7204.0,7780.0,6750.0,6764.0,6764.0,13400
2011-08-10,7024.0,7642.0,6953.0,7579.0,7579.0,4900
2011-08-11,7453.0,7653.0,7068.0,7270.0,7270.0,9700
2011-08-12,7016.0,7349.0,6943.0,7322.0,7322.0,6300
2011-08-15,7100.0,7209.0,6908.0,6908.0,6908.0,4800
2011-08-16,7066.0,7308.0,6947.0,7065.0,7065.0,7300
2011-08-17,6965.0,7285.0,6900.0,7206.0,7206.0,6100
2011-08-18,7881.0,8886.0,7868.0,8696.0,8696.0,8400
2011-08-19,9256.0,9260.0,8595.0,9135.0,9135.0,7700
2011-08-22,8624.0,9524.0,8606.0,9413.0,9413.0,4900
2011-08-23,9404.0,9595.0,8920.0,8963.0,8963.0,2700
2011-08-24,8950.0,9040.0,8524.0,8781.0,8781.0,2000
2011-08-25,8540.0,9176.0,8430.0,8962.0,8962.0,6400
2011-08-26,9274.0,9446.0,8658.0,8811.0,8811.0,2300
2011-08-29,8486.0,8505.0,8257.0,8257.0,8257.0,2700
2011-08-30,8399.0,8568.0,8236.0,8356.0,8356.0,2700
2011-08-31,8270.0,8459.0,8107.0,8371.0,8371.0,4100
2011-09-01,8374.0,8482.0,8096.0,8477.0,8477.0,1100
2011-09-02,8882.0,8991.0,8760.0,8904.0,8904.0,2000
2011-09-06,9714.0,9714.0,9163.0,9168.0,9168.0,2700
2011-09-07,8903.0,8990.0,8804.0,8835.0,8835.0,2000
2011-09-08,8972.0,9044.0,8682.0,8979.0,8979.0,2200
2011-09-09,9248.0,9950.0,9203.0,9834.0,9834.0,2100
2011-09-12,10308.0,10526.0,9898.0,9930.0,9930.0,2300
2011-09-13,9837.0,10129.0,9794.0,9822.0,9822.0,2900
2011-09-14,9693.0,10058.0,9342.0,9563.0,9563.0,1800
2011-09-15,9350.0,9434.0,9084.0,9084.0,9084.0,1500
2011-09-16,9034.0,9223.0,8864.0,8902.0,8902.0,2100
2011-09-19,9328.0,9494.0,9098.0,9203.0,9203.0,3600
2011-09-20,9051.0,9226.0,8868.0,9193.0,9193.0,2100
2011-09-21,9130.0,9692.0,9041.0,9692.0,9692.0,5700
2011-09-22,10514.0,10992.0,10250.0,10670.0,10670.0,4800
2011-09-23,10767.0,10946.0,10542.0,10780.0,10780.0,2300
2011-09-26,10596.0,10984.0,10384.0,10405.0,10405.0,1900
2011-09-27,9936.0,10309.0,9739.0,10208.0,10208.0,5500
2011-09-28,10102.0,10877.0,10007.0,10860.0,10860.0,2100
2011-09-29,10498.0,11185.0,10398.0,10670.0,10670.0,2100
2011-09-30,11098.0,11474.0,10900.0,11452.0,11452.0,3200
2011-10-03,11679.0,12206.0,11396.0,12195.0,12195.0,5200
2011-10-04,12492.0,12674.0,11270.0,11345.0,11345.0,6700
2011-10-05,11174.0,11362.0,10722.0,10766.0,10766.0,3600
2011-10-06,10824.0,11006.0,10570.0,10586.0,10586.0,1900
2011-10-07,10380.0,10960.0,10372.0,10778.0,10778.0,4500
2011-10-10,10330.0,10350.0,9992.0,9996.0,9996.0,1900
2011-10-11,10118.0,10118.0,9805.0,9877.0,9877.0,1200
2011-10-12,9516.0,9561.0,9026.0,9210.0,9210.0,2700
2011-10-13,9320.0,9581.0,9162.0,9192.0,9192.0,1900
2011-10-14,8793.0,9000.0,8640.0,8657.0,8657.0,1500
2011-10-17,8700.0,9607.0,8691.0,9572.0,9572.0,2100
2011-10-18,9581.0,9898.0,8888.0,9194.0,9194.0,2500
2011-10-19,9148.0,10005.0,9054.0,9821.0,9821.0,3300
2011-10-20,9886.0,10319.0,9779.0,9915.0,9915.0,2300
2011-10-21,9546.0,9697.0,9351.0,9373.0,9373.0,1900
2011-10-24,9249.0,9249.0,8778.0,8799.0,8799.0,2000
2011-10-25,8907.0,9446.0,8907.0,9370.0,9370.0,2700
2011-10-26,9007.0,9688.0,8964.0,8981.0,8981.0,1900
2011-10-27,8079.0,8251.0,7740.0,7802.0,7802.0,2300
2011-10-28,7939.0,8026.0,7691.0,7738.0,7738.0,700
2011-10-31,8089.0,8572.0,8030.0,8559.0,8559.0,2200
2011-11-01,9875.0,10087.0,9474.0,9824.0,9824.0,4800
2011-11-02,9462.0,9840.0,9418.0,9517.0,9517.0,1400
2011-11-03,9238.0,9819.0,9018.0,9069.0,9069.0,1700
2011-11-04,9288.0,9575.0,9076.0,9239.0,9239.0,1500
2011-11-07,9273.0,9525.0,9145.0,9153.0,9153.0,1200
2011-11-08,9030.0,9286.0,8715.0,8726.0,8726.0,2100
2011-11-09,9384.0,10425.0,9280.0,10356.0,10356.0,4300
2011-11-10,9753.0,10290.0,9674.0,9720.0,9720.0,3000
2011-11-11,9335.0,9372.0,9190.0,9295.0,9295.0,2000
2011-11-14,9442.0,9698.0,9412.0,9531.0,9531.0,1500
2011-11-15,9709.0,9776.0,9324.0,9432.0,9432.0,1800
2011-11-16,9740.0,9950.0,9368.0,9883.0,9883.0,2300
2011-11-17,9975.0,10552.0,9886.0,10373.0,10373.0,3500
2011-11-18,10061.0,10350.0,10008.0,10013.0,10013.0,2000
2011-11-21,10539.0,10567.0,10088.0,10138.0,10138.0,2100
2011-11-22,10202.0,10279.0,9894.0,9911.0,9911.0,2800
2011-11-23,10149.0,10378.0,10086.0,10371.0,10371.0,1900
2011-11-25,10413.0,10538.0,10194.0,10506.0,10506.0,1100
2011-11-28,9780.0,10101.0,9708.0,9996.0,9996.0,1500
2011-11-29,9885.0,10015.0,9700.0,9790.0,9790.0,1000
2011-11-30,9147.0,9204.0,8889.0,8921.0,8921.0,1600
2011-12-01,8965.0,8981.0,8655.0,8708.0,8708.0,1200
2011-12-02,8476.0,8712.0,8326.0,8708.0,8708.0,1200
2011-12-05,8328.0,8773.0,8324.0,8681.0,8681.0,1200
2011-12-06,8685.0,8736.0,8540.0,8651.0,8651.0,500
2011-12-07,8766.0,9112.0,8760.0,8897.0,8897.0,1100
2011-12-08,9181.0,9391.0,9088.0,9312.0,9312.0,1100
2011-12-09,9196.0,9210.0,8662.0,8664.0,8664.0,3900
2011-12-12,8858.0,9034.0,8707.0,8707.0,8707.0,1500
2011-12-13,8530.0,8837.0,8346.0,8662.0,8662.0,2100
2011-12-14,8672.0,8880.0,8547.0,8695.0,8695.0,1700
2011-12-15,8379.0,8472.0,8250.0,8348.0,8348.0,800
2011-12-16,8078.0,8416.0,8070.0,8312.0,8312.0,1900
2011-12-19,8210.0,8290.0,8053.0,8232.0,8232.0,1200
2011-12-20,7856.0,7858.0,7700.0,7723.0,7723.0,1700
2011-12-21,7630.0,7750.0,7194.0,7199.0,7199.0,1700
2011-12-22,7032.0,7295.0,6900.0,7222.0,7222.0,1300
2011-12-23,7175.0,7453.0,7108.0,7397.0,7397.0,800
2011-12-27,7359.0,7379.0,7254.0,7332.0,7332.0,600
2011-12-28,7296.0,7667.0,7296.0,7647.0,7647.0,900
2011-12-29,7583.0,7583.0,7437.0,7460.0,7460.0,500
2011-12-30,7445.0,7580.0,7418.0,7574.0,7574.0,400
2012-01-03,7217.0,7264.0,7117.0,7174.0,7174.0,600
2012-01-04,7257.0,7347.0,7033.0,7033.0,7033.0,500
2012-01-05,7138.0,7205.0,6868.0,6876.0,6876.0,600
2012-01-06,6834.0,6958.0,6700.0,6772.0,6772.0,900
2012-01-09,6708.0,6758.0,6626.0,6668.0,6668.0,400
2012-01-10,6464.0,6565.0,6398.0,6534.0,6534.0,1100
2012-01-11,6594.0,6656.0,6568.0,6642.0,6642.0,700
2012-01-12,6600.0,6842.0,6535.0,6544.0,6544.0,900
2012-01-13,6688.0,6918.0,6688.0,6717.0,6717.0,1500
2012-01-17,6498.0,6703.0,6393.0,6662.0,6662.0,1500
2012-01-18,6630.0,6698.0,6402.0,6420.0,6420.0,1300
2012-01-19,6336.0,6393.0,6232.0,6247.0,6247.0,1200
2012-01-20,6262.0,6302.0,6039.0,6055.0,6055.0,900
2012-01-23,6048.0,6083.0,5860.0,5902.0,5902.0,1800
2012-01-24,6052.0,6070.0,5862.0,5930.0,5930.0,900
2012-01-25,5930.0,6002.0,5649.0,5672.0,5672.0,2000
2012-01-26,5554.0,5753.0,5535.0,5676.0,5676.0,900
2012-01-27,5764.0,5766.0,5528.0,5555.0,5555.0,900
2012-01-30,5756.0,5794.0,5642.0,5718.0,5718.0,1200
2012-01-31,5611.0,5777.0,5568.0,5720.0,5720.0,1000
2012-02-01,5590.0,5637.0,5487.0,5568.0,5568.0,900
2012-02-02,5474.0,5498.0,5392.0,5392.0,5392.0,1200
2012-02-03,5177.0,5228.0,5105.0,5105.0,5105.0,2800
2012-02-06,5154.0,5159.0,5048.0,5048.0,5048.0,1100
2012-02-07,5070.0,5160.0,5049.0,5093.0,5093.0,1300
2012-02-08,5084.0,5230.0,5066.0,5210.0,5210.0,800
2012-02-09,5235.0,5470.0,5200.0,5465.0,5465.0,1400
2012-02-10,5759.0,6272.0,5699.0,5933.0,5933.0,3800
2012-02-13,5606.0,5684.0,5474.0,5474.0,5474.0,1900
2012-02-14,5562.0,5987.0,5554.0,5644.0,5644.0,2300
2012-02-15,5689.0,6002.0,5687.0,5967.0,5967.0,6300
2012-02-16,6099.0,6201.0,5710.0,5743.0,5743.0,6500
2012-02-17,5638.0,5800.0,5583.0,5652.0,5652.0,2900
2012-02-21,5572.0,5734.0,5570.0,5648.0,5648.0,2900
2012-02-22,5686.0,5702.0,5476.0,5493.0,5493.0,4300
2012-02-23,5500.0,5547.0,5100.0,5142.0,5142.0,4000
2012-02-24,5068.0,5358.0,5030.0,5323.0,5323.0,4500
2012-02-27,5520.0,5540.0,5207.0,5382.0,5382.0,2700
2012-02-28,5435.0,5451.0,5294.0,5317.0,5317.0,2400
2012-02-29,5227.0,5350.0,5122.0,5246.0,5246.0,2600
2012-03-01,5194.0,5215.0,5092.0,5131.0,5131.0,2000
2012-03-02,5127.0,5205.0,5089.0,5167.0,5167.0,1400
2012-03-05,5198.0,5248.0,5118.0,5150.0,5150.0,2300
2012-03-06,5472.0,5591.0,5370.0,5545.0,5545.0,5800
2012-03-07,5464.0,5502.0,5257.0,5274.0,5274.0,3000
2012-03-08,5134.0,5162.0,5030.0,5068.0,5068.0,3400
2012-03-09,4989.0,4999.0,4861.0,4958.0,4958.0,4200
2012-03-12,4900.0,4906.0,4718.0,4731.0,4731.0,3700
2012-03-13,4594.0,4635.0,4484.0,4522.0,4522.0,5600
2012-03-14,4488.0,4783.0,4475.0,4662.0,4662.0,4200
2012-03-15,4714.0,4753.0,4588.0,4588.0,4588.0,3900
2012-03-16,4567.0,4640.0,4548.0,4579.0,4579.0,3000
2012-03-19,4558.0,4572.0,4275.0,4313.0,4313.0,7700
2012-03-20,4409.0,4445.0,4104.0,4109.0,4109.0,4700
2012-03-21,4025.0,4077.0,3857.0,3907.0,3907.0,5700
2012-03-22,4080.0,4150.0,3910.0,3948.0,3948.0,3700
2012-03-23,3930.0,3992.0,3660.0,3674.0,3674.0,4300
2012-03-26,3539.0,3540.0,3315.0,3342.0,3342.0,6400
2012-03-27,3393.0,3670.0,3371.0,3660.0,3660.0,3500
2012-03-28,3664.0,4009.0,3605.0,3691.0,3691.0,5600
2012-03-29,3918.0,3918.0,3636.0,3677.0,3677.0,4800
2012-03-30,3522.0,3671.0,3515.0,3577.0,3577.0,3000
2012-04-02,3591.0,3610.0,3448.0,3576.0,3576.0,2400
2012-04-03,3563.0,3742.0,3533.0,3638.0,3638.0,2600
2012-04-04,3819.0,3908.0,3693.0,3727.0,3727.0,4000
2012-04-05,3812.0,3831.0,3707.0,3808.0,3808.0,2000
2012-04-09,4036.0,4040.0,3890.0,4039.0,4039.0,2900
2012-04-10,4068.0,4375.0,4009.0,4368.0,4368.0,5900
2012-04-11,4146.0,4285.0,4098.0,4259.0,4259.0,5300
2012-04-12,4203.0,4225.0,3876.0,3892.0,3892.0,4500
2012-04-13,3878.0,4113.0,3878.0,4110.0,4110.0,4200
2012-04-16,3962.0,4168.0,3923.0,4040.0,4040.0,4100
2012-04-17,3896.0,3911.0,3768.0,3819.0,3819.0,4100
2012-04-18,3853.0,3920.0,3772.0,3880.0,3880.0,4000
2012-04-19,3862.0,4019.0,3780.0,3911.0,3911.0,6600
2012-04-20,3822.0,3824.0,3737.0,3783.0,3783.0,5100
2012-04-23,3964.0,4048.0,3883.0,3905.0,3905.0,5600
2012-04-24,3891.0,3905.0,3810.0,3811.0,3811.0,3400
2012-04-25,3657.0,3687.0,3565.0,3574.0,3574.0,4600
2012-04-26,3584.0,3594.0,3417.0,3448.0,3448.0,5100
2012-04-27,3430.0,3508.0,3412.0,3443.0,3443.0,3600
2012-04-30,3488.0,3539.0,3463.0,3521.0,3521.0,5100
2012-05-01,3513.0,3518.0,3367.0,3411.0,3411.0,4100
2012-05-02,3486.0,3518.0,3407.0,3442.0,3442.0,3200
2012-05-03,3415.0,3560.0,3390.0,3515.0,3515.0,2600
2012-05-04,3551.0,3720.0,3543.0,3669.0,3669.0,7100
2012-05-07,3757.0,3766.0,3569.0,3611.0,3611.0,4300
2012-05-08,3684.0,3876.0,3627.0,3646.0,3646.0,8300
2012-05-09,3821.0,3898.0,3669.0,3787.0,3787.0,11600
2012-05-10,3675.0,3722.0,3621.0,3668.0,3668.0,6100
2012-05-11,3761.0,3765.0,3602.0,3715.0,3715.0,4500
2012-05-14,3876.0,3942.0,3826.0,3934.0,3934.0,9900
2012-05-15,3948.0,4145.0,3874.0,4136.0,4136.0,7900
2012-05-16,4070.0,4290.0,4000.0,4271.0,4271.0,9400
2012-05-17,4242.0,4481.0,4189.0,4481.0,4481.0,12500
2012-05-18,4450.0,4856.0,4423.0,4762.0,4762.0,18600
2012-05-21,4747.0,4809.0,4232.0,4243.0,4243.0,14700
2012-05-22,4189.0,4533.0,4003.0,4389.0,4389.0,8100
2012-05-23,4512.0,4650.0,4277.0,4319.0,4319.0,15300
2012-05-24,4288.0,4521.0,4264.0,4354.0,4354.0,10600
2012-05-25,4353.0,4374.0,4288.0,4308.0,4308.0,5700
2012-05-29,4175.0,4260.0,4085.0,4104.0,4104.0,7100
2012-05-30,4215.0,4381.0,4215.0,4381.0,4381.0,11500
2012-05-31,4415.0,4645.0,4294.0,4444.0,4444.0,11600
2012-06-01,4780.0,4833.0,4647.0,4821.0,4821.0,11100
2012-06-04,4721.0,4883.0,4612.0,4616.0,4616.0,10000
2012-06-05,4667.0,4675.0,4487.0,4514.0,4514.0,6300
2012-06-06,4377.0,4417.0,4185.0,4189.0,4189.0,8300
2012-06-07,3999.0,4169.0,3975.0,4143.0,4143.0,11400
2012-06-08,4169.0,4190.0,3916.0,3918.0,3918.0,5300
2012-06-11,3774.0,4258.0,3753.0,4242.0,4242.0,9400
2012-06-12,4217.0,4362.0,4148.0,4174.0,4174.0,10500
2012-06-13,4278.0,4455.0,4164.0,4386.0,4386.0,9300
2012-06-14,4353.0,4422.0,4111.0,4111.0,4111.0,10000
2012-06-15,4078.0,4132.0,3884.0,3939.0,3939.0,7400
2012-06-18,3912.0,3954.0,3596.0,3604.0,3604.0,15300
2012-06-19,3472.0,3580.0,3454.0,3525.0,3525.0,10000
2012-06-20,3527.0,3663.0,3378.0,3378.0,3378.0,15000
2012-06-21,3387.0,3767.0,3347.0,3762.0,3762.0,14000
2012-06-22,3628.0,3688.0,3354.0,3374.0,3374.0,11700
2012-06-25,3612.0,3697.0,3590.0,3657.0,3657.0,5100
2012-06-26,3550.0,3694.0,3501.0,3549.0,3549.0,9400
2012-06-27,3495.0,3580.0,3449.0,3572.0,3572.0,5800
2012-06-28,3615.0,3681.0,3457.0,3458.0,3458.0,7800
2012-06-29,3265.0,3311.0,3212.0,3232.0,3232.0,9300
2012-07-02,3165.0,3205.0,3010.0,3022.0,3022.0,5800
2012-07-03,3000.0,3005.0,2910.0,2955.0,2955.0,4700
2012-07-05,2975.0,3089.0,2975.0,3061.0,3061.0,5300
2012-07-06,3150.0,3152.0,3023.0,3029.0,3029.0,3900
2012-07-09,3013.0,3080.0,2971.0,2999.0,2999.0,3300
2012-07-10,2955.0,3139.0,2912.0,3088.0,3088.0,5300
2012-07-11,3080.0,3129.0,2959.0,2983.0,2983.0,4800
2012-07-12,3057.0,3125.0,2943.0,3013.0,3013.0,5000
2012-07-13,2973.0,2973.0,2835.0,2839.0,2839.0,6700
2012-07-16,2831.0,2868.0,2775.0,2809.0,2809.0,4100
2012-07-17,2761.0,2838.0,2683.0,2703.0,2703.0,5900
2012-07-18,2715.0,2748.0,2659.0,2733.0,2733.0,4000
2012-07-19,2709.0,2775.0,2665.0,2665.0,2665.0,4500
2012-07-20,2748.0,2836.0,2711.0,2810.0,2810.0,8500
2012-07-23,3033.0,3128.0,2940.0,2988.0,2988.0,13000
2012-07-24,2992.0,3209.0,2988.0,3116.0,3116.0,12200
2012-07-25,3098.0,3212.0,3026.0,3080.0,3080.0,10500
2012-07-26,2889.0,2950.0,2834.0,2846.0,2846.0,12000
2012-07-27,2723.0,2797.0,2710.0,2766.0,2766.0,9100
2012-07-30,2743.0,2827.0,2709.0,2818.0,2818.0,10900
2012-07-31,2875.0,2908.0,2819.0,2902.0,2902.0,9100
2012-08-01,2849.0,2905.0,2803.0,2838.0,2838.0,10200
2012-08-02,2904.0,2938.0,2775.0,2777.0,2777.0,12700
2012-08-03,2667.0,2686.0,2583.0,2587.0,2587.0,12100
2012-08-06,2546.0,2562.0,2493.0,2529.0,2529.0,11600
2012-08-07,2486.0,2599.0,2472.0,2595.0,2595.0,6100
2012-08-08,2589.0,2604.0,2482.0,2490.0,2490.0,6200
2012-08-09,2504.0,2530.0,2448.0,2478.0,2478.0,5300
2012-08-10,2503.0,2515.0,2428.0,2431.0,2431.0,6000
2012-08-13,2436.0,2445.0,2366.0,2366.0,2366.0,9300
2012-08-14,2380.0,2502.0,2370.0,2500.0,2500.0,10500
2012-08-15,2502.0,2515.0,2440.0,2497.0,2497.0,8800
2012-08-16,2488.0,2534.0,2446.0,2446.0,2446.0,11300
2012-08-17,2425.0,2459.0,2360.0,2378.0,2378.0,13000
2012-08-20,2399.0,2440.0,2374.0,2382.0,2382.0,6000
2012-08-21,2349.0,2466.0,2341.0,2445.0,2445.0,16200
2012-08-22,2486.0,2514.0,2435.0,2461.0,2461.0,6700
2012-08-23,2478.0,2546.0,2469.0,2512.0,2512.0,8500
2012-08-24,2547.0,2549.0,2391.0,2412.0,2412.0,9200
2012-08-27,2391.0,2435.0,2371.0,2432.0,2432.0,8800
2012-08-28,2464.0,2480.0,2429.0,2476.0,2476.0,8400
2012-08-29,2465.0,2488.0,2418.0,2485.0,2485.0,6800
2012-08-30,2536.0,2561.0,2505.0,2539.0,2539.0,6100
2012-08-31,2490.0,2550.0,2435.0,2454.0,2454.0,11600
2012-09-04,2460.0,2501.0,2426.0,2434.0,2434.0,8300
2012-09-05,2424.0,2433.0,2353.0,2368.0,2368.0,7900
2012-09-06,2312.0,2314.0,2121.0,2124.0,2124.0,17800
2012-09-07,2081.0,2086.0,1995.0,2002.0,2002.0,8400
2012-09-10,2032.0,2119.0,1967.0,2113.0,2113.0,15800
2012-09-11,2105.0,2131.0,2048.0,2100.0,2100.0,9800
2012-09-12,2054.0,2106.0,2026.0,2041.0,2041.0,8200
2012-09-13,2040.0,2074.0,1875.0,1892.0,1892.0,16000
2012-09-14,1852.0,1966.0,1820.0,1949.0,1949.0,15500
2012-09-17,1988.0,1989.0,1937.0,1938.0,1938.0,13900
2012-09-18,1950.0,1971.0,1882.0,1891.0,1891.0,18700
2012-09-19,1853.0,1895.0,1848.0,1886.0,1886.0,9500
2012-09-20,1900.0,1933.0,1864.0,1866.0,1866.0,11500
2012-09-21,1866.0,1884.0,1828.0,1855.0,1855.0,9400
2012-09-24,1874.0,1883.0,1812.0,1829.0,1829.0,9100
2012-09-25,1810.0,1972.0,1808.0,1969.0,1969.0,12900
2012-09-26,2005.0,2087.0,1977.0,2047.0,2047.0,14600
2012-09-27,1978.0,2010.0,1856.0,1863.0,1863.0,12600
2012-09-28,1905.0,1935.0,1859.0,1922.0,1922.0,7000
2012-10-01,1873.0,1950.0,1822.0,1937.0,1937.0,7100
2012-10-02,1910.0,1965.0,1896.0,1897.0,1897.0,5900
2012-10-03,1904.0,1945.0,1868.0,1889.0,1889.0,3900
2012-10-04,1876.0,1887.0,1844.0,1844.0,1844.0,6600
2012-10-05,1788.0,1843.0,1766.0,1819.0,1819.0,11500
2012-10-08,1845.0,1860.0,1824.0,1839.0,1839.0,5100
2012-10-09,1845.0,1931.0,1836.0,1921.0,1921.0,7800
2012-10-10,1902.0,1942.0,1888.0,1897.0,1897.0,6500
2012-10-11,1871.0,1887.0,1848.0,1872.0,1872.0,5400
2012-10-12,1844.0,1903.0,1825.0,1892.0,1892.0,8100
2012-10-15,1877.0,1912.0,1820.0,1823.0,1823.0,8400
2012-10-16,1794.0,1808.0,1775.0,1782.0,1782.0,12700
2012-10-17,1778.0,1801.0,1749.0,1762.0,1762.0,9100
2012-10-18,1771.0,1782.0,1733.0,1756.0,1756.0,8800
2012-10-19,1772.0,1889.0,1770.0,1868.0,1868.0,15400
2012-10-22,1862.0,1920.0,1844.0,1846.0,1846.0,9400
2012-10-23,1947.0,2014.0,1938.0,1990.0,1990.0,13800
2012-10-24,1959.0,2014.0,1955.0,2001.0,2001.0,8700
2012-10-25,1931.0,1995.0,1922.0,1948.0,1948.0,12200
2012-10-26,1946.0,1994.0,1912.0,1942.0,1942.0,10400
2012-10-31,1900.0,1997.0,1898.0,1975.0,1975.0,8400
2012-11-01,1959.0,1963.0,1817.0,1818.0,1818.0,11500
2012-11-02,1794.0,1873.0,1788.0,1868.0,1868.0,11800
2012-11-05,1889.0,1945.0,1879.0,1899.0,1899.0,7500
2012-11-06,1886.0,1902.0,1809.0,1833.0,1833.0,8200
2012-11-07,1876.0,2000.0,1861.0,1977.0,1977.0,27200
2012-11-08,1968.0,2000.0,1924.0,1990.0,1990.0,10700
2012-11-09,2010.0,2012.0,1925.0,1988.0,1988.0,9600
2012-11-12,1965.0,1966.0,1853.0,1863.0,1863.0,6800
2012-11-13,1903.0,1914.0,1816.0,1864.0,1864.0,9300
2012-11-14,1811.0,1956.0,1805.0,1926.0,1926.0,10600
2012-11-15,1927.0,2005.0,1891.0,1943.0,1943.0,11500
2012-11-16,1923.0,1991.0,1851.0,1858.0,1858.0,9500
2012-11-19,1789.0,1789.0,1693.0,1696.0,1696.0,14400
2012-11-20,1671.0,1702.0,1659.0,1662.0,1662.0,10300
2012-11-21,1655.0,1689.0,1631.0,1675.0,1675.0,4900
2012-11-23,1632.0,1648.0,1602.0,1602.0,1602.0,3400
2012-11-26,1631.0,1640.0,1587.0,1587.0,1587.0,8300
2012-11-27,1578.0,1627.0,1564.0,1620.0,1620.0,7500
2012-11-28,1649.0,1681.0,1572.0,1574.0,1574.0,9300
2012-11-29,1551.0,1589.0,1546.0,1552.0,1552.0,6700
2012-11-30,1540.0,1597.0,1540.0,1580.0,1580.0,8000
2012-12-03,1540.0,1618.0,1540.0,1616.0,1616.0,4700
2012-12-04,1626.0,1666.0,1603.0,1644.0,1644.0,6900
2012-12-05,1640.0,1680.0,1607.0,1614.0,1614.0,6300
2012-12-06,1615.0,1647.0,1609.0,1633.0,1633.0,5700
2012-12-07,1607.0,1642.0,1573.0,1575.0,1575.0,5100
2012-12-10,1590.0,1610.0,1581.0,1598.0,1598.0,8300
2012-12-11,1579.0,1585.0,1543.0,1543.0,1543.0,9800
2012-12-12,1539.0,1586.0,1529.0,1584.0,1584.0,6500
2012-12-13,1578.0,1637.0,1571.0,1613.0,1613.0,9100
2012-12-14,1620.0,1643.0,1611.0,1623.0,1623.0,6700
2012-12-17,1627.0,1631.0,1565.0,1565.0,1565.0,7900
2012-12-18,1538.0,1548.0,1495.0,1508.0,1508.0,12000
2012-12-19,1504.0,1595.0,1504.0,1592.0,1592.0,11000
2012-12-20,1589.0,1642.0,1577.0,1632.0,1632.0,12800
2012-12-21,1763.0,1770.0,1713.0,1739.0,1739.0,14000
2012-12-24,1711.0,1731.0,1703.0,1710.0,1710.0,4000
2012-12-26,1737.0,1806.0,1734.0,1805.0,1805.0,7100
2012-12-27,1800.0,1918.0,1782.0,1806.0,1806.0,11700
2012-12-28,1861.0,1907.0,1819.0,1898.0,1898.0,8300
2012-12-31,1950.0,1969.0,1682.0,1701.0,1701.0,23400
2013-01-02,1537.0,1582.0,1493.0,1496.0,1496.0,20800
2013-01-03,1513.0,1529.0,1480.0,1509.0,1509.0,7400
2013-01-04,1503.0,1511.0,1470.0,1478.0,1478.0,10500
2013-01-07,1493.0,1505.0,1468.0,1474.0,1474.0,8500
2013-01-08,1467.0,1492.0,1452.0,1457.0,1457.0,9300
2013-01-09,1434.0,1474.0,1430.0,1460.0,1460.0,10600
2013-01-10,1433.0,1454.0,1423.0,1425.0,1425.0,9400
2013-01-11,1429.0,1445.0,1418.0,1418.0,1418.0,4900
2013-01-14,1417.0,1427.0,1389.0,1396.0,1396.0,9000
2013-01-15,1413.0,1418.0,1383.0,1394.0,1394.0,8500
2013-01-16,1385.0,1391.0,1352.0,1364.0,1364.0,11700
2013-01-17,1349.0,1373.0,1343.0,1373.0,1373.0,8400
2013-01-18,1360.0,1368.0,1280.0,1288.0,1288.0,20300
2013-01-22,1284.0,1310.0,1243.0,1246.0,1246.0,10600
2013-01-23,1248.0,1252.0,1208.0,1214.0,1214.0,12200
2013-01-24,1222.0,1292.0,1204.0,1221.0,1221.0,19300
2013-01-25,1225.0,1253.0,1210.0,1231.0,1231.0,12300
2013-01-28,1228.0,1279.0,1225.0,1264.0,1264.0,9600
2013-01-29,1280.0,1290.0,1217.0,1225.0,1225.0,12400
2013-01-30,1256.0,1305.0,1240.0,1304.0,1304.0,14700
2013-01-31,1311.0,1320.0,1278.0,1307.0,1307.0,10000
2013-02-01,1256.0,1256.0,1224.0,1240.0,1240.0,18100
2013-02-04,1277.0,1325.0,1263.0,1325.0,1325.0,13300
2013-02-05,1296.0,1301.0,1246.0,1272.0,1272.0,13100
2013-02-06,1297.0,1300.0,1261.0,1262.0,1262.0,11800
2013-02-07,1248.0,1309.0,1244.0,1258.0,1258.0,21200
2013-02-08,1250.0,1251.0,1229.0,1235.0,1235.0,15300
2013-02-11,1229.0,1240.0,1208.0,1211.0,1211.0,13600
2013-02-12,1210.0,1219.0,1191.0,1199.0,1199.0,8400
2013-02-13,1196.0,1226.0,1185.0,1207.0,1207.0,11600
2013-02-14,1215.0,1221.0,1181.0,1188.0,1188.0,13900
2013-02-15,1177.0,1207.0,1172.0,1177.0,1177.0,12500
2013-02-19,1170.0,1170.0,1125.0,1128.0,1128.0,15700
2013-02-20,1132.0,1232.0,1131.0,1228.0,1228.0,28800
2013-02-21,1227.0,1293.0,1227.0,1248.0,1248.0,29800
2013-02-22,1218.0,1244.0,1205.0,1207.0,1207.0,11500
2013-02-25,1165.0,1386.0,1150.0,1373.0,1373.0,41500
2013-02-26,1358.0,1440.0,1319.0,1342.0,1342.0,48700
2013-02-27,1348.0,1362.0,1227.0,1250.0,1250.0,32300
2013-02-28,1247.0,1288.0,1226.0,1288.0,1288.0,28600
2013-03-01,1345.0,1378.0,1286.0,1308.0,1308.0,29200
2013-03-04,1328.0,1333.0,1238.0,1238.0,1238.0,17100
2013-03-05,1199.0,1212.0,1190.0,1200.0,1200.0,23700
2013-03-06,1184.0,1228.0,1183.0,1205.0,1205.0,18800
2013-03-07,1201.0,1209.0,1179.0,1180.0,1180.0,14300
2013-03-08,1158.0,1198.0,1156.0,1164.0,1164.0,17600
2013-03-11,1164.0,1168.0,1114.0,1115.0,1115.0,19600
2013-03-12,1118.0,1167.0,1110.0,1132.0,1132.0,27600
2013-03-13,1130.0,1151.0,1119.0,1126.0,1126.0,20300
2013-03-14,1112.0,1124.0,1101.0,1104.0,1104.0,20200
2013-03-15,1110.0,1130.0,1099.0,1105.0,1105.0,27200
2013-03-18,1175.0,1177.0,1113.0,1162.0,1162.0,35600
2013-03-19,1136.0,1223.0,1132.0,1163.0,1163.0,44300
2013-03-20,1121.0,1134.0,1092.0,1100.0,1100.0,36800
2013-03-21,1128.0,1147.0,1102.0,1132.0,1132.0,45300
2013-03-22,1113.0,1145.0,1108.0,1129.0,1129.0,13800
2013-03-25,1099.0,1146.0,1084.0,1113.0,1113.0,31100
2013-03-26,1096.0,1108.0,1079.0,1083.0,1083.0,17100
2013-03-27,1110.0,1119.0,1086.0,1094.0,1094.0,17600
2013-03-28,1091.0,1100.0,1086.0,1090.0,1090.0,12700
2013-04-01,1085.0,1106.0,1081.0,1094.0,1094.0,15500
2013-04-02,1078.0,1081.0,1059.0,1061.0,1061.0,16000
2013-04-03,1059.0,1109.0,1053.0,1098.0,1098.0,25200
2013-04-04,1097.0,1125.0,1079.0,1079.0,1079.0,20100
2013-04-05,1140.0,1146.0,1083.0,1083.0,1083.0,31400
2013-04-08,1074.0,1090.0,1053.0,1053.0,1053.0,18800
2013-04-09,1044.0,1062.0,1029.0,1038.0,1038.0,17800
2013-04-10,1029.0,1032.0,1009.0,1012.0,1012.0,22100
2013-04-11,1007.0,1016.0,990.0,1009.0,1009.0,23800
2013-04-12,1022.0,1031.0,988.0,991.0,991.0,19900
2013-04-15,996.0,1144.0,983.0,1106.0,1106.0,69000
2013-04-16,1059.0,1078.0,1018.0,1021.0,1021.0,33800
2013-04-17,1060.0,1174.0,1059.0,1140.0,1140.0,86900
2013-04-18,1135.0,1215.0,1134.0,1188.0,1188.0,39900
2013-04-19,1172.0,1178.0,1094.0,1103.0,1103.0,26000
2013-04-22,1109.0,1135.0,1066.0,1080.0,1080.0,19900
2013-04-23,1044.0,1119.0,1019.0,1024.0,1024.0,33200
2013-04-24,1025.0,1037.0,1013.0,1027.0,1027.0,18600
2013-04-25,1017.0,1045.0,1013.0,1038.0,1038.0,11700
2013-04-26,1050.0,1063.0,1035.0,1038.0,1038.0,14400
2013-04-29,1023.0,1041.0,1015.0,1033.0,1033.0,11500
2013-04-30,1033.0,1049.0,1020.0,1022.0,1022.0,13200
2013-05-01,1031.0,1067.0,1030.0,1067.0,1067.0,19200
2013-05-02,1047.0,1051.0,1026.0,1031.0,1031.0,17200
2013-05-03,1005.0,1016.0,1003.0,1007.0,1007.0,15900
2013-05-06,1007.0,1008.0,985.0,990.0,990.0,12100
2013-05-07,976.0,996.0,973.0,981.0,981.0,24600
2013-05-08,992.0,1008.0,983.0,989.0,989.0,8900
2013-05-09,998.0,1027.0,993.0,1007.0,1007.0,18100
2013-05-10,1013.0,1025.0,995.0,996.0,996.0,19000
2013-05-13,998.0,1007.0,987.0,990.0,990.0,17000
2013-05-14,985.0,995.0,978.0,981.0,981.0,17400
2013-05-15,993.0,1000.0,982.0,989.0,989.0,17000
2013-05-16,998.0,1009.0,986.0,999.0,999.0,21500
2013-05-17,994.0,996.0,970.0,972.0,972.0,24800
2013-05-20,987.0,987.0,971.0,987.0,987.0,14600
2013-05-21,981.0,1001.0,978.0,996.0,996.0,17700
2013-05-22,986.0,1022.0,980.0,1005.0,1005.0,32200
2013-05-23,1054.0,1055.0,1006.0,1013.0,1013.0,37900
2013-05-24,1026.0,1033.0,1009.0,1012.0,1012.0,18100
2013-05-28,983.0,1000.0,976.0,985.0,985.0,19700
2013-05-29,1002.0,1023.0,993.0,1001.0,1001.0,31200
2013-05-30,1002.0,1014.0,990.0,999.0,999.0,28300
2013-05-31,1010.0,1035.0,998.0,1033.0,1033.0,25900
2013-06-03,1032.0,1088.0,1030.0,1030.0,1030.0,43000
2013-06-04,1037.0,1076.0,1030.0,1044.0,1044.0,23400
2013-06-05,1062.0,1093.0,1054.0,1087.0,1087.0,30600
2013-06-06,1098.0,1148.0,1075.0,1076.0,1076.0,29000
2013-06-07,1045.0,1060.0,1024.0,1026.0,1026.0,5700
2013-06-10,1012.5999755859375,1031.199951171875,1009.4000244140625,1015.2000122070312,1015.2000122070312,34200
2013-06-11,1057.0,1088.0,1037.5999755859375,1079.4000244140625,1079.4000244140625,60800
2013-06-12,1057.199951171875,1157.0,1055.199951171875,1144.199951171875,1144.199951171875,53100
2013-06-13,1145.800048828125,1159.800048828125,1083.0,1089.0,1089.0,44900
2013-06-14,1093.0,1124.0,1069.5999755859375,1119.0,1119.0,57800
2013-06-17,1093.199951171875,1119.4000244140625,1086.199951171875,1098.5999755859375,1098.5999755859375,25700
2013-06-18,1093.0,1098.800048828125,1082.0,1082.199951171875,1082.199951171875,21900
2013-06-19,1091.5999755859375,1099.0,1033.0,1082.199951171875,1082.199951171875,54700
2013-06-20,1127.5999755859375,1242.199951171875,1122.199951171875,1209.800048828125,1209.800048828125,74100
2013-06-21,1168.199951171875,1231.800048828125,1154.199951171875,1161.5999755859375,1161.5999755859375,86300
2013-06-24,1221.5999755859375,1248.0,1194.199951171875,1233.0,1233.0,70900
2013-06-25,1192.4000244140625,1220.800048828125,1186.5999755859375,1195.4000244140625,1195.4000244140625,47700
2013-06-26,1165.5999755859375,1192.4000244140625,1164.0,1167.0,1167.0,32800
2013-06-27,1139.199951171875,1149.199951171875,1120.199951171875,1123.199951171875,1123.199951171875,29000
2013-06-28,1145.800048828125,1152.800048828125,1098.5999755859375,1118.199951171875,1118.199951171875,43300
2013-07-01,1098.800048828125,1100.4000244140625,1060.800048828125,1081.0,1081.0,27200
2013-07-02,1093.5999755859375,1112.0,1067.4000244140625,1096.0,1096.0,21500
2013-07-03,1107.4000244140625,1112.199951171875,1077.199951171875,1082.4000244140625,1082.4000244140625,12500
2013-07-05,1054.800048828125,1072.199951171875,1027.199951171875,1029.0,1029.0,20800
2013-07-08,998.0,1004.2000122070312,974.4000244140625,980.4000244140625,980.4000244140625,33900
2013-07-09,954.0,967.7999877929688,950.0,959.5999755859375,959.5999755859375,41200
2013-07-10,960.0,964.0,945.4000244140625,951.5999755859375,951.5999755859375,27100
2013-07-11,919.7999877929688,935.5999755859375,916.0,924.0,924.0,27800
2013-07-12,924.0,940.0,919.4000244140625,934.0,934.0,28300
2013-07-15,923.7999877929688,931.7999877929688,907.2000122070312,912.7999877929688,912.7999877929688,25300
2013-07-16,911.0,947.5999755859375,909.4000244140625,938.4000244140625,938.4000244140625,25400
2013-07-17,924.4000244140625,934.2000122070312,904.2000122070312,904.7999877929688,904.7999877929688,26000
2013-07-18,898.7999877929688,900.7999877929688,879.5999755859375,889.5999755859375,889.5999755859375,24600
2013-07-19,896.5999755859375,906.5999755859375,866.2000122070312,871.0,871.0,20800
2013-07-22,865.4000244140625,874.0,849.0,852.0,852.0,35900
2013-07-23,843.5999755859375,862.0,837.0,848.4000244140625,848.4000244140625,20900
2013-07-24,842.0,867.5999755859375,841.0,858.4000244140625,858.4000244140625,22100
2013-07-25,869.0,869.2000122070312,835.5999755859375,838.4000244140625,838.4000244140625,18300
2013-07-26,846.0,861.4000244140625,832.2000122070312,834.2000122070312,834.2000122070312,16900
2013-07-29,843.2000122070312,853.7999877929688,835.4000244140625,844.5999755859375,844.5999755859375,15900
2013-07-30,841.7999877929688,850.2000122070312,827.4000244140625,829.0,829.0,15000
2013-07-31,827.0,827.7999877929688,792.7999877929688,811.2000122070312,811.2000122070312,24700
2013-08-01,789.4000244140625,793.7999877929688,783.0,785.5999755859375,785.5999755859375,18200
2013-08-02,786.4000244140625,787.0,764.5999755859375,765.2000122070312,765.2000122070312,19900
2013-08-05,763.0,767.7999877929688,754.0,755.7999877929688,755.7999877929688,15400
2013-08-06,760.4000244140625,784.5999755859375,758.5999755859375,778.4000244140625,778.4000244140625,19900
2013-08-07,792.0,808.2000122070312,782.7999877929688,788.0,788.0,22300
2013-08-08,772.2000122070312,791.0,769.7999877929688,775.5999755859375,775.5999755859375,17200
2013-08-09,775.7999877929688,793.4000244140625,768.7999877929688,785.7999877929688,785.7999877929688,22100
2013-08-12,803.4000244140625,803.7999877929688,778.0,781.0,781.0,13200
2013-08-13,774.5999755859375,792.2000122070312,769.2000122070312,773.0,773.0,22200
2013-08-14,768.7999877929688,782.4000244140625,766.0,781.5999755859375,781.5999755859375,15300
2013-08-15,808.4000244140625,824.2000122070312,804.4000244140625,820.2000122070312,820.2000122070312,42000
2013-08-16,820.4000244140625,822.2000122070312,793.5999755859375,806.7999877929688,806.7999877929688,34100
2013-08-19,811.2000122070312,831.2000122070312,805.2000122070312,829.2000122070312,829.2000122070312,13800
2013-08-20,831.4000244140625,836.2000122070312,798.0,818.7999877929688,818.7999877929688,29300
2013-08-21,833.0,849.7999877929688,801.7999877929688,834.0,834.0,46800
2013-08-22,822.4000244140625,825.0,808.2000122070312,813.4000244140625,813.4000244140625,24100
2013-08-23,804.5999755859375,813.2000122070312,796.0,797.4000244140625,797.4000244140625,14900
2013-08-26,789.4000244140625,825.5999755859375,783.2000122070312,823.7999877929688,823.7999877929688,22900
2013-08-27,861.0,894.7999877929688,848.4000244140625,889.7999877929688,889.7999877929688,51600
2013-08-28,895.0,906.7999877929688,873.2000122070312,886.4000244140625,886.4000244140625,44500
2013-08-29,900.2000122070312,906.7999877929688,879.7999877929688,906.7999877929688,906.7999877929688,23600
2013-08-30,898.5999755859375,934.0,898.5999755859375,917.0,917.0,35500
2013-09-03,875.5999755859375,901.0,872.0,881.5999755859375,881.5999755859375,35700
2013-09-04,882.5999755859375,888.5999755859375,873.5999755859375,879.4000244140625,879.4000244140625,24400
2013-09-05,877.7999877929688,880.2000122070312,857.4000244140625,859.7999877929688,859.7999877929688,20800
2013-09-06,847.2000122070312,891.2000122070312,845.4000244140625,867.2000122070312,867.2000122070312,41800
2013-09-09,857.4000244140625,861.0,830.2000122070312,833.4000244140625,833.4000244140625,22800
2013-09-10,810.0,815.2000122070312,802.7999877929688,802.7999877929688,802.7999877929688,28100
2013-09-11,807.7999877929688,810.0,775.0,777.4000244140625,777.4000244140625,24500
2013-09-12,775.5999755859375,792.4000244140625,765.0,791.2000122070312,791.2000122070312,20100
2013-09-13,774.5999755859375,793.0,772.2000122070312,779.0,779.0,17400
2013-09-16,761.4000244140625,776.5999755859375,758.5999755859375,770.7999877929688,770.7999877929688,26200
2013-09-17,768.5999755859375,769.4000244140625,759.4000244140625,762.7999877929688,762.7999877929688,22100
2013-09-18,766.0,776.4000244140625,725.4000244140625,734.4000244140625,734.4000244140625,39200
2013-09-19,724.5999755859375,739.4000244140625,721.5999755859375,730.5999755859375,730.5999755859375,23800
2013-09-20,731.7999877929688,744.0,723.2000122070312,743.0,743.0,22600
2013-09-23,742.4000244140625,766.7999877929688,739.0,752.7999877929688,752.7999877929688,42300
2013-09-24,748.5999755859375,757.0,736.2000122070312,749.4000244140625,749.4000244140625,31600
2013-09-25,746.4000244140625,757.0,738.5999755859375,747.4000244140625,747.4000244140625,36800
2013-09-26,735.7999877929688,744.4000244140625,731.0,732.5999755859375,732.5999755859375,25800
2013-09-27,744.5999755859375,769.5999755859375,743.0,763.0,763.0,36100
2013-09-30,795.7999877929688,800.0,770.7999877929688,789.0,789.0,77400
2013-10-01,790.0,793.2000122070312,762.2000122070312,762.2000122070312,762.2000122070312,35400
2013-10-02,778.2000122070312,792.7999877929688,769.2000122070312,786.4000244140625,786.4000244140625,37600
2013-10-03,792.4000244140625,852.4000244140625,789.0,815.4000244140625,815.4000244140625,74500
2013-10-04,825.5999755859375,835.7999877929688,804.7999877929688,808.2000122070312,808.2000122070312,46500
2013-10-07,842.4000244140625,872.5999755859375,832.2000122070312,871.2000122070312,871.2000122070312,54200
2013-10-08,870.7999877929688,922.5999755859375,866.4000244140625,911.2000122070312,911.2000122070312,123200
2013-10-09,910.0,935.0,867.0,880.4000244140625,880.4000244140625,145000
2013-10-10,846.2000122070312,847.0,793.0,794.2000122070312,794.2000122070312,102000
2013-10-11,794.4000244140625,797.2000122070312,764.5999755859375,779.2000122070312,779.2000122070312,69000
2013-10-14,808.4000244140625,822.4000244140625,776.2000122070312,787.4000244140625,787.4000244140625,76100
2013-10-15,793.2000122070312,840.2000122070312,779.0,835.4000244140625,835.4000244140625,81900
2013-10-16,793.7999877929688,806.0,738.2000122070312,738.2000122070312,738.2000122070312,65500
2013-10-17,746.5999755859375,747.4000244140625,697.4000244140625,697.5999755859375,697.5999755859375,41100
2013-10-18,684.5999755859375,702.2000122070312,675.7999877929688,689.7999877929688,689.7999877929688,47400
2013-10-21,673.4000244140625,700.0,673.4000244140625,692.7999877929688,692.7999877929688,30400
2013-10-22,678.7999877929688,700.2000122070312,677.5999755859375,697.0,697.0,214700
2013-10-23,706.0,722.5999755859375,700.4000244140625,701.0,701.0,33800
2013-10-24,697.7999877929688,702.0,686.7999877929688,690.4000244140625,690.4000244140625,22800
2013-10-25,689.0,699.0,687.7999877929688,689.0,689.0,20100
2013-10-28,691.7999877929688,698.7999877929688,688.7999877929688,691.7999877929688,691.7999877929688,16900
2013-10-29,690.5999755859375,697.2000122070312,686.2000122070312,686.4000244140625,686.4000244140625,12100
2013-10-30,688.7999877929688,706.5999755859375,686.5999755859375,695.5999755859375,695.5999755859375,24800
2013-10-31,695.4000244140625,700.0,681.4000244140625,692.2000122070312,692.2000122070312,20800
2013-11-01,687.5999755859375,696.7999877929688,682.4000244140625,688.2000122070312,688.2000122070312,16600
2013-11-04,683.7999877929688,687.2000122070312,669.5999755859375,670.0,670.0,16800
2013-11-05,674.4000244140625,679.0,665.4000244140625,668.0,668.0,20500
2013-11-06,661.4000244140625,670.4000244140625,657.2000122070312,657.7999877929688,657.7999877929688,11800
2013-11-07,654.4000244140625,685.0,654.2000122070312,681.2000122070312,681.2000122070312,29600
2013-11-08,673.0,674.4000244140625,651.7999877929688,651.7999877929688,651.7999877929688,28800
2013-11-11,652.4000244140625,656.5999755859375,649.2000122070312,649.5999755859375,649.5999755859375,59400
2013-11-12,651.0,654.7999877929688,645.2000122070312,649.2000122070312,649.2000122070312,26000
2013-11-13,658.0,658.7999877929688,644.0,645.7999877929688,645.7999877929688,21700
2013-11-14,644.4000244140625,647.0,637.5999755859375,638.7999877929688,638.7999877929688,35000
2013-11-15,633.7999877929688,635.5999755859375,630.2000122070312,630.2000122070312,630.2000122070312,24700
2013-11-18,620.2000122070312,633.4000244140625,614.7999877929688,630.5999755859375,630.5999755859375,33100
2013-11-19,628.0,645.7999877929688,624.2000122070312,638.0,638.0,34600
2013-11-20,644.5999755859375,645.7999877929688,615.0,625.2000122070312,625.2000122070312,57000
2013-11-21,617.5999755859375,618.7999877929688,599.4000244140625,604.2000122070312,604.2000122070312,42900
2013-11-22,600.5999755859375,604.0,595.2000122070312,595.4000244140625,595.4000244140625,20500
2013-11-25,589.5999755859375,600.4000244140625,588.7999877929688,598.0,598.0,25700
2013-11-26,596.5999755859375,602.4000244140625,593.0,600.4000244140625,600.4000244140625,193700
2013-11-27,597.4000244140625,603.0,597.4000244140625,601.4000244140625,601.4000244140625,16400
2013-11-29,598.7999877929688,609.2000122070312,598.0,608.5999755859375,608.5999755859375,14600
2013-12-02,605.7999877929688,617.7999877929688,605.7999877929688,613.5999755859375,613.5999755859375,24000
2013-12-03,624.7999877929688,644.0,620.0,628.7999877929688,628.7999877929688,69200
2013-12-04,641.4000244140625,650.0,621.0,621.7999877929688,621.7999877929688,102300
2013-12-05,618.2000122070312,632.5999755859375,617.4000244140625,626.7999877929688,626.7999877929688,29100
2013-12-06,612.5999755859375,613.7999877929688,600.7999877929688,604.4000244140625,604.4000244140625,29200
2013-12-09,600.0,604.7999877929688,596.4000244140625,599.4000244140625,599.4000244140625,25500
2013-12-10,603.4000244140625,605.7999877929688,599.0,602.5999755859375,602.5999755859375,20500
2013-12-11,600.5999755859375,633.4000244140625,600.0,630.4000244140625,630.4000244140625,46700
2013-12-12,627.7999877929688,646.4000244140625,623.5999755859375,633.4000244140625,633.4000244140625,51400
2013-12-13,632.2000122070312,640.2000122070312,629.4000244140625,634.5999755859375,634.5999755859375,33200
2013-12-16,627.5999755859375,639.2000122070312,625.0,635.5999755859375,635.5999755859375,29300
2013-12-17,643.5999755859375,652.0,628.4000244140625,632.7999877929688,632.7999877929688,35400
2013-12-18,627.0,639.4000244140625,587.4000244140625,588.5999755859375,588.5999755859375,63300
2013-12-19,592.7999877929688,596.7999877929688,587.0,595.0,595.0,35400
2013-12-20,590.0,599.2000122070312,587.2000122070312,597.7999877929688,597.7999877929688,27000
2013-12-23,590.2000122070312,592.5999755859375,575.0,576.7999877929688,576.7999877929688,30100
2013-12-24,567.5999755859375,571.2000122070312,563.4000244140625,565.0,565.0,17800
2013-12-26,553.4000244140625,556.0,551.5999755859375,554.7999877929688,554.7999877929688,31100
2013-12-27,552.4000244140625,566.4000244140625,552.4000244140625,562.0,562.0,34100
2013-12-30,564.7999877929688,574.2000122070312,561.7999877929688,571.4000244140625,571.4000244140625,27300
2013-12-31,564.5999755859375,579.5999755859375,563.7999877929688,570.5999755859375,570.5999755859375,26300
2014-01-02,579.4000244140625,586.2000122070312,576.7999877929688,582.2000122070312,582.2000122070312,35200
2014-01-03,577.4000244140625,584.7999877929688,571.0,578.4000244140625,578.4000244140625,17100
2014-01-06,569.0,577.2000122070312,564.4000244140625,571.2000122070312,571.2000122070312,21700
2014-01-07,565.2000122070312,565.7999877929688,557.2000122070312,558.5999755859375,558.5999755859375,21300
2014-01-08,561.7999877929688,563.7999877929688,556.2000122070312,559.5999755859375,559.5999755859375,17300
2014-01-09,557.7999877929688,563.7999877929688,555.7999877929688,560.5999755859375,560.5999755859375,30800
2014-01-10,555.5999755859375,562.5999755859375,546.2000122070312,547.4000244140625,547.4000244140625,32200
2014-01-13,549.5999755859375,575.5999755859375,540.2000122070312,566.5999755859375,566.5999755859375,55600
2014-01-14,560.0,560.0,543.0,543.5999755859375,543.5999755859375,53600
2014-01-15,542.7999877929688,552.7999877929688,541.5999755859375,546.5999755859375,546.5999755859375,21600
2014-01-16,547.5999755859375,555.2000122070312,545.5999755859375,549.2000122070312,549.2000122070312,21700
2014-01-17,551.2000122070312,553.2000122070312,543.0,549.4000244140625,549.4000244140625,42900
2014-01-21,544.2000122070312,552.7999877929688,542.4000244140625,542.7999877929688,542.7999877929688,29200
2014-01-22,537.0,540.5999755859375,533.2000122070312,534.7999877929688,534.7999877929688,26500
2014-01-23,541.2000122070312,562.4000244140625,540.4000244140625,548.5999755859375,548.5999755859375,54200
2014-01-24,565.2000122070312,608.4000244140625,563.5999755859375,598.7999877929688,598.7999877929688,83600
2014-01-27,597.0,647.4000244140625,586.5999755859375,608.0,608.0,111500
2014-01-28,608.2000122070312,610.5999755859375,576.7999877929688,582.2000122070312,582.2000122070312,62900
2014-01-29,611.0,631.2000122070312,593.7999877929688,621.5999755859375,621.5999755859375,97800
2014-01-30,602.4000244140625,618.5999755859375,594.7999877929688,611.7999877929688,611.7999877929688,36300
2014-01-31,671.4000244140625,671.4000244140625,635.5999755859375,660.4000244140625,660.4000244140625,77300
2014-02-03,669.7999877929688,715.4000244140625,659.7999877929688,707.7999877929688,707.7999877929688,265700
2014-02-04,696.5999755859375,708.5999755859375,684.2000122070312,693.7999877929688,693.7999877929688,397500
2014-02-05,708.0,738.2000122070312,701.2000122070312,719.2000122070312,719.2000122070312,68900
2014-02-06,711.0,711.0,647.4000244140625,647.4000244140625,647.4000244140625,59500
2014-02-07,630.5999755859375,633.5999755859375,594.5999755859375,609.0,609.0,57100
2014-02-10,605.2000122070312,614.0,596.2000122070312,608.0,608.0,33200
2014-02-11,597.5999755859375,603.2000122070312,578.7999877929688,585.5999755859375,585.5999755859375,41100
2014-02-12,577.7999877929688,589.0,572.0,573.0,573.0,30500
2014-02-13,589.5999755859375,590.2000122070312,567.5999755859375,568.2000122070312,568.2000122070312,44200
2014-02-14,567.0,570.0,555.0,559.5999755859375,559.5999755859375,34900
2014-02-18,555.2000122070312,567.5999755859375,551.5999755859375,552.0,552.0,20800
2014-02-19,560.2000122070312,593.7999877929688,554.5999755859375,589.7999877929688,589.7999877929688,46900
2014-02-20,583.5999755859375,594.5999755859375,566.0,567.7999877929688,567.7999877929688,38900
2014-02-21,561.2000122070312,576.7999877929688,557.4000244140625,573.5999755859375,573.5999755859375,22100
2014-02-24,571.4000244140625,572.4000244140625,560.4000244140625,569.7999877929688,569.7999877929688,32200
2014-02-25,568.4000244140625,581.5999755859375,563.2000122070312,569.2000122070312,569.2000122070312,39100
2014-02-26,569.0,585.5999755859375,565.4000244140625,576.5999755859375,576.5999755859375,42400
2014-02-27,586.4000244140625,588.7999877929688,573.2000122070312,574.7999877929688,574.7999877929688,35400
2014-02-28,575.5999755859375,596.2000122070312,565.4000244140625,584.2000122070312,584.2000122070312,42200
2014-03-03,620.5999755859375,631.7999877929688,603.5999755859375,617.0,617.0,63100
2014-03-04,583.2000122070312,586.0,575.0,577.7999877929688,577.7999877929688,44500
2014-03-05,576.7999877929688,585.5999755859375,572.7999877929688,576.7999877929688,576.7999877929688,30900
2014-03-06,574.0,581.0,571.0,573.5999755859375,573.5999755859375,33800
2014-03-07,569.0,591.4000244140625,568.7999877929688,585.7999877929688,585.7999877929688,39200
2014-03-10,590.2000122070312,601.5999755859375,581.4000244140625,583.0,583.0,24600
2014-03-11,581.4000244140625,594.5999755859375,574.4000244140625,590.5999755859375,590.5999755859375,39600
2014-03-12,603.0,607.5999755859375,588.0,590.5999755859375,590.5999755859375,42100
2014-03-13,582.2000122070312,623.7999877929688,581.5999755859375,614.5999755859375,614.5999755859375,58600
2014-03-14,626.4000244140625,642.4000244140625,615.5999755859375,632.0,632.0,72900
2014-03-17,614.5999755859375,614.5999755859375,599.0,602.2000122070312,602.2000122070312,58300
2014-03-18,588.5999755859375,592.2000122070312,578.0,578.7999877929688,578.7999877929688,50900
2014-03-19,580.2000122070312,610.4000244140625,573.7999877929688,589.7999877929688,589.7999877929688,48500
2014-03-20,594.2000122070312,598.2000122070312,583.7999877929688,586.4000244140625,586.4000244140625,28700
2014-03-21,579.2000122070312,593.5999755859375,577.2000122070312,590.5999755859375,590.5999755859375,51700
2014-03-24,588.0,606.5999755859375,585.4000244140625,591.7999877929688,591.7999877929688,48000
2014-03-25,584.7999877929688,594.7999877929688,582.5999755859375,584.2000122070312,584.2000122070312,41700
2014-03-26,578.5999755859375,594.5999755859375,577.7999877929688,594.5999755859375,594.5999755859375,68500
2014-03-27,593.4000244140625,600.2000122070312,586.5999755859375,587.0,587.0,32900
2014-03-28,583.0,588.4000244140625,578.0,580.4000244140625,580.4000244140625,36400
2014-03-31,575.0,575.4000244140625,561.7999877929688,562.0,562.0,25800
2014-04-01,560.5999755859375,560.5999755859375,543.2000122070312,543.5999755859375,543.5999755859375,31500
2014-04-02,544.2000122070312,552.4000244140625,543.0,547.7999877929688,547.7999877929688,19600
2014-04-03,547.5999755859375,554.2000122070312,545.7999877929688,547.0,547.0,24100
2014-04-04,538.0,564.7999877929688,536.7999877929688,557.7999877929688,557.7999877929688,46300
2014-04-07,562.7999877929688,578.4000244140625,559.7999877929688,570.7999877929688,570.7999877929688,43800
2014-04-08,568.2000122070312,577.4000244140625,559.5999755859375,560.0,560.0,28600
2014-04-09,553.4000244140625,560.4000244140625,545.2000122070312,546.0,546.0,31900
2014-04-10,547.2000122070312,581.0,546.0,579.2000122070312,579.2000122070312,59800
2014-04-11,585.7999877929688,604.5999755859375,577.7999877929688,596.7999877929688,596.7999877929688,53200
2014-04-14,585.0,611.4000244140625,583.5999755859375,591.7999877929688,591.7999877929688,50600
2014-04-15,588.4000244140625,617.5999755859375,581.2000122070312,584.7999877929688,584.7999877929688,51600
2014-04-16,573.0,582.4000244140625,563.4000244140625,564.0,564.0,49600
2014-04-17,565.5999755859375,569.0,554.5999755859375,555.7999877929688,555.7999877929688,46400
2014-04-21,555.5999755859375,555.7999877929688,544.5999755859375,545.5999755859375,545.5999755859375,26500
2014-04-22,547.4000244140625,549.5999755859375,540.7999877929688,544.4000244140625,544.4000244140625,26200
2014-04-23,546.4000244140625,550.4000244140625,544.4000244140625,546.7999877929688,546.7999877929688,23200
2014-04-24,543.4000244140625,556.5999755859375,543.2000122070312,553.4000244140625,553.4000244140625,26600
2014-04-25,558.7999877929688,568.0,555.7999877929688,557.4000244140625,557.4000244140625,33600
2014-04-28,553.2000122070312,563.4000244140625,544.5999755859375,545.0,545.0,31300
2014-04-29,543.0,545.2000122070312,535.2000122070312,535.2000122070312,535.2000122070312,26500
2014-04-30,538.7999877929688,541.0,532.5999755859375,536.2000122070312,536.2000122070312,29000
2014-05-01,538.0,539.4000244140625,531.4000244140625,535.7999877929688,535.7999877929688,25600
2014-05-02,531.5999755859375,539.2000122070312,529.4000244140625,533.5999755859375,533.5999755859375,22200
2014-05-05,541.4000244140625,544.2000122070312,527.0,527.0,527.0,15100
2014-05-06,529.2000122070312,532.7999877929688,523.7999877929688,530.4000244140625,530.4000244140625,25400
2014-05-07,529.4000244140625,537.2000122070312,520.0,520.2000122070312,520.2000122070312,19900
2014-05-08,520.0,524.5999755859375,510.0,522.0,522.0,27600
2014-05-09,520.2000122070312,526.5999755859375,509.79998779296875,509.79998779296875,509.79998779296875,28600
2014-05-12,504.79998779296875,505.3999938964844,493.6000061035156,494.79998779296875,494.79998779296875,29600
2014-05-13,494.20001220703125,497.20001220703125,491.20001220703125,496.3999938964844,496.3999938964844,24500
2014-05-14,497.3999938964844,499.6000061035156,488.79998779296875,493.79998779296875,493.79998779296875,32700
2014-05-15,496.3999938964844,510.6000061035156,494.79998779296875,498.6000061035156,498.6000061035156,46600
2014-05-16,494.79998779296875,500.6000061035156,487.0,487.0,487.0,20000
2014-05-19,490.0,490.3999938964844,480.6000061035156,481.3999938964844,481.3999938964844,26700
2014-05-20,480.0,486.79998779296875,474.0,476.79998779296875,476.79998779296875,46800
2014-05-21,473.20001220703125,474.20001220703125,467.6000061035156,469.3999938964844,469.3999938964844,34700
2014-05-22,470.0,472.3999938964844,465.6000061035156,469.6000061035156,469.6000061035156,16200
2014-05-23,469.6000061035156,469.6000061035156,464.3999938964844,465.20001220703125,465.20001220703125,12100
2014-05-27,457.6000061035156,459.20001220703125,450.79998779296875,451.79998779296875,451.79998779296875,36600
2014-05-28,451.79998779296875,457.0,448.6000061035156,450.3999938964844,450.3999938964844,34600
2014-05-29,447.6000061035156,451.6000061035156,445.79998779296875,448.0,448.0,25500
2014-05-30,448.6000061035156,450.6000061035156,447.20001220703125,447.6000061035156,447.6000061035156,25000
2014-06-02,447.6000061035156,452.0,444.3999938964844,444.79998779296875,444.79998779296875,18300
2014-06-03,447.20001220703125,450.0,444.79998779296875,446.79998779296875,446.79998779296875,19200
2014-06-04,449.6000061035156,449.79998779296875,439.3999938964844,442.20001220703125,442.20001220703125,19600
2014-06-05,436.3999938964844,440.20001220703125,424.6000061035156,425.6000061035156,425.6000061035156,39500
2014-06-06,415.79998779296875,416.20001220703125,404.20001220703125,404.20001220703125,404.20001220703125,39200
2014-06-09,402.6000061035156,411.0,398.79998779296875,410.0,410.0,33100
2014-06-10,411.79998779296875,414.3999938964844,402.3999938964844,402.79998779296875,402.79998779296875,20200
2014-06-11,410.20001220703125,417.79998779296875,407.20001220703125,412.0,412.0,33600
2014-06-12,414.6000061035156,439.20001220703125,412.79998779296875,431.6000061035156,431.6000061035156,65000
2014-06-13,428.3999938964844,435.3999938964844,419.6000061035156,423.79998779296875,423.79998779296875,34500
2014-06-16,425.79998779296875,430.79998779296875,418.79998779296875,423.20001220703125,423.20001220703125,23900
2014-06-17,422.0,424.0,408.20001220703125,408.79998779296875,408.79998779296875,37800
2014-06-18,407.20001220703125,407.79998779296875,386.6000061035156,387.3999938964844,387.3999938964844,52100
2014-06-19,384.20001220703125,392.0,381.20001220703125,388.3999938964844,388.3999938964844,45000
2014-06-20,387.79998779296875,394.3999938964844,384.6000061035156,394.3999938964844,394.3999938964844,44000
2014-06-23,391.79998779296875,396.0,383.20001220703125,384.3999938964844,384.3999938964844,38300
2014-06-24,388.20001220703125,401.6000061035156,382.79998779296875,398.20001220703125,398.20001220703125,56000
2014-06-25,405.0,405.20001220703125,383.20001220703125,383.20001220703125,383.20001220703125,48600
2014-06-26,383.0,398.0,382.79998779296875,388.20001220703125,388.20001220703125,42100
2014-06-27,392.20001220703125,393.20001220703125,384.20001220703125,385.20001220703125,385.20001220703125,28600
2014-06-30,384.0,386.0,376.79998779296875,380.6000061035156,380.6000061035156,45300
2014-07-01,377.20001220703125,379.0,367.20001220703125,371.20001220703125,371.20001220703125,45700
2014-07-02,369.6000061035156,370.20001220703125,363.6000061035156,367.6000061035156,367.6000061035156,28300
2014-07-03,360.3999938964844,363.20001220703125,359.3999938964844,362.0,362.0,18100
2014-07-07,364.79998779296875,370.6000061035156,364.0,369.3999938964844,369.3999938964844,53100
2014-07-08,371.6000061035156,383.79998779296875,371.6000061035156,376.0,376.0,51700
2014-07-09,370.0,373.0,366.0,368.0,368.0,29700
2014-07-10,388.20001220703125,389.3999938964844,375.6000061035156,381.3999938964844,381.3999938964844,53000
2014-07-11,380.79998779296875,383.3999938964844,375.6000061035156,376.6000061035156,376.6000061035156,34100
2014-07-14,368.20001220703125,368.79998779296875,362.79998779296875,366.20001220703125,366.20001220703125,31000
2014-07-15,363.20001220703125,379.0,362.0,372.6000061035156,372.6000061035156,29500
2014-07-16,361.20001220703125,370.20001220703125,360.0,363.3999938964844,363.3999938964844,28500
2014-07-17,368.6000061035156,407.3999938964844,363.3999938964844,399.0,399.0,111700
2014-07-18,382.79998779296875,385.79998779296875,368.3999938964844,370.79998779296875,370.79998779296875,59100
2014-07-21,375.20001220703125,387.79998779296875,373.79998779296875,380.3999938964844,380.3999938964844,81600
2014-07-22,371.20001220703125,375.20001220703125,367.79998779296875,372.3999938964844,372.3999938964844,41000
2014-07-23,370.3999938964844,377.6000061035156,369.79998779296875,375.79998779296875,375.79998779296875,36000
2014-07-24,372.6000061035156,379.0,371.6000061035156,373.3999938964844,373.3999938964844,38800
2014-07-25,379.79998779296875,386.3999938964844,379.0,384.0,384.0,62500
2014-07-28,382.6000061035156,392.6000061035156,380.3999938964844,382.3999938964844,382.3999938964844,62600
2014-07-29,380.6000061035156,385.0,375.3999938964844,381.0,381.0,42000
2014-07-30,377.6000061035156,389.20001220703125,376.79998779296875,387.79998779296875,387.79998779296875,41200
2014-07-31,399.79998779296875,425.3999938964844,398.3999938964844,421.20001220703125,421.20001220703125,108700
2014-08-01,423.79998779296875,449.79998779296875,408.6000061035156,441.20001220703125,441.20001220703125,94500
2014-08-04,436.3999938964844,442.3999938964844,411.3999938964844,420.79998779296875,420.79998779296875,82500
2014-08-05,429.20001220703125,457.20001220703125,424.6000061035156,450.6000061035156,450.6000061035156,122000
2014-08-06,458.79998779296875,459.6000061035156,434.3999938964844,452.6000061035156,452.6000061035156,93400
2014-08-07,441.20001220703125,470.20001220703125,437.79998779296875,462.0,462.0,105700
2014-08-08,462.6000061035156,468.20001220703125,441.79998779296875,443.3999938964844,443.3999938964844,79800
2014-08-11,434.3999938964844,436.20001220703125,413.79998779296875,425.0,425.0,70000
2014-08-12,423.3999938964844,427.6000061035156,415.6000061035156,421.79998779296875,421.79998779296875,58000
2014-08-13,411.20001220703125,414.3999938964844,396.3999938964844,399.0,399.0,68500
2014-08-14,393.0,394.6000061035156,384.6000061035156,385.20001220703125,385.20001220703125,55400
2014-08-15,377.3999938964844,406.3999938964844,375.20001220703125,385.6000061035156,385.6000061035156,110100
2014-08-18,373.0,375.3999938964844,370.3999938964844,370.6000061035156,370.6000061035156,69700
2014-08-19,366.20001220703125,369.20001220703125,365.0,366.79998779296875,366.79998779296875,46300
2014-08-20,372.20001220703125,376.79998779296875,368.0,369.6000061035156,369.6000061035156,54300
2014-08-21,369.6000061035156,374.79998779296875,369.0,370.6000061035156,370.6000061035156,36000
2014-08-22,370.20001220703125,376.79998779296875,367.0,369.20001220703125,369.20001220703125,65900
2014-08-25,365.3999938964844,368.20001220703125,363.20001220703125,365.20001220703125,365.20001220703125,32000
2014-08-26,366.20001220703125,370.0,364.79998779296875,368.6000061035156,368.6000061035156,27300
2014-08-27,369.79998779296875,374.20001220703125,367.79998779296875,371.20001220703125,371.20001220703125,34700
2014-08-28,382.6000061035156,383.0,374.0,377.3999938964844,377.3999938964844,50400
2014-08-29,373.79998779296875,379.0,372.3999938964844,374.79998779296875,374.79998779296875,50800
2014-09-02,374.6000061035156,380.20001220703125,373.0,377.3999938964844,377.3999938964844,35100
2014-09-03,371.20001220703125,377.0,371.0,372.3999938964844,372.3999938964844,50900
2014-09-04,370.0,377.6000061035156,365.20001220703125,373.20001220703125,373.20001220703125,50400
2014-09-05,371.3999938964844,377.6000061035156,365.20001220703125,366.0,366.0,47400
2014-09-08,367.3999938964844,371.20001220703125,365.20001220703125,366.79998779296875,366.79998779296875,34700
2014-09-09,368.6000061035156,378.6000061035156,368.6000061035156,376.6000061035156,376.6000061035156,49100
2014-09-10,377.3999938964844,384.0,372.20001220703125,373.3999938964844,373.3999938964844,52000
2014-09-11,381.20001220703125,381.79998779296875,372.3999938964844,373.0,373.0,32000
2014-09-12,374.0,387.3999938964844,373.3999938964844,381.3999938964844,381.3999938964844,69900
2014-09-15,382.79998779296875,393.0,382.79998779296875,391.0,391.0,44900
2014-09-16,394.79998779296875,395.20001220703125,370.6000061035156,371.6000061035156,371.6000061035156,72500
2014-09-17,369.3999938964844,373.0,360.3999938964844,368.0,368.0,81800
2014-09-18,365.20001220703125,367.0,362.3999938964844,362.6000061035156,362.6000061035156,34800
2014-09-19,359.20001220703125,367.3999938964844,357.20001220703125,363.20001220703125,363.20001220703125,56700
2014-09-22,367.3999938964844,378.3999938964844,366.6000061035156,375.20001220703125,375.20001220703125,60000
2014-09-23,385.3999938964844,389.6000061035156,377.79998779296875,389.6000061035156,389.6000061035156,72100
2014-09-24,387.0,390.79998779296875,376.20001220703125,376.6000061035156,376.6000061035156,51700
2014-09-25,380.79998779296875,410.6000061035156,380.6000061035156,405.0,405.0,148400
2014-09-26,402.20001220703125,403.79998779296875,387.20001220703125,391.0,391.0,71200
2014-09-29,412.3999938964844,417.20001220703125,400.3999938964844,410.6000061035156,410.6000061035156,115500
2014-09-30,413.0,419.0,404.6000061035156,415.6000061035156,415.6000061035156,81700
2014-10-01,416.0,435.3999938964844,415.0,424.6000061035156,424.6000061035156,138300
2014-10-02,427.6000061035156,439.0,412.79998779296875,420.0,420.0,215200
2014-10-03,406.0,408.6000061035156,390.3999938964844,394.6000061035156,394.6000061035156,99500
2014-10-06,385.6000061035156,403.0,381.6000061035156,401.0,401.0,70300
2014-10-07,410.79998779296875,430.0,409.79998779296875,429.6000061035156,429.6000061035156,98500
2014-10-08,431.79998779296875,435.79998779296875,392.20001220703125,393.20001220703125,393.20001220703125,100400
2014-10-09,398.3999938964844,430.6000061035156,396.20001220703125,429.3999938964844,429.3999938964844,170700
2014-10-10,431.6000061035156,478.0,422.79998779296875,478.0,478.0,122200
2014-10-13,469.3999938964844,527.7999877929688,461.3999938964844,526.7999877929688,526.7999877929688,127600
2014-10-14,513.0,538.5999755859375,486.0,519.2000122070312,519.2000122070312,265900
2014-10-15,554.0,589.2000122070312,521.4000244140625,525.0,525.0,284700
2014-10-16,590.4000244140625,593.5999755859375,524.4000244140625,537.2000122070312,537.2000122070312,197200
2014-10-17,500.0,525.2000122070312,491.3999938964844,512.2000122070312,512.2000122070312,174000
2014-10-20,517.0,519.7999877929688,473.6000061035156,474.79998779296875,474.79998779296875,137700
2014-10-21,456.20001220703125,460.20001220703125,436.3999938964844,439.0,439.0,160400
2014-10-22,434.20001220703125,475.3999938964844,430.0,473.3999938964844,473.3999938964844,100000
2014-10-23,444.20001220703125,453.6000061035156,433.3999938964844,446.0,446.0,110700
2014-10-24,445.20001220703125,470.0,438.20001220703125,441.20001220703125,441.20001220703125,83600
2014-10-27,447.79998779296875,456.20001220703125,433.0,434.20001220703125,434.20001220703125,56100
2014-10-28,427.79998779296875,428.20001220703125,405.6000061035156,406.20001220703125,406.20001220703125,66500
2014-10-29,407.3999938964844,424.79998779296875,404.79998779296875,412.3999938964844,412.3999938964844,89300
2014-10-30,421.0,428.0,406.20001220703125,414.3999938964844,414.3999938964844,72900
2014-10-31,401.3999938964844,410.6000061035156,400.79998779296875,403.6000061035156,403.6000061035156,103600
2014-11-03,403.6000061035156,414.6000061035156,401.0,410.20001220703125,410.20001220703125,45900
2014-11-04,414.0,424.3999938964844,406.3999938964844,407.20001220703125,407.20001220703125,61900
2014-11-05,400.0,409.6000061035156,399.6000061035156,402.6000061035156,402.6000061035156,62500
2014-11-06,400.3999938964844,407.0,390.0,392.0,392.0,60000
2014-11-07,391.20001220703125,395.79998779296875,385.3999938964844,386.3999938964844,386.3999938964844,45400
2014-11-10,384.3999938964844,385.0,368.6000061035156,371.3999938964844,371.3999938964844,87300
2014-11-11,370.0,378.3999938964844,367.79998779296875,371.20001220703125,371.20001220703125,42700
2014-11-12,380.3999938964844,380.6000061035156,372.0,375.79998779296875,375.79998779296875,59800
2014-11-13,377.79998779296875,390.79998779296875,372.3999938964844,380.20001220703125,380.20001220703125,87100
2014-11-14,381.79998779296875,389.3999938964844,380.20001220703125,381.20001220703125,381.20001220703125,36700
2014-11-17,384.6000061035156,390.0,376.6000061035156,380.20001220703125,380.20001220703125,47700
2014-11-18,378.20001220703125,378.20001220703125,369.20001220703125,373.20001220703125,373.20001220703125,63100
2014-11-19,378.3999938964844,386.0,377.0,382.6000061035156,382.6000061035156,40400
2014-11-20,390.0,390.3999938964844,377.20001220703125,379.20001220703125,379.20001220703125,28300
2014-11-21,367.0,374.3999938964844,367.0,371.3999938964844,371.3999938964844,40400
2014-11-24,367.6000061035156,369.3999938964844,362.79998779296875,363.3999938964844,363.3999938964844,33000
2014-11-25,362.0,366.0,359.79998779296875,361.0,361.0,29800
2014-11-26,361.3999938964844,361.79998779296875,354.0,355.0,355.0,41200
2014-11-28,357.0,365.3999938964844,354.0,364.3999938964844,364.3999938964844,31200
2014-12-01,371.3999938964844,383.20001220703125,370.6000061035156,379.6000061035156,379.6000061035156,56800
2014-12-02,379.0,379.3999938964844,358.0,358.0,358.0,34900
2014-12-03,354.0,357.0,351.20001220703125,353.0,353.0,45600
2014-12-04,356.79998779296875,363.3999938964844,349.3999938964844,354.20001220703125,354.20001220703125,46700
2014-12-05,347.3999938964844,350.0,341.20001220703125,347.20001220703125,347.20001220703125,38500
2014-12-08,349.20001220703125,364.3999938964844,343.6000061035156,359.79998779296875,359.79998779296875,65700
2014-12-09,379.20001220703125,385.3999938964844,361.79998779296875,364.20001220703125,364.20001220703125,83900
2014-12-10,372.3999938964844,403.6000061035156,370.6000061035156,403.0,403.0,101800
2014-12-11,397.79998779296875,428.20001220703125,381.20001220703125,428.0,428.0,84000
2014-12-12,446.0,453.3999938964844,424.20001220703125,450.20001220703125,450.20001220703125,216200
2014-12-15,429.20001220703125,457.0,418.6000061035156,439.6000061035156,439.6000061035156,109300
2014-12-16,450.79998779296875,461.20001220703125,414.6000061035156,461.20001220703125,461.20001220703125,151400
2014-12-17,467.0,467.20001220703125,412.6000061035156,414.6000061035156,414.6000061035156,143600
2014-12-18,393.79998779296875,413.20001220703125,392.3999938964844,401.3999938964844,401.3999938964844,38900
2014-12-19,399.6000061035156,405.3999938964844,392.3999938964844,397.79998779296875,397.79998779296875,48900
2014-12-22,387.79998779296875,390.20001220703125,378.79998779296875,379.20001220703125,379.20001220703125,56000
2014-12-23,376.79998779296875,386.6000061035156,376.3999938964844,379.3999938964844,379.3999938964844,23000
2014-12-24,375.6000061035156,379.3999938964844,374.6000061035156,376.20001220703125,376.20001220703125,14800
2014-12-26,376.6000061035156,381.79998779296875,373.6000061035156,379.6000061035156,379.6000061035156,25500
2014-12-29,382.79998779296875,384.0,376.3999938964844,378.79998779296875,378.79998779296875,25200
2014-12-30,384.3999938964844,390.6000061035156,379.79998779296875,388.20001220703125,388.20001220703125,39300
2014-12-31,387.0,426.6000061035156,385.6000061035156,419.79998779296875,419.79998779296875,53500
2015-01-02,406.0,436.0,400.6000061035156,412.20001220703125,412.20001220703125,46300
2015-01-05,423.20001220703125,448.79998779296875,421.79998779296875,443.0,443.0,62000
2015-01-06,440.0,468.3999938964844,434.20001220703125,452.6000061035156,452.6000061035156,80600
2015-01-07,439.0,448.6000061035156,431.6000061035156,437.6000061035156,437.6000061035156,50300
2015-01-08,420.3999938964844,422.0,407.6000061035156,409.6000061035156,409.6000061035156,46900
2015-01-09,405.0,428.79998779296875,404.79998779296875,425.6000061035156,425.6000061035156,56400
2015-01-12,428.6000061035156,456.20001220703125,427.79998779296875,445.79998779296875,445.79998779296875,40600
2015-01-13,435.20001220703125,470.20001220703125,430.0,458.6000061035156,458.6000061035156,60900
2015-01-14,480.0,484.3999938964844,464.79998779296875,466.79998779296875,466.79998779296875,90000
2015-01-15,461.6000061035156,482.3999938964844,455.20001220703125,481.20001220703125,481.20001220703125,56700
2015-01-16,482.20001220703125,491.6000061035156,466.20001220703125,471.0,471.0,62200
2015-01-20,457.0,482.79998779296875,456.3999938964844,466.79998779296875,466.79998779296875,58300
2015-01-21,472.20001220703125,478.3999938964844,444.20001220703125,444.20001220703125,444.20001220703125,128500
2015-01-22,432.0,448.3999938964844,415.6000061035156,416.20001220703125,416.20001220703125,57100
2015-01-23,422.20001220703125,428.3999938964844,410.0,426.79998779296875,426.79998779296875,40200
2015-01-26,422.6000061035156,431.20001220703125,407.0,407.6000061035156,407.6000061035156,35800
2015-01-27,428.0,432.3999938964844,413.20001220703125,425.20001220703125,425.20001220703125,65100
2015-01-28,414.0,465.20001220703125,414.0,461.20001220703125,461.20001220703125,82600
2015-01-29,460.79998779296875,477.20001220703125,442.79998779296875,445.6000061035156,445.6000061035156,88900
2015-01-30,460.0,493.0,451.3999938964844,491.0,491.0,76300
2015-02-02,474.79998779296875,496.6000061035156,463.79998779296875,464.20001220703125,464.20001220703125,71600
2015-02-03,455.79998779296875,460.20001220703125,440.3999938964844,442.20001220703125,442.20001220703125,53000
2015-02-04,447.6000061035156,456.79998779296875,434.79998779296875,454.6000061035156,454.6000061035156,63200
2015-02-05,448.6000061035156,449.0,434.6000061035156,437.6000061035156,437.6000061035156,61200
2015-02-06,432.0,465.79998779296875,429.20001220703125,456.3999938964844,456.3999938964844,93600
2015-02-09,464.79998779296875,468.3999938964844,456.79998779296875,458.6000061035156,458.6000061035156,50100
2015-02-10,447.79998779296875,456.3999938964844,438.6000061035156,441.20001220703125,441.20001220703125,59300
2015-02-11,445.3999938964844,451.3999938964844,442.20001220703125,443.0,443.0,52700
2015-02-12,432.79998779296875,435.20001220703125,414.79998779296875,416.79998779296875,416.79998779296875,68300
2015-02-13,414.20001220703125,422.6000061035156,409.3999938964844,411.79998779296875,411.79998779296875,50300
2015-02-17,415.6000061035156,418.6000061035156,409.6000061035156,412.79998779296875,412.79998779296875,48100
2015-02-18,417.79998779296875,418.3999938964844,407.6000061035156,409.20001220703125,409.20001220703125,42500
2015-02-19,413.79998779296875,414.0,400.0,400.20001220703125,400.20001220703125,44000
2015-02-20,408.0,410.3999938964844,382.79998779296875,385.79998779296875,385.79998779296875,57600
2015-02-23,390.0,392.3999938964844,385.6000061035156,387.20001220703125,387.20001220703125,37500
2015-02-24,386.20001220703125,386.20001220703125,369.0,371.0,371.0,82300
2015-02-25,372.20001220703125,377.6000061035156,356.79998779296875,373.6000061035156,373.6000061035156,80300
2015-02-26,372.6000061035156,379.6000061035156,364.3999938964844,369.0,369.0,66500
2015-02-27,368.79998779296875,372.0,361.6000061035156,367.6000061035156,367.6000061035156,57400
2015-03-02,365.3999938964844,366.6000061035156,354.79998779296875,354.79998779296875,354.79998779296875,86000
2015-03-03,358.6000061035156,371.79998779296875,356.79998779296875,362.6000061035156,362.6000061035156,52400
2015-03-04,368.0,375.79998779296875,361.20001220703125,361.6000061035156,361.6000061035156,78600
2015-03-05,359.6000061035156,364.6000061035156,356.6000061035156,356.79998779296875,356.79998779296875,47000
2015-03-06,362.20001220703125,375.0,357.3999938964844,373.20001220703125,373.20001220703125,63600
2015-03-09,370.3999938964844,373.0,364.20001220703125,368.0,368.0,50100
2015-03-10,378.3999938964844,384.3999938964844,375.79998779296875,379.79998779296875,379.79998779296875,78400
2015-03-11,380.20001220703125,391.20001220703125,379.20001220703125,388.0,388.0,72400
2015-03-12,381.20001220703125,381.6000061035156,364.3999938964844,365.0,365.0,60200
2015-03-13,366.6000061035156,383.0,364.79998779296875,373.3999938964844,373.3999938964844,65400
2015-03-16,368.79998779296875,369.79998779296875,361.0,365.0,365.0,52300
2015-03-17,369.79998779296875,372.3999938964844,361.79998779296875,362.6000061035156,362.6000061035156,43600
2015-03-18,365.3999938964844,367.79998779296875,344.20001220703125,347.0,347.0,114600
2015-03-19,352.6000061035156,356.20001220703125,346.20001220703125,347.6000061035156,347.6000061035156,62200
2015-03-20,343.20001220703125,346.0,331.6000061035156,342.0,342.0,95600
2015-03-23,339.20001220703125,339.79998779296875,331.79998779296875,335.79998779296875,335.79998779296875,56100
2015-03-24,336.20001220703125,338.0,327.6000061035156,334.0,334.0,65400
2015-03-25,332.6000061035156,349.79998779296875,330.79998779296875,349.3999938964844,349.3999938964844,105600
2015-03-26,356.20001220703125,359.3999938964844,344.20001220703125,346.3999938964844,346.3999938964844,127000
2015-03-27,346.6000061035156,347.3999938964844,340.79998779296875,342.20001220703125,342.20001220703125,44900
2015-03-30,334.0,334.79998779296875,330.0,331.6000061035156,331.6000061035156,66100
2015-03-31,333.0,342.20001220703125,332.3999938964844,340.20001220703125,340.20001220703125,62400
2015-04-01,341.0,351.20001220703125,339.79998779296875,340.0,340.0,71000
2015-04-02,337.79998779296875,339.20001220703125,332.0,333.20001220703125,333.20001220703125,46900
2015-04-06,336.3999938964844,337.6000061035156,323.0,325.20001220703125,325.20001220703125,64100
2015-04-07,323.3999938964844,325.3999938964844,320.0,325.3999938964844,325.3999938964844,48300
2015-04-08,322.79998779296875,325.20001220703125,318.20001220703125,319.0,319.0,53600
2015-04-09,317.3999938964844,321.0,307.6000061035156,308.0,308.0,72100
2015-04-10,305.20001220703125,305.6000061035156,294.0,294.3999938964844,294.3999938964844,72500
2015-04-13,290.3999938964844,304.79998779296875,287.6000061035156,302.0,302.0,69400
2015-04-14,305.6000061035156,307.6000061035156,296.3999938964844,299.0,299.0,58300
2015-04-15,295.0,295.3999938964844,289.20001220703125,292.3999938964844,292.3999938964844,54500
2015-04-16,293.20001220703125,294.6000061035156,283.79998779296875,286.3999938964844,286.3999938964844,46400
2015-04-17,295.79998779296875,304.20001220703125,294.20001220703125,295.79998779296875,295.79998779296875,106800
2015-04-20,290.3999938964844,291.6000061035156,284.3999938964844,286.20001220703125,286.20001220703125,54300
2015-04-21,283.0,289.3999938964844,281.79998779296875,286.20001220703125,286.20001220703125,48100
2015-04-22,285.0,290.20001220703125,281.79998779296875,283.20001220703125,283.20001220703125,56200
2015-04-23,285.0,285.79998779296875,278.0,280.6000061035156,280.6000061035156,62900
2015-04-24,279.0,281.0,276.79998779296875,277.6000061035156,277.6000061035156,37000
2015-04-27,275.3999938964844,287.79998779296875,274.3999938964844,286.20001220703125,286.20001220703125,48200
2015-04-28,287.79998779296875,295.3999938964844,275.6000061035156,275.6000061035156,275.6000061035156,68900
2015-04-29,282.79998779296875,287.79998779296875,277.20001220703125,283.20001220703125,283.20001220703125,70700
2015-04-30,287.0,296.6000061035156,283.79998779296875,290.79998779296875,290.79998779296875,65800
2015-05-01,286.79998779296875,287.0,276.3999938964844,276.3999938964844,276.3999938964844,63300
2015-05-04,274.6000061035156,280.20001220703125,272.6000061035156,277.20001220703125,277.20001220703125,41400
2015-05-05,278.79998779296875,286.6000061035156,276.6000061035156,286.20001220703125,286.20001220703125,70200
2015-05-06,282.79998779296875,300.3999938964844,282.0,291.3999938964844,291.3999938964844,65000
2015-05-07,292.79998779296875,296.6000061035156,286.3999938964844,288.79998779296875,288.79998779296875,55400
2015-05-08,278.0,279.6000061035156,272.79998779296875,274.0,274.0,80200
2015-05-11,274.79998779296875,281.6000061035156,273.79998779296875,281.3999938964844,281.3999938964844,42500
2015-05-12,286.0,289.6000061035156,278.6000061035156,280.20001220703125,280.20001220703125,59800
2015-05-13,277.6000061035156,280.6000061035156,274.3999938964844,275.20001220703125,275.20001220703125,57900
2015-05-14,272.20001220703125,273.20001220703125,269.3999938964844,269.3999938964844,269.3999938964844,67200
2015-05-15,268.79998779296875,272.6000061035156,267.0,267.0,267.0,53800
2015-05-18,267.20001220703125,267.6000061035156,256.20001220703125,258.3999938964844,258.3999938964844,67100
2015-05-19,257.0,260.20001220703125,252.60000610351562,254.60000610351562,254.60000610351562,60000
2015-05-20,253.8000030517578,258.6000061035156,253.0,255.1999969482422,255.1999969482422,47100
2015-05-21,257.0,257.79998779296875,247.0,247.8000030517578,247.8000030517578,52100
2015-05-22,247.8000030517578,249.60000610351562,245.60000610351562,248.39999389648438,248.39999389648438,28600
2015-05-26,251.39999389648438,260.6000061035156,250.39999389648438,258.3999938964844,258.3999938964844,71400
2015-05-27,256.0,257.20001220703125,247.0,248.60000610351562,248.60000610351562,49500
2015-05-28,251.39999389648438,255.0,250.0,251.60000610351562,251.60000610351562,45900
2015-05-29,252.39999389648438,256.3999938964844,249.60000610351562,253.0,253.0,71500
2015-06-01,250.1999969482422,254.39999389648438,247.8000030517578,250.8000030517578,250.8000030517578,50900
2015-06-02,253.0,256.20001220703125,250.1999969482422,254.60000610351562,254.60000610351562,47500
2015-06-03,252.60000610351562,254.1999969482422,249.60000610351562,250.1999969482422,250.1999969482422,55700
2015-06-04,253.60000610351562,260.0,252.39999389648438,258.6000061035156,258.6000061035156,91800
2015-06-05,259.20001220703125,261.20001220703125,253.39999389648438,254.0,254.0,74500
2015-06-08,255.1999969482422,261.20001220703125,254.8000030517578,259.3999938964844,259.3999938964844,51600
2015-06-09,260.3999938964844,262.79998779296875,255.0,256.20001220703125,256.20001220703125,74100
2015-06-10,252.8000030517578,253.0,244.60000610351562,245.60000610351562,245.60000610351562,76000
2015-06-11,242.60000610351562,243.60000610351562,238.8000030517578,240.1999969482422,240.1999969482422,69500
2015-06-12,243.39999389648438,247.8000030517578,242.60000610351562,243.1999969482422,243.1999969482422,54600
2015-06-15,249.60000610351562,254.0,248.0,253.8000030517578,253.8000030517578,95900
2015-06-16,256.20001220703125,257.20001220703125,247.60000610351562,248.60000610351562,248.60000610351562,87700
2015-06-17,247.8000030517578,253.60000610351562,245.39999389648438,247.8000030517578,247.8000030517578,54800
2015-06-18,244.8000030517578,245.1999969482422,238.0,241.0,241.0,79700
2015-06-19,241.0,244.1999969482422,240.1999969482422,243.60000610351562,243.60000610351562,52400
2015-06-22,237.0,238.8000030517578,232.0,232.1999969482422,232.1999969482422,64700
2015-06-23,230.60000610351562,231.1999969482422,226.0,226.0,226.0,70700
2015-06-24,227.39999389648438,230.8000030517578,224.39999389648438,230.8000030517578,230.8000030517578,52200
2015-06-25,228.60000610351562,233.60000610351562,226.60000610351562,232.39999389648438,232.39999389648438,55200
2015-06-26,231.39999389648438,235.8000030517578,229.60000610351562,231.0,231.0,42700
2015-06-29,246.0,273.0,241.60000610351562,270.3999938964844,270.3999938964844,197500
2015-06-30,256.0,280.79998779296875,255.39999389648438,268.3999938964844,268.3999938964844,185600
2015-07-01,253.60000610351562,262.79998779296875,249.39999389648438,249.8000030517578,249.8000030517578,121200
2015-07-02,249.60000610351562,270.3999938964844,248.8000030517578,265.79998779296875,265.79998779296875,136700
2015-07-06,278.20001220703125,280.79998779296875,266.6000061035156,272.6000061035156,272.6000061035156,126500
2015-07-07,272.0,287.20001220703125,258.20001220703125,258.20001220703125,258.20001220703125,128300
2015-07-08,269.79998779296875,284.6000061035156,266.3999938964844,284.20001220703125,284.20001220703125,200500
2015-07-09,268.20001220703125,288.20001220703125,267.79998779296875,286.0,286.0,136400
2015-07-10,271.3999938964844,280.0,263.6000061035156,264.20001220703125,264.20001220703125,85400
2015-07-13,249.8000030517578,251.0,237.1999969482422,238.8000030517578,238.8000030517578,100400
2015-07-14,239.1999969482422,240.1999969482422,231.8000030517578,236.39999389648438,236.39999389648438,54100
2015-07-15,236.0,241.39999389648438,232.39999389648438,235.8000030517578,235.8000030517578,72100
2015-07-16,228.39999389648438,228.60000610351562,219.8000030517578,220.39999389648438,220.39999389648438,117100
2015-07-17,219.1999969482422,221.60000610351562,218.0,218.60000610351562,218.60000610351562,71400
2015-07-20,218.39999389648438,219.39999389648438,213.1999969482422,217.8000030517578,217.8000030517578,51900
2015-07-21,216.60000610351562,219.8000030517578,215.60000610351562,215.8000030517578,215.8000030517578,51300
2015-07-22,221.39999389648438,221.8000030517578,212.8000030517578,214.60000610351562,214.60000610351562,72300
2015-07-23,212.60000610351562,220.8000030517578,211.60000610351562,217.39999389648438,217.39999389648438,50500
2015-07-24,218.1999969482422,227.39999389648438,215.60000610351562,224.8000030517578,224.8000030517578,82400
2015-07-27,233.60000610351562,241.1999969482422,230.39999389648438,236.60000610351562,236.60000610351562,91400
2015-07-28,229.39999389648438,235.0,216.8000030517578,218.60000610351562,218.60000610351562,100300
2015-07-29,217.60000610351562,218.8000030517578,213.39999389648438,215.1999969482422,215.1999969482422,81000
2015-07-30,216.39999389648438,220.60000610351562,213.0,213.8000030517578,213.8000030517578,57100
2015-07-31,212.39999389648438,216.39999389648438,210.60000610351562,213.39999389648438,213.39999389648438,59400
2015-08-03,213.0,218.8000030517578,209.8000030517578,210.39999389648438,210.39999389648438,86100
2015-08-04,211.39999389648438,215.0,209.1999969482422,211.1999969482422,211.1999969482422,45300
2015-08-05,210.1999969482422,212.39999389648438,206.39999389648438,209.0,209.0,50900
2015-08-06,209.8000030517578,221.0,209.60000610351562,217.0,217.0,92500
2015-08-07,216.60000610351562,221.0,213.8000030517578,215.0,215.0,96000
2015-08-10,209.60000610351562,209.60000610351562,206.60000610351562,207.0,207.0,72600
2015-08-11,215.0,220.39999389648438,212.0,216.60000610351562,216.60000610351562,100400
2015-08-12,228.1999969482422,232.0,214.39999389648438,216.0,216.0,152400
2015-08-13,214.1999969482422,218.1999969482422,210.8000030517578,213.60000610351562,213.60000610351562,66000
2015-08-14,212.8000030517578,216.39999389648438,211.39999389648438,213.1999969482422,213.1999969482422,51000
2015-08-17,215.1999969482422,217.39999389648438,210.39999389648438,210.60000610351562,210.60000610351562,75400
2015-08-18,211.60000610351562,214.1999969482422,209.60000610351562,213.0,213.0,52000
2015-08-19,216.1999969482422,222.1999969482422,210.60000610351562,217.0,217.0,161900
2015-08-20,226.39999389648438,237.1999969482422,223.39999389648438,236.0,236.0,201900
2015-08-21,247.8000030517578,275.6000061035156,240.8000030517578,275.20001220703125,275.20001220703125,426600
2015-08-24,359.3999938964844,376.0,287.3999938964844,324.3999938964844,324.3999938964844,455700
2015-08-25,290.20001220703125,354.20001220703125,288.79998779296875,353.6000061035156,353.6000061035156,182800
2015-08-26,323.20001220703125,361.6000061035156,317.6000061035156,320.20001220703125,320.20001220703125,115200
2015-08-27,307.20001220703125,348.79998779296875,306.79998779296875,328.6000061035156,328.6000061035156,102600
2015-08-28,339.6000061035156,361.0,334.3999938964844,344.79998779296875,344.79998779296875,247500
2015-08-31,349.3999938964844,360.6000061035156,344.79998779296875,357.79998779296875,357.79998779296875,162300
2015-09-01,390.79998779296875,419.3999938964844,380.20001220703125,408.6000061035156,408.6000061035156,275300
2015-09-02,386.3999938964844,402.0,365.79998779296875,366.20001220703125,366.20001220703125,293500
2015-09-03,354.20001220703125,374.6000061035156,339.20001220703125,363.79998779296875,363.79998779296875,65100
2015-09-04,381.6000061035156,399.20001220703125,372.6000061035156,390.3999938964844,390.3999938964844,158200
2015-09-08,367.3999938964844,372.6000061035156,355.20001220703125,356.79998779296875,356.79998779296875,257500
2015-09-09,337.20001220703125,367.0,336.6000061035156,364.0,364.0,271500
2015-09-10,375.20001220703125,377.20001220703125,355.20001220703125,355.20001220703125,355.20001220703125,422300
2015-09-11,357.20001220703125,362.79998779296875,346.6000061035156,347.0,347.0,173100
2015-09-14,346.6000061035156,355.0,346.0,347.79998779296875,347.79998779296875,167600
2015-09-15,342.3999938964844,344.6000061035156,312.20001220703125,312.79998779296875,312.79998779296875,264300
2015-09-16,301.3999938964844,311.20001220703125,295.20001220703125,295.3999938964844,295.3999938964844,55600
2015-09-17,293.0,299.6000061035156,266.79998779296875,292.6000061035156,292.6000061035156,254000
2015-09-18,321.20001220703125,332.79998779296875,310.0,328.3999938964844,328.3999938964844,264400
2015-09-21,318.79998779296875,322.3999938964844,306.0,306.6000061035156,306.6000061035156,196500
2015-09-22,322.79998779296875,340.6000061035156,317.6000061035156,324.3999938964844,324.3999938964844,326800
2015-09-23,324.6000061035156,329.20001220703125,314.3999938964844,317.3999938964844,317.3999938964844,186300
2015-09-24,333.20001220703125,349.0,323.6000061035156,326.0,326.0,285300
2015-09-25,313.0,342.3999938964844,312.3999938964844,334.3999938964844,334.3999938964844,194500
2015-09-28,346.3999938964844,367.0,343.0,357.79998779296875,357.79998779296875,164500
2015-09-29,353.79998779296875,367.0,345.0,358.20001220703125,358.20001220703125,159300
2015-09-30,342.6000061035156,351.79998779296875,339.20001220703125,341.6000061035156,341.6000061035156,126800
2015-10-01,341.6000061035156,353.20001220703125,337.3999938964844,337.6000061035156,337.6000061035156,144700
2015-10-02,350.20001220703125,353.6000061035156,320.0,320.3999938964844,320.3999938964844,214700
2015-10-05,313.20001220703125,314.20001220703125,300.0,302.3999938964844,302.3999938964844,194100
2015-10-06,301.3999938964844,310.0,296.79998779296875,305.3999938964844,305.3999938964844,126900
2015-10-07,301.3999938964844,308.3999938964844,297.0,298.0,298.0,111800
2015-10-08,296.6000061035156,300.20001220703125,280.0,283.6000061035156,283.6000061035156,162700
2015-10-09,282.3999938964844,292.0,279.6000061035156,283.3999938964844,283.3999938964844,99400
2015-10-12,282.79998779296875,285.20001220703125,263.3999938964844,265.79998779296875,265.79998779296875,75300
2015-10-13,272.0,281.20001220703125,262.3999938964844,280.6000061035156,280.6000061035156,85700
2015-10-14,282.6000061035156,292.79998779296875,277.20001220703125,285.6000061035156,285.6000061035156,112200
2015-10-15,279.0,282.0,263.79998779296875,265.3999938964844,265.3999938964844,126900
2015-10-16,260.6000061035156,272.0,260.20001220703125,262.3999938964844,262.3999938964844,145700
2015-10-19,263.0,263.79998779296875,243.39999389648438,243.60000610351562,243.60000610351562,102100
2015-10-20,246.60000610351562,256.6000061035156,242.8000030517578,252.8000030517578,252.8000030517578,58400
2015-10-21,250.0,271.3999938964844,246.8000030517578,270.3999938964844,270.3999938964844,109300
2015-10-22,263.0,263.20001220703125,245.1999969482422,245.8000030517578,245.8000030517578,122100
2015-10-23,240.0,253.0,239.1999969482422,247.8000030517578,247.8000030517578,136100
2015-10-26,251.60000610351562,257.0,248.60000610351562,256.20001220703125,256.20001220703125,73100
2015-10-27,260.0,260.0,250.39999389648438,250.8000030517578,250.8000030517578,66900
2015-10-28,250.0,258.3999938964844,243.1999969482422,243.60000610351562,243.60000610351562,82700
2015-10-29,247.60000610351562,251.8000030517578,244.39999389648438,246.60000610351562,246.60000610351562,95100
2015-10-30,247.8000030517578,251.0,244.0,250.60000610351562,250.60000610351562,50400
2015-11-02,250.39999389648438,251.0,235.8000030517578,237.60000610351562,237.60000610351562,74900
2015-11-03,240.1999969482422,244.0,236.8000030517578,242.60000610351562,242.60000610351562,50500
2015-11-04,240.8000030517578,253.0,240.39999389648438,250.60000610351562,250.60000610351562,56800
2015-11-05,250.39999389648438,254.8000030517578,244.60000610351562,245.1999969482422,245.1999969482422,64500
2015-11-06,246.0,251.39999389648438,240.0,240.0,240.0,84500
2015-11-09,241.39999389648438,256.79998779296875,240.1999969482422,253.1999969482422,253.1999969482422,97700
2015-11-10,255.8000030517578,257.0,244.1999969482422,245.60000610351562,245.60000610351562,52600
2015-11-11,243.8000030517578,251.1999969482422,243.1999969482422,251.0,251.0,29700
2015-11-12,257.6000061035156,274.0,254.8000030517578,273.20001220703125,273.20001220703125,144000
2015-11-13,274.79998779296875,293.20001220703125,272.6000061035156,292.0,292.0,242100
2015-11-16,290.79998779296875,293.20001220703125,262.0,262.6000061035156,262.6000061035156,115700
2015-11-17,259.6000061035156,281.79998779296875,258.20001220703125,277.0,277.0,71700
2015-11-18,271.3999938964844,272.0,258.0,258.6000061035156,258.6000061035156,168600
2015-11-19,261.0,270.6000061035156,260.0,267.79998779296875,267.79998779296875,75600
2015-11-20,259.6000061035156,260.79998779296875,255.39999389648438,258.3999938964844,258.3999938964844,101300
2015-11-23,257.0,259.6000061035156,250.1999969482422,251.8000030517578,251.8000030517578,63700
2015-11-24,258.6000061035156,261.3999938964844,250.1999969482422,253.0,253.0,75100
2015-11-25,252.0,254.1999969482422,248.0,249.1999969482422,249.1999969482422,44800
2015-11-27,249.0,252.0,248.0,251.39999389648438,251.39999389648438,20600
2015-11-30,249.8000030517578,253.0,248.0,249.8000030517578,249.8000030517578,59900
2015-12-01,246.8000030517578,249.0,239.0,239.39999389648438,239.39999389648438,73000
2015-12-02,240.0,250.1999969482422,235.8000030517578,248.39999389648438,248.39999389648438,60900
2015-12-03,244.1999969482422,272.3999938964844,243.0,266.6000061035156,266.6000061035156,122400
2015-12-04,258.3999938964844,260.6000061035156,241.8000030517578,241.8000030517578,241.8000030517578,131300
2015-12-07,242.8000030517578,256.20001220703125,242.60000610351562,248.0,248.0,100200
2015-12-08,258.20001220703125,261.3999938964844,249.8000030517578,255.39999389648438,255.39999389648438,100100
2015-12-09,259.0,273.6000061035156,249.39999389648438,266.20001220703125,266.20001220703125,205700
2015-12-10,267.0,272.20001220703125,260.0,269.3999938964844,269.3999938964844,86800
2015-12-11,283.79998779296875,315.20001220703125,280.79998779296875,309.79998779296875,309.79998779296875,189700
2015-12-14,307.20001220703125,322.79998779296875,284.79998779296875,287.3999938964844,287.3999938964844,224500
2015-12-15,277.20001220703125,286.6000061035156,271.79998779296875,275.6000061035156,275.6000061035156,203800
2015-12-16,266.0,272.6000061035156,252.39999389648438,256.79998779296875,256.79998779296875,236600
2015-12-17,255.0,271.0,255.0,268.0,268.0,141400
2015-12-18,276.79998779296875,291.6000061035156,273.79998779296875,289.79998779296875,289.79998779296875,217500
2015-12-21,278.3999938964844,289.20001220703125,275.6000061035156,275.79998779296875,275.79998779296875,102600
2015-12-22,267.20001220703125,270.3999938964844,259.20001220703125,261.79998779296875,261.79998779296875,106700
2015-12-23,256.0,261.6000061035156,253.8000030517578,255.8000030517578,255.8000030517578,135800
2015-12-24,257.79998779296875,261.20001220703125,256.79998779296875,260.20001220703125,260.20001220703125,34000
2015-12-28,265.20001220703125,270.0,257.20001220703125,257.3999938964844,257.3999938964844,89700
2015-12-29,253.39999389648438,255.60000610351562,251.60000610351562,253.1999969482422,253.1999969482422,74800
2015-12-30,256.20001220703125,261.3999938964844,255.60000610351562,260.6000061035156,260.6000061035156,69300
2015-12-31,263.79998779296875,266.79998779296875,259.3999938964844,266.6000061035156,266.6000061035156,138000
2016-01-04,287.6000061035156,296.6000061035156,282.20001220703125,284.0,284.0,298300
2016-01-05,277.0,285.79998779296875,272.20001220703125,274.20001220703125,274.20001220703125,220900
2016-01-06,292.6000061035156,292.79998779296875,282.20001220703125,283.20001220703125,283.20001220703125,216600
2016-01-07,302.0,317.79998779296875,294.6000061035156,313.6000061035156,313.6000061035156,266300
2016-01-08,302.0,334.20001220703125,298.79998779296875,329.79998779296875,329.79998779296875,318000
2016-01-11,326.6000061035156,354.79998779296875,316.3999938964844,319.3999938964844,319.3999938964844,519000
2016-01-12,305.79998779296875,324.79998779296875,303.20001220703125,303.79998779296875,303.79998779296875,244700
2016-01-13,298.20001220703125,340.6000061035156,297.3999938964844,335.20001220703125,335.20001220703125,322900
2016-01-14,331.3999938964844,347.20001220703125,313.79998779296875,322.6000061035156,322.6000061035156,342700
2016-01-15,358.3999938964844,366.79998779296875,344.79998779296875,354.79998779296875,354.79998779296875,774100
2016-01-19,340.79998779296875,371.0,340.79998779296875,354.6000061035156,354.6000061035156,445100
2016-01-20,366.0,394.3999938964844,355.79998779296875,364.0,364.0,394000
2016-01-21,360.0,377.79998779296875,349.79998779296875,362.3999938964844,362.3999938964844,364700
2016-01-22,344.6000061035156,349.0,331.6000061035156,332.0,332.0,211700
2016-01-25,336.0,349.79998779296875,331.0,347.79998779296875,347.79998779296875,186900
2016-01-26,343.20001220703125,347.6000061035156,331.20001220703125,331.6000061035156,331.6000061035156,126700
2016-01-27,335.3999938964844,350.0,324.6000061035156,345.3999938964844,345.3999938964844,206800
2016-01-28,334.0,348.79998779296875,331.3999938964844,334.20001220703125,334.20001220703125,162200
2016-01-29,331.20001220703125,332.79998779296875,319.0,319.79998779296875,319.79998779296875,116200
2016-02-01,321.79998779296875,327.0,312.6000061035156,315.79998779296875,315.79998779296875,90700
2016-02-02,326.3999938964844,339.6000061035156,325.79998779296875,336.79998779296875,336.79998779296875,148400
2016-02-03,331.6000061035156,356.0,331.20001220703125,333.0,333.0,185100
2016-02-04,337.20001220703125,341.0,328.3999938964844,336.20001220703125,336.20001220703125,131700
2016-02-05,335.20001220703125,355.20001220703125,335.20001220703125,349.6000061035156,349.6000061035156,164700
2016-02-08,363.3999938964844,381.0,359.20001220703125,366.3999938964844,366.3999938964844,197500
2016-02-09,380.6000061035156,382.3999938964844,362.0,369.6000061035156,369.6000061035156,160800
2016-02-10,362.79998779296875,372.79998779296875,355.79998779296875,372.20001220703125,372.20001220703125,164400
2016-02-11,397.79998779296875,408.79998779296875,386.20001220703125,395.20001220703125,395.20001220703125,352100
2016-02-12,383.0,392.3999938964844,377.6000061035156,378.79998779296875,378.79998779296875,108400
2016-02-16,365.20001220703125,371.6000061035156,359.79998779296875,361.20001220703125,361.20001220703125,105300
2016-02-17,352.79998779296875,355.79998779296875,345.0,346.6000061035156,346.6000061035156,99700
2016-02-18,344.3999938964844,351.6000061035156,340.6000061035156,345.79998779296875,345.79998779296875,92300
2016-02-19,352.0,355.0,336.3999938964844,336.79998779296875,336.79998779296875,96300
2016-02-22,327.0,328.3999938964844,317.3999938964844,317.79998779296875,317.79998779296875,101000
2016-02-23,321.79998779296875,335.0,319.79998779296875,334.0,334.0,100500
2016-02-24,347.6000061035156,353.3999938964844,330.0,331.6000061035156,331.6000061035156,122200
2016-02-25,329.20001220703125,335.20001220703125,319.79998779296875,319.79998779296875,319.79998779296875,69900
2016-02-26,315.0,327.6000061035156,313.3999938964844,324.79998779296875,324.79998779296875,112000
2016-02-29,323.6000061035156,330.20001220703125,314.6000061035156,329.20001220703125,329.20001220703125,124800
2016-03-01,321.3999938964844,325.0,301.0,301.0,301.0,169900
2016-03-02,301.79998779296875,306.6000061035156,295.3999938964844,295.3999938964844,295.3999938964844,141300
2016-03-03,297.20001220703125,299.3999938964844,283.20001220703125,286.0,286.0,131500
2016-03-04,281.20001220703125,292.3999938964844,279.79998779296875,289.20001220703125,289.20001220703125,170600
2016-03-07,295.20001220703125,296.3999938964844,283.3999938964844,290.0,290.0,173000
2016-03-08,296.0,301.79998779296875,291.79998779296875,301.0,301.0,185600
2016-03-09,297.79998779296875,303.20001220703125,295.3999938964844,297.0,297.0,162400
2016-03-10,292.20001220703125,305.3999938964844,283.0,291.20001220703125,291.20001220703125,286100
2016-03-11,284.79998779296875,286.0,276.79998779296875,277.0,277.0,123100
2016-03-14,278.79998779296875,280.79998779296875,270.79998779296875,272.20001220703125,272.20001220703125,79000
2016-03-15,280.3999938964844,281.6000061035156,275.79998779296875,276.20001220703125,276.20001220703125,100700
2016-03-16,280.20001220703125,280.20001220703125,263.79998779296875,266.3999938964844,266.3999938964844,250800
2016-03-17,266.3999938964844,267.79998779296875,255.0,258.0,258.0,128500
2016-03-18,255.0,261.20001220703125,251.60000610351562,256.0,256.0,129900
2016-03-21,256.20001220703125,256.79998779296875,248.0,248.8000030517578,248.8000030517578,99200
2016-03-22,252.0,252.8000030517578,243.60000610351562,245.1999969482422,245.1999969482422,112200
2016-03-23,248.0,258.3999938964844,247.8000030517578,257.20001220703125,257.20001220703125,115200
2016-03-24,266.3999938964844,268.0,255.39999389648438,255.8000030517578,255.8000030517578,127500
2016-03-28,253.1999969482422,257.20001220703125,248.1999969482422,252.1999969482422,252.1999969482422,82800
2016-03-29,253.0,255.0,237.1999969482422,237.39999389648438,237.39999389648438,198700
2016-03-30,233.8000030517578,237.39999389648438,227.8000030517578,231.8000030517578,231.8000030517578,123700
2016-03-31,234.0,236.8000030517578,228.8000030517578,233.60000610351562,233.60000610351562,109100
2016-04-01,240.8000030517578,242.39999389648438,226.0,226.39999389648438,226.39999389648438,120700
2016-04-04,226.0,233.60000610351562,225.0,232.8000030517578,232.8000030517578,159200
2016-04-05,241.39999389648438,247.0,238.1999969482422,245.8000030517578,245.8000030517578,165700
2016-04-06,244.8000030517578,246.60000610351562,229.39999389648438,229.60000610351562,229.60000610351562,136800
2016-04-07,236.60000610351562,256.20001220703125,233.60000610351562,250.8000030517578,250.8000030517578,215500
2016-04-08,241.8000030517578,249.60000610351562,237.8000030517578,244.60000610351562,244.60000610351562,189100
2016-04-11,240.39999389648438,248.1999969482422,237.39999389648438,248.0,248.0,120300
2016-04-12,247.8000030517578,253.60000610351562,237.39999389648438,239.60000610351562,239.60000610351562,190500
2016-04-13,234.1999969482422,234.8000030517578,227.39999389648438,228.0,228.0,140500
2016-04-14,227.1999969482422,231.0,224.0,227.0,227.0,90900
2016-04-15,226.39999389648438,228.8000030517578,223.60000610351562,224.0,224.0,120500
2016-04-18,226.8000030517578,226.8000030517578,209.39999389648438,210.0,210.0,194900
2016-04-19,209.1999969482422,216.60000610351562,206.0,212.0,212.0,226600
2016-04-20,209.0,214.1999969482422,207.1999969482422,213.1999969482422,213.1999969482422,202300
2016-04-21,215.39999389648438,220.39999389648438,213.60000610351562,217.1999969482422,217.1999969482422,198000
2016-04-22,218.39999389648438,220.0,210.8000030517578,211.60000610351562,211.60000610351562,149200
2016-04-25,215.0,218.8000030517578,213.39999389648438,214.0,214.0,226400
2016-04-26,211.39999389648438,212.8000030517578,208.0,209.60000610351562,209.60000610351562,119600
2016-04-27,212.60000610351562,213.60000610351562,201.1999969482422,203.39999389648438,203.39999389648438,224600
2016-04-28,207.39999389648438,216.8000030517578,199.60000610351562,215.1999969482422,215.1999969482422,238300
2016-04-29,218.0,232.0,215.39999389648438,222.0,222.0,349400
2016-05-02,218.0,220.1999969482422,206.8000030517578,209.0,209.0,217700
2016-05-03,215.1999969482422,222.60000610351562,214.1999969482422,218.39999389648438,218.39999389648438,272100
2016-05-04,224.0,226.0,219.60000610351562,221.1999969482422,221.1999969482422,151400
2016-05-05,216.8000030517578,224.39999389648438,216.0,221.1999969482422,221.1999969482422,204000
2016-05-06,222.0,222.1999969482422,210.39999389648438,211.1999969482422,211.1999969482422,176300
2016-05-09,209.0,209.60000610351562,202.0,206.60000610351562,206.60000610351562,145000
2016-05-10,201.1999969482422,201.39999389648438,196.0,196.39999389648438,196.39999389648438,187500
2016-05-11,196.8000030517578,204.39999389648438,193.8000030517578,203.1999969482422,203.1999969482422,180500
2016-05-12,200.39999389648438,208.8000030517578,197.1999969482422,200.39999389648438,200.39999389648438,228700
2016-05-13,200.8000030517578,209.39999389648438,196.60000610351562,207.60000610351562,207.60000610351562,225900
2016-05-16,206.0,206.1999969482422,195.60000610351562,198.0,198.0,211300
2016-05-17,199.8000030517578,209.8000030517578,198.60000610351562,206.8000030517578,206.8000030517578,258500
2016-05-18,207.39999389648438,210.60000610351562,199.60000610351562,206.1999969482422,206.1999969482422,493400
2016-05-19,209.8000030517578,217.8000030517578,206.60000610351562,207.1999969482422,207.1999969482422,466600
2016-05-20,202.8000030517578,203.1999969482422,199.0,199.8000030517578,199.8000030517578,220000
2016-05-23,199.60000610351562,201.0,196.1999969482422,198.60000610351562,198.60000610351562,141200
2016-05-24,196.0,196.1999969482422,188.1999969482422,190.1999969482422,190.1999969482422,190700
2016-05-25,187.39999389648438,188.8000030517578,183.1999969482422,186.8000030517578,186.8000030517578,167700
2016-05-26,186.39999389648438,187.1999969482422,184.0,184.8000030517578,184.8000030517578,121000
2016-05-27,183.39999389648438,184.0,179.60000610351562,179.8000030517578,179.8000030517578,174800
2016-05-31,177.1999969482422,184.8000030517578,176.39999389648438,179.60000610351562,179.60000610351562,242600
2016-06-01,182.60000610351562,184.39999389648438,177.0,177.60000610351562,177.60000610351562,234500
2016-06-02,180.0,182.0,173.1999969482422,173.1999969482422,173.1999969482422,220000
2016-06-03,176.1999969482422,181.1999969482422,171.39999389648438,172.1999969482422,172.1999969482422,269500
2016-06-06,171.39999389648438,174.39999389648438,169.39999389648438,170.1999969482422,170.1999969482422,226300
2016-06-07,168.8000030517578,170.8000030517578,166.8000030517578,170.39999389648438,170.39999389648438,212600
2016-06-08,170.1999969482422,173.1999969482422,169.0,171.60000610351562,171.60000610351562,162400
2016-06-09,175.0,177.0,172.8000030517578,174.60000610351562,174.60000610351562,213700
2016-06-10,182.8000030517578,191.39999389648438,181.60000610351562,190.39999389648438,190.39999389648438,404700
2016-06-13,199.0,219.1999969482422,194.1999969482422,218.8000030517578,218.8000030517578,563800
2016-06-14,222.8000030517578,226.0,210.8000030517578,214.0,214.0,733700
2016-06-15,211.8000030517578,214.0,202.8000030517578,211.60000610351562,211.60000610351562,481700
2016-06-16,221.39999389648438,229.1999969482422,204.1999969482422,206.1999969482422,206.1999969482422,821900
2016-06-17,206.1999969482422,210.1999969482422,202.60000610351562,206.1999969482422,206.1999969482422,343800
2016-06-20,192.60000610351562,192.8000030517578,186.1999969482422,191.60000610351562,191.60000610351562,417300
2016-06-21,188.1999969482422,196.1999969482422,187.8000030517578,192.8000030517578,192.8000030517578,286200
2016-06-22,192.8000030517578,201.8000030517578,187.39999389648438,199.60000610351562,199.60000610351562,314000
2016-06-23,188.39999389648438,191.0,178.8000030517578,179.60000610351562,179.60000610351562,427700
2016-06-24,215.1999969482422,228.0,198.1999969482422,222.8000030517578,222.8000030517578,800900
2016-06-27,224.0,236.8000030517578,221.60000610351562,222.60000610351562,222.60000610351562,569100
2016-06-28,214.39999389648438,214.60000610351562,199.60000610351562,200.0,200.0,654500
2016-06-29,194.0,194.1999969482422,187.1999969482422,189.39999389648438,189.39999389648438,180100
2016-06-30,186.8000030517578,189.39999389648438,182.1999969482422,183.1999969482422,183.1999969482422,289500
2016-07-01,182.0,182.8000030517578,176.8000030517578,177.8000030517578,177.8000030517578,181700
2016-07-05,181.0,187.60000610351562,180.39999389648438,181.0,181.0,164400
2016-07-06,183.8000030517578,186.8000030517578,176.1999969482422,176.60000610351562,176.60000610351562,194800
2016-07-07,173.60000610351562,180.1999969482422,170.8000030517578,173.39999389648438,173.39999389648438,200600
2016-07-08,167.1999969482422,168.1999969482422,161.0,162.0,162.0,221800
2016-07-11,159.60000610351562,162.8000030517578,158.1999969482422,162.1999969482422,162.1999969482422,147600
2016-07-12,158.39999389648438,162.0,158.0,158.39999389648438,158.39999389648438,202800
2016-07-13,156.8000030517578,159.8000030517578,155.60000610351562,156.1999969482422,156.1999969482422,180600
2016-07-14,154.1999969482422,156.39999389648438,153.1999969482422,155.60000610351562,155.60000610351562,160200
2016-07-15,154.60000610351562,160.0,153.60000610351562,155.1999969482422,155.1999969482422,231600
2016-07-18,156.0,156.60000610351562,150.8000030517578,152.39999389648438,152.39999389648438,139800
2016-07-19,152.39999389648438,154.8000030517578,150.1999969482422,152.0,152.0,164500
2016-07-20,149.0,150.60000610351562,146.60000610351562,147.8000030517578,147.8000030517578,150300
2016-07-21,148.1999969482422,154.0,147.39999389648438,152.1999969482422,152.1999969482422,214400
2016-07-22,151.1999969482422,152.1999969482422,146.8000030517578,148.39999389648438,148.39999389648438,142400
2016-07-25,147.0800018310547,153.0,146.16000366210938,147.39999389648438,147.39999389648438,1629900
2016-07-26,147.63999938964844,150.32000732421875,146.0,146.0800018310547,146.0800018310547,762400
2016-07-27,144.16000366210938,148.27999877929688,141.44000244140625,142.75999450683594,142.75999450683594,1233300
2016-07-28,143.44000244140625,145.0800018310547,139.27999877929688,140.0800018310547,140.0800018310547,1024000
2016-07-29,140.0,140.39999389648438,134.1999969482422,135.1999969482422,135.1999969482422,854400
2016-08-01,134.16000366210938,136.52000427246094,131.16000366210938,132.8800048828125,132.8800048828125,1494600
2016-08-02,134.47999572753906,142.1199951171875,133.72000122070312,138.24000549316406,138.24000549316406,1355700
2016-08-03,138.39999389648438,139.75999450683594,134.55999755859375,134.75999450683594,134.75999450683594,758900
2016-08-04,132.8800048828125,134.36000061035156,130.0399932861328,130.83999633789062,130.83999633789062,702400
2016-08-05,127.76000213623047,127.83999633789062,124.87999725341797,126.5199966430664,126.5199966430664,727900
2016-08-08,124.76000213623047,125.4000015258789,123.5999984741211,123.63999938964844,123.63999938964844,520300
2016-08-09,121.83999633789062,123.55999755859375,119.23999786376953,121.63999938964844,121.63999938964844,1183300
2016-08-10,120.87999725341797,126.95999908447266,120.63999938964844,124.55999755859375,124.55999755859375,785800
2016-08-11,123.04000091552734,124.55999755859375,121.44000244140625,123.95999908447266,123.95999908447266,876700
2016-08-12,124.0,125.5199966430664,121.83999633789062,122.63999938964844,122.63999938964844,748100
2016-08-15,121.44000244140625,121.76000213623047,120.19999694824219,120.72000122070312,120.72000122070312,660300
2016-08-16,123.19999694824219,125.68000030517578,123.16000366210938,124.83999633789062,124.83999633789062,604900
2016-08-17,124.4800033569336,127.72000122070312,121.23999786376953,121.72000122070312,121.72000122070312,897300
2016-08-18,122.27999877929688,123.04000091552734,119.5199966430664,119.5199966430664,119.5199966430664,674700
2016-08-19,120.87999725341797,122.04000091552734,119.55999755859375,120.04000091552734,120.04000091552734,665700
2016-08-22,120.87999725341797,122.44000244140625,120.04000091552734,120.4800033569336,120.4800033569336,934500
2016-08-23,119.63999938964844,120.44000244140625,118.91999816894531,120.16000366210938,120.16000366210938,664200
2016-08-24,120.76000213623047,124.16000366210938,120.5199966430664,122.76000213623047,122.76000213623047,663000
2016-08-25,125.0,125.19999694824219,121.5199966430664,123.0,123.0,631400
2016-08-26,121.91999816894531,127.5199966430664,118.63999938964844,123.36000061035156,123.36000061035156,1071000
2016-08-29,122.91999816894531,122.95999908447266,120.16000366210938,120.72000122070312,120.72000122070312,677500
2016-08-30,120.27999877929688,121.95999908447266,119.4000015258789,119.87999725341797,119.87999725341797,677900
2016-08-31,120.23999786376953,123.55999755859375,119.63999938964844,120.4000015258789,120.4000015258789,880300
2016-09-01,119.83999633789062,123.04000091552734,119.4000015258789,119.80000305175781,119.80000305175781,930600
2016-09-02,117.4000015258789,117.87999725341797,115.5199966430664,115.5199966430664,115.5199966430664,1032100
2016-09-06,114.55999755859375,115.63999938964844,112.44000244140625,112.63999938964844,112.63999938964844,498800
2016-09-07,112.5999984741211,112.95999908447266,110.80000305175781,111.0,111.0,524900
2016-09-08,111.12000274658203,112.80000305175781,110.83999633789062,111.36000061035156,111.36000061035156,751600
2016-09-09,115.83999633789062,129.52000427246094,115.4000015258789,129.44000244140625,129.44000244140625,2049500
2016-09-12,130.72000122070312,132.0399932861328,119.23999786376953,120.55999755859375,120.55999755859375,1805100
2016-09-13,125.5199966430664,141.0399932861328,125.19999694824219,136.8800048828125,136.8800048828125,1454800
2016-09-14,134.8000030517578,137.9199981689453,129.24000549316406,136.0399932861328,136.0399932861328,1124600
2016-09-15,135.8800048828125,138.32000732421875,129.32000732421875,130.8800048828125,130.8800048828125,655200
2016-09-16,133.63999938964844,136.0,128.44000244140625,129.24000549316406,129.24000549316406,692500
2016-09-19,124.80000305175781,128.52000427246094,122.23999786376953,126.04000091552734,126.04000091552734,798100
2016-09-20,123.08000183105469,127.04000091552734,122.91999816894531,125.04000091552734,125.04000091552734,494000
2016-09-21,123.36000061035156,125.08000183105469,114.76000213623047,115.23999786376953,115.23999786376953,982500
2016-09-22,112.23999786376953,113.5999984741211,111.16000366210938,111.55999755859375,111.55999755859375,863700
2016-09-23,112.16000366210938,113.04000091552734,111.04000091552734,112.36000061035156,112.36000061035156,491500
2016-09-26,116.72000122070312,119.76000213623047,115.83999633789062,118.55999755859375,118.55999755859375,610300
2016-09-27,118.5199966430664,119.36000061035156,111.36000061035156,112.19999694824219,112.19999694824219,570200
2016-09-28,111.4800033569336,115.4000015258789,110.80000305175781,111.0,111.0,478800
2016-09-29,111.5999984741211,121.87999725341797,109.83999633789062,117.91999816894531,117.91999816894531,1143900
2016-09-30,114.04000091552734,116.04000091552734,111.83999633789062,113.31999969482422,113.31999969482422,794500
2016-10-03,114.4800033569336,115.44000244140625,112.31999969482422,112.5999984741211,112.5999984741211,531200
2016-10-04,111.76000213623047,115.19999694824219,110.16000366210938,112.36000061035156,112.36000061035156,658800
2016-10-05,111.04000091552734,111.91999816894531,110.5199966430664,111.4800033569336,111.4800033569336,374500
2016-10-06,111.87999725341797,112.5999984741211,110.08000183105469,110.44000244140625,110.44000244140625,329900
2016-10-07,109.95999908447266,113.04000091552734,109.4800033569336,110.68000030517578,110.68000030517578,537700
2016-10-10,109.4000015258789,109.68000030517578,107.44000244140625,108.16000366210938,108.16000366210938,280000
2016-10-11,109.08000183105469,115.87999725341797,108.95999908447266,114.12000274658203,114.12000274658203,910100
2016-10-12,113.72000122070312,115.68000030517578,111.63999938964844,114.31999969482422,114.31999969482422,497100
2016-10-13,118.87999725341797,121.91999816894531,116.23999786376953,117.91999816894531,117.91999816894531,436500
2016-10-14,114.36000061035156,117.44000244140625,113.68000030517578,116.5999984741211,116.5999984741211,560100
2016-10-17,115.95999908447266,117.63999938964844,115.27999877929688,116.12000274658203,116.12000274658203,462300
2016-10-18,113.0,113.76000213623047,111.23999786376953,111.44000244140625,111.44000244140625,406300
2016-10-19,109.12000274658203,110.5199966430664,107.95999908447266,108.76000213623047,108.76000213623047,639000
2016-10-20,109.12000274658203,110.12000274658203,107.0,107.4000015258789,107.4000015258789,508500
2016-10-21,108.0,108.5199966430664,104.95999908447266,105.08000183105469,105.08000183105469,443800
2016-10-24,102.76000213623047,102.91999816894531,101.0,101.4800033569336,101.4800033569336,412600
2016-10-25,101.23999786376953,103.63999938964844,101.23999786376953,102.36000061035156,102.36000061035156,411800
2016-10-26,104.80000305175781,105.4800033569336,102.63999938964844,104.91999816894531,104.91999816894531,552400
2016-10-27,103.31999969482422,107.19999694824219,103.19999694824219,106.87999725341797,106.87999725341797,566300
2016-10-28,107.16000366210938,113.23999786376953,105.87999725341797,111.36000061035156,111.36000061035156,983400
2016-10-31,110.68000030517578,114.4800033569336,110.4800033569336,113.68000030517578,113.68000030517578,473100
2016-11-01,113.95999908447266,122.44000244140625,113.91999816894531,117.0,117.0,1095300
2016-11-02,117.63999938964844,120.80000305175781,117.0,119.63999938964844,119.63999938964844,781500
2016-11-03,119.72000122070312,127.80000305175781,118.95999908447266,126.23999786376953,126.23999786376953,797200
2016-11-04,124.83999633789062,127.19999694824219,121.55999755859375,126.36000061035156,126.36000061035156,993600
2016-11-07,115.5999984741211,116.72000122070312,110.4000015258789,110.4800033569336,110.4800033569336,697300
2016-11-08,111.12000274658203,112.4800033569336,106.5999984741211,107.16000366210938,107.16000366210938,406700
2016-11-09,113.19999694824219,113.4000015258789,103.04000091552734,104.63999938964844,104.63999938964844,1373500
2016-11-10,101.5199966430664,110.83999633789062,100.5999984741211,107.16000366210938,107.16000366210938,1126500
2016-11-11,108.87999725341797,110.23999786376953,104.31999969482422,104.72000122070312,104.72000122070312,742100
2016-11-14,105.27999877929688,108.12000274658203,103.72000122070312,104.27999877929688,104.27999877929688,634700
2016-11-15,103.12000274658203,104.36000061035156,99.76000213623047,99.83999633789062,99.83999633789062,810800
2016-11-16,101.63999938964844,101.76000213623047,99.19999694824219,100.31999969482422,100.31999969482422,631400
2016-11-17,100.04000091552734,100.4800033569336,97.31999969482422,97.31999969482422,97.31999969482422,455700
2016-11-18,97.23999786376953,98.4800033569336,96.27999877929688,96.80000305175781,96.80000305175781,463000
2016-11-21,95.68000030517578,95.72000122070312,92.36000061035156,92.4800033569336,92.4800033569336,521400
2016-11-22,92.4800033569336,95.12000274658203,92.12000274658203,93.12000274658203,93.12000274658203,439200
2016-11-23,94.0,94.80000305175781,92.91999816894531,93.19999694824219,93.19999694824219,314700
2016-11-25,93.08000183105469,93.91999816894531,92.55999755859375,92.76000213623047,92.76000213623047,174800
2016-11-28,93.87999725341797,95.08000183105469,92.76000213623047,93.4800033569336,93.4800033569336,437100
2016-11-29,93.68000030517578,94.44000244140625,91.5999984741211,92.83999633789062,92.83999633789062,281500
2016-11-30,91.5199966430664,93.4000015258789,91.31999969482422,92.95999908447266,92.95999908447266,512200
2016-12-01,92.80000305175781,98.23999786376953,92.44000244140625,96.55999755859375,96.55999755859375,716600
2016-12-02,97.08000183105469,97.5999984741211,93.87999725341797,96.5999984741211,96.5999984741211,652400
2016-12-05,93.19999694824219,93.5999984741211,89.83999633789062,90.19999694824219,90.19999694824219,689500
2016-12-06,88.5999984741211,89.16000366210938,86.72000122070312,87.08000183105469,87.08000183105469,457800
2016-12-07,86.80000305175781,87.87999725341797,85.04000091552734,87.4000015258789,87.4000015258789,866200
2016-12-08,87.4000015258789,90.55999755859375,87.0,87.5199966430664,87.5199966430664,907700
2016-12-09,88.31999969482422,88.44000244140625,86.27999877929688,86.68000030517578,86.68000030517578,445700
2016-12-12,86.68000030517578,88.19999694824219,86.4800033569336,87.23999786376953,87.23999786376953,473800
2016-12-13,87.12000274658203,89.5999984741211,86.80000305175781,88.08000183105469,88.08000183105469,558700
2016-12-14,88.55999755859375,88.87999725341797,85.19999694824219,87.76000213623047,87.76000213623047,951000
2016-12-15,86.4800033569336,87.72000122070312,85.80000305175781,86.55999755859375,86.55999755859375,677200
2016-12-16,85.44000244140625,86.63999938964844,84.83999633789062,85.36000061035156,85.36000061035156,654100
2016-12-19,84.44000244140625,84.44000244140625,82.27999877929688,82.4000015258789,82.4000015258789,589500
2016-12-20,81.55999755859375,81.80000305175781,80.36000061035156,80.91999816894531,80.91999816894531,510700
2016-12-21,80.19999694824219,80.55999755859375,79.31999969482422,79.5999984741211,79.5999984741211,421600
2016-12-22,79.5199966430664,81.23999786376953,79.16000366210938,80.80000305175781,80.80000305175781,431300
2016-12-23,81.16000366210938,81.55999755859375,80.36000061035156,80.55999755859375,80.55999755859375,323300
2016-12-27,80.4000015258789,80.4800033569336,79.04000091552734,79.27999877929688,79.27999877929688,323700
2016-12-28,79.0,82.31999969482422,78.76000213623047,82.04000091552734,82.04000091552734,655900
2016-12-29,82.4000015258789,84.44000244140625,81.5999984741211,83.44000244140625,83.44000244140625,558600
2016-12-30,82.44000244140625,85.95999908447266,82.4000015258789,85.04000091552734,85.04000091552734,731400
2017-01-03,81.5999984741211,82.16000366210938,78.87999725341797,78.95999908447266,78.95999908447266,630100
2017-01-04,78.12000274658203,78.12000274658203,74.12000274658203,74.95999908447266,74.95999908447266,461600
2017-01-05,75.5999984741211,76.91999816894531,74.5999984741211,74.63999938964844,74.63999938964844,649200
2017-01-06,73.87999725341797,74.5199966430664,72.16000366210938,73.72000122070312,73.72000122070312,753500
2017-01-09,74.04000091552734,74.72000122070312,72.4000015258789,73.4800033569336,73.4800033569336,515700
2017-01-10,72.76000213623047,74.04000091552734,72.16000366210938,73.0,73.0,524700
2017-01-11,73.08000183105469,74.44000244140625,71.23999786376953,71.44000244140625,71.44000244140625,936300
2017-01-12,72.0,75.08000183105469,71.36000061035156,71.4800033569336,71.4800033569336,842700
2017-01-13,71.12000274658203,72.36000061035156,70.5999984741211,71.5999984741211,71.5999984741211,743000
2017-01-17,72.55999755859375,72.76000213623047,71.04000091552734,71.27999877929688,71.27999877929688,759100
2017-01-18,70.87999725341797,71.36000061035156,70.0,71.0,71.0,637600
2017-01-19,70.5999984741211,72.4000015258789,70.31999969482422,71.80000305175781,71.80000305175781,715700
2017-01-20,71.0,71.23999786376953,68.95999908447266,69.0,69.0,934800
2017-01-23,69.04000091552734,70.31999969482422,68.36000061035156,68.4000015258789,68.4000015258789,759000
2017-01-24,67.5999984741211,67.5999984741211,64.87999725341797,65.19999694824219,65.19999694824219,666500
2017-01-25,64.23999786376953,64.5199966430664,63.36000061035156,63.599998474121094,63.599998474121094,518800
2017-01-26,63.880001068115234,64.68000030517578,63.279998779296875,64.04000091552734,64.04000091552734,464100
2017-01-27,63.79999923706055,64.31999969482422,63.08000183105469,63.31999969482422,63.31999969482422,528400
2017-01-30,64.5999984741211,67.72000122070312,64.55999755859375,65.08000183105469,65.08000183105469,1325200
2017-01-31,65.63999938964844,66.76000213623047,64.68000030517578,64.72000122070312,64.72000122070312,869500
2017-02-01,63.47999954223633,64.44000244140625,62.91999816894531,63.63999938964844,63.63999938964844,785600
2017-02-02,64.16000366210938,64.72000122070312,63.52000045776367,64.16000366210938,64.16000366210938,648800
2017-02-03,62.880001068115234,63.279998779296875,62.20000076293945,62.7599983215332,62.7599983215332,555300
2017-02-06,63.560001373291016,63.63999938964844,62.47999954223633,62.880001068115234,62.880001068115234,444100
2017-02-07,62.720001220703125,63.36000061035156,62.560001373291016,63.279998779296875,63.279998779296875,434500
2017-02-08,63.47999954223633,64.23999786376953,62.63999938964844,63.0,63.0,547300
2017-02-09,62.720001220703125,62.79999923706055,61.119998931884766,61.720001220703125,61.720001220703125,462200
2017-02-10,61.040000915527344,61.15999984741211,60.279998779296875,60.63999938964844,60.63999938964844,512200
2017-02-13,59.68000030517578,59.79999923706055,58.599998474121094,58.7599983215332,58.7599983215332,590200
2017-02-14,58.720001220703125,58.79999923706055,56.2400016784668,56.2400016784668,56.2400016784668,702200
2017-02-15,56.2400016784668,58.20000076293945,55.91999816894531,58.15999984741211,58.15999984741211,1030700
2017-02-16,58.08000183105469,61.36000061035156,57.91999816894531,58.439998626708984,58.439998626708984,1428000
2017-02-17,59.79999923706055,60.2400016784668,58.31999969482422,58.599998474121094,58.599998474121094,901400
2017-02-21,57.79999923706055,59.439998626708984,57.599998474121094,59.15999984741211,59.15999984741211,743200
2017-02-22,59.720001220703125,60.52000045776367,58.79999923706055,59.52000045776367,59.52000045776367,595500
2017-02-23,59.63999938964844,62.0,59.47999954223633,61.040000915527344,61.040000915527344,848700
2017-02-24,63.279998779296875,63.560001373291016,60.119998931884766,60.31999969482422,60.31999969482422,803700
2017-02-27,60.31999969482422,60.79999923706055,58.68000030517578,60.0,60.0,524800
2017-02-28,60.36000061035156,61.84000015258789,59.91999816894531,61.439998626708984,61.439998626708984,748500
2017-03-01,58.84000015258789,60.279998779296875,58.47999954223633,60.20000076293945,60.20000076293945,761300
2017-03-02,60.20000076293945,60.91999816894531,59.08000183105469,60.279998779296875,60.279998779296875,656200
2017-03-03,59.47999954223633,59.63999938964844,58.279998779296875,58.439998626708984,58.439998626708984,559000
2017-03-06,58.400001525878906,58.63999938964844,57.20000076293945,57.400001525878906,57.400001525878906,510000
2017-03-07,57.439998626708984,58.040000915527344,56.47999954223633,57.400001525878906,57.400001525878906,470700
2017-03-08,56.84000015258789,58.040000915527344,56.31999969482422,57.84000015258789,57.84000015258789,564300
2017-03-09,57.52000045776367,58.47999954223633,56.84000015258789,57.52000045776367,57.52000045776367,527800
2017-03-10,56.959999084472656,57.79999923706055,56.68000030517578,56.720001220703125,56.720001220703125,496000
2017-03-13,56.560001373291016,56.79999923706055,55.47999954223633,55.599998474121094,55.599998474121094,388200
2017-03-14,55.79999923706055,56.91999816894531,55.36000061035156,56.599998474121094,56.599998474121094,765300
2017-03-15,55.880001068115234,56.040000915527344,54.0,54.400001525878906,54.400001525878906,683100
2017-03-16,54.08000183105469,54.2400016784668,53.279998779296875,53.36000061035156,53.36000061035156,541900
2017-03-17,52.959999084472656,53.08000183105469,51.959999084472656,52.7599983215332,52.7599983215332,538200
2017-03-20,52.68000030517578,52.84000015258789,52.040000915527344,52.63999938964844,52.63999938964844,356800
2017-03-21,51.7599983215332,55.2400016784668,51.36000061035156,54.7599983215332,54.7599983215332,1355700
2017-03-22,55.279998779296875,56.040000915527344,54.2400016784668,55.040000915527344,55.040000915527344,707200
2017-03-23,55.560001373291016,57.15999984741211,54.31999969482422,56.91999816894531,56.91999816894531,623300
2017-03-24,56.0,58.36000061035156,54.84000015258789,55.880001068115234,55.880001068115234,986600
2017-03-27,58.040000915527344,58.36000061035156,54.2400016784668,54.7599983215332,54.7599983215332,835100
2017-03-28,54.15999984741211,54.2400016784668,51.720001220703125,51.7599983215332,51.7599983215332,692900
2017-03-29,51.52000045776367,51.959999084472656,51.0,51.560001373291016,51.560001373291016,350100
2017-03-30,51.63999938964844,52.2400016784668,51.31999969482422,51.7599983215332,51.7599983215332,383000
2017-03-31,51.84000015258789,52.720001220703125,51.439998626708984,52.68000030517578,52.68000030517578,298700
2017-04-03,52.720001220703125,54.79999923706055,52.36000061035156,52.91999816894531,52.91999816894531,543500
2017-04-04,53.560001373291016,53.84000015258789,52.040000915527344,52.279998779296875,52.279998779296875,302100
2017-04-05,51.63999938964844,54.119998931884766,51.08000183105469,53.959999084472656,53.959999084472656,416500
2017-04-06,53.36000061035156,53.720001220703125,51.880001068115234,53.0,53.0,341300
2017-04-07,53.720001220703125,55.040000915527344,53.15999984741211,54.880001068115234,54.880001068115234,527600
2017-04-10,55.08000183105469,56.880001068115234,54.400001525878906,56.84000015258789,56.84000015258789,452000
2017-04-11,58.2400016784668,60.040000915527344,57.880001068115234,59.439998626708984,59.439998626708984,894800
2017-04-12,59.47999954223633,60.279998779296875,58.68000030517578,59.68000030517578,59.68000030517578,604500
2017-04-13,59.84000015258789,61.279998779296875,58.720001220703125,60.880001068115234,60.880001068115234,608300
2017-04-17,59.79999923706055,59.84000015258789,57.84000015258789,57.84000015258789,57.84000015258789,533800
2017-04-18,58.47999954223633,59.599998474121094,57.279998779296875,57.36000061035156,57.36000061035156,869200
2017-04-19,56.400001525878906,59.119998931884766,56.08000183105469,58.63999938964844,58.63999938964844,648400
2017-04-20,57.91999816894531,58.79999923706055,56.720001220703125,57.2400016784668,57.2400016784668,810100
2017-04-21,57.560001373291016,58.599998474121094,57.31999969482422,57.400001525878906,57.400001525878906,624800
2017-04-24,52.7599983215332,53.47999954223633,51.15999984741211,51.31999969482422,51.31999969482422,908200
2017-04-25,50.52000045776367,50.7599983215332,49.959999084472656,50.08000183105469,50.08000183105469,409500
2017-04-26,50.20000076293945,51.31999969482422,49.91999816894531,50.47999954223633,50.47999954223633,582000
2017-04-27,50.040000915527344,50.68000030517578,49.91999816894531,50.0,50.0,447800
2017-04-28,50.08000183105469,50.63999938964844,50.0,50.040000915527344,50.040000915527344,421600
2017-05-01,49.560001373291016,49.599998474121094,47.720001220703125,48.119998931884766,48.119998931884766,450500
2017-05-02,48.040000915527344,48.68000030517578,47.959999084472656,48.20000076293945,48.20000076293945,334700
2017-05-03,48.79999923706055,49.439998626708984,48.400001525878906,49.15999984741211,49.15999984741211,411100
2017-05-04,48.439998626708984,49.68000030517578,47.880001068115234,48.0,48.0,508000
2017-05-05,47.84000015258789,48.400001525878906,47.599998474121094,48.20000076293945,48.20000076293945,382300
2017-05-08,47.47999954223633,47.52000045776367,46.68000030517578,47.0,47.0,359300
2017-05-09,46.31999969482422,47.20000076293945,46.20000076293945,46.84000015258789,46.84000015258789,601700
2017-05-10,47.15999984741211,47.15999984741211,46.63999938964844,47.040000915527344,47.040000915527344,370000
2017-05-11,47.599998474121094,48.63999938964844,46.84000015258789,46.959999084472656,46.959999084472656,756000
2017-05-12,47.15999984741211,47.31999969482422,46.880001068115234,46.880001068115234,46.880001068115234,432300
2017-05-15,46.400001525878906,46.52000045776367,45.720001220703125,45.84000015258789,45.84000015258789,453900
2017-05-16,45.36000061035156,45.91999816894531,45.15999984741211,45.439998626708984,45.439998626708984,670500
2017-05-17,48.20000076293945,53.63999938964844,47.52000045776367,53.63999938964844,53.63999938964844,2218900
2017-05-18,53.119998931884766,53.560001373291016,50.7599983215332,52.36000061035156,52.36000061035156,1742000
2017-05-19,50.599998474121094,50.63999938964844,47.84000015258789,48.63999938964844,48.63999938964844,1073300
2017-05-22,47.36000061035156,47.400001525878906,46.279998779296875,46.47999954223633,46.47999954223633,500900
2017-05-23,46.2400016784668,46.84000015258789,46.08000183105469,46.400001525878906,46.400001525878906,461900
2017-05-24,46.31999969482422,46.79999923706055,45.040000915527344,45.2400016784668,45.2400016784668,440400
2017-05-25,45.20000076293945,46.0,45.0,45.599998474121094,45.599998474121094,583400
2017-05-26,45.959999084472656,45.959999084472656,44.79999923706055,44.880001068115234,44.880001068115234,350300
2017-05-30,45.52000045776367,45.560001373291016,44.47999954223633,44.599998474121094,44.599998474121094,317400
2017-05-31,44.439998626708984,46.0,44.279998779296875,44.959999084472656,44.959999084472656,574200
2017-06-01,44.439998626708984,44.52000045776367,43.880001068115234,43.91999816894531,43.91999816894531,416900
2017-06-02,44.119998931884766,44.2400016784668,43.599998474121094,43.959999084472656,43.959999084472656,330300
2017-06-05,44.2400016784668,44.2400016784668,43.31999969482422,44.20000076293945,44.20000076293945,400500
2017-06-06,44.68000030517578,45.439998626708984,44.36000061035156,45.20000076293945,45.20000076293945,353400
2017-06-07,44.7599983215332,45.880001068115234,44.47999954223633,44.68000030517578,44.68000030517578,413400
2017-06-08,44.720001220703125,44.720001220703125,43.400001525878906,43.720001220703125,43.720001220703125,487700
2017-06-09,43.31999969482422,46.2400016784668,42.79999923706055,44.31999969482422,44.31999969482422,824500
2017-06-12,44.959999084472656,46.0,44.63999938964844,44.79999923706055,44.79999923706055,651600
2017-06-13,43.880001068115234,44.040000915527344,43.20000076293945,43.279998779296875,43.279998779296875,447200
2017-06-14,43.2400016784668,43.959999084472656,42.959999084472656,43.08000183105469,43.08000183105469,681500
2017-06-15,44.7599983215332,44.880001068115234,43.2400016784668,43.63999938964844,43.63999938964844,693900
2017-06-16,43.2400016784668,44.040000915527344,43.119998931884766,43.15999984741211,43.15999984741211,437600
2017-06-19,42.439998626708984,42.47999954223633,41.63999938964844,41.84000015258789,41.84000015258789,535500
2017-06-20,42.2400016784668,43.15999984741211,42.20000076293945,43.0,43.0,797800
2017-06-21,42.279998779296875,42.959999084472656,42.0,42.599998474121094,42.599998474121094,625600
2017-06-22,42.47999954223633,42.7599983215332,41.959999084472656,42.20000076293945,42.20000076293945,365400
2017-06-23,42.119998931884766,42.439998626708984,41.68000030517578,41.7599983215332,41.7599983215332,443100
2017-06-26,41.2400016784668,41.560001373291016,40.79999923706055,40.880001068115234,40.880001068115234,556600
2017-06-27,41.08000183105469,42.279998779296875,40.599998474121094,42.20000076293945,42.20000076293945,890400
2017-06-28,41.52000045776367,41.959999084472656,40.84000015258789,41.0,41.0,420100
2017-06-29,41.08000183105469,47.119998931884766,41.040000915527344,43.119998931884766,43.119998931884766,1756600
2017-06-30,42.0,43.84000015258789,41.68000030517578,42.52000045776367,42.52000045776367,877900
2017-07-03,41.7599983215332,43.08000183105469,41.560001373291016,43.08000183105469,43.08000183105469,311800
2017-07-05,42.7599983215332,44.20000076293945,42.439998626708984,43.0,43.0,699800
2017-07-06,43.79999923706055,45.47999954223633,43.560001373291016,45.119998931884766,45.119998931884766,1077600
2017-07-07,44.2400016784668,44.63999938964844,43.52000045776367,43.63999938964844,43.63999938964844,440800
2017-07-10,43.52000045776367,43.599998474121094,42.20000076293945,42.52000045776367,42.52000045776367,344600
2017-07-11,42.63999938964844,44.36000061035156,42.15999984741211,42.400001525878906,42.400001525878906,498300
2017-07-12,41.63999938964844,41.68000030517578,41.040000915527344,41.2400016784668,41.2400016784668,596400
2017-07-13,41.119998931884766,41.20000076293945,40.599998474121094,40.79999923706055,40.79999923706055,556400
2017-07-14,40.63999938964844,40.720001220703125,39.720001220703125,40.0,40.0,599600
2017-07-17,39.20000076293945,39.33000183105469,38.81999969482422,38.93000030517578,38.93000030517578,1829300
2017-07-18,39.34000015258789,39.720001220703125,38.41999816894531,38.459999084472656,38.459999084472656,1922800
2017-07-19,38.08000183105469,38.150001525878906,37.619998931884766,38.0099983215332,38.0099983215332,1504300
2017-07-20,37.68000030517578,38.380001068115234,37.619998931884766,37.65999984741211,37.65999984741211,1410700
2017-07-21,37.869998931884766,38.040000915527344,37.29999923706055,37.310001373291016,37.310001373291016,890800
2017-07-24,37.20000076293945,37.2400016784668,36.5099983215332,36.650001525878906,36.650001525878906,677000
2017-07-25,36.540000915527344,36.97999954223633,36.459999084472656,36.79999923706055,36.79999923706055,738400
2017-07-26,36.58000183105469,36.95000076293945,36.29999923706055,36.86000061035156,36.86000061035156,701600
2017-07-27,36.54999923706055,39.22999954223633,36.540000915527344,37.15999984741211,37.15999984741211,2114900
2017-07-28,38.0,38.5099983215332,37.439998626708984,37.540000915527344,37.540000915527344,1536500
2017-07-31,37.040000915527344,37.72999954223633,36.959999084472656,37.279998779296875,37.279998779296875,937100
2017-08-01,36.81999969482422,37.099998474121094,36.619998931884766,36.79999923706055,36.79999923706055,960200
2017-08-02,36.58000183105469,37.70000076293945,36.58000183105469,37.0,37.0,1381000
2017-08-03,37.06999969482422,37.599998474121094,37.0099983215332,37.470001220703125,37.470001220703125,1109900
2017-08-04,37.27000045776367,37.43000030517578,36.81999969482422,37.310001373291016,37.310001373291016,748800
2017-08-07,37.18000030517578,37.31999969482422,36.83000183105469,36.849998474121094,36.849998474121094,441700
2017-08-08,36.900001525878906,38.380001068115234,36.34000015258789,37.900001525878906,37.900001525878906,1618700
2017-08-09,38.91999816894531,39.9900016784668,38.099998474121094,38.88999938964844,38.88999938964844,2409000
2017-08-10,39.90999984741211,44.36000061035156,39.900001525878906,44.189998626708984,44.189998626708984,6362100
2017-08-11,44.54999923706055,46.810001373291016,43.119998931884766,45.5,45.5,4574000
2017-08-14,41.959999084472656,42.0,39.470001220703125,39.56999969482422,39.56999969482422,2191200
2017-08-15,38.47999954223633,40.0099983215332,38.47999954223633,39.290000915527344,39.290000915527344,1510900
2017-08-16,39.279998779296875,39.58000183105469,38.689998626708984,39.060001373291016,39.060001373291016,2300100
2017-08-17,40.040000915527344,45.560001373291016,39.470001220703125,45.529998779296875,45.529998779296875,5242300
2017-08-18,44.11000061035156,45.63999938964844,42.02000045776367,44.189998626708984,44.189998626708984,3176700
2017-08-21,43.849998474121094,44.81999969482422,42.33000183105469,42.439998626708984,42.439998626708984,1755300
2017-08-22,41.18000030517578,41.22999954223633,39.16999816894531,39.31999969482422,39.31999969482422,2008500
2017-08-23,40.959999084472656,41.2400016784668,39.369998931884766,39.65999984741211,39.65999984741211,1690700
2017-08-24,39.459999084472656,41.619998931884766,39.25,40.7599983215332,40.7599983215332,1185200
2017-08-25,40.029998779296875,40.45000076293945,39.439998626708984,39.630001068115234,39.630001068115234,1470200
2017-08-28,39.16999816894531,40.09000015258789,39.06999969482422,39.279998779296875,39.279998779296875,1337500
2017-08-29,42.13999938964844,42.380001068115234,39.630001068115234,39.75,39.75,2328600
2017-08-30,39.70000076293945,40.040000915527344,39.290000915527344,39.540000915527344,39.540000915527344,1388300
2017-08-31,39.290000915527344,39.36000061035156,38.369998931884766,38.459999084472656,38.459999084472656,1676600
2017-09-01,38.119998931884766,38.470001220703125,37.97999954223633,38.349998474121094,38.349998474121094,1188500
2017-09-05,39.7599983215332,42.150001525878906,38.9900016784668,40.439998626708984,40.439998626708984,2660700
2017-09-06,39.61000061035156,40.560001373291016,39.400001525878906,39.5,39.5,1038000
2017-09-07,39.5,40.119998931884766,39.02000045776367,39.29999923706055,39.29999923706055,1024000
2017-09-08,39.88999938964844,40.560001373291016,39.689998626708984,40.2599983215332,40.2599983215332,1056300
2017-09-11,38.83000183105469,38.83000183105469,37.7599983215332,38.02000045776367,38.02000045776367,1708200
2017-09-12,37.5,37.7400016784668,37.0,37.0,37.0,1028300
2017-09-13,37.0,37.02000045776367,35.689998626708984,35.709999084472656,35.709999084472656,1006000
2017-09-14,36.189998626708984,36.310001373291016,35.70000076293945,36.189998626708984,36.189998626708984,869500
2017-09-15,36.040000915527344,36.040000915527344,35.4900016784668,35.56999969482422,35.56999969482422,1031700
2017-09-18,35.08000183105469,35.09000015258789,33.720001220703125,34.0,34.0,1502200
2017-09-19,34.0099983215332,34.459999084472656,33.959999084472656,34.0,34.0,1090100
2017-09-20,34.189998626708984,35.34000015258789,33.86000061035156,34.029998779296875,34.029998779296875,1258300
2017-09-21,33.95000076293945,34.439998626708984,33.849998474121094,34.029998779296875,34.029998779296875,942100
2017-09-22,34.650001525878906,34.880001068115234,34.02000045776367,34.220001220703125,34.220001220703125,898500
2017-09-25,34.36000061035156,35.33000183105469,33.88999938964844,34.290000915527344,34.290000915527344,2009500
2017-09-26,34.04999923706055,34.459999084472656,33.720001220703125,33.869998931884766,33.869998931884766,1333000
2017-09-27,33.52000045776367,33.97999954223633,33.36000061035156,33.68000030517578,33.68000030517578,1190600
2017-09-28,33.77000045776367,33.81999969482422,33.13999938964844,33.16999816894531,33.16999816894531,787300
2017-09-29,33.11000061035156,33.36000061035156,32.470001220703125,32.529998779296875,32.529998779296875,1137200
2017-10-02,32.34000015258789,32.36000061035156,31.600000381469727,31.84000015258789,31.84000015258789,1134000
2017-10-03,31.579999923706055,31.920000076293945,31.520000457763672,31.770000457763672,31.770000457763672,614200
2017-10-04,31.84000015258789,32.06999969482422,31.690000534057617,31.829999923706055,31.829999923706055,660400
2017-10-05,31.600000381469727,31.639999389648438,30.729999542236328,30.75,30.75,1261900
2017-10-06,30.90999984741211,31.56999969482422,30.809999465942383,30.81999969482422,30.81999969482422,1398400
2017-10-09,30.670000076293945,31.739999771118164,30.6299991607666,31.399999618530273,31.399999618530273,551400
2017-10-10,30.90999984741211,31.450000762939453,30.6299991607666,30.729999542236328,30.729999542236328,685700
2017-10-11,30.670000076293945,30.850000381469727,30.010000228881836,30.09000015258789,30.09000015258789,627000
2017-10-12,30.15999984741211,30.399999618530273,29.600000381469727,29.90999984741211,29.90999984741211,818900
2017-10-13,29.59000015258789,29.670000076293945,29.100000381469727,29.3799991607666,29.3799991607666,752600
2017-10-16,29.049999237060547,29.280000686645508,28.780000686645508,28.850000381469727,28.850000381469727,967200
2017-10-17,28.93000030517578,29.200000762939453,28.790000915527344,28.940000534057617,28.940000534057617,929900
2017-10-18,28.780000686645508,28.84000015258789,28.579999923706055,28.780000686645508,28.780000686645508,861300
2017-10-19,29.729999542236328,30.040000915527344,28.540000915527344,28.579999923706055,28.579999923706055,1547500
2017-10-20,28.149999618530273,28.270000457763672,28.0,28.049999237060547,28.049999237060547,914900
2017-10-23,27.8799991607666,29.239999771118164,27.860000610351562,28.950000762939453,28.950000762939453,2159800
2017-10-24,28.469999313354492,29.399999618530273,28.270000457763672,29.25,29.25,1802600
2017-10-25,29.600000381469727,32.25,29.459999084472656,30.219999313354492,30.219999313354492,2371400
2017-10-26,29.780000686645508,30.139999389648438,29.3799991607666,30.079999923706055,30.079999923706055,1457900
2017-10-27,29.329999923706055,29.84000015258789,28.309999465942383,28.43000030517578,28.43000030517578,935500
2017-10-30,29.329999923706055,29.389999389648438,28.15999984741211,28.68000030517578,28.68000030517578,1419700
2017-10-31,28.450000762939453,28.610000610351562,28.079999923706055,28.15999984741211,28.15999984741211,764200
2017-11-01,27.899999618530273,28.59000015258789,27.809999465942383,28.309999465942383,28.309999465942383,957100
2017-11-02,28.299999237060547,29.139999389648438,27.959999084472656,28.0,28.0,1184400
2017-11-03,27.850000381469727,28.219999313354492,27.760000228881836,27.940000534057617,27.940000534057617,988700
2017-11-06,27.8799991607666,27.920000076293945,27.6299991607666,27.670000076293945,27.670000076293945,732600
2017-11-07,27.65999984741211,28.350000381469727,27.489999771118164,27.84000015258789,27.84000015258789,1073500
2017-11-08,28.059999465942383,28.280000686645508,27.549999237060547,27.850000381469727,27.850000381469727,647600
2017-11-09,28.93000030517578,29.799999237060547,28.200000762939453,28.270000457763672,28.270000457763672,2088300
2017-11-10,28.59000015258789,29.110000610351562,28.399999618530273,28.899999618530273,28.899999618530273,847100
2017-11-13,29.440000534057617,29.440000534057617,28.530000686645508,28.989999771118164,28.989999771118164,668800
2017-11-14,29.440000534057617,29.979999542236328,29.079999923706055,29.219999313354492,29.219999313354492,1167500
2017-11-15,30.079999923706055,30.799999237060547,29.649999618530273,30.290000915527344,30.290000915527344,1246200
2017-11-16,29.31999969482422,29.31999969482422,28.719999313354492,29.059999465942383,29.059999465942383,1248700
2017-11-17,29.049999237060547,29.100000381469727,28.420000076293945,28.600000381469727,28.600000381469727,1207500
2017-11-20,28.209999084472656,28.280000686645508,27.649999618530273,27.700000762939453,27.700000762939453,1036100
2017-11-21,27.1200008392334,27.209999084472656,26.469999313354492,26.6200008392334,26.6200008392334,1577900
2017-11-22,26.3799991607666,26.6299991607666,26.219999313354492,26.389999389648438,26.389999389648438,1016200
2017-11-24,26.209999084472656,26.329999923706055,26.1299991607666,26.270000457763672,26.270000457763672,311900
2017-11-27,26.350000381469727,26.510000228881836,26.059999465942383,26.209999084472656,26.209999084472656,802100
2017-11-28,25.969999313354492,26.25,25.739999771118164,25.860000610351562,25.860000610351562,1581600
2017-11-29,25.90999984741211,26.739999771118164,25.889999389648438,26.450000762939453,26.450000762939453,1672300
2017-11-30,25.979999542236328,26.829999923706055,25.959999084472656,26.530000686645508,26.530000686645508,1385900
2017-12-01,26.809999465942383,30.0,26.540000915527344,27.260000228881836,27.260000228881836,4256700
2017-12-04,26.040000915527344,27.059999465942383,25.829999923706055,27.040000915527344,27.040000915527344,1909400
2017-12-05,26.790000915527344,27.200000762939453,26.219999313354492,26.920000076293945,26.920000076293945,1502100
2017-12-06,27.280000686645508,27.3799991607666,26.770000457763672,26.90999984741211,26.90999984741211,1304100
2017-12-07,26.899999618530273,26.93000030517578,25.950000762939453,26.010000228881836,26.010000228881836,1203100
2017-12-08,25.610000610351562,25.670000076293945,25.139999389648438,25.190000534057617,25.190000534057617,1294400
2017-12-11,25.06999969482422,25.100000381469727,24.290000915527344,24.31999969482422,24.31999969482422,1017000
2017-12-12,24.209999084472656,24.440000534057617,24.1200008392334,24.3799991607666,24.3799991607666,914600
2017-12-13,24.170000076293945,24.399999618530273,24.09000015258789,24.290000915527344,24.290000915527344,586800
2017-12-14,24.170000076293945,24.59000015258789,24.049999237060547,24.18000030517578,24.18000030517578,914700
2017-12-15,23.989999771118164,24.010000228881836,23.18000030517578,23.360000610351562,23.360000610351562,1273900
2017-12-18,23.049999237060547,23.219999313354492,22.829999923706055,23.040000915527344,23.040000915527344,1212000
2017-12-19,22.989999771118164,23.40999984741211,22.979999542236328,23.139999389648438,23.139999389648438,1043000
2017-12-20,22.739999771118164,23.170000076293945,22.729999542236328,23.06999969482422,23.06999969482422,1587100
2017-12-21,22.969999313354492,23.209999084472656,22.84000015258789,22.889999389648438,22.889999389648438,1464400
2017-12-22,22.860000610351562,23.209999084472656,22.75,23.030000686645508,23.030000686645508,502600
2017-12-26,23.229999542236328,23.260000228881836,22.790000915527344,23.030000686645508,23.030000686645508,487300
2017-12-27,22.950000762939453,23.25,22.690000534057617,23.15999984741211,23.15999984741211,945500
2017-12-28,23.040000915527344,23.06999969482422,22.780000686645508,22.780000686645508,22.780000686645508,547800
2017-12-29,22.68000030517578,23.239999771118164,22.68000030517578,23.149999618530273,23.149999618530273,873400
2018-01-02,23.030000686645508,23.139999389648438,22.309999465942383,22.329999923706055,22.329999923706055,945200
2018-01-03,22.06999969482422,22.06999969482422,21.790000915527344,21.889999389648438,21.889999389648438,835400
2018-01-04,21.65999984741211,21.889999389648438,21.56999969482422,21.81999969482422,21.81999969482422,852200
2018-01-05,21.770000457763672,21.93000030517578,21.75,21.829999923706055,21.829999923706055,773300
2018-01-08,21.770000457763672,21.860000610351562,21.360000610351562,21.549999237060547,21.549999237060547,694200
2018-01-09,21.40999984741211,21.790000915527344,21.350000381469727,21.770000457763672,21.770000457763672,782500
2018-01-10,22.030000686645508,22.299999237060547,21.440000534057617,21.559999465942383,21.559999465942383,1308000
2018-01-11,21.360000610351562,21.5,21.239999771118164,21.43000030517578,21.43000030517578,666500
2018-01-12,21.34000015258789,21.520000457763672,21.280000686645508,21.440000534057617,21.440000534057617,909600
2018-01-16,21.579999923706055,22.989999771118164,21.530000686645508,22.760000228881836,22.760000228881836,2694400
2018-01-17,22.5,23.139999389648438,21.780000686645508,22.229999542236328,22.229999542236328,2647000
2018-01-18,22.6200008392334,23.079999923706055,22.0,22.34000015258789,22.34000015258789,2669100
2018-01-19,22.280000686645508,22.709999084472656,22.18000030517578,22.260000228881836,22.260000228881836,1443600
2018-01-22,22.420000076293945,22.420000076293945,21.600000381469727,21.790000915527344,21.790000915527344,1200100
2018-01-23,22.020000457763672,22.3799991607666,21.84000015258789,22.139999389648438,22.139999389648438,1631900
2018-01-24,22.270000457763672,23.309999465942383,22.25,22.719999313354492,22.719999313354492,2389600
2018-01-25,22.600000381469727,23.479999542236328,22.579999923706055,23.100000381469727,23.100000381469727,1778900
2018-01-26,22.8799991607666,23.239999771118164,22.81999969482422,22.93000030517578,22.93000030517578,1113000
2018-01-29,23.489999771118164,24.649999618530273,22.549999237060547,24.600000381469727,24.600000381469727,1593900
2018-01-30,25.450000762939453,26.530000686645508,25.0,25.3799991607666,25.3799991607666,4294600
2018-01-31,24.829999923706055,25.600000381469727,24.479999542236328,24.799999237060547,24.799999237060547,2325300
2018-02-01,25.0,25.239999771118164,23.25,24.040000915527344,24.040000915527344,3283500
2018-02-02,24.770000457763672,27.799999237060547,24.770000457763672,27.309999465942383,27.309999465942383,7679900
2018-02-05,28.690000534057617,36.959999084472656,26.75,36.65999984741211,36.65999984741211,10085600
2018-02-06,45.08000183105469,45.86000061035156,35.0,35.470001220703125,35.470001220703125,10172200
2018-02-07,37.2400016784668,37.599998474121094,33.689998626708984,36.869998931884766,36.869998931884766,7595400
2018-02-08,37.22999954223633,45.86000061035156,37.08000183105469,45.77000045776367,45.77000045776367,9097200
2018-02-09,41.90999984741211,46.84000015258789,40.29999923706055,41.40999984741211,41.40999984741211,3579300
2018-02-12,39.9900016784668,42.0,39.0099983215332,39.68000030517578,39.68000030517578,3223200
2018-02-13,40.720001220703125,41.22999954223633,39.31999969482422,39.720001220703125,39.720001220703125,3723600
2018-02-14,39.4900016784668,39.70000076293945,34.97999954223633,35.08000183105469,35.08000183105469,4533100
2018-02-15,33.95000076293945,35.79999923706055,33.81999969482422,34.400001525878906,34.400001525878906,2023100
2018-02-16,35.41999816894531,35.560001373291016,33.459999084472656,34.880001068115234,34.880001068115234,4038300
2018-02-20,36.11000061035156,37.310001373291016,35.40999984741211,36.38999938964844,36.38999938964844,3059800
2018-02-21,35.90999984741211,37.04999923706055,33.95000076293945,36.869998931884766,36.869998931884766,3232400
2018-02-22,35.869998931884766,37.040000915527344,35.310001373291016,36.2400016784668,36.2400016784668,2443300
2018-02-23,35.40999984741211,35.66999816894531,33.459999084472656,33.4900016784668,33.4900016784668,2167900
2018-02-26,32.630001068115234,33.08000183105469,32.0,32.099998474121094,32.099998474121094,1782800
2018-02-27,32.63999938964844,35.5,32.22999954223633,35.119998931884766,35.119998931884766,2751300
2018-02-28,34.11000061035156,36.7599983215332,34.0,36.689998626708984,36.689998626708984,2438900
2018-03-01,36.61000061035156,40.869998931884766,36.279998779296875,39.18000030517578,39.18000030517578,4438600
2018-03-02,41.060001373291016,41.959999084472656,37.25,37.619998931884766,37.619998931884766,3012200
2018-03-05,38.290000915527344,38.310001373291016,35.599998474121094,35.869998931884766,35.869998931884766,2721600
2018-03-06,35.619998931884766,37.41999816894531,35.599998474121094,36.13999938964844,36.13999938964844,1886100
2018-03-07,37.630001068115234,37.86000061035156,35.560001373291016,35.72999954223633,35.72999954223633,2185100
2018-03-08,35.20000076293945,35.61000061035156,34.380001068115234,34.400001525878906,34.400001525878906,1248400
2018-03-09,33.900001525878906,33.900001525878906,31.65999984741211,31.670000076293945,31.670000076293945,1642600
2018-03-12,32.25,33.34000015258789,31.989999771118164,32.9900016784668,32.9900016784668,1316800
2018-03-13,32.40999984741211,34.15999984741211,32.119998931884766,33.70000076293945,33.70000076293945,1579400
2018-03-14,33.15999984741211,34.91999816894531,33.08000183105469,34.369998931884766,34.369998931884766,1992700
2018-03-15,33.91999816894531,34.720001220703125,33.0099983215332,33.310001373291016,33.310001373291016,1426100
2018-03-16,33.11000061035156,33.16999816894531,31.989999771118164,32.77000045776367,32.77000045776367,1364100
2018-03-19,33.459999084472656,37.439998626708984,33.400001525878906,35.81999969482422,35.81999969482422,3867300
2018-03-20,35.52000045776367,36.02000045776367,34.810001373291016,35.06999969482422,35.06999969482422,1940400
2018-03-21,34.7400016784668,34.959999084472656,32.720001220703125,34.66999816894531,34.66999816894531,3296400
2018-03-22,36.79999923706055,39.599998474121094,35.83000183105469,39.189998626708984,39.189998626708984,4593400
2018-03-23,38.4900016784668,41.5,37.56999969482422,41.400001525878906,41.400001525878906,5050600
2018-03-26,38.52000045776367,40.93000030517578,38.189998626708984,38.189998626708984,38.189998626708984,3481700
2018-03-27,38.29999923706055,41.880001068115234,38.279998779296875,41.25,41.25,3551100
2018-03-28,40.7599983215332,43.2599983215332,40.380001068115234,42.150001525878906,42.150001525878906,4342900
2018-03-29,41.150001525878906,41.540000915527344,38.93000030517578,39.150001525878906,39.150001525878906,2675300
2018-04-02,40.279998779296875,44.5099983215332,39.86000061035156,42.869998931884766,42.869998931884766,4123000
2018-04-03,41.810001373291016,42.95000076293945,40.88999938964844,40.97999954223633,40.97999954223633,2782000
2018-04-04,44.13999938964844,44.189998626708984,40.060001373291016,40.310001373291016,40.310001373291016,3098100
2018-04-05,39.75,40.2599983215332,38.630001068115234,38.810001373291016,38.810001373291016,1194300
2018-04-06,40.04999923706055,42.90999984741211,39.04999923706055,41.2400016784668,41.2400016784668,3216200
2018-04-09,40.52000045776367,41.5099983215332,39.95000076293945,41.25,41.25,2109400
2018-04-10,39.97999954223633,41.279998779296875,39.810001373291016,40.209999084472656,40.209999084472656,2578600
2018-04-11,41.2599983215332,41.279998779296875,40.04999923706055,40.529998779296875,40.529998779296875,1609000
2018-04-12,39.790000915527344,39.93000030517578,38.58000183105469,38.869998931884766,38.869998931884766,1635000
2018-04-13,37.90999984741211,38.56999969482422,37.18000030517578,37.439998626708984,37.439998626708984,1548100
2018-04-16,36.63999938964844,36.65999984741211,35.369998931884766,35.560001373291016,35.560001373291016,1461600
2018-04-17,35.02000045776367,35.130001068115234,32.880001068115234,33.43000030517578,33.43000030517578,1749200
2018-04-18,34.119998931884766,35.36000061035156,33.20000076293945,33.54999923706055,33.54999923706055,1899800
2018-04-19,34.40999984741211,35.20000076293945,33.68000030517578,34.060001373291016,34.060001373291016,1202500
2018-04-20,33.91999816894531,35.45000076293945,33.619998931884766,35.060001373291016,35.060001373291016,1549800
2018-04-23,34.59000015258789,35.439998626708984,33.86000061035156,34.66999816894531,34.66999816894531,973600
2018-04-24,33.869998931884766,37.84000015258789,33.54999923706055,36.4900016784668,36.4900016784668,2422400
2018-04-25,36.65999984741211,37.91999816894531,36.529998779296875,36.77000045776367,36.77000045776367,1808400
2018-04-26,35.900001525878906,36.31999969482422,34.61000061035156,34.970001220703125,34.970001220703125,950800
2018-04-27,34.5,35.59000015258789,34.130001068115234,34.290000915527344,34.290000915527344,1397900
2018-04-30,33.91999816894531,34.5099983215332,33.310001373291016,34.33000183105469,34.33000183105469,1256700
2018-05-01,34.630001068115234,35.04999923706055,33.72999954223633,33.83000183105469,33.83000183105469,1204900
2018-05-02,33.68000030517578,33.7599983215332,32.619998931884766,33.61000061035156,33.61000061035156,970600
2018-05-03,34.29999923706055,36.31999969482422,33.939998626708984,34.27000045776367,34.27000045776367,1650500
2018-05-04,34.720001220703125,35.040000915527344,33.029998779296875,33.20000076293945,33.20000076293945,913800
2018-05-07,33.02000045776367,33.349998474121094,32.63999938964844,32.9900016784668,32.9900016784668,677300
2018-05-08,33.27000045776367,33.560001373291016,32.790000915527344,32.88999938964844,32.88999938964844,864900
2018-05-09,32.61000061035156,32.7400016784668,31.520000457763672,31.520000457763672,31.520000457763672,1073200
2018-05-10,31.329999923706055,31.329999923706055,29.8700008392334,30.110000610351562,30.110000610351562,880000
2018-05-11,30.1200008392334,30.420000076293945,29.59000015258789,29.6200008392334,29.6200008392334,1018900
2018-05-14,29.270000457763672,29.34000015258789,28.520000457763672,28.639999389648438,28.639999389648438,1212700
2018-05-15,29.799999237060547,31.110000610351562,29.700000762939453,30.670000076293945,30.670000076293945,1970800
2018-05-16,30.200000762939453,30.229999542236328,29.389999389648438,29.56999969482422,29.56999969482422,1115800
2018-05-17,29.459999084472656,29.829999923706055,28.719999313354492,28.809999465942383,28.809999465942383,1097400
2018-05-18,29.149999618530273,29.68000030517578,28.920000076293945,29.190000534057617,29.190000534057617,993300
2018-05-21,28.110000610351562,28.579999923706055,27.649999618530273,28.270000457763672,28.270000457763672,1168700
2018-05-22,28.010000228881836,28.65999984741211,27.920000076293945,28.610000610351562,28.610000610351562,888600
2018-05-23,29.450000762939453,29.850000381469727,27.950000762939453,28.09000015258789,28.09000015258789,1046200
2018-05-24,28.200000762939453,29.440000534057617,27.799999237060547,27.93000030517578,27.93000030517578,1710900
2018-05-25,28.360000610351562,28.549999237060547,27.75,28.290000915527344,28.290000915527344,1017800
2018-05-29,29.600000381469727,32.65999984741211,28.979999542236328,31.709999084472656,31.709999084472656,3049600
2018-05-30,30.850000381469727,30.950000762939453,29.799999237060547,30.15999984741211,30.15999984741211,1272600
2018-05-31,30.389999389648438,31.34000015258789,30.06999969482422,30.559999465942383,30.559999465942383,1899400
2018-06-01,29.299999237060547,29.389999389648438,28.790000915527344,29.280000686645508,29.280000686645508,1442100
2018-06-04,28.6200008392334,28.719999313354492,27.989999771118164,28.049999237060547,28.049999237060547,822700
2018-06-05,28.040000915527344,28.350000381469727,27.649999618530273,27.739999771118164,27.739999771118164,825700
2018-06-06,27.5,27.600000381469727,26.639999389648438,26.68000030517578,26.68000030517578,1012900
2018-06-07,26.540000915527344,28.0,26.5,27.06999969482422,27.06999969482422,1565900
2018-06-08,27.610000610351562,27.700000762939453,26.760000228881836,26.889999389648438,26.889999389648438,1202100
2018-06-11,26.959999084472656,27.049999237060547,26.350000381469727,26.520000457763672,26.520000457763672,1152300
2018-06-12,26.299999237060547,26.760000228881836,26.149999618530273,26.399999618530273,26.399999618530273,681800
2018-06-13,26.06999969482422,26.780000686645508,25.969999313354492,26.75,26.75,939300
2018-06-14,25.989999771118164,26.270000457763672,25.540000915527344,25.899999618530273,25.899999618530273,1482800
2018-06-15,26.3799991607666,26.850000381469727,26.020000457763672,26.1200008392334,26.1200008392334,1315100
2018-06-18,26.8799991607666,27.260000228881836,25.739999771118164,25.790000915527344,25.790000915527344,1227500
2018-06-19,27.520000457763672,27.989999771118164,26.780000686645508,27.040000915527344,27.040000915527344,2040300
2018-06-20,26.5,26.56999969482422,26.1299991607666,26.440000534057617,26.440000534057617,1117200
2018-06-21,26.600000381469727,28.739999771118164,26.579999923706055,28.18000030517578,28.18000030517578,2124200
2018-06-22,27.25,27.690000534057617,27.0,27.420000076293945,27.420000076293945,1050700
2018-06-25,28.229999542236328,32.790000915527344,28.229999542236328,31.420000076293945,31.420000076293945,3728800
2018-06-26,30.139999389648438,31.239999771118164,29.489999771118164,30.1299991607666,30.1299991607666,1819600
2018-06-27,29.829999923706055,32.529998779296875,29.059999465942383,31.850000381469727,31.850000381469727,2535800
2018-06-28,32.06999969482422,33.41999816894531,30.920000076293945,31.3700008392334,31.3700008392334,2433700
2018-06-29,30.280000686645508,30.56999969482422,29.510000228881836,30.520000457763672,30.520000457763672,1856000
2018-07-02,32.0,32.36000061035156,30.549999237060547,30.670000076293945,30.670000076293945,1488100
2018-07-03,29.93000030517578,31.15999984741211,29.690000534057617,30.90999984741211,30.90999984741211,1017200
2018-07-05,30.079999923706055,30.889999389648438,29.739999771118164,29.770000457763672,29.770000457763672,1712000
2018-07-06,29.790000915527344,29.84000015258789,28.15999984741211,28.280000686645508,28.280000686645508,1857300
2018-07-09,27.510000228881836,27.530000686645508,26.59000015258789,26.760000228881836,26.760000228881836,2142800
2018-07-10,26.530000686645508,27.040000915527344,26.190000534057617,26.260000228881836,26.260000228881836,2476400
2018-07-11,27.540000915527344,27.6200008392334,26.75,27.139999389648438,27.139999389648438,1987200
2018-07-12,26.579999923706055,26.940000534057617,26.15999984741211,26.190000534057617,26.190000534057617,1680500
2018-07-13,26.469999313354492,26.68000030517578,25.860000610351562,25.920000076293945,25.920000076293945,1580000
2018-07-16,25.799999237060547,26.209999084472656,25.56999969482422,25.75,25.75,1446800
2018-07-17,26.149999618530273,26.229999542236328,25.149999618530273,25.450000762939453,25.450000762939453,1471300
2018-07-18,25.170000076293945,25.81999969482422,24.959999084472656,25.229999542236328,25.229999542236328,1397300
2018-07-19,25.709999084472656,26.030000686645508,25.329999923706055,25.719999313354492,25.719999313354492,1214300
2018-07-20,26.110000610351562,26.149999618530273,25.510000228881836,25.809999465942383,25.809999465942383,1506900
2018-07-23,25.84000015258789,26.229999542236328,25.489999771118164,25.709999084472656,25.709999084472656,796200
2018-07-24,24.989999771118164,26.200000762939453,24.899999618530273,25.200000762939453,25.200000762939453,1920500
2018-07-25,25.520000457763672,25.6299991607666,24.8799991607666,25.1200008392334,25.1200008392334,1432600
2018-07-26,25.15999984741211,25.520000457763672,24.90999984741211,25.190000534057617,25.190000534057617,1010000
2018-07-27,24.979999542236328,26.649999618530273,24.959999084472656,25.889999389648438,25.889999389648438,2142600
2018-07-30,25.719999313354492,26.950000762939453,25.649999618530273,26.6200008392334,26.6200008392334,1956700
2018-07-31,26.0,26.25,25.719999313354492,25.8799991607666,25.8799991607666,1180500
2018-08-01,25.559999465942383,25.8799991607666,25.209999084472656,25.649999618530273,25.649999618530273,1567200
2018-08-02,26.559999465942383,26.780000686645508,25.229999542236328,25.3799991607666,25.3799991607666,1810500
2018-08-03,25.219999313354492,25.3799991607666,24.719999313354492,24.989999771118164,24.989999771118164,1583500
2018-08-06,24.799999237060547,24.899999618530273,23.989999771118164,24.010000228881836,24.010000228881836,1411000
2018-08-07,23.719999313354492,23.829999923706055,23.450000762939453,23.549999237060547,23.549999237060547,1238800
2018-08-08,23.530000686645508,23.670000076293945,23.020000457763672,23.200000762939453,23.200000762939453,1182500
2018-08-09,23.15999984741211,23.540000915527344,22.93000030517578,23.520000457763672,23.520000457763672,1086300
2018-08-10,24.56999969482422,25.209999084472656,24.209999084472656,24.670000076293945,24.670000076293945,2996400
2018-08-13,24.950000762939453,26.190000534057617,24.1299991607666,26.15999984741211,26.15999984741211,3040700
2018-08-14,25.59000015258789,26.030000686645508,24.790000915527344,24.809999465942383,24.809999465942383,1991000
2018-08-15,26.100000381469727,28.079999923706055,26.010000228881836,26.3700008392334,26.3700008392334,4914900
2018-08-16,25.40999984741211,25.43000030517578,24.56999969482422,24.950000762939453,24.950000762939453,2013900
2018-08-17,25.209999084472656,25.489999771118164,24.200000762939453,24.299999237060547,24.299999237060547,2276000
2018-08-20,23.790000915527344,24.030000686645508,23.639999389648438,23.829999923706055,23.829999923706055,2126400
2018-08-21,23.68000030517578,24.34000015258789,23.520000457763672,24.34000015258789,24.34000015258789,1811200
2018-08-22,24.309999465942383,24.34000015258789,23.799999237060547,24.040000915527344,24.040000915527344,1586100
2018-08-23,23.809999465942383,24.280000686645508,23.520000457763672,23.860000610351562,23.860000610351562,2185000
2018-08-24,23.559999465942383,23.81999969482422,23.3799991607666,23.739999771118164,23.739999771118164,1559400
2018-08-27,23.40999984741211,23.829999923706055,23.350000381469727,23.81999969482422,23.81999969482422,1261100
2018-08-28,23.610000610351562,24.059999465942383,23.530000686645508,23.790000915527344,23.790000915527344,1368200
2018-08-29,23.780000686645508,24.020000457763672,23.520000457763672,23.790000915527344,23.790000915527344,1122300
2018-08-30,23.829999923706055,24.68000030517578,23.600000381469727,24.280000686645508,24.280000686645508,1859800
2018-08-31,24.540000915527344,24.6299991607666,23.780000686645508,23.940000534057617,23.940000534057617,1790200
2018-09-04,24.09000015258789,24.780000686645508,24.010000228881836,24.049999237060547,24.049999237060547,1604800
2018-09-05,24.309999465942383,24.940000534057617,24.100000381469727,24.260000228881836,24.260000228881836,1541900
2018-09-06,24.290000915527344,25.510000228881836,24.200000762939453,25.010000228881836,25.010000228881836,2272200
2018-09-07,25.510000228881836,25.81999969482422,24.959999084472656,25.43000030517578,25.43000030517578,2165600
2018-09-10,24.920000076293945,25.020000457763672,24.549999237060547,24.729999542236328,24.729999542236328,1130000
2018-09-11,25.030000686645508,25.170000076293945,23.93000030517578,23.959999084472656,23.959999084472656,1797400
2018-09-12,23.920000076293945,24.049999237060547,23.520000457763672,23.68000030517578,23.68000030517578,1678300
2018-09-13,23.170000076293945,23.209999084472656,22.959999084472656,22.989999771118164,22.989999771118164,1574000
2018-09-14,22.860000610351562,23.110000610351562,22.489999771118164,22.549999237060547,22.549999237060547,1583800
2018-09-17,22.510000228881836,23.25,22.40999984741211,23.170000076293945,23.170000076293945,2293000
2018-09-18,23.010000228881836,23.15999984741211,22.639999389648438,23.1299991607666,23.1299991607666,1329500
2018-09-19,22.479999542236328,22.479999542236328,22.110000610351562,22.299999237060547,22.299999237060547,1809800
2018-09-20,21.979999542236328,22.06999969482422,21.75,21.950000762939453,21.950000762939453,2017500
2018-09-21,21.889999389648438,22.049999237060547,21.639999389648438,21.969999313354492,21.969999313354492,1567700
2018-09-24,22.100000381469727,22.520000457763672,21.899999618530273,21.969999313354492,21.969999313354492,1506200
2018-09-25,21.700000762939453,22.25,21.600000381469727,22.15999984741211,22.15999984741211,942600
2018-09-26,21.920000076293945,22.579999923706055,21.670000076293945,22.3799991607666,22.3799991607666,1885600
2018-09-27,22.110000610351562,22.18000030517578,21.829999923706055,21.979999542236328,21.979999542236328,1156600
2018-09-28,22.260000228881836,22.350000381469727,21.940000534057617,21.940000534057617,21.940000534057617,1226400
2018-10-01,21.399999618530273,22.010000228881836,21.270000457763672,21.709999084472656,21.709999084472656,1333700
2018-10-02,21.760000228881836,21.959999084472656,21.489999771118164,21.75,21.75,978200
2018-10-03,21.459999084472656,21.850000381469727,21.420000076293945,21.540000915527344,21.540000915527344,1348300
2018-10-04,21.93000030517578,23.75,21.93000030517578,22.8700008392334,22.8700008392334,3661500
2018-10-05,22.6200008392334,24.649999618530273,22.229999542236328,23.34000015258789,23.34000015258789,5232200
2018-10-08,24.0,25.139999389648438,23.450000762939453,23.59000015258789,23.59000015258789,3950200
2018-10-09,24.200000762939453,24.540000915527344,23.350000381469727,24.020000457763672,24.020000457763672,3375300
2018-10-10,24.440000534057617,28.290000915527344,24.43000030517578,27.940000534057617,27.940000534057617,7160200
2018-10-11,27.600000381469727,31.739999771118164,26.8799991607666,30.43000030517578,30.43000030517578,11225200
2018-10-12,27.5,30.760000228881836,27.43000030517578,28.010000228881836,28.010000228881836,6674600
2018-10-15,28.719999313354492,29.360000610351562,27.700000762939453,28.40999984741211,28.40999984741211,4283300
2018-10-16,27.520000457763672,27.809999465942383,26.299999237060547,26.440000534057617,26.440000534057617,3390700
2018-10-17,26.329999923706055,28.239999771118164,26.31999969482422,26.739999771118164,26.739999771118164,3248500
2018-10-18,27.0,29.469999313354492,27.0,28.530000686645508,28.530000686645508,4655300
2018-10-19,28.209999084472656,29.200000762939453,27.530000686645508,28.260000228881836,28.260000228881836,2679500
2018-10-22,28.020000457763672,29.65999984741211,27.969999313354492,28.440000534057617,28.440000534057617,2445800
2018-10-23,30.899999618530273,31.75,28.989999771118164,29.56999969482422,29.56999969482422,4094700
2018-10-24,29.360000610351562,32.4900016784668,29.190000534057617,32.20000076293945,32.20000076293945,3343700
2018-10-25,31.579999923706055,32.5,30.530000686645508,31.15999984741211,31.15999984741211,2966500
2018-10-26,33.27000045776367,34.290000915527344,31.850000381469727,33.08000183105469,33.08000183105469,4881800
2018-10-29,31.81999969482422,34.720001220703125,31.260000228881836,33.119998931884766,33.119998931884766,3131300
2018-10-30,33.380001068115234,33.689998626708984,31.84000015258789,31.989999771118164,31.989999771118164,2449500
2018-10-31,31.290000915527344,31.760000228881836,30.399999618530273,30.950000762939453,30.950000762939453,1985300
2018-11-01,30.979999542236328,31.520000457763672,29.889999389648438,29.959999084472656,29.959999084472656,1532700
2018-11-02,29.459999084472656,31.329999923706055,28.989999771118164,30.15999984741211,30.15999984741211,1983900
2018-11-05,30.229999542236328,30.440000534057617,29.549999237060547,29.84000015258789,29.84000015258789,1133900
2018-11-06,29.969999313354492,29.969999313354492,28.8700008392334,28.8700008392334,28.8700008392334,932400
2018-11-07,27.81999969482422,27.84000015258789,26.770000457763672,26.829999923706055,26.829999923706055,1442700
2018-11-08,26.809999465942383,27.030000686645508,25.989999771118164,26.600000381469727,26.600000381469727,1361500
2018-11-09,27.1299991607666,28.15999984741211,26.899999618530273,27.420000076293945,27.420000076293945,1333200
2018-11-12,27.459999084472656,29.84000015258789,27.360000610351562,29.649999618530273,29.649999618530273,1596600
2018-11-13,29.700000762939453,30.700000762939453,29.079999923706055,29.920000076293945,29.920000076293945,1999300
2018-11-14,29.31999969482422,31.530000686645508,29.219999313354492,30.65999984741211,30.65999984741211,2319900
2018-11-15,31.239999771118164,32.0,30.139999389648438,30.360000610351562,30.360000610351562,1916200
2018-11-16,30.829999923706055,31.1299991607666,28.84000015258789,28.950000762939453,28.950000762939453,1656400
2018-11-19,28.959999084472656,30.829999923706055,28.739999771118164,30.670000076293945,30.670000076293945,1771400
2018-11-20,32.47999954223633,33.209999084472656,31.8799991607666,32.45000076293945,32.45000076293945,2890600
2018-11-21,31.65999984741211,32.08000183105469,31.18000030517578,31.670000076293945,31.670000076293945,1412300
2018-11-23,32.2400016784668,32.459999084472656,31.540000915527344,31.8799991607666,31.8799991607666,593900
2018-11-26,31.1299991607666,31.190000534057617,30.049999237060547,30.06999969482422,30.06999969482422,1247000
2018-11-27,30.389999389648438,30.700000762939453,29.399999618530273,29.489999771118164,29.489999771118164,1040800
2018-11-28,29.06999969482422,29.790000915527344,28.3799991607666,28.639999389648438,28.639999389648438,1360300
2018-11-29,29.110000610351562,30.219999313354492,28.760000228881836,29.200000762939453,29.200000762939453,1099600
2018-11-30,29.399999618530273,29.520000457763672,28.190000534057617,28.3700008392334,28.3700008392334,953100
2018-12-03,26.350000381469727,27.149999618530273,26.190000534057617,26.81999969482422,26.81999969482422,1460800
2018-12-04,27.06999969482422,30.780000686645508,26.530000686645508,30.270000457763672,30.270000457763672,2596700
2018-12-06,32.75,34.27000045776367,30.81999969482422,30.899999618530273,30.899999618530273,2941900
2018-12-07,31.049999237060547,33.75,30.389999389648438,33.22999954223633,33.22999954223633,2220700
2018-12-10,33.22999954223633,34.900001525878906,32.61000061035156,33.06999969482422,33.06999969482422,2012000
2018-12-11,31.81999969482422,34.0,31.770000457763672,32.90999984741211,32.90999984741211,1460000
2018-12-12,31.920000076293945,32.63999938964844,31.540000915527344,32.63999938964844,32.63999938964844,1131300
2018-12-13,32.099998474121094,32.849998474121094,31.75,32.099998474121094,32.099998474121094,697400
2018-12-14,32.84000015258789,33.63999938964844,32.470001220703125,33.369998931884766,33.369998931884766,816600
2018-12-17,33.7400016784668,35.72999954223633,32.0,35.08000183105469,35.08000183105469,1848400
2018-12-18,34.369998931884766,36.16999816894531,34.34000015258789,35.2599983215332,35.2599983215332,1191800
2018-12-19,35.15999984741211,36.150001525878906,33.4900016784668,35.119998931884766,35.119998931884766,1837600
2018-12-20,35.959999084472656,37.970001220703125,35.36000061035156,36.90999984741211,36.90999984741211,1801200
2018-12-21,36.90999984741211,39.22999954223633,36.36000061035156,38.83000183105469,38.83000183105469,2025200
2018-12-24,39.20000076293945,40.68000030517578,39.04999923706055,40.68000030517578,40.68000030517578,1497600
2018-12-26,40.380001068115234,41.439998626708984,38.45000076293945,38.540000915527344,38.540000915527344,2240100
2018-12-27,40.849998474121094,42.77000045776367,39.849998474121094,40.119998931884766,40.119998931884766,2431100
2018-12-28,40.220001220703125,41.41999816894531,39.16999816894531,40.150001525878906,40.150001525878906,1570200
2018-12-31,39.060001373291016,39.56999969482422,38.59000015258789,38.61000061035156,38.61000061035156,1235900
2019-01-02,40.02000045776367,40.150001525878906,37.29999923706055,37.459999084472656,37.459999084472656,1924100
2019-01-03,38.2599983215332,40.040000915527344,38.099998474121094,39.220001220703125,39.220001220703125,1189100
2019-01-04,37.56999969482422,37.88999938964844,36.0,36.06999969482422,36.06999969482422,1678900
2019-01-07,35.779998779296875,36.310001373291016,34.84000015258789,35.310001373291016,35.310001373291016,1185600
2019-01-08,34.689998626708984,35.880001068115234,34.459999084472656,34.56999969482422,34.56999969482422,1008200
2019-01-09,34.27000045776367,34.529998779296875,33.349998474121094,33.77000045776367,33.77000045776367,1187200
2019-01-10,34.33000183105469,34.779998779296875,33.40999984741211,33.41999816894531,33.41999816894531,1247300
2019-01-11,33.84000015258789,33.97999954223633,32.279998779296875,32.33000183105469,32.33000183105469,1150000
2019-01-14,33.189998626708984,33.2599983215332,31.940000534057617,32.459999084472656,32.459999084472656,1194400
2019-01-15,32.27000045776367,32.27000045776367,30.940000534057617,31.0,31.0,990900
2019-01-16,30.719999313354492,31.56999969482422,30.520000457763672,31.559999465942383,31.559999465942383,1053600
2019-01-17,31.799999237060547,31.829999923706055,30.760000228881836,31.239999771118164,31.239999771118164,948700
2019-01-18,30.3799991607666,30.809999465942383,29.889999389648438,30.450000762939453,30.450000762939453,1009000
2019-01-22,30.799999237060547,33.619998931884766,30.75,33.2400016784668,33.2400016784668,2159800
2019-01-23,32.630001068115234,34.959999084472656,32.560001373291016,32.91999816894531,32.91999816894531,1725100
2019-01-24,33.029998779296875,33.41999816894531,31.790000915527344,31.860000610351562,31.860000610351562,1343800
2019-01-25,31.100000381469727,31.309999465942383,30.510000228881836,30.639999389648438,30.639999389648438,1416900
2019-01-28,31.780000686645508,32.88999938964844,31.709999084472656,31.950000762939453,31.950000762939453,1986500
2019-01-29,31.479999542236328,32.29999923706055,31.260000228881836,31.829999923706055,31.829999923706055,1903700
2019-01-30,31.34000015258789,31.850000381469727,30.329999923706055,30.40999984741211,30.40999984741211,2111100
2019-01-31,30.360000610351562,30.360000610351562,29.110000610351562,29.149999618530273,29.149999618530273,1757100
2019-02-01,29.059999465942383,29.280000686645508,28.68000030517578,28.860000610351562,28.860000610351562,1407300
2019-02-04,28.75,28.90999984741211,27.81999969482422,27.950000762939453,27.950000762939453,946000
2019-02-05,27.700000762939453,27.93000030517578,27.100000381469727,27.75,27.75,938400
2019-02-06,27.479999542236328,27.8700008392334,27.219999313354492,27.549999237060547,27.549999237060547,1113600
2019-02-07,28.40999984741211,29.610000610351562,27.979999542236328,28.510000228881836,28.510000228881836,2127500
2019-02-08,29.15999984741211,29.43000030517578,28.1299991607666,28.170000076293945,28.170000076293945,1637300
2019-02-11,27.81999969482422,28.280000686645508,27.56999969482422,27.850000381469727,27.850000381469727,1375700
2019-02-12,27.190000534057617,27.530000686645508,27.020000457763672,27.350000381469727,27.350000381469727,1420800
2019-02-13,27.149999618530273,27.579999923706055,27.0,27.260000228881836,27.260000228881836,1420200
2019-02-14,27.920000076293945,28.389999389648438,27.25,27.75,27.75,1918500
2019-02-15,27.209999084472656,27.420000076293945,26.760000228881836,26.809999465942383,26.809999465942383,1591700
2019-02-19,27.309999465942383,27.3799991607666,26.520000457763672,26.8700008392334,26.8700008392334,1891000
2019-02-20,26.649999618530273,26.690000534057617,25.780000686645508,25.829999923706055,25.829999923706055,2321700
2019-02-21,25.889999389648438,26.530000686645508,25.459999084472656,26.09000015258789,26.09000015258789,1854800
2019-02-22,25.68000030517578,25.75,25.09000015258789,25.1299991607666,25.1299991607666,1456100
2019-02-25,24.510000228881836,25.610000610351562,24.309999465942383,25.600000381469727,25.600000381469727,1414700
2019-02-26,26.0,26.139999389648438,25.40999984741211,25.829999923706055,25.829999923706055,1341100
2019-02-27,26.100000381469727,26.780000686645508,25.649999618530273,25.8700008392334,25.8700008392334,1846400
2019-02-28,25.90999984741211,25.950000762939453,25.34000015258789,25.81999969482422,25.81999969482422,1742400
2019-03-01,25.149999618530273,25.639999389648438,24.639999389648438,24.670000076293945,24.670000076293945,1653200
2019-03-04,24.360000610351562,26.559999465942383,24.059999465942383,25.270000457763672,25.270000457763672,3088300
2019-03-05,25.149999618530273,25.799999237060547,25.079999923706055,25.43000030517578,25.43000030517578,1864100
2019-03-06,25.40999984741211,26.309999465942383,25.399999618530273,26.079999923706055,26.079999923706055,2410400
2019-03-07,26.459999084472656,27.68000030517578,26.43000030517578,27.15999984741211,27.15999984741211,3798800
2019-03-08,28.040000915527344,28.459999084472656,27.309999465942383,27.31999969482422,27.31999969482422,3256400
2019-03-11,26.799999237060547,26.799999237060547,25.25,25.34000015258789,25.34000015258789,2926600
2019-03-12,25.09000015258789,25.200000762939453,24.600000381469727,24.600000381469727,24.600000381469727,3007100
2019-03-13,24.5,24.59000015258789,24.15999984741211,24.350000381469727,24.350000381469727,2040400
2019-03-14,24.3700008392334,24.420000076293945,23.8799991607666,23.969999313354492,23.969999313354492,1580600
2019-03-15,23.81999969482422,23.920000076293945,23.200000762939453,23.5,23.5,1700300
2019-03-18,23.68000030517578,24.049999237060547,23.3700008392334,23.559999465942383,23.559999465942383,1524400
2019-03-19,23.18000030517578,24.100000381469727,23.1299991607666,23.75,23.75,2405200
2019-03-20,23.75,24.270000457763672,23.219999313354492,23.969999313354492,23.969999313354492,2881600
2019-03-21,24.329999923706055,24.329999923706055,23.3799991607666,23.610000610351562,23.610000610351562,2018700
2019-03-22,24.15999984741211,26.540000915527344,23.899999618530273,26.350000381469727,26.350000381469727,6134800
2019-03-25,26.360000610351562,27.1299991607666,25.860000610351562,26.399999618530273,26.399999618530273,5026700
2019-03-26,25.3700008392334,25.670000076293945,24.850000381469727,24.989999771118164,24.989999771118164,2535200
2019-03-27,24.940000534057617,26.389999389648438,24.760000228881836,25.3700008392334,25.3700008392334,3152500
2019-03-28,25.209999084472656,25.530000686645508,24.760000228881836,24.81999969482422,24.81999969482422,1464900
2019-03-29,24.360000610351562,24.489999771118164,23.979999542236328,24.020000457763672,24.020000457763672,1801700
2019-04-01,23.809999465942383,23.979999542236328,23.549999237060547,23.6200008392334,23.6200008392334,1396800
2019-04-02,23.719999313354492,23.81999969482422,23.450000762939453,23.549999237060547,23.549999237060547,1122500
2019-04-03,23.170000076293945,24.06999969482422,23.1200008392334,23.719999313354492,23.719999313354492,1663800
2019-04-04,23.600000381469727,23.899999618530273,23.34000015258789,23.520000457763672,23.520000457763672,1539600
2019-04-05,23.209999084472656,23.350000381469727,23.0,23.010000228881836,23.010000228881836,1440200
2019-04-08,23.100000381469727,23.239999771118164,22.860000610351562,22.90999984741211,22.90999984741211,1133000
2019-04-09,23.239999771118164,23.850000381469727,23.09000015258789,23.719999313354492,23.719999313354492,1379400
2019-04-10,23.469999313354492,23.65999984741211,23.030000686645508,23.079999923706055,23.079999923706055,1269800
2019-04-11,22.770000457763672,22.90999984741211,22.530000686645508,22.59000015258789,22.59000015258789,1529900
2019-04-12,22.1299991607666,22.170000076293945,21.510000228881836,21.549999237060547,21.549999237060547,2157900
2019-04-15,21.25,22.15999984741211,21.219999313354492,21.299999237060547,21.299999237060547,2166300
2019-04-16,21.200000762939453,21.299999237060547,20.90999984741211,21.15999984741211,21.15999984741211,1820700
2019-04-17,20.770000457763672,21.649999618530273,20.770000457763672,21.280000686645508,21.280000686645508,1694100
2019-04-18,21.270000457763672,21.639999389648438,20.920000076293945,20.93000030517578,20.93000030517578,1874500
2019-04-22,21.15999984741211,21.329999923706055,20.739999771118164,20.760000228881836,20.760000228881836,2162000
2019-04-23,20.639999389648438,20.729999542236328,20.440000534057617,20.579999923706055,20.579999923706055,1316300
2019-04-24,20.600000381469727,21.100000381469727,20.56999969482422,21.06999969482422,21.06999969482422,1691500
2019-04-25,21.34000015258789,22.1299991607666,21.079999923706055,21.5,21.5,2061300
2019-04-26,21.34000015258789,21.6299991607666,20.770000457763672,20.799999237060547,20.799999237060547,1788500
2019-04-29,20.920000076293945,21.110000610351562,20.75,21.09000015258789,21.09000015258789,1041600
2019-04-30,21.079999923706055,21.700000762939453,20.969999313354492,21.1200008392334,21.1200008392334,2264800
2019-05-01,20.90999984741211,21.899999618530273,20.75,21.899999618530273,21.899999618530273,2422700
2019-05-02,21.68000030517578,22.790000915527344,21.59000015258789,21.93000030517578,21.93000030517578,3335400
2019-05-03,21.360000610351562,21.399999618530273,20.799999237060547,20.889999389648438,20.889999389648438,2277900
2019-05-06,22.979999542236328,23.190000534057617,21.920000076293945,22.010000228881836,22.010000228881836,4830000
2019-05-07,23.329999923706055,26.350000381469727,23.1299991607666,25.700000762939453,25.700000762939453,6413400
2019-05-08,25.450000762939453,25.950000762939453,24.360000610351562,25.200000762939453,25.200000762939453,3653100
2019-05-09,26.530000686645508,27.360000610351562,25.059999465942383,25.170000076293945,25.170000076293945,4646500
2019-05-10,25.350000381469727,26.0,23.200000762939453,23.219999313354492,23.219999313354492,3615700
2019-05-13,26.1200008392334,26.799999237060547,25.34000015258789,26.610000610351562,26.610000610351562,4242700
2019-05-14,25.68000030517578,25.84000015258789,24.860000610351562,25.18000030517578,25.18000030517578,2511500
2019-05-15,25.920000076293945,26.079999923706055,24.06999969482422,24.139999389648438,24.139999389648438,2394900
2019-05-16,23.950000762939453,23.959999084472656,22.93000030517578,23.1200008392334,23.1200008392334,2280600
2019-05-17,24.040000915527344,24.06999969482422,22.799999237060547,23.440000534057617,23.440000534057617,2452300
2019-05-20,24.06999969482422,24.5,23.350000381469727,23.790000915527344,23.790000915527344,1665900
2019-05-21,23.049999237060547,23.059999465942383,22.530000686645508,22.610000610351562,22.610000610351562,1297900
2019-05-22,22.709999084472656,22.760000228881836,22.149999618530273,22.360000610351562,22.360000610351562,1441100
2019-05-23,23.239999771118164,24.260000228881836,23.219999313354492,23.84000015258789,23.84000015258789,2968400
2019-05-24,23.18000030517578,23.670000076293945,22.940000534057617,23.360000610351562,23.360000610351562,1768700
2019-05-28,23.209999084472656,24.049999237060547,22.850000381469727,24.049999237060547,24.049999237060547,1564700
2019-05-29,24.549999237060547,24.979999542236328,24.1299991607666,24.530000686645508,24.530000686645508,3091000
2019-05-30,24.0,24.559999465942383,23.729999542236328,24.020000457763672,24.020000457763672,1861700
2019-05-31,25.280000686645508,25.399999618530273,24.59000015258789,25.06999969482422,25.06999969482422,2331100
2019-06-03,24.989999771118164,25.81999969482422,24.520000457763672,25.229999542236328,25.229999542236328,2479300
2019-06-04,24.489999771118164,24.850000381469727,23.84000015258789,23.8700008392334,23.8700008392334,1933300
2019-06-05,23.6299991607666,24.100000381469727,23.280000686645508,23.360000610351562,23.360000610351562,1681900
2019-06-06,23.219999313354492,23.459999084472656,22.84000015258789,22.899999618530273,22.899999618530273,928200
2019-06-07,22.829999923706055,23.1299991607666,22.690000534057617,23.09000015258789,23.09000015258789,1162700
2019-06-10,22.760000228881836,23.200000762939453,22.700000762939453,22.860000610351562,22.860000610351562,807500
2019-06-11,22.469999313354492,23.270000457763672,22.450000762939453,22.940000534057617,22.940000534057617,1047300
2019-06-12,23.1299991607666,23.270000457763672,22.739999771118164,22.799999237060547,22.799999237060547,1216100
2019-06-13,22.600000381469727,22.940000534057617,22.469999313354492,22.700000762939453,22.700000762939453,835800
2019-06-14,22.860000610351562,23.059999465942383,22.43000030517578,22.479999542236328,22.479999542236328,1035600
2019-06-17,22.440000534057617,22.5,22.1200008392334,22.219999313354492,22.219999313354492,1096300
2019-06-18,21.940000534057617,22.170000076293945,21.670000076293945,22.049999237060547,22.049999237060547,2026900
2019-06-19,21.8799991607666,22.1299991607666,21.270000457763672,21.290000915527344,21.290000915527344,2332600
2019-06-20,20.940000534057617,22.030000686645508,20.770000457763672,21.389999389648438,21.389999389648438,2047100
2019-06-21,21.559999465942383,21.979999542236328,21.290000915527344,21.899999618530273,21.899999618530273,1537300
2019-06-24,21.719999313354492,21.790000915527344,21.510000228881836,21.68000030517578,21.68000030517578,967700
2019-06-25,21.709999084472656,22.34000015258789,21.700000762939453,22.270000457763672,22.270000457763672,1912800
2019-06-26,21.850000381469727,22.239999771118164,21.700000762939453,22.059999465942383,22.059999465942383,1141700
2019-06-27,21.90999984741211,22.020000457763672,21.540000915527344,21.690000534057617,21.690000534057617,1170100
2019-06-28,21.549999237060547,21.6200008392334,21.260000228881836,21.399999618530273,21.399999618530273,1379700
2019-07-01,20.260000228881836,20.610000610351562,20.100000381469727,20.170000076293945,20.170000076293945,2202500
2019-07-02,20.209999084472656,20.270000457763672,19.40999984741211,19.420000076293945,19.420000076293945,2496100
2019-07-03,19.469999313354492,19.6299991607666,19.270000457763672,19.31999969482422,19.31999969482422,815600
2019-07-05,19.770000457763672,20.299999237060547,19.329999923706055,19.389999389648438,19.389999389648438,1734700
2019-07-08,19.8700008392334,20.110000610351562,19.65999984741211,19.90999984741211,19.90999984741211,1746500
2019-07-09,20.459999084472656,20.489999771118164,19.920000076293945,19.989999771118164,19.989999771118164,1207500
2019-07-10,19.68000030517578,19.719999313354492,19.31999969482422,19.3700008392334,19.3700008392334,1627100
2019-07-11,19.18000030517578,19.389999389648438,18.940000534057617,19.040000915527344,19.040000915527344,1704300
2019-07-12,18.90999984741211,19.059999465942383,18.700000762939453,18.700000762939453,18.700000762939453,1585000
2019-07-15,18.68000030517578,18.84000015258789,18.579999923706055,18.690000534057617,18.690000534057617,1201400
2019-07-16,18.6200008392334,18.829999923706055,18.329999923706055,18.75,18.75,1830400
2019-07-17,18.59000015258789,19.18000030517578,18.459999084472656,19.18000030517578,19.18000030517578,2451300
2019-07-18,19.190000534057617,19.489999771118164,18.690000534057617,19.010000228881836,19.010000228881836,2204700
2019-07-19,18.65999984741211,19.260000228881836,18.579999923706055,19.219999313354492,19.219999313354492,1812700
2019-07-22,19.190000534057617,19.299999237060547,18.700000762939453,18.81999969482422,18.81999969482422,1736200
2019-07-23,18.530000686645508,18.809999465942383,18.149999618530273,18.18000030517578,18.18000030517578,1550000
2019-07-24,18.3700008392334,18.389999389648438,17.600000381469727,17.700000762939453,17.700000762939453,2314100
2019-07-25,17.84000015258789,18.56999969482422,17.81999969482422,18.260000228881836,18.260000228881836,2141300
2019-07-26,17.899999618530273,17.940000534057617,17.639999389648438,17.799999237060547,17.799999237060547,1386300
2019-07-29,17.809999465942383,18.09000015258789,17.75,17.920000076293945,17.920000076293945,1813400
2019-07-30,18.280000686645508,18.459999084472656,18.040000915527344,18.3700008392334,18.3700008392334,1605600
2019-07-31,18.309999465942383,20.010000228881836,18.040000915527344,19.399999618530273,19.399999618530273,4222700
2019-08-01,19.389999389648438,21.479999542236328,18.540000915527344,20.899999618530273,20.899999618530273,7845200
2019-08-02,20.940000534057617,21.940000534057617,20.780000686645508,21.049999237060547,21.049999237060547,5863400
2019-08-05,22.610000610351562,24.34000015258789,22.450000762939453,24.149999618530273,24.149999618530273,7716300
2019-08-06,23.200000762939453,24.389999389648438,22.600000381469727,22.6200008392334,22.6200008392334,5350300
2019-08-07,24.219999313354492,24.739999771118164,22.610000610351562,22.719999313354492,22.719999313354492,5855500
2019-08-08,22.239999771118164,22.540000915527344,21.280000686645508,21.350000381469727,21.350000381469727,3821800
2019-08-09,21.75,22.59000015258789,21.530000686645508,22.149999618530273,22.149999618530273,3915300
2019-08-12,22.549999237060547,23.84000015258789,22.420000076293945,23.760000228881836,23.760000228881836,3183900
2019-08-13,24.110000610351562,24.170000076293945,21.979999542236328,21.979999542236328,21.979999542236328,4953100
2019-08-14,23.530000686645508,25.110000610351562,23.079999923706055,25.059999465942383,25.059999465942383,6887700
2019-08-15,24.399999618530273,25.5,24.18000030517578,24.440000534057617,24.440000534057617,4417300
2019-08-16,24.0,24.0,23.0,23.079999923706055,23.079999923706055,3065100
2019-08-19,22.049999237060547,22.200000762939453,21.299999237060547,21.350000381469727,21.350000381469727,2625600
2019-08-20,21.510000228881836,22.040000915527344,21.389999389648438,21.860000610351562,21.860000610351562,2455300
2019-08-21,20.979999542236328,21.15999984741211,20.760000228881836,20.81999969482422,20.81999969482422,2708500
2019-08-22,20.690000534057617,21.739999771118164,20.610000610351562,21.149999618530273,21.149999618530273,3235400
2019-08-23,21.829999923706055,24.229999542236328,20.940000534057617,23.780000686645508,23.780000686645508,8775600
2019-08-26,22.6200008392334,23.809999465942383,22.6200008392334,23.149999618530273,23.149999618530273,3329200
2019-08-27,22.719999313354492,24.15999984741211,22.649999618530273,23.56999969482422,23.56999969482422,3227800
2019-08-28,24.110000610351562,24.469999313354492,23.020000457763672,23.030000686645508,23.030000686645508,3411400
2019-08-29,22.360000610351562,22.559999465942383,21.850000381469727,22.100000381469727,22.100000381469727,3378400
2019-08-30,21.690000534057617,22.719999313354492,21.649999618530273,22.1200008392334,22.1200008392334,3542600
2019-09-03,22.989999771118164,23.399999618530273,22.639999389648438,23.229999542236328,23.229999542236328,3592000
2019-09-04,22.270000457763672,22.670000076293945,21.729999542236328,21.760000228881836,21.760000228881836,2651000
2019-09-05,21.200000762939453,21.25,20.68000030517578,20.90999984741211,20.90999984741211,3218000
2019-09-06,20.649999618530273,20.809999465942383,20.239999771118164,20.34000015258789,20.34000015258789,2862400
2019-09-09,19.950000762939453,20.670000076293945,19.920000076293945,20.1200008392334,20.1200008392334,2752800
2019-09-10,20.43000030517578,20.709999084472656,20.020000457763672,20.100000381469727,20.100000381469727,3794000
2019-09-11,20.079999923706055,20.1200008392334,19.6200008392334,19.709999084472656,19.709999084472656,2707200
2019-09-12,19.3799991607666,19.649999618530273,19.059999465942383,19.239999771118164,19.239999771118164,3097900
2019-09-13,19.049999237060547,19.18000030517578,18.780000686645508,18.950000762939453,18.950000762939453,3200900
2019-09-16,19.34000015258789,19.459999084472656,18.93000030517578,19.25,19.25,3924600
2019-09-17,19.3700008392334,19.510000228881836,19.149999618530273,19.170000076293945,19.170000076293945,2518900
2019-09-18,19.020000457763672,19.479999542236328,18.510000228881836,18.530000686645508,18.530000686645508,4899300
2019-09-19,18.350000381469727,18.350000381469727,17.93000030517578,18.209999084472656,18.209999084472656,3933300
2019-09-20,18.030000686645508,19.299999237060547,17.959999084472656,19.09000015258789,19.09000015258789,5386300
2019-09-23,19.170000076293945,19.25,18.670000076293945,18.969999313354492,18.969999313354492,2137000
2019-09-24,18.489999771118164,20.0,18.450000762939453,19.850000381469727,19.850000381469727,7230000
2019-09-25,19.889999389648438,20.540000915527344,19.239999771118164,19.420000076293945,19.420000076293945,3784300
2019-09-26,19.389999389648438,19.950000762939453,19.360000610351562,19.549999237060547,19.549999237060547,3274100
2019-09-27,19.329999923706055,20.639999389648438,19.229999542236328,20.09000015258789,20.09000015258789,5151100
2019-09-30,19.899999618530273,19.920000076293945,19.309999465942383,19.520000457763672,19.520000457763672,2122700
2019-10-01,19.09000015258789,20.399999618530273,18.959999084472656,20.3700008392334,20.3700008392334,5239200
2019-10-02,20.989999771118164,22.0,20.950000762939453,21.75,21.75,5516400
2019-10-03,21.68000030517578,22.299999237060547,20.93000030517578,20.940000534057617,20.940000534057617,4970500
2019-10-04,20.770000457763672,20.770000457763672,19.760000228881836,19.790000915527344,19.790000915527344,2493400
2019-10-07,20.149999618530273,20.290000915527344,19.549999237060547,20.0,20.0,2063000
2019-10-08,20.719999313354492,21.600000381469727,20.5,21.59000015258789,21.59000015258789,4941000
2019-10-09,20.920000076293945,21.229999542236328,20.3799991607666,20.790000915527344,20.790000915527344,2649300
2019-10-10,20.790000915527344,20.8799991607666,20.020000457763672,20.1200008392334,20.1200008392334,2842700
2019-10-11,19.469999313354492,19.579999923706055,18.6200008392334,18.969999313354492,18.969999313354492,5791400
2019-10-14,19.020000457763672,19.020000457763672,18.280000686645508,18.31999969482422,18.31999969482422,2919600
2019-10-15,18.0,18.0,17.559999465942383,17.809999465942383,17.809999465942383,4402900
2019-10-16,17.780000686645508,17.979999542236328,17.579999923706055,17.579999923706055,17.579999923706055,2684800
2019-10-17,17.3799991607666,17.610000610351562,17.239999771118164,17.5,17.5,2684000
2019-10-18,17.59000015258789,17.889999389648438,17.309999465942383,17.469999313354492,17.469999313354492,2965600
2019-10-21,17.270000457763672,17.329999923706055,17.0,17.0,17.0,2011400
2019-10-22,16.90999984741211,17.290000915527344,16.799999237060547,17.260000228881836,17.260000228881836,1932900
2019-10-23,17.420000076293945,17.420000076293945,17.049999237060547,17.049999237060547,17.049999237060547,1372200
2019-10-24,16.90999984741211,17.219999313354492,16.799999237060547,16.81999969482422,16.81999969482422,2176400
2019-10-25,16.93000030517578,16.93000030517578,16.25,16.25,16.25,2759300
2019-10-28,16.200000762939453,16.479999542236328,16.15999984741211,16.43000030517578,16.43000030517578,2031300
2019-10-29,16.600000381469727,16.670000076293945,16.309999465942383,16.420000076293945,16.420000076293945,1799700
2019-10-30,16.40999984741211,16.809999465942383,15.989999771118164,16.0,16.0,3250200
2019-10-31,16.18000030517578,16.600000381469727,16.079999923706055,16.260000228881836,16.260000228881836,2584000
2019-11-01,15.75,15.84000015258789,15.489999771118164,15.520000457763672,15.520000457763672,3704800
2019-11-04,15.289999961853027,15.670000076293945,15.25,15.5600004196167,15.5600004196167,1990900
2019-11-05,15.630000114440918,15.890000343322754,15.59000015258789,15.869999885559082,15.869999885559082,1990100
2019-11-06,15.84000015258789,16.1200008392334,15.760000228881836,15.800000190734863,15.800000190734863,2005800
2019-11-07,15.5,15.779999732971191,15.470000267028809,15.649999618530273,15.649999618530273,2203500
2019-11-08,15.710000038146973,15.84000015258789,15.3100004196167,15.319999694824219,15.319999694824219,1879600
2019-11-11,15.649999618530273,15.680000305175781,15.119999885559082,15.279999732971191,15.279999732971191,1322300
2019-11-12,15.130000114440918,15.229999542236328,14.970000267028809,15.100000381469727,15.100000381469727,2027800
2019-11-13,15.25,15.319999694824219,15.039999961853027,15.199999809265137,15.199999809265137,1965900
2019-11-14,15.229999542236328,15.369999885559082,14.949999809265137,14.970000267028809,14.970000267028809,1717400
2019-11-15,14.739999771118164,14.779999732971191,14.3100004196167,14.319999694824219,14.319999694824219,2707300
2019-11-18,14.34000015258789,14.460000038146973,14.199999809265137,14.300000190734863,14.300000190734863,1824300
2019-11-19,14.220000267028809,14.520000457763672,14.170000076293945,14.449999809265137,14.449999809265137,2326500
2019-11-20,14.460000038146973,15.119999885559082,14.300000190734863,14.59000015258789,14.59000015258789,4068600
2019-11-21,14.479999542236328,14.899999618530273,14.460000038146973,14.619999885559082,14.619999885559082,2363900
2019-11-22,14.4399995803833,14.550000190734863,14.180000305175781,14.199999809265137,14.199999809265137,1709600
2019-11-25,13.880000114440918,13.890000343322754,13.529999732971191,13.569999694824219,13.569999694824219,2240900
2019-11-26,13.489999771118164,13.5600004196167,13.300000190734863,13.390000343322754,13.390000343322754,1799000
2019-11-27,13.289999961853027,13.350000381469727,13.25,13.329999923706055,13.329999923706055,1532400
2019-11-29,13.4399995803833,13.600000381469727,13.380000114440918,13.550000190734863,13.550000190734863,1202200
2019-12-02,13.529999732971191,14.479999542236328,13.529999732971191,14.3100004196167,14.3100004196167,4195000
2019-12-03,15.369999885559082,15.649999618530273,15.069999694824219,15.130000114440918,15.130000114440918,5975600
2019-12-04,14.670000076293945,14.770000457763672,14.260000228881836,14.430000305175781,14.430000305175781,2604700
2019-12-05,14.210000038146973,14.699999809265137,14.199999809265137,14.25,14.25,2120600
2019-12-06,13.6899995803833,13.960000038146973,13.649999618530273,13.770000457763672,13.770000457763672,2453400
2019-12-09,13.819999694824219,14.479999542236328,13.75,14.470000267028809,14.470000267028809,2094900
2019-12-10,14.420000076293945,14.770000457763672,14.199999809265137,14.479999542236328,14.479999542236328,2027700
2019-12-11,14.350000381469727,14.4399995803833,14.079999923706055,14.1899995803833,14.1899995803833,1532700
2019-12-12,14.140000343322754,14.220000267028809,13.319999694824219,13.380000114440918,13.380000114440918,3346700
2019-12-13,13.40999984741211,13.600000381469727,12.760000228881836,12.779999732971191,12.779999732971191,4835200
2019-12-16,12.359999656677246,12.510000228881836,12.25,12.489999771118164,12.489999771118164,3057400
2019-12-17,12.359999656677246,12.5600004196167,12.3100004196167,12.390000343322754,12.390000343322754,3472500
2019-12-18,12.25,12.539999961853027,12.220000267028809,12.529999732971191,12.529999732971191,1933400
2019-12-19,12.470000267028809,12.529999732971191,12.210000038146973,12.220000267028809,12.220000267028809,2156900
2019-12-20,12.1899995803833,12.369999885559082,12.140000343322754,12.350000381469727,12.350000381469727,2026400
2019-12-23,12.350000381469727,12.4399995803833,12.3100004196167,12.40999984741211,12.40999984741211,1011300
2019-12-24,12.350000381469727,12.420000076293945,12.260000228881836,12.279999732971191,12.279999732971191,1050700
2019-12-26,12.1899995803833,12.289999961853027,12.170000076293945,12.25,12.25,1324000
2019-12-27,12.210000038146973,12.640000343322754,12.199999809265137,12.520000457763672,12.520000457763672,2217900
2019-12-30,12.640000343322754,13.119999885559082,12.609999656677246,12.970000267028809,12.970000267028809,3436300
2019-12-31,13.119999885559082,13.199999809265137,12.390000343322754,12.430000305175781,12.430000305175781,2753300
2020-01-02,12.100000381469727,12.359999656677246,11.920000076293945,11.949999809265137,11.949999809265137,3078600
2020-01-03,12.899999618530273,12.930000305175781,12.289999961853027,12.550000190734863,12.550000190734863,4108300
2020-01-06,12.9399995803833,12.970000267028809,12.399999618530273,12.399999618530273,12.399999618530273,3139700
2020-01-07,12.460000038146973,12.619999885559082,12.220000267028809,12.350000381469727,12.350000381469727,1987500
2020-01-08,12.25,12.329999923706055,11.779999732971191,12.109999656677246,12.109999656677246,4894600
2020-01-09,11.779999732971191,11.920000076293945,11.65999984741211,11.680000305175781,11.680000305175781,2544900
2020-01-10,11.630000114440918,11.739999771118164,11.479999542236328,11.609999656677246,11.609999656677246,2896700
2020-01-13,11.470000267028809,11.579999923706055,11.289999961853027,11.300000190734863,11.300000190734863,1857200
2020-01-14,11.300000190734863,11.420000076293945,11.119999885559082,11.239999771118164,11.239999771118164,2524000
2020-01-15,11.220000267028809,11.260000228881836,11.09000015258789,11.1899995803833,11.1899995803833,1919000
2020-01-16,11.029999732971191,11.050000190734863,10.899999618530273,10.930000305175781,10.930000305175781,1964000
2020-01-17,10.920000076293945,11.140000343322754,10.899999618530273,10.960000038146973,10.960000038146973,1874000
2020-01-21,11.079999923706055,11.109999656677246,10.800000190734863,11.029999732971191,11.029999732971191,2960400
2020-01-22,10.84000015258789,11.119999885559082,10.829999923706055,11.100000381469727,11.100000381469727,1977000
2020-01-23,11.3100004196167,11.479999542236328,11.039999961853027,11.069999694824219,11.069999694824219,3270000
2020-01-24,10.899999618530273,11.9399995803833,10.869999885559082,11.710000038146973,11.710000038146973,6550800
2020-01-27,12.710000038146973,12.920000076293945,12.40999984741211,12.920000076293945,12.920000076293945,11199200
2020-01-28,12.59000015258789,12.6899995803833,12.119999885559082,12.1899995803833,12.1899995803833,4365800
2020-01-29,11.970000267028809,12.380000114440918,11.850000381469727,12.199999809265137,12.199999809265137,2456200
2020-01-30,12.670000076293945,12.930000305175781,11.989999771118164,12.010000228881836,12.010000228881836,5855800
2020-01-31,12.300000190734863,13.729999542236328,12.25,13.369999885559082,13.369999885559082,10889200
2020-02-03,12.970000267028809,13.15999984741211,12.529999732971191,12.869999885559082,12.869999885559082,4318100
2020-02-04,12.25,12.329999923706055,12.0,12.170000076293945,12.170000076293945,3204200
2020-02-05,11.760000228881836,12.100000381469727,11.680000305175781,11.6899995803833,11.6899995803833,4019700
2020-02-06,11.569999694824219,11.819999694824219,11.510000228881836,11.579999923706055,11.579999923706055,2411300
2020-02-07,11.869999885559082,12.039999961853027,11.630000114440918,11.729999542236328,11.729999542236328,3920700
2020-02-10,11.920000076293945,11.920000076293945,11.539999961853027,11.600000381469727,11.600000381469727,2278500
2020-02-11,11.420000076293945,11.640000343322754,11.34000015258789,11.619999885559082,11.619999885559082,2362400
2020-02-12,11.359999656677246,11.449999809265137,11.010000228881836,11.0600004196167,11.0600004196167,4285700
2020-02-13,11.4399995803833,11.470000267028809,11.130000114440918,11.25,11.25,2953200
2020-02-14,11.15999984741211,11.350000381469727,11.069999694824219,11.100000381469727,11.100000381469727,2871100
2020-02-18,11.289999961853027,11.529999732971191,11.15999984741211,11.289999961853027,11.289999961853027,3566000
2020-02-19,11.100000381469727,11.220000267028809,11.029999732971191,11.149999618530273,11.149999618530273,2309200
2020-02-20,11.210000038146973,11.90999984741211,11.100000381469727,11.510000228881836,11.510000228881836,6685400
2020-02-21,11.890000343322754,12.569999694824219,11.779999732971191,12.260000228881836,12.260000228881836,7497200
2020-02-24,14.100000381469727,14.569999694824219,13.4399995803833,14.510000228881836,14.510000228881836,12945600
2020-02-25,14.010000228881836,16.31999969482422,13.920000076293945,15.90999984741211,15.90999984741211,15327400
2020-02-26,15.390000343322754,16.1299991607666,14.84000015258789,15.539999961853027,15.539999961853027,12370100
2020-02-27,16.940000534057617,18.06999969482422,16.520000457763672,18.059999465942383,18.059999465942383,22061500
2020-02-28,20.100000381469727,20.549999237060547,18.649999618530273,18.84000015258789,18.84000015258789,21830600
2020-03-02,18.360000610351562,19.389999389648438,18.010000228881836,18.059999465942383,18.059999465942383,10899700
2020-03-03,18.09000015258789,20.600000381469727,17.329999923706055,20.110000610351562,20.110000610351562,16248700
2020-03-04,19.229999542236328,19.950000762939453,18.700000762939453,19.020000457763672,19.020000457763672,8904700
2020-03-05,20.68000030517578,22.739999771118164,20.25,22.040000915527344,22.040000915527344,13783700
2020-03-06,26.0,26.84000015258789,24.010000228881836,24.329999923706055,24.329999923706055,15143200
2020-03-09,33.5,33.790000915527344,28.920000076293945,31.0,31.0,7624800
2020-03-10,27.059999465942383,30.520000457763672,26.90999984741211,27.969999313354492,27.969999313354492,8390000
2020-03-11,30.270000457763672,32.380001068115234,29.8799991607666,31.420000076293945,31.420000076293945,6281200
2020-03-12,37.02000045776367,39.849998474121094,34.150001525878906,38.959999084472656,38.959999084472656,9141000
2020-03-13,34.58000183105469,40.59000015258789,34.5,35.5,35.5,9204300
2020-03-16,45.0,50.900001525878906,42.279998779296875,49.380001068115234,49.380001068115234,5403500
2020-03-17,47.29999923706055,51.380001068115234,44.5,48.18000030517578,48.18000030517578,9195900
2020-03-18,54.0099983215332,64.55999755859375,50.88999938964844,56.29999923706055,56.29999923706055,7617500
2020-03-19,59.95000076293945,63.0,46.0,51.0,51.0,9055200
2020-03-20,48.619998931884766,51.779998779296875,43.16999816894531,50.02000045776367,50.02000045776367,11811100
2020-03-23,46.68000030517578,48.72999954223633,40.45000076293945,42.18000030517578,42.18000030517578,6118600
2020-03-24,34.09000015258789,39.150001525878906,32.41999816894531,38.47999954223633,38.47999954223633,9895800
2020-03-25,39.5,43.209999084472656,39.13999938964844,41.599998474121094,41.599998474121094,9310700
2020-03-26,40.279998779296875,40.790000915527344,37.41999816894531,37.95000076293945,37.95000076293945,8491200
2020-03-27,41.27000045776367,41.689998626708984,39.75,41.310001373291016,41.310001373291016,6322800
2020-03-30,41.40999984741211,42.599998474121094,39.900001525878906,39.9900016784668,39.9900016784668,8528300
2020-03-31,40.13999938964844,40.40999984741211,37.310001373291016,37.93000030517578,37.93000030517578,6605300
2020-04-01,40.58000183105469,41.790000915527344,38.650001525878906,41.189998626708984,41.189998626708984,5957600
2020-04-02,40.619998931884766,41.349998474121094,38.75,38.95000076293945,38.95000076293945,6776700
2020-04-03,38.540000915527344,39.2599983215332,36.93000030517578,37.25,37.25,5406400
2020-04-06,34.63999938964844,35.349998474121094,34.06999969482422,34.599998474121094,34.599998474121094,4693900
2020-04-07,33.58000183105469,35.81999969482422,33.470001220703125,35.61000061035156,35.61000061035156,5399200
2020-04-08,35.25,35.88999938964844,34.41999816894531,34.869998931884766,34.869998931884766,4533400
2020-04-09,34.61000061035156,35.189998626708984,33.95000076293945,34.119998931884766,34.119998931884766,5233100
2020-04-13,34.0,34.79999923706055,33.36000061035156,33.400001525878906,33.400001525878906,3061000
2020-04-14,31.510000228881836,31.700000762939453,30.3799991607666,30.719999313354492,30.719999313354492,4016600
2020-04-15,32.810001373291016,34.02000045776367,32.279998779296875,33.27000045776367,33.27000045776367,3547700
2020-04-16,33.4900016784668,34.45000076293945,33.15999984741211,33.459999084472656,33.459999084472656,4281600
2020-04-17,32.04999923706055,33.189998626708984,31.8799991607666,32.08000183105469,32.08000183105469,2424700
2020-04-20,33.790000915527344,35.29999923706055,32.95000076293945,35.2400016784668,35.2400016784668,2794000
2020-04-21,37.849998474121094,39.540000915527344,37.560001373291016,38.099998474121094,38.099998474121094,3545700
2020-04-22,36.689998626708984,37.40999984741211,35.91999816894531,36.2599983215332,36.2599983215332,2758000
2020-04-23,35.83000183105469,36.86000061035156,35.09000015258789,36.2400016784668,36.2400016784668,2371500
2020-04-24,35.560001373291016,35.970001220703125,34.060001373291016,34.25,34.25,1518300
2020-04-27,33.22999954223633,33.22999954223633,31.149999618530273,31.549999237060547,31.549999237060547,2273600
2020-04-28,30.5,32.47999954223633,30.34000015258789,32.09000015258789,32.09000015258789,1978500
2020-04-29,30.299999237060547,30.3700008392334,29.43000030517578,30.079999923706055,30.079999923706055,2237500
2020-04-30,30.760000228881836,32.189998626708984,30.75,31.06999969482422,31.06999969482422,2477300
2020-05-01,33.709999084472656,34.529998779296875,33.099998474121094,33.77000045776367,33.77000045776367,2719200
2020-05-04,34.95000076293945,35.29999923706055,33.0099983215332,33.08000183105469,33.08000183105469,2130600
2020-05-05,31.860000610351562,31.950000762939453,30.829999923706055,31.809999465942383,31.809999465942383,2153200
2020-05-06,31.209999084472656,32.220001220703125,30.959999084472656,32.16999816894531,32.16999816894531,1790100
2020-05-07,31.040000915527344,31.260000228881836,30.520000457763672,30.8700008392334,30.8700008392334,2490200
2020-05-08,29.920000076293945,30.149999618530273,28.690000534057617,28.739999771118164,28.739999771118164,2366300
2020-05-11,29.469999313354492,29.530000686645508,26.670000076293945,26.770000457763672,26.770000457763672,2372300
2020-05-12,26.010000228881836,29.5,25.780000686645508,29.469999313354492,29.469999313354492,3045200
2020-05-13,29.8700008392334,33.790000915527344,29.229999542236328,32.4900016784668,32.4900016784668,6441700
2020-05-14,34.13999938964844,35.189998626708984,30.860000610351562,30.899999618530273,30.899999618530273,5546700
2020-05-15,32.27000045776367,32.779998779296875,30.049999237060547,30.059999465942383,30.059999465942383,3927000
2020-05-18,28.030000686645508,28.639999389648438,27.729999542236328,28.139999389648438,28.139999389648438,2962800
2020-05-19,28.239999771118164,29.579999923706055,27.6299991607666,29.559999465942383,29.559999465942383,3242500
2020-05-20,28.190000534057617,28.770000457763672,27.649999618530273,27.770000457763672,27.770000457763672,3798200
2020-05-21,27.739999771118164,29.010000228881836,27.360000610351562,28.3799991607666,28.3799991607666,3502500
2020-05-22,28.600000381469727,29.06999969482422,28.06999969482422,28.15999984741211,28.15999984741211,2362700
2020-05-26,26.84000015258789,27.979999542236328,26.790000915527344,27.799999237060547,27.799999237060547,1968600
2020-05-27,27.040000915527344,28.989999771118164,26.979999542236328,27.15999984741211,27.15999984741211,3956100
2020-05-28,27.469999313354492,28.530000686645508,27.18000030517578,28.209999084472656,28.209999084472656,2774700
2020-05-29,28.43000030517578,28.93000030517578,27.25,27.299999237060547,27.299999237060547,3789700
2020-06-01,27.90999984741211,28.040000915527344,27.239999771118164,27.43000030517578,27.43000030517578,1887900
2020-06-02,27.260000228881836,27.600000381469727,26.6299991607666,26.690000534057617,26.690000534057617,2401200
2020-06-03,26.110000610351562,26.260000228881836,25.389999389648438,25.520000457763672,25.520000457763672,2677600
2020-06-04,25.649999618530273,25.899999618530273,24.559999465942383,25.280000686645508,25.280000686645508,2707300
2020-06-05,23.760000228881836,24.260000228881836,23.639999389648438,23.920000076293945,23.920000076293945,3252300
2020-06-08,23.8700008392334,24.690000534057617,23.75,24.450000762939453,24.450000762939453,2232900
2020-06-09,25.200000762939453,25.850000381469727,24.989999771118164,25.68000030517578,25.68000030517578,3160400
2020-06-10,25.850000381469727,26.329999923706055,24.530000686645508,25.520000457763672,25.520000457763672,3817200
2020-06-11,28.34000015258789,34.70000076293945,27.190000534057617,34.09000015258789,34.09000015258789,11708600
2020-06-12,31.5,36.93000030517578,30.719999313354492,31.729999542236328,31.729999542236328,14271100
2020-06-15,34.619998931884766,35.77000045776367,30.65999984741211,30.959999084472656,30.959999084472656,10150100
2020-06-16,28.920000076293945,31.989999771118164,28.700000762939453,30.329999923706055,30.329999923706055,6352000
2020-06-17,30.0,31.190000534057617,29.8700008392334,30.270000457763672,30.270000457763672,3786100
2020-06-18,30.75,31.100000381469727,29.760000228881836,29.760000228881836,29.760000228881836,3628000
2020-06-19,29.049999237060547,31.260000228881836,28.829999923706055,30.239999771118164,30.239999771118164,5663900
2020-06-22,30.479999542236328,30.860000610351562,28.670000076293945,28.75,28.75,3934800
2020-06-23,27.489999771118164,28.440000534057617,27.420000076293945,28.190000534057617,28.190000534057617,2693800
2020-06-24,29.280000686645508,31.459999084472656,28.469999313354492,30.139999389648438,30.139999389648438,8249800
2020-06-25,30.700000762939453,31.270000457763672,28.93000030517578,28.959999084472656,28.959999084472656,4575400
2020-06-26,29.049999237060547,31.110000610351562,28.979999542236328,30.770000457763672,30.770000457763672,5343000
2020-06-29,30.25,31.239999771118164,29.239999771118164,29.280000686645508,29.280000686645508,3711500
2020-06-30,29.540000915527344,29.59000015258789,27.549999237060547,27.760000228881836,27.760000228881836,3757800
2020-07-01,27.360000610351562,27.799999237060547,26.790000915527344,26.979999542236328,26.979999542236328,3087700
2020-07-02,25.8700008392334,26.709999084472656,25.450000762939453,26.520000457763672,26.520000457763672,3323500
2020-07-06,25.65999984741211,26.780000686645508,25.59000015258789,26.5,26.5,2345200
2020-07-07,26.709999084472656,27.479999542236328,25.979999542236328,27.280000686645508,27.280000686645508,2882600
2020-07-08,26.950000762939453,27.850000381469727,26.6299991607666,26.65999984741211,26.65999984741211,3878800
2020-07-09,26.739999771118164,28.299999237060547,26.510000228881836,27.100000381469727,27.100000381469727,6105200
2020-07-10,27.299999237060547,27.860000610351562,26.360000610351562,26.40999984741211,26.40999984741211,4271000
2020-07-13,26.079999923706055,29.020000457763672,26.030000686645508,28.93000030517578,28.93000030517578,5843100
2020-07-14,28.93000030517578,29.520000457763672,27.170000076293945,27.209999084472656,27.209999084472656,8346600
2020-07-15,26.40999984741211,27.6200008392334,26.360000610351562,26.489999771118164,26.489999771118164,5596400
2020-07-16,27.040000915527344,27.110000610351562,25.93000030517578,26.010000228881836,26.010000228881836,4259500
2020-07-17,25.790000915527344,26.030000686645508,25.079999923706055,25.079999923706055,25.079999923706055,3251400
2020-07-20,24.790000915527344,24.920000076293945,23.56999969482422,23.920000076293945,23.920000076293945,5040500
2020-07-21,23.350000381469727,24.469999313354492,23.09000015258789,24.1299991607666,24.1299991607666,4238300
2020-07-22,24.309999465942383,24.670000076293945,23.8700008392334,23.8700008392334,23.8700008392334,3446200
2020-07-23,23.700000762939453,25.149999618530273,23.520000457763672,24.600000381469727,24.600000381469727,5172400
2020-07-24,25.43000030517578,25.799999237060547,24.700000762939453,24.700000762939453,24.700000762939453,4764700
2020-07-27,24.440000534057617,24.760000228881836,24.0,24.010000228881836,24.010000228881836,2360100
2020-07-28,24.049999237060547,24.25,23.170000076293945,23.8700008392334,23.8700008392334,2928000
2020-07-29,23.56999969482422,23.860000610351562,23.309999465942383,23.3799991607666,23.3799991607666,2364700
2020-07-30,24.510000228881836,25.6200008392334,23.790000915527344,23.93000030517578,23.93000030517578,4345100
2020-07-31,23.329999923706055,24.540000915527344,23.280000686645508,23.440000534057617,23.440000534057617,4182700
2020-08-03,23.209999084472656,23.579999923706055,23.049999237060547,23.299999237060547,23.299999237060547,2711800
2020-08-04,23.25,23.25,22.579999923706055,22.600000381469727,22.600000381469727,2401100
2020-08-05,22.299999237060547,22.56999969482422,22.100000381469727,22.149999618530273,22.149999618530273,2881000
2020-08-06,22.239999771118164,22.399999618530273,21.84000015258789,21.899999618530273,21.899999618530273,2203800
2020-08-07,22.209999084472656,22.25,21.549999237060547,21.75,21.75,3248800
2020-08-10,21.459999084472656,21.760000228881836,21.030000686645508,21.100000381469727,21.100000381469727,2463400
2020-08-11,20.6200008392334,22.25,20.520000457763672,22.09000015258789,22.09000015258789,4127200
2020-08-12,21.25,21.34000015258789,20.739999771118164,20.889999389648438,20.889999389648438,3283200
2020-08-13,21.059999465942383,21.18000030517578,20.420000076293945,20.889999389648438,20.889999389648438,3065200
2020-08-14,21.059999465942383,21.270000457763672,20.75,20.90999984741211,20.90999984741211,2632400
2020-08-17,20.420000076293945,20.56999969482422,20.020000457763672,20.110000610351562,20.110000610351562,2077100
2020-08-18,19.989999771118164,20.43000030517578,19.770000457763672,19.920000076293945,19.920000076293945,3092400
2020-08-19,19.780000686645508,20.440000534057617,19.639999389648438,20.309999465942383,20.309999465942383,3472400
2020-08-20,21.110000610351562,21.170000076293945,20.010000228881836,20.09000015258789,20.09000015258789,3244700
2020-08-21,20.440000534057617,20.520000457763672,20.09000015258789,20.18000030517578,20.18000030517578,2488600
2020-08-24,19.6299991607666,20.309999465942383,19.579999923706055,20.110000610351562,20.110000610351562,2965000
2020-08-25,20.200000762939453,20.75,19.8700008392334,19.969999313354492,19.969999313354492,3007500
2020-08-26,19.850000381469727,20.559999465942383,19.3799991607666,20.43000030517578,20.43000030517578,2955300
2020-08-27,20.219999313354492,22.709999084472656,20.040000915527344,21.079999923706055,21.079999923706055,6856200
2020-08-28,21.329999923706055,22.219999313354492,20.6299991607666,20.969999313354492,20.969999313354492,5143700
2020-08-31,21.520000457763672,22.190000534057617,21.059999465942383,21.969999313354492,21.969999313354492,4070500
2020-09-01,22.009899139404297,22.510000228881836,21.844999313354492,22.360000610351562,22.360000610351562,3463731
