Date,Open,High,Low,Close,Adj Close,Volume
2008-11-19,11.449999809265137,11.649999618530273,10.699999809265137,10.75,5.088613033294678,231400
2008-11-20,10.529999732971191,10.800000190734863,9.399999618530273,9.800000190734863,4.638920783996582,280300
2008-11-21,10.979999542236328,11.989999771118164,9.880000114440918,11.890000343322754,5.628242492675781,618700
2008-11-24,11.539999961853027,11.949999809265137,10.449999809265137,10.979999542236328,5.197484970092773,286600
2008-11-25,11.680000305175781,11.770000457763672,10.869999885559082,11.329999923706055,5.363161563873291,291500
2008-11-26,11.329999923706055,12.75,11.109999656677246,12.100000381469727,5.72764778137207,216100
2008-11-28,12.029999732971191,12.029999732971191,11.34000015258789,11.539999961853027,5.462567329406738,138000
2008-12-01,11.0,11.529999732971191,10.710000038146973,10.770000457763672,5.098080158233643,414400
2008-12-02,11.210000038146973,11.350000381469727,10.789999961853027,11.25,5.325291633605957,255700
2008-12-03,11.09000015258789,11.390000343322754,10.5,10.90999984741211,5.1643500328063965,157400
2008-12-04,10.9399995803833,11.220000267028809,10.460000038146973,10.970000267028809,5.192751407623291,148800
2008-12-05,10.630000114440918,11.979999542236328,10.5600004196167,11.710000038146973,5.543037414550781,204900
2008-12-08,12.09000015258789,12.279999732971191,11.5,11.65999984741211,5.519369125366211,312800
2008-12-09,11.65999984741211,12.020000457763672,11.380000114440918,11.569999694824219,5.476767063140869,198900
2008-12-10,11.739999771118164,12.050000190734863,11.25,11.420000076293945,5.405763149261475,206400
2008-12-11,11.539999961853027,12.109999656677246,11.260000228881836,11.260000228881836,5.330026626586914,162100
2008-12-12,11.260000228881836,12.15999984741211,11.25,12.0,5.680312156677246,182000
2008-12-15,11.770000457763672,11.880000114440918,11.350000381469727,11.479999542236328,5.434164047241211,169600
2008-12-16,11.630000114440918,12.399999618530273,11.479999542236328,12.140000343322754,5.74658203125,243700
2008-12-17,11.680000305175781,11.760000228881836,11.25,11.4399995803833,5.415230751037598,211500
2008-12-18,11.789999961853027,12.109999656677246,11.4399995803833,11.779999732971191,5.576172351837158,359600
2008-12-19,12.069999694824219,13.319999694824219,11.920000076293945,12.130000114440918,5.741848945617676,1287000
2008-12-22,12.020000457763672,12.069999694824219,11.300000190734863,11.59000015258789,5.486234188079834,377400
2008-12-23,11.510000228881836,11.520000457763672,10.619999885559082,10.850000381469727,5.135948657989502,396100
2008-12-24,10.369999885559082,11.130000114440918,10.369999885559082,10.779999732971191,5.102812767028809,89900
2008-12-26,11.050000190734863,11.220000267028809,10.9399995803833,11.199999809265137,5.301624774932861,110400
2008-12-29,10.729999542236328,10.770000457763672,10.420000076293945,10.630000114440918,5.031810283660889,162000
2008-12-30,11.069999694824219,11.390000343322754,10.789999961853027,11.039999961853027,5.225886344909668,189600
2008-12-31,10.729999542236328,11.710000038146973,10.710000038146973,11.170000076293945,5.287424087524414,144600
2009-01-02,11.079999923706055,11.989999771118164,11.0600004196167,11.600000381469727,5.490968227386475,191800
2009-01-05,11.609999656677246,12.300000190734863,11.609999656677246,12.140000343322754,5.74658203125,271600
2009-01-06,12.050000190734863,12.199999809265137,11.699999809265137,11.970000267028809,5.666110992431641,382400
2009-01-07,11.720000267028809,11.859999656677246,11.3100004196167,11.649999618530273,5.51463508605957,115000
2009-01-08,11.630000114440918,11.90999984741211,11.25,11.489999771118164,5.43889856338501,214300
2009-01-09,11.399999618530273,11.609999656677246,11.180000305175781,11.3100004196167,5.353694438934326,212900
2009-01-12,11.449999809265137,11.5600004196167,11.079999923706055,11.25,5.325291633605957,193600
2009-01-13,11.520000457763672,11.789999961853027,11.40999984741211,11.609999656677246,5.495701313018799,201100
2009-01-14,11.470000267028809,11.539999961853027,10.510000228881836,10.949999809265137,5.183284759521484,203300
2009-01-15,11.100000381469727,12.0,10.710000038146973,11.859999656677246,5.614041328430176,262000
2009-01-16,11.800000190734863,12.1899995803833,11.680000305175781,11.979999542236328,5.670844554901123,333500
2009-01-20,11.449999809265137,11.449999809265137,10.779999732971191,10.800000190734863,5.112281322479248,232600
2009-01-21,11.430000305175781,11.890000343322754,11.069999694824219,11.789999961853027,5.580905914306641,359800
2009-01-22,11.220000267028809,11.350000381469727,10.880000114440918,11.140000343322754,5.273222923278809,158600
2009-01-23,10.739999771118164,11.460000038146973,10.569999694824219,11.369999885559082,5.382095813751221,207100
2009-01-26,11.199999809265137,11.550000190734863,11.15999984741211,11.199999809265137,5.301624774932861,126600
2009-01-27,11.25,11.390000343322754,11.050000190734863,11.300000190734863,5.348961353302002,109400
2009-01-28,11.59000015258789,11.729999542236328,11.380000114440918,11.539999961853027,5.462567329406738,116900
2009-01-29,11.460000038146973,11.550000190734863,11.199999809265137,11.270000457763672,5.334759712219238,171700
2009-01-30,11.460000038146973,11.579999923706055,11.039999961853027,11.180000305175781,5.2921576499938965,204700
2009-02-02,10.9399995803833,11.210000038146973,10.899999618530273,11.140000343322754,5.273222923278809,163700
2009-02-03,10.90999984741211,11.100000381469727,10.859999656677246,10.920000076293945,5.169083118438721,113400
2009-02-04,10.979999542236328,11.489999771118164,10.869999885559082,11.020000457763672,5.216419696807861,436300
2009-02-05,10.949999809265137,11.770000457763672,10.899999618530273,11.680000305175781,5.528836250305176,377200
2009-02-06,11.449999809265137,11.9399995803833,11.399999618530273,11.880000114440918,5.623508930206299,193500
2009-02-09,11.760000228881836,12.260000228881836,11.670000076293945,12.050000190734863,5.703979015350342,363000
2009-02-10,12.050000190734863,12.420000076293945,11.699999809265137,11.869999885559082,5.618775844573975,313700
2009-02-11,11.9399995803833,12.329999923706055,11.760000228881836,12.170000076293945,5.760783672332764,412500
2009-02-12,11.770000457763672,12.229999542236328,11.329999923706055,12.0,5.680312156677246,168800
2009-02-13,11.8100004196167,12.430000305175781,11.649999618530273,12.25,5.798652172088623,234900
2009-02-17,11.720000267028809,11.739999771118164,11.279999732971191,11.470000267028809,5.429431915283203,692200
2009-02-18,11.430000305175781,11.579999923706055,11.149999618530273,11.25,5.325291633605957,788900
2009-02-19,11.489999771118164,11.579999923706055,10.970000267028809,10.989999771118164,5.202219486236572,662400
2009-02-20,10.9399995803833,11.149999618530273,10.84000015258789,11.029999732971191,5.221153259277344,651500
2009-02-23,11.34000015258789,11.34000015258789,10.029999732971191,10.15999984741211,4.809330940246582,452400
2009-02-24,9.210000038146973,10.59000015258789,9.210000038146973,10.420000076293945,4.932404518127441,743300
2009-02-25,10.25,10.859999656677246,10.100000381469727,10.529999732971191,4.984474182128906,678200
2009-02-26,10.819999694824219,11.170000076293945,10.649999618530273,10.760000228881836,5.093347549438477,657700
2009-02-27,10.600000381469727,11.170000076293945,10.600000381469727,10.800000190734863,5.112281322479248,332800
2009-03-02,10.720000267028809,10.770000457763672,9.84000015258789,10.399999618530273,4.92293643951416,393300
2009-03-03,10.59000015258789,10.59000015258789,9.710000038146973,10.25,4.851933479309082,364800
2009-03-04,10.319999694824219,10.619999885559082,10.300000190734863,10.539999961853027,4.9892072677612305,281700
2009-03-05,10.220000267028809,10.460000038146973,10.029999732971191,10.300000190734863,4.875601291656494,284100
2009-03-06,10.260000228881836,10.729999542236328,10.149999618530273,10.510000228881836,4.975006580352783,620700
2009-03-09,10.25,10.600000381469727,10.149999618530273,10.229999542236328,4.842466354370117,353900
2009-03-10,10.350000381469727,11.079999923706055,10.350000381469727,11.079999923706055,5.244820594787598,405000
2009-03-11,10.890000343322754,11.100000381469727,10.350000381469727,10.380000114440918,4.9134697914123535,621400
2009-03-12,10.529999732971191,10.670000076293945,10.399999618530273,10.600000381469727,5.017609119415283,621600
2009-03-13,10.59000015258789,10.8100004196167,10.40999984741211,10.510000228881836,4.975006580352783,353700
2009-03-16,10.729999542236328,11.079999923706055,10.460000038146973,10.479999542236328,4.960805892944336,521400
2009-03-17,10.5600004196167,11.069999694824219,10.520000457763672,11.069999694824219,5.240087509155273,405800
2009-03-18,10.960000038146973,11.470000267028809,10.720000267028809,11.279999732971191,5.339493274688721,654100
2009-03-19,11.569999694824219,11.600000381469727,10.930000305175781,11.119999885559082,5.263755798339844,541800
2009-03-20,11.010000228881836,11.09000015258789,10.699999809265137,10.970000267028809,5.192751407623291,355200
2009-03-23,10.920000076293945,11.0,10.579999923706055,10.930000305175781,5.1738176345825195,615000
2009-03-24,10.6899995803833,10.8100004196167,10.59000015258789,10.6899995803833,5.060210704803467,733500
2009-03-25,10.779999732971191,11.09000015258789,10.760000228881836,10.90999984741211,5.1643500328063965,545200
2009-03-26,10.989999771118164,11.569999694824219,10.899999618530273,11.510000228881836,5.448365211486816,269000
2009-03-27,11.170000076293945,11.390000343322754,10.760000228881836,10.880000114440918,5.150149822235107,277200
2009-03-30,10.850000381469727,11.029999732971191,10.680000305175781,11.020000457763672,5.216419696807861,373300
2009-03-31,11.140000343322754,11.369999885559082,10.829999923706055,10.829999923706055,5.126481533050537,475600
2009-04-01,11.0600004196167,11.6899995803833,10.989999771118164,11.680000305175781,5.528836250305176,502500
2009-04-02,12.020000457763672,12.34000015258789,11.899999618530273,12.270000457763672,5.808119773864746,463200
2009-04-03,12.420000076293945,12.789999961853027,12.239999771118164,12.789999961853027,6.05426549911499,420900
2009-04-06,12.380000114440918,12.449999809265137,12.130000114440918,12.359999656677246,5.850719928741455,210400
2009-04-07,12.119999885559082,12.359999656677246,12.09000015258789,12.239999771118164,5.793917655944824,152400
2009-04-08,12.550000190734863,12.760000228881836,12.4399995803833,12.600000381469727,5.964327812194824,144400
2009-04-09,13.100000381469727,13.229999542236328,12.569999694824219,12.779999732971191,6.049531936645508,272600
2009-04-13,12.8100004196167,13.170000076293945,12.59000015258789,12.9399995803833,6.125269889831543,264700
2009-04-14,12.630000114440918,12.75,12.25,12.25,5.798652172088623,290000
2009-04-15,12.229999542236328,12.9399995803833,12.220000267028809,12.930000305175781,6.1205363273620605,341400
2009-04-16,13.050000190734863,13.199999809265137,12.8100004196167,13.0,6.153670310974121,517000
2009-04-17,13.039999961853027,13.1899995803833,12.869999885559082,12.890000343322754,6.101600646972656,381600
2009-04-20,12.680000305175781,12.699999809265137,12.25,12.550000190734863,5.940659046173096,351600
2009-04-21,12.550000190734863,13.75,12.25,13.270000457763672,6.281477928161621,413300
2009-04-22,12.880000114440918,12.989999771118164,12.609999656677246,12.720000267028809,6.021130561828613,595400
2009-04-23,12.6899995803833,12.890000343322754,12.4399995803833,12.720000267028809,6.021130561828613,570300
2009-04-24,12.8100004196167,12.920000076293945,12.600000381469727,12.609999656677246,5.969061851501465,629800
2009-04-27,12.489999771118164,12.720000267028809,12.300000190734863,12.399999618530273,5.869655609130859,423300
2009-04-28,12.34000015258789,13.020000457763672,12.34000015258789,12.8100004196167,6.0637335777282715,601800
2009-04-29,13.079999923706055,13.779999732971191,13.079999923706055,13.600000381469727,6.437686443328857,432200
2009-04-30,13.579999923706055,13.699999809265137,13.079999923706055,13.079999923706055,6.191539764404297,527100
2009-05-01,13.029999732971191,13.75,12.75,13.630000114440918,6.451887130737305,358400
2009-05-04,13.550000190734863,14.069999694824219,13.449999809265137,13.890000343322754,6.5749616622924805,621900
2009-05-05,13.239999771118164,13.239999771118164,12.640000343322754,12.779999732971191,6.400670051574707,216500
2009-05-06,12.890000343322754,13.300000190734863,12.859999656677246,12.899999618530273,6.460770606994629,234700
2009-05-07,13.15999984741211,13.15999984741211,12.649999618530273,12.9399995803833,6.480804443359375,435800
2009-05-08,13.100000381469727,13.25,12.859999656677246,13.25,6.636064052581787,231300
2009-05-11,12.970000267028809,13.15999984741211,12.880000114440918,13.09000015258789,6.555929183959961,258300
2009-05-12,13.229999542236328,13.270000457763672,12.670000076293945,12.779999732971191,6.400670051574707,206500
2009-05-13,12.300000190734863,12.319999694824219,11.84000015258789,11.84000015258789,5.9298858642578125,299600
2009-05-14,11.960000038146973,12.699999809265137,11.960000038146973,12.619999885559082,6.3205366134643555,417900
2009-05-15,12.4399995803833,12.470000267028809,11.920000076293945,12.300000190734863,6.160269737243652,157700
2009-05-18,12.479999542236328,12.720000267028809,12.430000305175781,12.670000076293945,6.345579624176025,210700
2009-05-19,12.520000457763672,12.8100004196167,12.449999809265137,12.649999618530273,6.335562229156494,297900
2009-05-20,12.829999923706055,12.979999542236328,12.529999732971191,12.569999694824219,6.295495510101318,164300
2009-05-21,12.579999923706055,12.710000038146973,12.329999923706055,12.460000038146973,6.240402698516846,201300
2009-05-22,12.630000114440918,12.630000114440918,12.350000381469727,12.520000457763672,6.270453929901123,161200
2009-05-26,12.15999984741211,12.710000038146973,12.140000343322754,12.470000267028809,6.2454118728637695,214600
2009-05-27,12.619999885559082,13.1899995803833,12.460000038146973,12.600000381469727,6.310520648956299,647800
2009-05-28,12.779999732971191,12.930000305175781,12.579999923706055,12.869999885559082,6.44574499130249,286000
2009-05-29,12.920000076293945,13.630000114440918,12.75,13.229999542236328,6.6260457038879395,566300
2009-06-01,13.720000267028809,13.90999984741211,13.380000114440918,13.6899995803833,6.856430530548096,340800
2009-06-02,13.489999771118164,13.779999732971191,13.3100004196167,13.579999923706055,6.801338195800781,350300
2009-06-03,13.260000228881836,13.369999885559082,12.75,12.979999542236328,6.500838279724121,345700
2009-06-04,12.979999542236328,13.300000190734863,12.899999618530273,13.300000190734863,6.661105632781982,258400
2009-06-05,13.449999809265137,13.470000267028809,12.899999618530273,13.079999923706055,6.550921440124512,320300
2009-06-08,12.90999984741211,13.039999961853027,12.710000038146973,12.850000381469727,6.43572998046875,252600
2009-06-09,13.130000114440918,13.220000267028809,12.9399995803833,13.050000190734863,6.535896301269531,220800
2009-06-10,13.289999961853027,13.329999923706055,12.970000267028809,13.279999732971191,6.651088237762451,239800
2009-06-11,13.260000228881836,14.25,13.15999984741211,14.079999923706055,7.051755905151367,482400
2009-06-12,13.579999923706055,14.020000457763672,13.579999923706055,14.020000457763672,7.021705627441406,362600
2009-06-15,13.630000114440918,13.630000114440918,13.130000114440918,13.260000228881836,6.6410722732543945,396500
2009-06-16,13.3100004196167,13.609999656677246,13.0,13.149999618530273,6.585978984832764,491400
2009-06-17,13.039999961853027,13.680000305175781,12.770000457763672,13.550000190734863,6.786314487457275,374800
2009-06-18,13.65999984741211,13.949999809265137,13.350000381469727,13.6899995803833,6.856430530548096,420800
2009-06-19,13.9399995803833,14.850000381469727,13.65999984741211,14.770000457763672,7.397332191467285,1313500
2009-06-22,15.039999961853027,15.050000190734863,14.40999984741211,14.529999732971191,7.277131080627441,1287100
2009-06-23,14.680000305175781,14.760000228881836,14.220000267028809,14.420000076293945,7.222039699554443,785300
2009-06-24,14.770000457763672,14.84000015258789,14.0,14.149999618530273,7.086813926696777,544300
2009-06-25,14.199999809265137,14.369999885559082,14.0,14.350000381469727,7.186982154846191,739600
2009-06-26,14.420000076293945,14.460000038146973,14.229999542236328,14.359999656677246,7.191989898681641,376100
2009-06-29,14.319999694824219,14.729999542236328,14.199999809265137,14.680000305175781,7.352257251739502,254000
2009-06-30,14.609999656677246,14.670000076293945,14.170000076293945,14.579999923706055,7.302173614501953,453800
2009-07-01,14.989999771118164,15.079999923706055,14.699999809265137,14.880000114440918,7.452424049377441,244600
2009-07-02,14.390000343322754,14.550000190734863,14.180000305175781,14.300000190734863,7.161940097808838,182900
2009-07-06,14.199999809265137,14.9399995803833,14.180000305175781,14.9399995803833,7.482474327087402,392900
2009-07-07,14.630000114440918,14.829999923706055,14.470000267028809,14.5600004196167,7.292157173156738,309800
2009-07-08,14.569999694824219,14.600000381469727,14.119999885559082,14.3100004196167,7.166948318481445,240400
2009-07-09,14.359999656677246,14.449999809265137,14.100000381469727,14.3100004196167,7.166948318481445,141800
2009-07-10,14.029999732971191,14.369999885559082,14.020000457763672,14.260000228881836,7.14190673828125,147100
2009-07-13,14.390000343322754,14.739999771118164,14.109999656677246,14.6899995803833,7.357265472412109,169400
2009-07-14,14.609999656677246,14.680000305175781,14.180000305175781,14.319999694824219,7.171955585479736,357000
2009-07-15,14.800000190734863,14.90999984741211,14.479999542236328,14.850000381469727,7.437399864196777,397000
2009-07-16,14.600000381469727,15.069999694824219,14.529999732971191,14.829999923706055,7.427381992340088,190900
2009-07-17,15.109999656677246,15.130000114440918,14.890000343322754,14.949999809265137,7.487481594085693,260500
2009-07-20,15.239999771118164,15.380000114440918,15.180000305175781,15.359999656677246,7.692824840545654,313800
2009-07-21,15.449999809265137,15.539999961853027,15.079999923706055,15.279999732971191,7.6527581214904785,267000
2009-07-22,15.239999771118164,15.34000015258789,15.020000457763672,15.15999984741211,7.592658519744873,358100
2009-07-23,15.119999885559082,15.420000076293945,15.020000457763672,15.140000343322754,7.582640647888184,208900
2009-07-24,15.050000190734863,15.140000343322754,14.720000267028809,14.960000038146973,7.492489814758301,161700
2009-07-27,15.140000343322754,15.270000457763672,14.9399995803833,15.199999809265137,7.612691879272461,144800
2009-07-28,14.949999809265137,15.020000457763672,14.729999542236328,14.970000267028809,7.497498512268066,283200
2009-07-29,14.710000038146973,14.880000114440918,14.59000015258789,14.789999961853027,7.407349586486816,200900
2009-07-30,15.020000457763672,15.3100004196167,15.020000457763672,15.199999809265137,7.612691879272461,261900
2009-07-31,15.109999656677246,15.4399995803833,15.09000015258789,15.289999961853027,7.657766342163086,358000
2009-08-03,15.59000015258789,15.710000038146973,15.4399995803833,15.65999984741211,7.843075275421143,200300
2009-08-04,15.649999618530273,15.850000381469727,15.539999961853027,15.789999961853027,7.9081830978393555,376100
2009-08-05,15.789999961853027,16.1299991607666,15.420000076293945,16.059999465942383,8.04340934753418,293700
2009-08-06,16.329999923706055,16.760000228881836,16.049999237060547,16.700000762939453,8.363945007324219,331700
2009-08-07,16.579999923706055,16.709999084472656,16.309999465942383,16.350000381469727,8.188650131225586,229900
2009-08-10,16.15999984741211,16.239999771118164,15.6899995803833,15.890000343322754,7.958268642425537,296900
2009-08-11,15.630000114440918,15.670000076293945,15.300000190734863,15.319999694824219,7.672792434692383,349100
2009-08-12,15.119999885559082,15.4399995803833,15.069999694824219,15.289999961853027,7.657766342163086,319800
2009-08-13,15.149999618530273,15.270000457763672,15.010000228881836,15.260000228881836,7.6427412033081055,334300
2009-08-14,15.229999542236328,15.229999542236328,14.770000457763672,14.920000076293945,7.472458362579346,230700
2009-08-17,14.380000114440918,14.430000305175781,14.170000076293945,14.220000267028809,7.121872901916504,261800
2009-08-18,14.399999618530273,14.880000114440918,14.34000015258789,14.800000190734863,7.412358283996582,292800
2009-08-19,14.279999732971191,14.630000114440918,14.260000228881836,14.529999732971191,7.277131080627441,247500
2009-08-20,14.550000190734863,14.8100004196167,14.550000190734863,14.649999618530273,7.337231636047363,174100
2009-08-21,14.890000343322754,14.9399995803833,14.609999656677246,14.699999809265137,7.362273216247559,239900
2009-08-24,14.779999732971191,14.989999771118164,14.680000305175781,14.829999923706055,7.427381992340088,401200
2009-08-25,14.4399995803833,14.920000076293945,14.390000343322754,14.420000076293945,7.222039699554443,310000
2009-08-26,14.449999809265137,14.6899995803833,14.319999694824219,14.600000381469727,7.312191009521484,430400
2009-08-27,14.670000076293945,15.4399995803833,14.569999694824219,15.390000343322754,7.707849979400635,684900
2009-08-28,15.430000305175781,15.479999542236328,14.800000190734863,14.800000190734863,7.412358283996582,310500
2009-08-31,14.670000076293945,15.0,14.390000343322754,14.390000343322754,7.207015037536621,666100
2009-09-01,14.569999694824219,14.739999771118164,14.09000015258789,14.100000381469727,7.061773300170898,459100
2009-09-02,14.140000343322754,14.420000076293945,14.09000015258789,14.199999809265137,7.111855983734131,167400
2009-09-03,14.430000305175781,14.699999809265137,14.350000381469727,14.65999984741211,7.342240810394287,366200
2009-09-04,14.710000038146973,15.09000015258789,14.630000114440918,15.069999694824219,7.547581195831299,201400
2009-09-08,15.260000228881836,15.460000038146973,15.130000114440918,15.380000114440918,7.702841758728027,344200
2009-09-09,15.40999984741211,15.479999542236328,15.09000015258789,15.25,7.6377339363098145,271300
2009-09-10,15.279999732971191,15.710000038146973,15.25,15.640000343322754,7.8330583572387695,281900
2009-09-11,15.569999694824219,15.680000305175781,15.449999809265137,15.529999732971191,7.777966499328613,440500
2009-09-14,15.539999961853027,15.800000190734863,15.520000457763672,15.770000457763672,7.898167133331299,349000
2009-09-15,15.739999771118164,15.789999961853027,15.510000228881836,15.65999984741211,7.843075275421143,251600
2009-09-16,15.8100004196167,16.0,15.579999923706055,15.979999542236328,8.003342628479004,282800
2009-09-17,15.829999923706055,16.06999969482422,15.760000228881836,15.869999885559082,7.948250770568848,184500
2009-09-18,15.989999771118164,16.059999465942383,15.649999618530273,15.9399995803833,7.9833083152771,479400
2009-09-21,15.550000190734863,15.579999923706055,15.300000190734863,15.380000114440918,7.702841758728027,626900
2009-09-22,15.420000076293945,15.699999809265137,15.34000015258789,15.670000076293945,7.84808349609375,374500
2009-09-23,15.479999542236328,15.720000267028809,15.319999694824219,15.319999694824219,7.672792434692383,221100
2009-09-24,15.579999923706055,15.609999656677246,15.029999732971191,15.029999732971191,7.5275492668151855,222100
2009-09-25,15.09000015258789,15.239999771118164,15.039999961853027,15.149999618530273,7.587648868560791,145100
2009-09-28,15.1899995803833,15.329999923706055,15.0,15.220000267028809,7.622707843780518,121300
2009-09-29,15.109999656677246,15.1899995803833,15.010000228881836,15.149999618530273,7.587648868560791,191400
2009-09-30,15.260000228881836,15.609999656677246,15.050000190734863,15.470000267028809,7.747917175292969,371300
2009-10-01,15.369999885559082,15.479999542236328,14.949999809265137,14.960000038146973,7.492489814758301,182700
2009-10-02,14.779999732971191,15.430000305175781,14.770000457763672,15.430000305175781,7.727883338928223,377200
2009-10-05,15.3100004196167,15.899999618530273,15.279999732971191,15.84000015258789,7.933226108551025,255400
2009-10-06,15.970000267028809,16.190000534057617,15.75,15.949999809265137,7.988316535949707,332500
2009-10-07,15.739999771118164,16.1200008392334,15.649999618530273,16.1200008392334,8.07345962524414,215000
2009-10-08,16.190000534057617,16.219999313354492,15.90999984741211,16.149999618530273,8.088484764099121,175400
2009-10-09,16.0,16.229999542236328,16.0,16.190000534057617,8.10851764678955,132600
2009-10-12,16.280000686645508,16.479999542236328,16.1200008392334,16.329999923706055,8.178634643554688,89900
2009-10-13,16.200000762939453,16.3700008392334,16.0,16.3700008392334,8.19866943359375,207900
2009-10-14,16.440000534057617,16.90999984741211,16.420000076293945,16.90999984741211,8.46911907196045,266000
2009-10-15,16.690000534057617,16.90999984741211,16.649999618530273,16.8799991607666,8.454093933105469,288800
2009-10-16,16.420000076293945,16.670000076293945,16.399999618530273,16.520000457763672,8.27379322052002,423800
2009-10-19,16.459999084472656,16.579999923706055,16.350000381469727,16.389999389648438,8.208684921264648,296800
2009-10-20,15.949999809265137,16.040000915527344,15.350000381469727,15.6899995803833,7.858100414276123,511800
2009-10-21,15.729999542236328,16.239999771118164,15.729999542236328,15.899999618530273,7.963276386260986,591600
2009-10-22,15.869999885559082,15.890000343322754,15.65999984741211,15.800000190734863,7.913192272186279,167600
2009-10-23,15.829999923706055,15.920000076293945,15.550000190734863,15.569999694824219,7.798000812530518,284400
2009-10-26,15.680000305175781,15.770000457763672,14.880000114440918,15.09000015258789,7.55759859085083,1238500
2009-10-27,14.90999984741211,15.109999656677246,14.630000114440918,14.640000343322754,7.332223892211914,536900
2009-10-28,14.770000457763672,14.930000305175781,13.880000114440918,13.970000267028809,6.996664524078369,754400
2009-10-29,14.329999923706055,14.890000343322754,14.09000015258789,14.8100004196167,7.417364597320557,519000
2009-10-30,14.859999656677246,14.890000343322754,14.069999694824219,14.34000015258789,7.181972503662109,977000
2009-11-02,14.34000015258789,14.390000343322754,13.850000381469727,14.239999771118164,7.131889820098877,460500
2009-11-03,13.979999542236328,14.5600004196167,13.949999809265137,14.4399995803833,7.232056617736816,371300
2009-11-04,15.180000305175781,15.479999542236328,15.050000190734863,15.229999542236328,7.627716064453125,473700
2009-11-05,15.4399995803833,15.789999961853027,15.420000076293945,15.6899995803833,7.858100414276123,586900
2009-11-06,15.510000228881836,16.09000015258789,15.510000228881836,16.09000015258789,8.058433532714844,920600
2009-11-09,16.290000915527344,16.889999389648438,16.260000228881836,16.8700008392334,8.449087142944336,1421400
2009-11-10,16.420000076293945,16.65999984741211,16.219999313354492,16.549999237060547,8.288818359375,565000
2009-11-11,16.559999465942383,16.6200008392334,15.989999771118164,16.260000228881836,8.143576622009277,507100
2009-11-12,16.329999923706055,16.389999389648438,15.640000343322754,15.850000381469727,7.938234329223633,911000
2009-11-13,15.859999656677246,16.399999618530273,15.75,16.190000534057617,8.10851764678955,365600
2009-11-16,16.34000015258789,16.530000686645508,16.239999771118164,16.389999389648438,8.208684921264648,388700
2009-11-17,16.25,16.59000015258789,16.1200008392334,16.56999969482422,8.298834800720215,451000
2009-11-18,16.549999237060547,16.549999237060547,16.190000534057617,16.459999084472656,8.243742942810059,333500
2009-11-19,16.40999984741211,16.43000030517578,15.949999809265137,16.239999771118164,8.133560180664062,297800
2009-11-20,15.989999771118164,16.18000030517578,15.829999923706055,16.049999237060547,8.038400650024414,231400
2009-11-23,16.219999313354492,16.40999984741211,16.079999923706055,16.260000228881836,8.143576622009277,249000
2009-11-24,16.200000762939453,16.3799991607666,16.1299991607666,16.329999923706055,8.178634643554688,257200
2009-11-25,16.579999923706055,16.889999389648438,16.389999389648438,16.719999313354492,8.3739595413208,414300
2009-11-27,16.540000915527344,17.6200008392334,16.540000915527344,17.389999389648438,8.70952033996582,769200
2009-11-30,17.479999542236328,17.59000015258789,16.93000030517578,17.170000076293945,8.599335670471191,831300
2009-12-01,17.559999465942383,18.360000610351562,17.389999389648438,18.09000015258789,9.060102462768555,527800
2009-12-02,18.329999923706055,19.579999923706055,18.329999923706055,19.579999923706055,9.80634880065918,782200
2009-12-03,19.610000610351562,20.420000076293945,19.440000534057617,19.549999237060547,9.791322708129883,955100
2009-12-04,20.209999084472656,20.43000030517578,19.540000915527344,19.84000015258789,9.936565399169922,1265500
2009-12-07,19.440000534057617,20.239999771118164,19.440000534057617,19.829999923706055,9.93155574798584,502100
2009-12-08,19.600000381469727,20.079999923706055,18.8700008392334,20.030000686645508,10.031723976135254,541400
2009-12-09,20.09000015258789,20.889999389648438,19.989999771118164,20.860000610351562,10.447416305541992,991600
2009-12-10,21.770000457763672,22.479999542236328,21.670000076293945,22.270000457763672,11.153594017028809,1956900
2009-12-11,21.709999084472656,22.15999984741211,21.25,22.100000381469727,11.068453788757324,1578700
2009-12-14,21.309999465942383,21.530000686645508,20.790000915527344,20.969999313354492,10.502508163452148,1003100
2009-12-15,20.6299991607666,21.239999771118164,20.43000030517578,21.200000762939453,10.61770248413086,656200
2009-12-16,21.40999984741211,21.420000076293945,20.309999465942383,20.889999389648438,10.462441444396973,909300
2009-12-17,20.15999984741211,20.450000762939453,19.84000015258789,19.860000610351562,9.946581840515137,783400
2009-12-18,19.610000610351562,20.020000457763672,19.469999313354492,19.75,9.891490936279297,680000
2009-12-21,19.989999771118164,20.280000686645508,19.889999389648438,20.079999923706055,10.056766510009766,837900
2009-12-22,19.979999542236328,20.15999984741211,19.6299991607666,19.860000610351562,9.946581840515137,887500
2009-12-23,19.59000015258789,19.959999084472656,19.3799991607666,19.8799991607666,9.956597328186035,1027600
2009-12-24,20.190000534057617,20.290000915527344,19.889999389648438,20.18000030517578,10.106850624084473,81800
2009-12-28,20.6299991607666,20.8700008392334,20.43000030517578,20.770000457763672,10.402341842651367,420000
2009-12-29,21.09000015258789,21.34000015258789,21.049999237060547,21.18000030517578,10.607684135437012,508700
2009-12-30,21.09000015258789,21.25,21.030000686645508,21.09000015258789,10.562609672546387,297700
2009-12-31,21.34000015258789,21.34000015258789,20.90999984741211,21.09000015258789,10.562609672546387,203300
2010-01-04,21.6299991607666,22.399999618530273,21.510000228881836,22.229999542236328,11.133560180664062,603400
2010-01-05,22.190000534057617,22.219999313354492,21.8799991607666,22.09000015258789,11.063446044921875,849600
2010-01-06,21.860000610351562,22.0,21.56999969482422,21.68000030517578,10.858100891113281,589100
2010-01-07,21.309999465942383,22.0,21.280000686645508,21.8700008392334,10.95326042175293,503100
2010-01-08,22.0,23.059999465942383,22.0,22.739999771118164,11.38898754119873,577400
2010-01-11,22.43000030517578,22.690000534057617,21.93000030517578,22.079999923706055,11.058435440063477,904000
2010-01-12,21.770000457763672,22.030000686645508,21.510000228881836,21.940000534057617,10.988317489624023,1339500
2010-01-13,21.709999084472656,21.889999389648438,21.25,21.75,10.893162727355957,915700
2010-01-14,21.940000534057617,22.100000381469727,21.34000015258789,21.440000534057617,10.737903594970703,591100
2010-01-15,21.200000762939453,21.309999465942383,20.420000076293945,20.65999984741211,10.347249031066895,474700
2010-01-19,20.3799991607666,21.6200008392334,20.260000228881836,21.520000457763672,10.777970314025879,948600
2010-01-20,21.3799991607666,21.450000762939453,20.309999465942383,20.809999465942383,10.42237377166748,1003800
2010-01-21,21.139999389648438,21.40999984741211,20.889999389648438,21.040000915527344,10.537567138671875,1146100
2010-01-22,23.790000915527344,23.989999771118164,21.850000381469727,22.68000030517578,11.358935356140137,4395300
2010-01-25,23.299999237060547,23.299999237060547,22.549999237060547,22.610000610351562,11.323877334594727,693000
2010-01-26,22.389999389648438,22.540000915527344,21.8799991607666,21.8799991607666,10.958268165588379,1224100
2010-01-27,21.59000015258789,21.68000030517578,21.030000686645508,21.219999313354492,10.627717971801758,1874000
2010-01-28,21.170000076293945,21.170000076293945,20.469999313354492,20.799999237060547,10.417366981506348,1093300
2010-01-29,21.15999984741211,21.489999771118164,20.93000030517578,21.280000686645508,10.657767295837402,1355400
2010-02-01,15.619999885559082,16.5,15.329999923706055,15.619999885559082,11.078348159790039,2006300
2010-02-02,15.520000457763672,15.859999656677246,15.489999771118164,15.6899995803833,11.127994537353516,1493000
2010-02-03,15.5,15.59000015258789,14.4399995803833,14.850000381469727,10.532232284545898,968000
2010-02-04,14.109999656677246,14.300000190734863,13.4399995803833,13.520000457763672,9.58894157409668,1920600
2010-02-05,13.529999732971191,13.59000015258789,12.819999694824219,13.229999542236328,9.383260726928711,1818800
2010-02-08,13.0600004196167,13.1899995803833,12.829999923706055,12.890000343322754,9.142118453979492,1304400
2010-02-09,13.220000267028809,13.84000015258789,13.180000305175781,13.479999542236328,9.56057071685791,1363500
2010-02-10,13.539999961853027,13.569999694824219,13.170000076293945,13.369999885559082,9.48255443572998,428200
2010-02-11,13.270000457763672,13.630000114440918,13.1899995803833,13.5,9.574755668640137,686500
2010-02-12,13.210000038146973,13.40999984741211,13.09000015258789,13.300000190734863,9.43290901184082,413300
2010-02-16,13.680000305175781,13.930000305175781,13.5,13.770000457763672,9.766250610351562,533800
2010-02-17,13.869999885559082,13.989999771118164,13.5600004196167,13.5600004196167,9.617310523986816,813500
2010-02-18,13.600000381469727,13.949999809265137,13.529999732971191,13.930000305175781,9.879730224609375,633500
2010-02-19,13.720000267028809,13.930000305175781,13.619999885559082,13.75,9.752066612243652,432300
2010-02-22,13.729999542236328,13.789999961853027,13.25,13.420000076293945,9.518016815185547,520600
2010-02-23,13.180000305175781,13.289999961853027,12.949999809265137,12.949999809265137,9.184673309326172,488000
2010-02-24,12.880000114440918,13.050000190734863,12.800000190734863,12.8100004196167,9.085380554199219,448800
2010-02-25,12.4399995803833,13.229999542236328,12.420000076293945,13.170000076293945,9.340706825256348,722100
2010-02-26,13.020000457763672,13.199999809265137,12.770000457763672,13.0,9.220134735107422,506100
2010-03-01,13.279999732971191,13.579999923706055,13.239999771118164,13.579999923706055,9.63149642944336,588300
2010-03-02,13.880000114440918,14.100000381469727,13.869999885559082,13.920000076293945,9.872638702392578,750500
2010-03-03,13.920000076293945,14.140000343322754,13.380000114440918,13.65999984741211,9.68823528289795,683400
2010-03-04,13.569999694824219,13.680000305175781,13.350000381469727,13.65999984741211,9.68823528289795,863900
2010-03-05,13.859999656677246,14.789999961853027,13.829999923706055,13.970000267028809,9.908100128173828,643800
2010-03-08,14.0,14.029999732971191,13.710000038146973,13.84000015258789,9.815897941589355,432900
2010-03-09,13.710000038146973,14.649999618530273,13.710000038146973,14.479999542236328,10.269813537597656,1176700
2010-03-10,14.65999984741211,15.050000190734863,14.430000305175781,14.699999809265137,10.4258451461792,787100
2010-03-11,14.710000038146973,14.770000457763672,14.460000038146973,14.609999656677246,10.362013816833496,363400
2010-03-12,14.699999809265137,14.729999542236328,14.279999732971191,14.520000457763672,10.29818344116211,419400
2010-03-15,14.40999984741211,14.8100004196167,14.25,14.670000076293945,10.404568672180176,558800
2010-03-16,14.850000381469727,15.119999885559082,14.75,15.109999656677246,10.716633796691895,580100
2010-03-17,15.140000343322754,15.420000076293945,15.100000381469727,15.40999984741211,10.92940616607666,617800
2010-03-18,15.25,15.350000381469727,14.899999618530273,15.25,10.81592845916748,817400
2010-03-19,15.109999656677246,15.359999656677246,14.989999771118164,15.109999656677246,10.716633796691895,748800
2010-03-22,14.760000228881836,14.869999885559082,14.600000381469727,14.65999984741211,10.397476196289062,830200
2010-03-23,14.760000228881836,15.039999961853027,14.579999923706055,14.869999885559082,10.546416282653809,457800
2010-03-24,14.579999923706055,14.770000457763672,14.4399995803833,14.550000190734863,10.319459915161133,545600
2010-03-25,14.489999771118164,14.59000015258789,14.199999809265137,14.210000038146973,10.078317642211914,649800
2010-03-26,14.260000228881836,14.40999984741211,14.170000076293945,14.390000343322754,10.205981254577637,590700
2010-03-29,14.779999732971191,15.029999732971191,14.65999984741211,14.970000267028809,10.617340087890625,478000
2010-03-30,14.850000381469727,15.0,14.760000228881836,14.920000076293945,10.581879615783691,610900
2010-03-31,14.920000076293945,15.100000381469727,14.770000457763672,15.0,10.638618469238281,664600
2010-04-01,15.020000457763672,15.350000381469727,15.020000457763672,15.260000228881836,10.823020935058594,786400
2010-04-05,15.300000190734863,15.300000190734863,14.819999694824219,14.970000267028809,10.617340087890625,891700
2010-04-06,14.90999984741211,15.050000190734863,14.760000228881836,15.010000228881836,10.645710945129395,729500
2010-04-07,14.920000076293945,15.010000228881836,14.699999809265137,14.819999694824219,10.510953903198242,776000
2010-04-08,14.600000381469727,14.84000015258789,14.539999961853027,14.600000381469727,10.354923248291016,603100
2010-04-09,14.630000114440918,14.8100004196167,14.600000381469727,14.760000228881836,10.468400955200195,566000
2010-04-12,14.770000457763672,14.9399995803833,14.550000190734863,14.630000114440918,10.376199722290039,550600
2010-04-13,14.630000114440918,14.670000076293945,14.5,14.539999961853027,10.312366485595703,561000
2010-04-14,14.569999694824219,14.670000076293945,14.529999732971191,14.609999656677246,10.362013816833496,349100
2010-04-15,14.539999961853027,14.739999771118164,14.430000305175781,14.529999732971191,10.305274963378906,566800
2010-04-16,14.319999694824219,14.5,14.25,14.460000038146973,10.255627632141113,969700
2010-04-19,14.579999923706055,14.75,14.479999542236328,14.539999961853027,10.312366485595703,700200
2010-04-20,14.720000267028809,14.779999732971191,14.430000305175781,14.479999542236328,10.269813537597656,506400
2010-04-21,14.630000114440918,14.670000076293945,14.390000343322754,14.539999961853027,10.312366485595703,589600
2010-04-22,14.329999923706055,14.710000038146973,14.289999961853027,14.680000305175781,10.411661148071289,740900
2010-04-23,14.5,14.819999694824219,14.329999923706055,14.770000457763672,10.475493431091309,748600
2010-04-26,14.850000381469727,14.850000381469727,14.470000267028809,14.569999694824219,10.333643913269043,541500
2010-04-27,14.479999542236328,14.75,14.020000457763672,14.0600004196167,9.971932411193848,855700
2010-04-28,14.380000114440918,14.40999984741211,14.109999656677246,14.279999732971191,10.127963066101074,1202000
2010-04-29,14.430000305175781,14.529999732971191,14.34000015258789,14.479999542236328,10.269813537597656,1044800
2010-04-30,14.579999923706055,14.6899995803833,14.220000267028809,14.289999961853027,10.135058403015137,792000
2010-05-03,14.149999618530273,14.1899995803833,13.680000305175781,13.890000343322754,10.014650344848633,1667900
2010-05-04,13.609999656677246,13.609999656677246,13.149999618530273,13.15999984741211,9.488323211669922,1253200
2010-05-05,12.680000305175781,12.930000305175781,12.489999771118164,12.739999771118164,9.185502052307129,1461200
2010-05-06,12.430000305175781,12.800000190734863,10.930000305175781,11.949999809265137,8.615915298461914,2446100
2010-05-07,11.880000114440918,12.489999771118164,11.680000305175781,12.279999732971191,8.853843688964844,2167400
2010-05-10,13.029999732971191,13.449999809265137,13.0,13.399999618530273,9.661360740661621,1735000
2010-05-11,13.039999961853027,13.510000228881836,13.039999961853027,13.1899995803833,9.5099515914917,1128200
2010-05-12,13.420000076293945,13.470000267028809,13.220000267028809,13.289999961853027,9.582051277160645,625200
2010-05-13,13.25,13.399999618530273,13.149999618530273,13.199999809265137,9.51716136932373,423300
2010-05-14,13.09000015258789,13.119999885559082,12.579999923706055,12.739999771118164,9.185502052307129,764800
2010-05-17,12.640000343322754,12.8100004196167,12.229999542236328,12.720000267028809,9.171083450317383,819900
2010-05-18,12.779999732971191,12.8100004196167,12.039999961853027,12.239999771118164,8.825003623962402,135000
2010-05-19,12.359999656677246,12.539999961853027,12.0,12.210000038146973,8.803374290466309,904600
2010-05-20,11.779999732971191,11.989999771118164,11.460000038146973,11.739999771118164,8.464506149291992,1056000
2010-05-21,11.4399995803833,12.149999618530273,11.4399995803833,12.050000190734863,8.68801498413086,729600
2010-05-24,11.989999771118164,12.180000305175781,11.760000228881836,11.890000343322754,8.57265567779541,742600
2010-05-25,11.630000114440918,12.0600004196167,11.510000228881836,12.0,8.651966094970703,824400
2010-05-26,11.930000305175781,12.390000343322754,11.800000190734863,11.979999542236328,8.637544631958008,1007800
2010-05-27,12.390000343322754,12.5600004196167,12.300000190734863,12.520000457763672,9.026884078979492,642800
2010-05-28,12.34000015258789,12.670000076293945,12.239999771118164,12.479999542236328,8.998044967651367,658000
2010-06-01,12.260000228881836,12.729999542236328,12.079999923706055,12.390000343322754,8.933154106140137,1003700
2010-06-02,12.430000305175781,12.59000015258789,12.25,12.59000015258789,9.077354431152344,599800
2010-06-03,12.300000190734863,12.550000190734863,12.180000305175781,12.40999984741211,8.947574615478516,854400
2010-06-04,12.260000228881836,12.399999618530273,12.09000015258789,12.140000343322754,8.752903938293457,743800
2010-06-07,12.140000343322754,12.3100004196167,12.020000457763672,12.020000457763672,8.666385650634766,898900
2010-06-08,12.119999885559082,12.199999809265137,11.899999618530273,12.09000015258789,8.716856002807617,1005700
2010-06-09,12.260000228881836,12.270000457763672,12.050000190734863,12.0600004196167,8.695225715637207,646500
2010-06-10,12.319999694824219,12.5600004196167,11.930000305175781,12.520000457763672,9.026884078979492,1066000
2010-06-11,12.460000038146973,12.880000114440918,12.40999984741211,12.850000381469727,9.264814376831055,709900
2010-06-14,12.90999984741211,13.069999694824219,12.789999961853027,12.8100004196167,9.23597240447998,659000
2010-06-15,13.050000190734863,13.350000381469727,12.970000267028809,13.25,9.55321216583252,663200
2010-06-16,13.100000381469727,13.680000305175781,13.050000190734863,13.600000381469727,9.805561065673828,872700
2010-06-17,13.739999771118164,13.890000343322754,13.630000114440918,13.760000228881836,9.920920372009277,747700
2010-06-18,13.920000076293945,14.25,13.880000114440918,13.989999771118164,10.086750030517578,1066400
2010-06-21,14.199999809265137,14.359999656677246,13.850000381469727,13.930000305175781,10.043490409851074,692000
2010-06-22,14.050000190734863,14.289999961853027,13.920000076293945,13.970000267028809,10.0723295211792,597900
2010-06-23,13.90999984741211,13.9399995803833,13.630000114440918,13.920000076293945,10.036280632019043,806600
2010-06-24,13.779999732971191,13.84000015258789,13.579999923706055,13.680000305175781,9.863241195678711,704800
2010-06-25,13.850000381469727,14.0,13.680000305175781,13.899999618530273,10.021860122680664,860000
2010-06-28,13.979999542236328,14.109999656677246,13.779999732971191,13.819999694824219,9.964180946350098,466200
2010-06-29,13.600000381469727,13.699999809265137,13.390000343322754,13.5600004196167,9.776721000671387,741400
2010-06-30,13.670000076293945,13.850000381469727,13.359999656677246,13.359999656677246,9.632522583007812,570600
2010-07-01,13.329999923706055,13.329999923706055,12.930000305175781,13.1899995803833,9.5099515914917,721700
2010-07-02,13.15999984741211,13.279999732971191,12.920000076293945,13.020000457763672,9.387383460998535,810500
2010-07-06,13.229999542236328,13.319999694824219,12.800000190734863,12.90999984741211,9.308074951171875,1116100
2010-07-07,13.0,13.119999885559082,12.890000343322754,13.069999694824219,9.423431396484375,816800
2010-07-08,13.0,13.050000190734863,12.75,12.970000267028809,9.351332664489746,812200
2010-07-09,12.619999885559082,13.399999618530273,12.5600004196167,13.239999771118164,9.546003341674805,330600
2010-07-12,13.010000228881836,13.079999923706055,12.520000457763672,12.630000114440918,9.106193542480469,810400
2010-07-13,12.789999961853027,12.869999885559082,12.609999656677246,12.739999771118164,9.185502052307129,406900
2010-07-14,12.930000305175781,12.949999809265137,12.65999984741211,12.770000457763672,9.207133293151855,731900
2010-07-15,12.75,12.789999961853027,12.3100004196167,12.550000190734863,9.04851245880127,1256300
2010-07-16,12.529999732971191,12.539999961853027,12.1899995803833,12.279999732971191,8.853843688964844,961300
2010-07-19,12.350000381469727,12.390000343322754,12.210000038146973,12.319999694824219,8.882684707641602,560400
2010-07-20,12.199999809265137,12.670000076293945,12.15999984741211,12.510000228881836,9.019675254821777,1036400
2010-07-21,12.609999656677246,12.609999656677246,12.329999923706055,12.449999809265137,8.976414680480957,813200
2010-07-22,12.670000076293945,12.899999618530273,12.649999618530273,12.84000015258789,9.257603645324707,583700
2010-07-23,12.739999771118164,13.029999732971191,12.579999923706055,12.979999542236328,9.358542442321777,873800
2010-07-26,12.899999618530273,13.020000457763672,12.850000381469727,12.989999771118164,9.365753173828125,682000
2010-07-27,13.079999923706055,13.079999923706055,12.600000381469727,12.640000343322754,9.1134033203125,1133100
2010-07-28,12.569999694824219,12.800000190734863,12.510000228881836,12.720000267028809,9.171083450317383,693500
2010-07-29,12.880000114440918,12.960000038146973,12.770000457763672,12.84000015258789,9.257603645324707,425000
2010-07-30,12.890000343322754,13.170000076293945,12.819999694824219,13.079999923706055,9.430644035339355,567300
2010-08-02,13.300000190734863,13.329999923706055,13.170000076293945,13.25,9.55321216583252,445000
2010-08-03,13.170000076293945,13.25,13.0600004196167,13.149999618530273,9.481111526489258,434000
2010-08-04,13.130000114440918,13.279999732971191,12.979999542236328,13.220000267028809,9.531582832336426,498200
2010-08-05,13.119999885559082,13.170000076293945,13.010000228881836,13.149999618530273,9.481111526489258,293300
2010-08-06,13.140000343322754,13.279999732971191,13.100000381469727,13.15999984741211,9.488323211669922,405100
2010-08-09,13.15999984741211,13.229999542236328,13.050000190734863,13.069999694824219,9.423431396484375,280600
2010-08-10,13.039999961853027,13.25,12.970000267028809,13.0600004196167,9.41622257232666,450800
2010-08-11,12.890000343322754,12.949999809265137,12.619999885559082,12.640000343322754,9.1134033203125,407600
2010-08-12,12.630000114440918,12.720000267028809,12.5600004196167,12.619999885559082,9.098983764648438,397900
2010-08-13,12.649999618530273,12.890000343322754,12.609999656677246,12.680000305175781,9.142244338989258,389600
2010-08-16,12.779999732971191,12.9399995803833,12.680000305175781,12.850000381469727,9.264814376831055,425500
2010-08-17,12.970000267028809,12.989999771118164,12.729999542236328,12.729999542236328,9.178293228149414,739600
2010-08-18,12.829999923706055,12.930000305175781,12.760000228881836,12.880000114440918,9.286442756652832,756800
2010-08-19,12.84000015258789,12.84000015258789,12.619999885559082,12.670000076293945,9.135034561157227,477700
2010-08-20,12.5600004196167,12.970000267028809,12.529999732971191,12.9399995803833,9.329704284667969,517600
2010-08-23,13.0,13.0,12.630000114440918,12.670000076293945,9.135034561157227,625400
2010-08-24,12.510000228881836,12.779999732971191,12.390000343322754,12.729999542236328,9.178293228149414,611700
2010-08-25,12.630000114440918,12.6899995803833,12.5,12.59000015258789,9.077354431152344,725400
2010-08-26,12.59000015258789,12.65999984741211,12.300000190734863,12.300000190734863,8.868264198303223,727400
2010-08-27,12.369999885559082,12.829999923706055,12.359999656677246,12.600000381469727,9.084565162658691,930400
2010-08-30,12.630000114440918,12.720000267028809,12.25,12.289999961853027,8.861055374145508,880300
2010-08-31,12.539999961853027,12.5600004196167,12.300000190734863,12.359999656677246,8.911523818969727,1062100
2010-09-01,12.520000457763672,12.670000076293945,12.460000038146973,12.550000190734863,9.04851245880127,1019400
2010-09-02,12.529999732971191,12.619999885559082,12.510000228881836,12.600000381469727,9.084565162658691,410100
2010-09-03,12.729999542236328,12.800000190734863,12.5,12.609999656677246,9.091773986816406,711800
2010-09-07,12.609999656677246,12.90999984741211,12.569999694824219,12.8100004196167,9.23597240447998,568100
2010-09-08,12.5600004196167,12.739999771118164,12.420000076293945,12.5,9.01246452331543,954900
2010-09-09,12.5600004196167,12.5600004196167,12.369999885559082,12.40999984741211,8.947574615478516,473300
2010-09-10,12.40999984741211,12.65999984741211,12.380000114440918,12.600000381469727,9.084565162658691,1293600
2010-09-13,12.760000228881836,12.920000076293945,12.65999984741211,12.90999984741211,9.308074951171875,1409200
2010-09-14,12.960000038146973,13.0,12.770000457763672,12.800000190734863,9.22876262664795,1163200
2010-09-15,12.75,12.819999694824219,12.550000190734863,12.6899995803833,9.149453163146973,874800
2010-09-16,12.710000038146973,12.789999961853027,12.680000305175781,12.760000228881836,9.19992446899414,351300
2010-09-17,12.649999618530273,12.779999732971191,12.5600004196167,12.600000381469727,9.084565162658691,973600
2010-09-20,12.600000381469727,12.800000190734863,12.5600004196167,12.710000038146973,9.163873672485352,762300
2010-09-21,12.710000038146973,12.859999656677246,12.520000457763672,12.800000190734863,9.22876262664795,566700
2010-09-22,12.90999984741211,13.010000228881836,12.619999885559082,12.710000038146973,9.163873672485352,1017900
2010-09-23,12.699999809265137,12.850000381469727,12.630000114440918,12.720000267028809,9.171083450317383,905600
2010-09-24,12.850000381469727,12.899999618530273,12.760000228881836,12.819999694824219,9.243184089660645,592700
2010-09-27,12.859999656677246,12.920000076293945,12.84000015258789,12.859999656677246,9.27202320098877,580500
2010-09-28,12.84000015258789,12.920000076293945,12.729999542236328,12.850000381469727,9.264814376831055,318800
2010-09-29,12.869999885559082,12.920000076293945,12.729999542236328,12.789999961853027,9.221553802490234,682400
2010-09-30,12.84000015258789,12.899999618530273,12.779999732971191,12.850000381469727,9.264814376831055,510800
2010-10-01,12.989999771118164,13.100000381469727,12.869999885559082,13.029999732971191,9.39459228515625,913200
2010-10-04,13.239999771118164,13.390000343322754,13.1899995803833,13.319999694824219,9.603682518005371,864600
2010-10-05,13.479999542236328,13.930000305175781,13.479999542236328,13.84000015258789,9.978601455688477,1205400
2010-10-06,13.880000114440918,13.899999618530273,13.710000038146973,13.899999618530273,10.021860122680664,699700
2010-10-07,13.899999618530273,13.979999542236328,13.729999542236328,13.819999694824219,9.964180946350098,859700
2010-10-08,13.75,14.0600004196167,13.699999809265137,14.0,10.09395980834961,554600
2010-10-11,14.069999694824219,14.15999984741211,13.979999542236328,14.130000114440918,10.187687873840332,583000
2010-10-12,14.199999809265137,14.6899995803833,14.100000381469727,14.529999732971191,10.476088523864746,1382200
2010-10-13,14.720000267028809,15.300000190734863,14.6899995803833,15.220000267028809,10.973576545715332,2090300
2010-10-14,15.079999923706055,15.5600004196167,15.079999923706055,15.369999885559082,11.081725120544434,2162700
2010-10-15,15.529999732971191,15.930000305175781,15.479999542236328,15.920000076293945,11.478275299072266,1115200
2010-10-18,15.229999542236328,15.399999618530273,14.770000457763672,14.829999923706055,10.692386627197266,1428700
2010-10-19,14.140000343322754,14.619999885559082,14.079999923706055,14.59000015258789,10.51934814453125,1914200
2010-10-20,14.8100004196167,15.069999694824219,14.739999771118164,15.010000228881836,10.82216739654541,1503800
2010-10-21,14.460000038146973,14.680000305175781,14.279999732971191,14.3100004196167,10.317469596862793,2835000
2010-10-22,14.270000457763672,14.329999923706055,14.050000190734863,14.140000343322754,10.194900512695312,995300
2010-10-25,14.229999542236328,14.34000015258789,13.960000038146973,14.0,10.09395980834961,1082600
2010-10-26,13.819999694824219,14.600000381469727,13.800000190734863,14.4399995803833,10.411198616027832,1373900
2010-10-27,14.229999542236328,14.279999732971191,14.0,14.279999732971191,10.295839309692383,987100
2010-10-28,14.40999984741211,14.40999984741211,13.890000343322754,13.960000038146973,10.065119743347168,1017600
2010-10-29,13.920000076293945,14.180000305175781,13.920000076293945,13.970000267028809,10.0723295211792,898100
2010-11-01,14.039999961853027,14.479999542236328,14.039999961853027,14.329999923706055,10.331889152526855,482000
2010-11-02,14.510000228881836,14.539999961853027,14.239999771118164,14.380000114440918,10.367937088012695,462100
2010-11-03,14.289999961853027,14.420000076293945,14.109999656677246,14.289999961853027,10.303049087524414,760800
2010-11-04,14.430000305175781,14.710000038146973,14.420000076293945,14.65999984741211,10.569818496704102,855600
2010-11-05,14.529999732971191,14.630000114440918,14.25,14.359999656677246,10.35351848602295,642700
2010-11-08,14.069999694824219,14.300000190734863,14.069999694824219,14.300000190734863,10.310258865356445,485800
2010-11-09,14.279999732971191,14.279999732971191,13.829999923706055,13.960000038146973,10.065119743347168,756400
2010-11-10,13.960000038146973,13.970000267028809,13.649999618530273,13.779999732971191,9.935338973999023,820500
2010-11-11,13.449999809265137,13.520000457763672,13.390000343322754,13.479999542236328,9.719039916992188,776000
2010-11-12,13.289999961853027,13.430000305175781,13.15999984741211,13.270000457763672,9.567632675170898,725400
2010-11-15,13.399999618530273,13.5,13.319999694824219,13.40999984741211,9.668571472167969,272000
2010-11-16,13.3100004196167,13.420000076293945,13.029999732971191,13.140000343322754,9.473902702331543,1003800
2010-11-17,13.170000076293945,13.430000305175781,13.100000381469727,13.239999771118164,9.546003341674805,629600
2010-11-18,13.329999923706055,13.460000038146973,13.239999771118164,13.420000076293945,9.675782203674316,718900
2010-11-19,13.3100004196167,13.399999618530273,13.239999771118164,13.390000343322754,9.654152870178223,671200
2010-11-22,13.350000381469727,13.600000381469727,13.020000457763672,13.25,9.55321216583252,748500
2010-11-23,13.050000190734863,13.079999923706055,12.869999885559082,12.9399995803833,9.329704284667969,711300
2010-11-24,13.100000381469727,13.3100004196167,13.079999923706055,13.229999542236328,9.538790702819824,471800
2010-11-26,12.920000076293945,13.239999771118164,12.890000343322754,13.09000015258789,9.43785285949707,476400
2010-11-29,12.890000343322754,13.010000228881836,12.729999542236328,13.0,9.372962951660156,410200
2010-11-30,12.949999809265137,13.4399995803833,12.930000305175781,13.380000114440918,9.646942138671875,745700
2010-12-01,13.449999809265137,13.720000267028809,13.380000114440918,13.649999618530273,9.841611862182617,550300
2010-12-02,13.630000114440918,13.84000015258789,13.600000381469727,13.760000228881836,9.920920372009277,445800
2010-12-03,13.789999961853027,14.279999732971191,13.720000267028809,14.229999542236328,10.25978946685791,623100
2010-12-06,14.180000305175781,14.3100004196167,14.140000343322754,14.3100004196167,10.317469596862793,545800
2010-12-07,14.199999809265137,14.260000228881836,13.8100004196167,13.880000114440918,10.007440567016602,460500
2010-12-08,13.84000015258789,13.960000038146973,13.710000038146973,13.829999923706055,9.971389770507812,432800
2010-12-09,13.800000190734863,13.819999694824219,13.289999961853027,13.359999656677246,9.632522583007812,1059800
2010-12-10,13.4399995803833,13.5600004196167,13.380000114440918,13.529999732971191,9.75508975982666,278600
2010-12-13,13.699999809265137,13.760000228881836,13.550000190734863,13.6899995803833,9.870450019836426,353700
2010-12-14,13.569999694824219,13.600000381469727,13.40999984741211,13.539999961853027,9.762301445007324,396600
2010-12-15,13.430000305175781,13.449999809265137,13.180000305175781,13.220000267028809,9.531582832336426,566200
2010-12-16,13.3100004196167,13.34000015258789,13.15999984741211,13.260000228881836,9.56042194366455,413900
2010-12-17,13.130000114440918,13.149999618530273,12.930000305175781,13.149999618530273,9.481111526489258,720700
2010-12-20,13.069999694824219,13.25,13.029999732971191,13.220000267028809,9.531582832336426,636900
2010-12-21,13.34000015258789,13.449999809265137,13.300000190734863,13.329999923706055,9.610893249511719,368700
2010-12-22,13.100000381469727,13.289999961853027,13.029999732971191,13.1899995803833,9.5099515914917,414600
2010-12-23,13.09000015258789,13.239999771118164,13.0600004196167,13.199999809265137,9.51716136932373,230100
2010-12-27,13.140000343322754,13.260000228881836,13.130000114440918,13.229999542236328,9.538790702819824,304700
2010-12-28,13.149999618530273,13.199999809265137,13.039999961853027,13.109999656677246,9.452272415161133,574200
2010-12-29,13.1899995803833,13.539999961853027,13.180000305175781,13.489999771118164,9.726251602172852,377800
2010-12-30,13.5600004196167,13.739999771118164,13.529999732971191,13.65999984741211,9.848820686340332,391700
2010-12-31,13.649999618530273,13.899999618530273,13.600000381469727,13.75,9.913710594177246,282900
2011-01-03,13.90999984741211,14.039999961853027,13.880000114440918,14.0,10.09395980834961,878300
2011-01-04,14.09000015258789,14.289999961853027,13.960000038146973,14.220000267028809,10.252578735351562,802900
2011-01-05,14.319999694824219,14.520000457763672,14.279999732971191,14.399999618530273,10.382359504699707,950300
2011-01-06,14.279999732971191,14.279999732971191,13.970000267028809,14.100000381469727,10.166058540344238,855800
2011-01-07,14.0,14.039999961853027,13.760000228881836,13.960000038146973,10.065119743347168,586000
2011-01-10,13.84000015258789,13.869999885559082,13.670000076293945,13.6899995803833,9.870450019836426,1020300
2011-01-11,13.760000228881836,13.760000228881836,13.5600004196167,13.710000038146973,9.884870529174805,1545800
2011-01-12,13.760000228881836,13.880000114440918,13.710000038146973,13.800000190734863,9.949760437011719,1122600
2011-01-13,13.880000114440918,14.09000015258789,13.829999923706055,13.979999542236328,10.079540252685547,576900
2011-01-14,14.0,14.34000015258789,13.949999809265137,14.25,10.274209976196289,676700
2011-01-18,14.140000343322754,14.170000076293945,13.989999771118164,14.079999923706055,10.151638984680176,531700
2011-01-19,14.069999694824219,14.079999923706055,13.729999542236328,13.760000228881836,9.920920372009277,564900
2011-01-20,13.720000267028809,13.75,13.529999732971191,13.569999694824219,9.783930778503418,702600
2011-01-21,13.680000305175781,13.710000038146973,13.529999732971191,13.619999885559082,9.81998062133789,712000
2011-01-24,13.720000267028809,13.800000190734863,13.609999656677246,13.6899995803833,9.870450019836426,702400
2011-01-25,13.59000015258789,13.670000076293945,13.359999656677246,13.5600004196167,9.776721000671387,635900
2011-01-26,13.720000267028809,13.729999542236328,13.529999732971191,13.609999656677246,9.812771797180176,1395400
2011-01-27,13.680000305175781,13.710000038146973,13.399999618530273,13.5,9.733461380004883,934800
2011-01-28,13.460000038146973,13.569999694824219,13.1899995803833,13.40999984741211,9.668571472167969,810300
2011-01-31,13.4399995803833,13.65999984741211,13.359999656677246,13.630000114440918,9.827191352844238,811000
2011-02-01,13.710000038146973,13.869999885559082,13.600000381469727,13.779999732971191,9.935338973999023,1206800
2011-02-02,13.680000305175781,13.739999771118164,13.579999923706055,13.670000076293945,9.85603141784668,720600
2011-02-03,13.609999656677246,13.770000457763672,13.59000015258789,13.710000038146973,9.884870529174805,617600
2011-02-04,13.720000267028809,13.729999542236328,13.569999694824219,13.630000114440918,9.827191352844238,486100
2011-02-07,13.579999923706055,13.739999771118164,13.579999923706055,13.670000076293945,9.85603141784668,400100
2011-02-08,13.739999771118164,13.850000381469727,13.6899995803833,13.800000190734863,9.949760437011719,1074600
2011-02-09,13.739999771118164,13.789999961853027,13.710000038146973,13.770000457763672,9.928131103515625,779400
2011-02-10,13.699999809265137,13.8100004196167,13.670000076293945,13.8100004196167,9.956971168518066,410000
2011-02-11,13.789999961853027,13.920000076293945,13.770000457763672,13.880000114440918,10.007440567016602,550100
2011-02-14,13.760000228881836,13.869999885559082,13.760000228881836,13.789999961853027,9.942550659179688,601300
2011-02-15,13.760000228881836,13.819999694824219,13.720000267028809,13.760000228881836,9.920920372009277,772300
2011-02-16,13.789999961853027,14.0,13.710000038146973,13.930000305175781,10.043490409851074,528500
2011-02-17,13.880000114440918,14.119999885559082,13.859999656677246,14.010000228881836,10.10116958618164,483100
2011-02-18,14.0600004196167,14.220000267028809,13.970000267028809,14.1899995803833,10.230948448181152,608200
2011-02-22,14.119999885559082,14.25,13.930000305175781,14.020000457763672,10.108379364013672,872500
2011-02-23,13.90999984741211,14.15999984741211,13.84000015258789,14.050000190734863,10.140134811401367,773800
2011-02-24,14.180000305175781,14.3100004196167,14.09000015258789,14.15999984741211,10.219523429870605,927400
2011-02-25,14.140000343322754,14.239999771118164,13.9399995803833,14.010000228881836,10.11126708984375,822500
2011-02-28,14.09000015258789,14.279999732971191,14.0600004196167,14.279999732971191,10.306131362915039,1083300
2011-03-01,14.369999885559082,14.40999984741211,14.180000305175781,14.239999771118164,10.277261734008789,704200
2011-03-02,14.050000190734863,14.380000114440918,13.989999771118164,14.369999885559082,10.371086120605469,702000
2011-03-03,14.430000305175781,14.609999656677246,14.430000305175781,14.609999656677246,10.544297218322754,1141400
2011-03-04,14.529999732971191,14.800000190734863,14.489999771118164,14.800000190734863,10.681424140930176,866800
2011-03-07,14.760000228881836,14.880000114440918,14.640000343322754,14.729999542236328,10.630902290344238,350100
2011-03-08,14.680000305175781,14.979999542236328,14.640000343322754,14.960000038146973,10.79689884185791,495200
2011-03-09,14.920000076293945,14.989999771118164,14.779999732971191,14.90999984741211,10.760812759399414,792600
2011-03-10,14.770000457763672,14.859999656677246,14.630000114440918,14.65999984741211,10.580382347106934,1223800
2011-03-11,14.710000038146973,14.880000114440918,14.619999885559082,14.789999961853027,10.674205780029297,875300
2011-03-14,14.640000343322754,15.079999923706055,14.619999885559082,15.069999694824219,10.876287460327148,1402400
2011-03-15,14.640000343322754,14.899999618530273,14.59000015258789,14.770000457763672,10.659771919250488,896300
2011-03-16,14.710000038146973,14.8100004196167,14.270000457763672,14.289999961853027,10.313348770141602,1177000
2011-03-17,14.430000305175781,14.510000228881836,14.369999885559082,14.449999809265137,10.42882251739502,894500
2011-03-18,14.619999885559082,14.859999656677246,14.449999809265137,14.699999809265137,10.609251976013184,1266700
2011-03-21,14.970000267028809,14.970000267028809,14.600000381469727,14.670000076293945,10.587599754333496,727100
2011-03-22,14.869999885559082,15.09000015258789,14.779999732971191,15.0600004196167,10.869071006774902,987200
2011-03-23,14.949999809265137,14.970000267028809,14.829999923706055,14.9399995803833,10.782464027404785,596400
2011-03-24,15.039999961853027,15.1899995803833,14.979999542236328,15.170000076293945,10.94845962524414,941300
2011-03-25,15.180000305175781,15.220000267028809,15.109999656677246,15.119999885559082,10.912372589111328,448500
2011-03-28,15.100000381469727,15.100000381469727,14.890000343322754,14.899999618530273,10.753594398498535,575900
2011-03-29,14.930000305175781,14.960000038146973,14.829999923706055,14.920000076293945,10.76802921295166,1035600
2011-03-30,15.050000190734863,15.260000228881836,15.029999732971191,15.210000038146973,10.977328300476074,487100
2011-03-31,15.300000190734863,15.579999923706055,15.300000190734863,15.510000228881836,11.193843841552734,1108100
2011-04-01,15.600000381469727,15.84000015258789,15.569999694824219,15.729999542236328,11.352621078491211,703000
2011-04-04,15.859999656677246,15.920000076293945,15.720000267028809,15.90999984741211,11.48253059387207,714100
2011-04-05,15.850000381469727,16.079999923706055,15.850000381469727,16.059999465942383,11.590787887573242,667500
2011-04-06,16.100000381469727,16.25,15.970000267028809,16.049999237060547,11.583569526672363,952400
2011-04-07,16.020000457763672,16.239999771118164,16.0,16.200000762939453,11.691827774047852,969500
2011-04-08,16.270000457763672,16.290000915527344,16.139999389648438,16.239999771118164,11.720698356628418,751900
2011-04-11,16.219999313354492,16.270000457763672,15.869999885559082,15.899999618530273,11.475312232971191,1287600
2011-04-12,15.859999656677246,15.890000343322754,15.430000305175781,15.5,11.186626434326172,1328300
2011-04-13,15.630000114440918,15.6899995803833,15.239999771118164,15.390000343322754,11.107237815856934,1200700
2011-04-14,15.3100004196167,15.550000190734863,15.220000267028809,15.479999542236328,11.17219066619873,782700
2011-04-15,15.460000038146973,15.489999771118164,15.319999694824219,15.399999618530273,11.11445426940918,853300
2011-04-18,15.40999984741211,15.430000305175781,15.109999656677246,15.270000457763672,11.020630836486816,622900
2011-04-19,15.289999961853027,15.449999809265137,15.229999542236328,15.350000381469727,11.078369140625,373100
2011-04-20,15.520000457763672,15.569999694824219,15.329999923706055,15.470000267028809,11.164974212646484,631300
2011-04-21,15.510000228881836,15.539999961853027,15.390000343322754,15.470000267028809,11.164974212646484,359200
2011-04-25,15.420000076293945,15.430000305175781,15.170000076293945,15.25,11.006196975708008,548500
2011-04-26,15.34000015258789,15.489999771118164,15.25,15.479999542236328,11.17219066619873,900700
2011-04-27,15.40999984741211,15.40999984741211,14.960000038146973,15.09000015258789,10.890722274780273,1060300
2011-04-28,14.819999694824219,15.050000190734863,14.6899995803833,14.880000114440918,10.739160537719727,1646000
2011-04-29,14.850000381469727,14.949999809265137,14.760000228881836,14.819999694824219,10.695858001708984,1515600
2011-05-02,14.859999656677246,14.869999885559082,14.420000076293945,14.470000267028809,10.443257331848145,994900
2011-05-03,14.329999923706055,14.470000267028809,14.25,14.329999923706055,10.342215538024902,1447400
2011-05-04,14.390000343322754,14.420000076293945,14.130000114440918,14.149999618530273,10.21230697631836,1553000
2011-05-05,14.220000267028809,14.289999961853027,14.119999885559082,14.210000038146973,10.255608558654785,1371300
2011-05-06,14.319999694824219,14.5600004196167,14.279999732971191,14.359999656677246,10.363866806030273,1125900
2011-05-09,14.34000015258789,14.359999656677246,14.130000114440918,14.300000190734863,10.320565223693848,576200
2011-05-10,14.3100004196167,14.489999771118164,14.260000228881836,14.40999984741211,10.39995288848877,920500
2011-05-11,14.260000228881836,14.329999923706055,14.069999694824219,14.15999984741211,10.219523429870605,755000
2011-05-12,14.010000228881836,14.359999656677246,13.979999542236328,14.229999542236328,10.270044326782227,882000
2011-05-13,14.119999885559082,14.1899995803833,13.770000457763672,14.029999732971191,10.125700950622559,902200
2011-05-16,13.90999984741211,14.0600004196167,13.84000015258789,13.880000114440918,10.017443656921387,983300
2011-05-17,13.720000267028809,14.15999984741211,13.6899995803833,14.069999694824219,10.154568672180176,1087700
2011-05-18,14.09000015258789,14.390000343322754,14.0600004196167,14.260000228881836,10.291695594787598,816100
2011-05-19,14.279999732971191,14.4399995803833,14.149999618530273,14.25,10.284479141235352,770600
2011-05-20,14.25,14.460000038146973,14.1899995803833,14.289999961853027,10.313348770141602,1005600
2011-05-23,14.020000457763672,14.1899995803833,13.970000267028809,14.09000015258789,10.1690034866333,1341700
2011-05-24,14.140000343322754,14.180000305175781,14.020000457763672,14.100000381469727,10.176220893859863,1261800
2011-05-25,14.0600004196167,14.130000114440918,13.960000038146973,14.050000190734863,10.140134811401367,819300
2011-05-26,14.069999694824219,14.109999656677246,13.949999809265137,14.079999923706055,10.161787033081055,545600
2011-05-27,14.130000114440918,14.260000228881836,14.119999885559082,14.210000038146973,10.255608558654785,432600
2011-05-31,14.399999618530273,14.430000305175781,14.25,14.430000305175781,10.414386749267578,801800
2011-06-01,14.369999885559082,14.399999618530273,14.1899995803833,14.229999542236328,10.270044326782227,1944300
2011-06-02,14.3100004196167,14.40999984741211,14.260000228881836,14.3100004196167,10.327781677246094,1046300
2011-06-03,14.270000457763672,14.779999732971191,14.270000457763672,14.460000038146973,10.436038970947266,1261700
2011-06-06,14.5,14.539999961853027,14.140000343322754,14.140000343322754,10.205090522766113,610600
2011-06-07,14.140000343322754,14.239999771118164,13.949999809265137,13.949999809265137,10.067963600158691,1584400
2011-06-08,13.9399995803833,14.0600004196167,13.760000228881836,13.789999961853027,9.952489852905273,1664800
2011-06-09,13.850000381469727,13.949999809265137,13.829999923706055,13.850000381469727,9.9957914352417,756700
2011-06-10,13.819999694824219,13.829999923706055,13.539999961853027,13.550000190734863,9.779276847839355,825300
2011-06-13,13.630000114440918,13.65999984741211,13.520000457763672,13.630000114440918,9.837014198303223,1154800
2011-06-14,13.6899995803833,13.819999694824219,13.619999885559082,13.640000343322754,9.844230651855469,776400
2011-06-15,13.59000015258789,13.670000076293945,13.479999542236328,13.520000457763672,9.757624626159668,7506700
2011-06-16,13.489999771118164,13.550000190734863,13.289999961853027,13.40999984741211,9.67823600769043,1283600
2011-06-17,13.050000190734863,13.180000305175781,12.899999618530273,13.149999618530273,9.876517295837402,8069100
2011-06-20,13.100000381469727,13.15999984741211,12.979999542236328,13.069999694824219,9.816431999206543,1456700
2011-06-21,13.470000267028809,13.489999771118164,13.199999809265137,13.25,9.951623916625977,1125800
2011-06-22,13.149999618530273,13.239999771118164,13.079999923706055,13.09000015258789,9.831453323364258,1168700
2011-06-23,12.930000305175781,12.989999771118164,12.65999984741211,12.819999694824219,9.628665924072266,833600
2011-06-24,13.029999732971191,13.0600004196167,12.800000190734863,12.800000190734863,9.61364459991455,1194600
2011-06-27,12.829999923706055,13.0600004196167,12.8100004196167,13.020000457763672,9.778878211975098,684500
2011-06-28,13.010000228881836,13.199999809265137,12.979999542236328,13.170000076293945,9.8915376663208,834100
2011-06-29,13.1899995803833,13.479999542236328,13.130000114440918,13.420000076293945,10.079305648803711,1348200
2011-06-30,13.430000305175781,13.550000190734863,13.430000305175781,13.5,10.139389991760254,1605400
2011-07-01,13.539999961853027,13.670000076293945,13.430000305175781,13.630000114440918,10.237029075622559,783100
2011-07-05,13.579999923706055,13.579999923706055,13.260000228881836,13.3100004196167,9.996687889099121,887400
2011-07-06,13.289999961853027,13.319999694824219,13.09000015258789,13.15999984741211,9.884027481079102,732600
2011-07-07,13.279999732971191,13.34000015258789,13.100000381469727,13.170000076293945,9.8915376663208,1031700
2011-07-08,13.100000381469727,13.100000381469727,12.9399995803833,12.970000267028809,9.741326332092285,837200
2011-07-11,12.670000076293945,12.699999809265137,12.399999618530273,12.4399995803833,9.343259811401367,1754700
2011-07-12,12.420000076293945,12.5600004196167,12.40999984741211,12.479999542236328,9.373302459716797,1550200
2011-07-13,12.5600004196167,12.729999542236328,12.510000228881836,12.619999885559082,9.4784517288208,506500
2011-07-14,12.630000114440918,12.630000114440918,12.449999809265137,12.520000457763672,9.403346061706543,1278200
2011-07-15,12.609999656677246,12.640000343322754,12.489999771118164,12.5600004196167,9.433389663696289,557400
2011-07-18,12.5,12.5,12.359999656677246,12.470000267028809,9.365792274475098,621300
2011-07-19,12.520000457763672,12.5600004196167,12.359999656677246,12.359999656677246,9.283174514770508,619500
2011-07-20,12.359999656677246,12.449999809265137,12.210000038146973,12.279999732971191,9.223089218139648,786900
2011-07-21,12.359999656677246,12.630000114440918,12.319999694824219,12.460000038146973,9.358281135559082,681500
2011-07-22,12.489999771118164,12.539999961853027,12.350000381469727,12.479999542236328,9.373302459716797,821900
2011-07-25,12.510000228881836,12.569999694824219,12.479999542236328,12.5,9.388324737548828,620600
2011-07-26,12.510000228881836,12.529999732971191,12.260000228881836,12.319999694824219,9.253131866455078,1070100
2011-07-27,12.270000457763672,12.279999732971191,11.899999618530273,11.949999809265137,8.975237846374512,1837800
2011-07-28,11.899999618530273,11.9399995803833,11.710000038146973,11.739999771118164,8.817514419555664,929300
2011-07-29,11.720000267028809,12.079999923706055,11.710000038146973,12.0600004196167,9.057855606079102,1400600
2011-08-01,12.229999542236328,12.239999771118164,11.899999618530273,11.979999542236328,8.997770309448242,951500
2011-08-02,11.949999809265137,12.109999656677246,11.770000457763672,11.800000190734863,8.862577438354492,1490900
2011-08-03,11.649999618530273,11.720000267028809,11.510000228881836,11.59000015258789,8.704853057861328,1824800
2011-08-04,11.34000015258789,11.420000076293945,10.989999771118164,11.0,8.261725425720215,1933300
2011-08-05,11.119999885559082,11.239999771118164,10.720000267028809,10.989999771118164,8.254215240478516,2519600
2011-08-08,10.600000381469727,10.65999984741211,9.829999923706055,9.880000114440918,7.4205322265625,2637800
2011-08-09,9.930000305175781,10.300000190734863,9.59000015258789,10.289999961853027,7.728468894958496,2268000
2011-08-10,9.970000267028809,10.079999923706055,9.680000305175781,9.739999771118164,7.315382480621338,1856000
2011-08-11,9.850000381469727,10.319999694824219,9.75,10.210000038146973,7.668383598327637,1219500
2011-08-12,10.220000267028809,10.25,9.930000305175781,10.119999885559082,7.60078763961792,992800
2011-08-15,10.289999961853027,10.65999984741211,10.260000228881836,10.59000015258789,7.953787803649902,1360000
2011-08-16,10.619999885559082,10.649999618530273,10.399999618530273,10.609999656677246,7.968809127807617,846000
2011-08-17,10.84000015258789,10.9399995803833,10.520000457763672,10.720000267028809,8.051427841186523,1077700
2011-08-18,10.4399995803833,10.449999809265137,10.09000015258789,10.319999694824219,7.750999927520752,1016600
2011-08-19,10.420000076293945,10.65999984741211,10.3100004196167,10.319999694824219,7.750999927520752,942800
2011-08-22,10.720000267028809,10.729999542236328,10.420000076293945,10.460000038146973,7.856149673461914,833900
2011-08-23,10.300000190734863,10.3100004196167,9.779999732971191,10.149999618530273,7.623319149017334,2191400
2011-08-24,10.010000228881836,10.149999618530273,9.890000343322754,10.09000015258789,7.578256130218506,861700
2011-08-25,9.960000038146973,10.09000015258789,9.84000015258789,10.0600004196167,7.555724143981934,1378800
2011-08-26,10.039999961853027,10.229999542236328,9.899999618530273,10.109999656677246,7.593276023864746,685500
2011-08-29,10.210000038146973,10.380000114440918,10.1899995803833,10.279999732971191,7.7209577560424805,570600
2011-08-30,10.270000457763672,10.359999656677246,10.15999984741211,10.319999694824219,7.750999927520752,479500
2011-08-31,10.329999923706055,10.510000228881836,10.319999694824219,10.430000305175781,7.833618640899658,1165200
2011-09-01,10.430000305175781,10.5,10.260000228881836,10.279999732971191,7.7209577560424805,1471300
2011-09-02,10.109999656677246,10.199999809265137,9.930000305175781,9.989999771118164,7.503149032592773,1348200
2011-09-06,9.699999809265137,10.279999732971191,9.699999809265137,10.270000457763672,7.713447570800781,1218300
2011-09-07,10.420000076293945,10.529999732971191,10.289999961853027,10.489999771118164,7.878681659698486,741300
2011-09-08,10.319999694824219,10.460000038146973,10.149999618530273,10.199999809265137,7.660872459411621,874400
2011-09-09,9.9399995803833,9.979999542236328,9.6899995803833,9.800000190734863,7.360446453094482,948500
2011-09-12,9.699999809265137,9.8100004196167,9.4399995803833,9.649999618530273,7.247786521911621,1065300
2011-09-13,9.670000076293945,9.6899995803833,9.550000190734863,9.630000114440918,7.232765197753906,1210600
2011-09-14,9.640000343322754,9.8100004196167,9.40999984741211,9.729999542236328,7.3078718185424805,1098600
2011-09-15,9.84000015258789,9.869999885559082,9.609999656677246,9.619999885559082,7.225254535675049,870800
2011-09-16,9.760000228881836,10.239999771118164,9.760000228881836,10.210000038146973,7.668383598327637,2644100
2011-09-19,9.920000076293945,10.039999961853027,9.779999732971191,9.989999771118164,7.503149032592773,1405000
2011-09-20,9.899999618530273,9.949999809265137,9.720000267028809,9.800000190734863,7.360446453094482,1091700
2011-09-21,9.789999961853027,10.0600004196167,9.609999656677246,9.630000114440918,7.232765197753906,1355800
2011-09-22,9.239999771118164,9.239999771118164,8.710000038146973,8.800000190734863,6.609380722045898,2472800
2011-09-23,8.829999923706055,8.970000267028809,8.770000457763672,8.890000343322754,6.676976203918457,1237300
2011-09-26,8.890000343322754,9.020000457763672,8.630000114440918,9.0,6.759593486785889,1295700
2011-09-27,9.149999618530273,9.34000015258789,9.050000190734863,9.119999885559082,6.849721908569336,1477100
2011-09-28,9.149999618530273,9.239999771118164,8.850000381469727,8.869999885559082,6.661954402923584,1888900
2011-09-29,8.989999771118164,9.100000381469727,8.680000305175781,8.819999694824219,6.624401569366455,1002300
2011-09-30,8.710000038146973,8.789999961853027,8.609999656677246,8.770000457763672,6.586849212646484,1991700
2011-10-03,8.770000457763672,8.789999961853027,8.510000228881836,8.5600004196167,6.429124355316162,1490900
2011-10-04,8.470000267028809,8.479999542236328,8.239999771118164,8.460000038146973,6.354018211364746,1302100
2011-10-05,8.460000038146973,8.569999694824219,8.319999694824219,8.510000228881836,6.391571521759033,745500
2011-10-06,8.640000343322754,9.010000228881836,8.609999656677246,8.979999542236328,6.744572162628174,1052900
2011-10-07,9.069999694824219,9.149999618530273,8.75,8.789999961853027,6.601869583129883,1071400
2011-10-10,9.079999923706055,9.329999923706055,8.979999542236328,9.220000267028809,6.924827575683594,763800
2011-10-11,9.239999771118164,9.520000457763672,9.15999984741211,9.420000076293945,7.0750412940979,1058300
2011-10-12,9.619999885559082,9.6899995803833,9.380000114440918,9.539999961853027,7.1651692390441895,852300
2011-10-13,9.5,9.59000015258789,9.319999694824219,9.520000457763672,7.150148391723633,826600
2011-10-14,9.579999923706055,9.670000076293945,9.539999961853027,9.649999618530273,7.247786521911621,483500
2011-10-17,9.520000457763672,9.59000015258789,9.3100004196167,9.380000114440918,7.044998645782471,561600
2011-10-18,9.430000305175781,9.670000076293945,9.270000457763672,9.609999656677246,7.217743396759033,650100
2011-10-19,9.5,9.680000305175781,9.34000015258789,9.420000076293945,7.0750412940979,713600
2011-10-20,9.350000381469727,9.40999984741211,9.079999923706055,9.260000228881836,6.954870700836182,1072500
2011-10-21,9.430000305175781,9.699999809265137,9.420000076293945,9.65999984741211,7.255297660827637,634000
2011-10-24,9.710000038146973,10.229999542236328,9.649999618530273,10.119999885559082,7.60078763961792,1149500
2011-10-25,9.920000076293945,9.960000038146973,9.600000381469727,9.640000343322754,7.2402753829956055,785000
2011-10-26,9.819999694824219,9.850000381469727,9.649999618530273,9.770000457763672,7.337914943695068,577000
2011-10-27,10.09000015258789,10.479999542236328,10.029999732971191,10.359999656677246,7.781042098999023,830800
2011-10-28,10.380000114440918,10.600000381469727,10.350000381469727,10.40999984741211,7.818596839904785,646200
2011-10-31,10.239999771118164,10.300000190734863,9.9399995803833,9.949999809265137,7.4731059074401855,865900
2011-11-01,9.640000343322754,9.949999809265137,9.579999923706055,9.789999961853027,7.352934837341309,885000
2011-11-02,9.930000305175781,10.079999923706055,9.770000457763672,9.899999618530273,7.43555212020874,699800
2011-11-03,9.960000038146973,9.989999771118164,9.779999732971191,9.869999885559082,7.413021087646484,827700
2011-11-04,9.739999771118164,10.319999694824219,9.640000343322754,10.289999961853027,7.728468894958496,1063900
2011-11-07,10.359999656677246,10.609999656677246,10.34000015258789,10.470000267028809,7.86366081237793,705800
2011-11-08,10.430000305175781,10.460000038146973,10.319999694824219,10.449999809265137,7.848639011383057,442800
2011-11-09,10.130000114440918,10.220000267028809,9.829999923706055,9.979999542236328,7.495637893676758,666000
2011-11-10,10.100000381469727,10.170000076293945,9.899999618530273,9.979999542236328,7.495637893676758,534000
2011-11-11,10.210000038146973,10.390000343322754,10.010000228881836,10.140000343322754,7.615809440612793,703100
2011-11-14,9.75,9.84000015258789,9.630000114440918,9.65999984741211,7.255297660827637,664000
2011-11-15,9.600000381469727,9.760000228881836,9.569999694824219,9.720000267028809,7.300361633300781,383000
2011-11-16,9.5600004196167,9.930000305175781,9.520000457763672,9.65999984741211,7.255297660827637,696100
2011-11-17,9.670000076293945,9.720000267028809,9.149999618530273,9.210000038146973,6.917317867279053,797500
2011-11-18,9.3100004196167,9.34000015258789,9.1899995803833,9.279999732971191,6.9698920249938965,640900
2011-11-21,9.149999618530273,9.239999771118164,8.920000076293945,9.1899995803833,6.902295112609863,533600
2011-11-22,9.140000343322754,9.15999984741211,8.899999618530273,8.930000305175781,6.707019329071045,670100
2011-11-23,8.739999771118164,8.739999771118164,8.520000457763672,8.569999694824219,6.4366350173950195,476200
2011-11-25,8.5,8.680000305175781,8.40999984741211,8.420000076293945,6.323976039886475,301800
2011-11-28,8.869999885559082,9.029999732971191,8.850000381469727,8.960000038146973,6.729551315307617,748900
2011-11-29,9.020000457763672,9.069999694824219,8.819999694824219,8.880000114440918,6.6694655418396,594000
2011-11-30,9.510000228881836,9.520000457763672,9.0600004196167,9.289999961853027,6.977402687072754,1070500
2011-12-01,9.329999923706055,9.449999809265137,9.220000267028809,9.260000228881836,6.954870700836182,612900
2011-12-02,9.520000457763672,9.59000015258789,9.3100004196167,9.34000015258789,7.014956474304199,717700
2011-12-05,9.550000190734863,9.65999984741211,9.489999771118164,9.550000190734863,7.172679901123047,1125300
2011-12-06,9.539999961853027,9.739999771118164,9.5,9.65999984741211,7.255297660827637,805700
2011-12-07,9.600000381469727,9.640000343322754,9.5,9.609999656677246,7.217743396759033,973700
2011-12-08,9.399999618530273,9.510000228881836,9.25,9.34000015258789,7.014956474304199,972400
2011-12-09,9.369999885559082,9.609999656677246,9.319999694824219,9.5600004196167,7.180191516876221,429800
2011-12-12,9.460000038146973,9.460000038146973,9.210000038146973,9.34000015258789,7.014956474304199,552500
2011-12-13,9.470000267028809,9.539999961853027,9.220000267028809,9.300000190734863,6.984914302825928,901700
2011-12-14,9.289999961853027,9.359999656677246,9.149999618530273,9.220000267028809,6.924827575683594,883200
2011-12-15,9.260000228881836,9.3100004196167,9.140000343322754,9.180000305175781,6.894785404205322,639400
2011-12-16,9.329999923706055,9.430000305175781,9.229999542236328,9.270000457763672,6.962381839752197,1222100
2011-12-19,9.270000457763672,9.279999732971191,9.029999732971191,9.100000381469727,6.834701061248779,996500
2011-12-20,9.34000015258789,9.470000267028809,9.3100004196167,9.390000343322754,7.052509307861328,906100
2011-12-21,9.359999656677246,9.579999923706055,9.279999732971191,9.5600004196167,7.180191516876221,662000
2011-12-22,9.550000190734863,9.819999694824219,9.510000228881836,9.729999542236328,7.3078718185424805,699800
2011-12-23,9.779999732971191,9.920000076293945,9.739999771118164,9.800000190734863,7.360446453094482,457900
2011-12-27,9.859999656677246,9.880000114440918,9.739999771118164,9.770000457763672,7.337914943695068,341900
2011-12-28,9.640000343322754,9.680000305175781,9.359999656677246,9.430000305175781,7.082552909851074,468400
2011-12-29,9.489999771118164,9.600000381469727,9.430000305175781,9.579999923706055,7.195212364196777,534500
2011-12-30,9.630000114440918,9.729999542236328,9.59000015258789,9.710000038146973,7.292850494384766,290300
2012-01-03,9.569999694824219,9.850000381469727,9.550000190734863,9.75,7.322892665863037,1251400
2012-01-04,9.800000190734863,10.220000267028809,9.760000228881836,10.199999809265137,7.660872459411621,1023800
2012-01-05,10.0600004196167,10.119999885559082,9.869999885559082,9.890000343322754,7.428041934967041,703700
2012-01-06,9.890000343322754,9.9399995803833,9.710000038146973,9.710000038146973,7.292850494384766,491900
2012-01-09,9.850000381469727,9.970000267028809,9.800000190734863,9.90999984741211,7.443063259124756,929200
2012-01-10,10.010000228881836,10.079999923706055,9.880000114440918,9.930000305175781,7.458085060119629,754700
2012-01-11,9.899999618530273,9.960000038146973,9.75,9.84000015258789,7.39048957824707,927500
2012-01-12,9.84000015258789,9.930000305175781,9.770000457763672,9.899999618530273,7.43555212020874,572200
2012-01-13,9.720000267028809,9.869999885559082,9.600000381469727,9.850000381469727,7.3979997634887695,591400
2012-01-17,9.989999771118164,10.039999961853027,9.850000381469727,9.90999984741211,7.443063259124756,700000
2012-01-18,9.880000114440918,10.210000038146973,9.84000015258789,10.1899995803833,7.6533613204956055,862900
2012-01-19,10.180000305175781,10.1899995803833,10.020000457763672,10.050000190734863,7.54821252822876,652200
2012-01-20,10.039999961853027,10.149999618530273,9.960000038146973,10.119999885559082,7.60078763961792,845600
2012-01-23,10.039999961853027,10.079999923706055,9.819999694824219,9.869999885559082,7.413021087646484,1364800
2012-01-24,9.739999771118164,9.890000343322754,9.680000305175781,9.829999923706055,7.3829779624938965,690700
2012-01-25,9.850000381469727,10.180000305175781,9.760000228881836,10.15999984741211,7.630829811096191,542800
2012-01-26,10.0,10.050000190734863,9.890000343322754,9.960000038146973,7.480617046356201,1146000
2012-01-27,10.0,10.239999771118164,9.989999771118164,10.170000076293945,7.638340473175049,757500
2012-01-30,10.130000114440918,10.180000305175781,10.029999732971191,10.180000305175781,7.6458516120910645,742500
2012-01-31,10.25,10.289999961853027,10.119999885559082,10.210000038146973,7.668383598327637,884600
2012-02-01,10.40999984741211,10.489999771118164,10.220000267028809,10.289999961853027,7.728468894958496,1151600
2012-02-02,10.34000015258789,10.34000015258789,10.180000305175781,10.25,7.698426723480225,1299200
2012-02-03,10.289999961853027,10.3100004196167,10.170000076293945,10.3100004196167,7.743490219116211,568200
2012-02-06,10.3100004196167,10.4399995803833,10.289999961853027,10.359999656677246,7.781042098999023,336400
2012-02-07,10.420000076293945,10.510000228881836,10.359999656677246,10.489999771118164,7.878681659698486,472200
2012-02-08,10.460000038146973,10.5600004196167,10.430000305175781,10.5,7.886192798614502,545500
2012-02-09,10.619999885559082,10.6899995803833,10.569999694824219,10.680000305175781,8.021384239196777,684500
2012-02-10,10.859999656677246,11.0600004196167,10.800000190734863,11.020000457763672,8.27674674987793,1229500
2012-02-13,11.029999732971191,11.069999694824219,10.850000381469727,10.930000305175781,8.209151268005371,678800
2012-02-14,10.890000343322754,10.920000076293945,10.579999923706055,10.699999809265137,8.036405563354492,535600
2012-02-15,10.800000190734863,11.020000457763672,10.75,10.899999618530273,8.186617851257324,1080800
2012-02-16,11.109999656677246,11.279999732971191,10.920000076293945,11.220000267028809,8.426959991455078,723100
2012-02-17,11.319999694824219,11.369999885559082,11.270000457763672,11.300000190734863,8.487045288085938,414200
2012-02-21,11.380000114440918,11.449999809265137,11.119999885559082,11.149999618530273,8.374384880065918,288600
2012-02-22,11.199999809265137,11.239999771118164,11.09000015258789,11.109999656677246,8.344342231750488,515500
2012-02-23,11.140000343322754,11.140000343322754,10.829999923706055,10.920000076293945,8.201639175415039,511000
2012-02-24,10.949999809265137,11.149999618530273,10.949999809265137,11.119999885559082,8.351853370666504,534400
2012-02-27,11.069999694824219,11.079999923706055,10.869999885559082,10.869999885559082,8.16408634185791,397400
2012-02-28,10.970000267028809,11.0600004196167,10.920000076293945,11.0,8.261725425720215,830000
2012-02-29,10.920000076293945,11.020000457763672,10.800000190734863,10.8100004196167,8.119023323059082,815000
2012-03-01,10.829999923706055,10.9399995803833,10.779999732971191,10.880000114440918,8.171597480773926,560700
2012-03-02,10.819999694824219,10.930000305175781,10.779999732971191,10.90999984741211,8.194129943847656,600200
2012-03-05,10.890000343322754,10.90999984741211,10.729999542236328,10.890000343322754,8.179108619689941,406200
2012-03-06,10.739999771118164,10.739999771118164,10.5600004196167,10.619999885559082,7.976320743560791,505400
2012-03-07,10.5600004196167,10.680000305175781,10.460000038146973,10.640000343322754,7.9913411140441895,775200
2012-03-08,10.680000305175781,10.720000267028809,10.520000457763672,10.539999961853027,7.91623592376709,727100
2012-03-09,10.470000267028809,10.470000267028809,10.270000457763672,10.270000457763672,7.713447570800781,977500
2012-03-12,10.130000114440918,10.199999809265137,10.0,10.170000076293945,7.638340473175049,773400
2012-03-13,10.170000076293945,10.399999618530273,10.09000015258789,10.390000343322754,7.80357551574707,530000
2012-03-14,10.3100004196167,10.380000114440918,10.079999923706055,10.140000343322754,7.615809440612793,898200
2012-03-15,10.119999885559082,10.140000343322754,9.729999542236328,9.770000457763672,7.337914943695068,1630800
2012-03-16,9.739999771118164,9.829999923706055,9.710000038146973,9.829999923706055,7.3829779624938965,1035500
2012-03-19,9.819999694824219,9.880000114440918,9.779999732971191,9.850000381469727,7.3979997634887695,750400
2012-03-20,9.670000076293945,9.739999771118164,9.579999923706055,9.720000267028809,7.300361633300781,500600
2012-03-21,9.6899995803833,9.699999809265137,9.569999694824219,9.59000015258789,7.202722072601318,935900
2012-03-22,9.569999694824219,9.59000015258789,9.449999809265137,9.520000457763672,7.150148391723633,667300
2012-03-23,9.520000457763672,9.630000114440918,9.460000038146973,9.600000381469727,7.210232734680176,601400
2012-03-26,9.670000076293945,9.680000305175781,9.520000457763672,9.649999618530273,7.247786521911621,1131200
2012-03-27,9.609999656677246,9.760000228881836,9.579999923706055,9.729999542236328,7.3078718185424805,1507600
2012-03-28,9.720000267028809,9.729999542236328,9.640000343322754,9.699999809265137,7.285339832305908,2399300
2012-03-29,9.600000381469727,9.609999656677246,9.460000038146973,9.529999732971191,7.157658576965332,1159100
2012-03-30,9.539999961853027,9.550000190734863,9.279999732971191,9.359999656677246,7.029976844787598,1313100
2012-04-02,9.289999961853027,9.59000015258789,9.279999732971191,9.510000228881836,7.142636775970459,766600
2012-04-03,9.550000190734863,9.59000015258789,9.09000015258789,9.199999809265137,6.909806251525879,1665200
2012-04-04,9.109999656677246,9.25,8.979999542236328,9.220000267028809,6.924827575683594,1160100
2012-04-05,9.15999984741211,9.210000038146973,9.0600004196167,9.100000381469727,6.834701061248779,576300
2012-04-09,8.9399995803833,8.979999542236328,8.890000343322754,8.920000076293945,6.699508190155029,675400
2012-04-10,8.859999656677246,8.880000114440918,8.649999618530273,8.710000038146973,6.541784286499023,780300
2012-04-11,8.75,8.779999732971191,8.600000381469727,8.619999885559082,6.474188804626465,791700
2012-04-12,8.699999809265137,8.829999923706055,8.65999984741211,8.8100004196167,6.616890907287598,593800
2012-04-13,8.720000267028809,8.729999542236328,8.569999694824219,8.640000343322754,6.489210605621338,896100
2012-04-16,8.670000076293945,8.670000076293945,8.420000076293945,8.539999961853027,6.4141035079956055,728600
2012-04-17,8.8100004196167,9.140000343322754,8.710000038146973,9.079999923706055,6.819679260253906,1846800
2012-04-18,9.170000076293945,9.170000076293945,8.6899995803833,8.710000038146973,6.541784286499023,972800
2012-04-19,8.649999618530273,8.710000038146973,8.510000228881836,8.529999732971191,6.40659236907959,704600
2012-04-20,8.609999656677246,8.630000114440918,8.510000228881836,8.529999732971191,6.40659236907959,636500
2012-04-23,8.489999771118164,8.630000114440918,8.420000076293945,8.59000015258789,6.451655864715576,915000
2012-04-24,8.720000267028809,8.800000190734863,8.680000305175781,8.760000228881836,6.579338073730469,878500
2012-04-25,9.020000457763672,9.0600004196167,8.649999618530273,8.649999618530273,6.4967193603515625,1008000
2012-04-26,8.649999618530273,8.6899995803833,8.489999771118164,8.520000457763672,6.399082660675049,1457100
2012-04-27,8.609999656677246,8.630000114440918,8.359999656677246,8.359999656677246,6.278911113739014,3985200
2012-04-30,8.510000228881836,8.579999923706055,8.460000038146973,8.520000457763672,6.399082660675049,1128600
2012-05-01,8.399999618530273,8.59000015258789,8.399999618530273,8.420000076293945,6.323976039886475,660700
2012-05-02,8.4399995803833,8.550000190734863,8.350000381469727,8.420000076293945,6.323976039886475,1384200
2012-05-03,8.470000267028809,8.5,8.319999694824219,8.369999885559082,6.286421298980713,1268200
2012-05-04,8.390000343322754,8.449999809265137,8.289999961853027,8.34000015258789,6.263890266418457,999700
2012-05-07,8.350000381469727,8.40999984741211,8.300000190734863,8.319999694824219,6.248868465423584,1174900
2012-05-08,8.3100004196167,8.329999923706055,8.180000305175781,8.239999771118164,6.188783168792725,1501200
2012-05-09,8.15999984741211,8.170000076293945,8.079999923706055,8.119999885559082,6.0986552238464355,2290700
2012-05-10,8.15999984741211,8.289999961853027,8.15999984741211,8.260000228881836,6.203805446624756,1084300
2012-05-11,8.199999809265137,8.369999885559082,8.1899995803833,8.199999809265137,6.158740997314453,1100200
2012-05-14,8.100000381469727,8.109999656677246,7.849999904632568,7.869999885559082,5.910889148712158,1918700
2012-05-15,7.840000152587891,7.949999809265137,7.699999809265137,7.75,5.820761203765869,1280300
2012-05-16,7.900000095367432,7.989999771118164,7.78000020980835,7.949999809265137,5.970973968505859,3220100
2012-05-17,8.029999732971191,8.100000381469727,7.820000171661377,7.829999923706055,5.8808465003967285,1758800
2012-05-18,7.28000020980835,7.369999885559082,6.940000057220459,7.070000171661377,5.793977737426758,1748700
2012-05-21,7.039999961853027,7.059999942779541,6.71999979019165,6.75,5.531732559204102,1886000
2012-05-22,6.659999847412109,6.710000038146973,6.480000019073486,6.510000228881836,5.335048675537109,1935000
2012-05-23,6.539999961853027,6.599999904632568,6.320000171661377,6.420000076293945,5.261292934417725,1200000
2012-05-24,6.440000057220459,6.510000228881836,6.289999961853027,6.400000095367432,5.244901657104492,1173600
2012-05-25,6.480000019073486,6.550000190734863,6.409999847412109,6.440000057220459,5.277682781219482,807600
2012-05-29,6.639999866485596,6.650000095367432,6.300000190734863,6.360000133514404,5.212121486663818,1058300
2012-05-30,6.329999923706055,6.429999828338623,6.25,6.360000133514404,5.212121486663818,1439900
2012-05-31,6.440000057220459,6.590000152587891,6.380000114440918,6.559999942779541,5.37602424621582,1836700
2012-06-01,6.380000114440918,6.460000038146973,6.309999942779541,6.309999942779541,5.171145439147949,1283400
2012-06-04,6.380000114440918,6.5,6.360000133514404,6.380000114440918,5.228511333465576,850300
2012-06-05,6.449999809265137,6.5,6.300000190734863,6.340000152587891,5.195731163024902,1080200
2012-06-06,6.369999885559082,6.559999942779541,6.349999904632568,6.559999942779541,5.37602424621582,1482300
2012-06-07,6.590000152587891,6.670000076293945,6.489999771118164,6.53000020980835,5.351438999176025,870800
2012-06-08,6.440000057220459,6.75,6.389999866485596,6.679999828338623,5.474366188049316,1943700
2012-06-11,6.710000038146973,6.71999979019165,6.510000228881836,6.519999980926514,5.343243598937988,1187900
2012-06-12,6.590000152587891,6.690000057220459,6.539999961853027,6.639999866485596,5.441585540771484,713800
2012-06-13,6.650000095367432,6.760000228881836,6.619999885559082,6.710000038146973,5.4989519119262695,932800
2012-06-14,6.679999828338623,6.769999980926514,6.630000114440918,6.739999771118164,5.5235371589660645,828700
2012-06-15,6.769999980926514,7.25,6.730000019073486,7.070000171661377,5.793977737426758,3414900
2012-06-18,6.840000152587891,6.909999847412109,6.78000020980835,6.800000190734863,5.5727081298828125,2716800
2012-06-19,6.940000057220459,7.019999980926514,6.869999885559082,6.920000076293945,5.671050548553467,824300
2012-06-20,6.900000095367432,7.03000020980835,6.849999904632568,6.940000057220459,5.687439918518066,956300
2012-06-21,6.909999847412109,7.0,6.800000190734863,6.829999923706055,5.597293376922607,1017400
2012-06-22,6.909999847412109,6.909999847412109,6.590000152587891,6.590000152587891,5.400609970092773,1333400
2012-06-25,6.559999942779541,6.619999885559082,6.519999980926514,6.579999923706055,5.3924150466918945,741400
2012-06-26,6.570000171661377,6.630000114440918,6.510000228881836,6.550000190734863,5.3678297996521,776800
2012-06-27,6.610000133514404,6.730000019073486,6.599999904632568,6.679999828338623,5.474366188049316,713500
2012-06-28,6.670000076293945,6.769999980926514,6.610000133514404,6.739999771118164,5.5235371589660645,1128400
2012-06-29,6.980000019073486,7.039999961853027,6.920000076293945,7.03000020980835,5.761197090148926,732600
2012-07-02,7.090000152587891,7.170000076293945,7.050000190734863,7.170000076293945,5.87592887878418,617100
2012-07-03,7.150000095367432,7.159999847412109,7.0,7.070000171661377,5.793977737426758,698300
2012-07-05,7.239999771118164,7.25,7.070000171661377,7.159999847412109,5.867733478546143,760400
2012-07-06,7.079999923706055,7.099999904632568,6.880000114440918,6.900000095367432,5.654660224914551,786500
2012-07-09,6.860000133514404,6.909999847412109,6.75,6.789999961853027,5.564512729644775,532200
2012-07-10,6.860000133514404,6.869999885559082,6.71999979019165,6.75,5.531732559204102,747100
2012-07-11,6.690000057220459,6.789999961853027,6.570000171661377,6.679999828338623,5.474366188049316,746800
2012-07-12,6.619999885559082,6.71999979019165,6.619999885559082,6.650000095367432,5.4497809410095215,372700
2012-07-13,6.639999866485596,6.739999771118164,6.619999885559082,6.630000114440918,5.4333906173706055,1120100
2012-07-16,6.699999809265137,6.760000228881836,6.53000020980835,6.679999828338623,5.474366188049316,469500
2012-07-17,6.670000076293945,6.78000020980835,6.559999942779541,6.760000228881836,5.539927959442139,369800
2012-07-18,6.710000038146973,6.860000133514404,6.690000057220459,6.849999904632568,5.613684177398682,622500
2012-07-19,6.909999847412109,6.929999828338623,6.840000152587891,6.920000076293945,5.671050548553467,423800
2012-07-20,6.840000152587891,6.929999828338623,6.75,6.78000020980835,5.556318283081055,1154500
2012-07-23,6.630000114440918,6.639999866485596,6.489999771118164,6.550000190734863,5.3678297996521,701900
2012-07-24,6.539999961853027,6.570000171661377,6.440000057220459,6.480000019073486,5.310462951660156,842900
2012-07-25,6.53000020980835,6.579999923706055,6.460000038146973,6.480000019073486,5.310462951660156,333800
2012-07-26,6.510000228881836,6.519999980926514,6.380000114440918,6.480000019073486,5.310462951660156,676000
2012-07-27,6.590000152587891,6.920000076293945,6.570000171661377,6.880000114440918,5.638269901275635,851600
2012-07-30,6.78000020980835,6.889999866485596,6.769999980926514,6.880000114440918,5.638269901275635,396600
2012-07-31,6.900000095367432,6.960000038146973,6.739999771118164,6.829999923706055,5.597293376922607,966700
2012-08-01,6.96999979019165,7.050000190734863,6.869999885559082,6.920000076293945,5.671050548553467,641700
2012-08-02,6.800000190734863,6.889999866485596,6.659999847412109,6.789999961853027,5.564512729644775,986000
2012-08-03,6.949999809265137,7.090000152587891,6.949999809265137,7.050000190734863,5.777587413787842,692600
2012-08-06,7.150000095367432,7.300000190734863,7.119999885559082,7.21999979019165,5.916904449462891,722600
2012-08-07,7.28000020980835,7.340000152587891,7.199999809265137,7.309999942779541,5.99066162109375,1421000
2012-08-08,7.300000190734863,7.449999809265137,7.300000190734863,7.429999828338623,6.089003086090088,701600
2012-08-09,7.489999771118164,7.510000228881836,7.449999809265137,7.489999771118164,6.138174057006836,791100
2012-08-10,7.489999771118164,7.550000190734863,7.440000057220459,7.53000020980835,6.170955181121826,766500
2012-08-13,7.46999979019165,7.559999942779541,7.440000057220459,7.539999961853027,6.179150104522705,627600
2012-08-14,7.539999961853027,7.590000152587891,7.480000019073486,7.519999980926514,6.162759780883789,963900
2012-08-15,7.599999904632568,7.730000019073486,7.550000190734863,7.690000057220459,6.302077770233154,847100
2012-08-16,7.760000228881836,7.820000171661377,7.639999866485596,7.789999961853027,6.384028911590576,1043200
2012-08-17,7.730000019073486,7.730000019073486,7.579999923706055,7.670000076293945,6.28568696975708,528800
2012-08-20,7.659999847412109,7.960000038146973,7.599999904632568,7.949999809265137,6.515151023864746,1014500
2012-08-21,7.920000076293945,7.949999809265137,7.670000076293945,7.739999771118164,6.343052864074707,596800
2012-08-22,7.619999885559082,7.820000171661377,7.579999923706055,7.730000019073486,6.334858417510986,873300
2012-08-23,7.690000057220459,7.690000057220459,7.420000076293945,7.489999771118164,6.138174057006836,1003300
2012-08-24,7.46999979019165,7.519999980926514,7.400000095367432,7.449999809265137,6.105393886566162,845700
2012-08-27,7.360000133514404,7.480000019073486,7.340000152587891,7.429999828338623,6.089003086090088,883200
2012-08-28,7.449999809265137,7.489999771118164,7.420000076293945,7.449999809265137,6.105393886566162,919100
2012-08-29,7.420000076293945,7.420000076293945,7.239999771118164,7.300000190734863,5.982466220855713,1646000
2012-08-30,7.230000019073486,7.260000228881836,6.949999809265137,6.949999809265137,5.6956353187561035,1799300
2012-08-31,6.5,6.829999923706055,6.369999885559082,6.5,5.3268537521362305,3580800
2012-09-04,6.460000038146973,6.460000038146973,6.309999942779541,6.460000038146973,5.29407262802124,1500100
2012-09-05,6.429999828338623,6.519999980926514,6.369999885559082,6.519999980926514,5.343243598937988,1233300
2012-09-06,6.489999771118164,6.570000171661377,6.440000057220459,6.489999771118164,5.318658351898193,1088100
2012-09-07,6.510000228881836,6.630000114440918,6.360000133514404,6.420000076293945,5.261292934417725,1451900
2012-09-10,6.449999809265137,6.510000228881836,6.389999866485596,6.46999979019165,5.302268028259277,1222800
2012-09-11,6.449999809265137,6.559999942779541,6.260000228881836,6.320000171661377,5.179340362548828,2170900
2012-09-12,5.630000114440918,6.039999961853027,5.610000133514404,5.820000171661377,4.769582748413086,2934400
2012-09-13,5.900000095367432,6.079999923706055,5.880000114440918,6.050000190734863,4.958071708679199,1342500
2012-09-14,6.130000114440918,6.210000038146973,6.099999904632568,6.179999828338623,5.064608097076416,1447600
2012-09-17,6.159999847412109,6.199999809265137,6.110000133514404,6.110000133514404,5.007242679595947,1482000
2012-09-18,6.110000133514404,6.170000076293945,6.059999942779541,6.139999866485596,5.031827926635742,1135400
2012-09-19,6.159999847412109,6.199999809265137,5.980000019073486,6.0,4.91709566116333,1567500
2012-09-20,5.96999979019165,6.110000133514404,5.929999828338623,6.03000020980835,4.941681385040283,1220200
2012-09-21,6.059999942779541,6.179999828338623,5.929999828338623,5.929999828338623,4.859729290008545,2008700
2012-09-24,5.960000038146973,6.070000171661377,5.929999828338623,6.039999961853027,4.949876308441162,743000
2012-09-25,6.039999961853027,6.119999885559082,6.019999980926514,6.039999961853027,4.949876308441162,1106100
2012-09-26,6.010000228881836,6.050000190734863,5.929999828338623,6.010000228881836,4.925290584564209,925800
2012-09-27,6.039999961853027,6.090000152587891,5.96999979019165,6.050000190734863,4.958071708679199,626700
2012-09-28,6.010000228881836,6.039999961853027,5.920000076293945,5.929999828338623,4.859729290008545,852200
2012-10-01,5.989999771118164,6.059999942779541,5.949999809265137,6.039999961853027,4.949876308441162,838500
2012-10-02,6.010000228881836,6.059999942779541,5.989999771118164,5.989999771118164,4.908900260925293,390100
2012-10-03,5.980000019073486,6.0,5.889999866485596,5.909999847412109,4.843338966369629,1128700
2012-10-04,5.889999866485596,5.940000057220459,5.639999866485596,5.769999980926514,4.728607177734375,957100
2012-10-05,5.800000190734863,5.920000076293945,5.78000020980835,5.789999961853027,4.744997024536133,824500
2012-10-08,5.829999923706055,5.960000038146973,5.820000171661377,5.849999904632568,4.794168472290039,1314400
2012-10-09,5.829999923706055,5.840000152587891,5.739999771118164,5.789999961853027,4.744997024536133,549400
2012-10-10,5.78000020980835,5.849999904632568,5.710000038146973,5.75,4.712216377258301,1072900
2012-10-11,5.829999923706055,5.880000114440918,5.75,5.78000020980835,4.736802101135254,435500
2012-10-12,5.769999980926514,6.010000228881836,5.75,5.75,4.712216377258301,1623200
2012-10-15,5.840000152587891,5.949999809265137,5.809999942779541,5.889999866485596,4.826948642730713,1781400
2012-10-16,5.940000057220459,5.960000038146973,5.840000152587891,5.869999885559082,4.810558319091797,680100
2012-10-17,5.860000133514404,5.860000133514404,5.639999866485596,5.690000057220459,4.663045406341553,1585900
2012-10-18,5.75,5.920000076293945,5.670000076293945,5.889999866485596,4.826948642730713,2305500
2012-10-19,5.889999866485596,5.929999828338623,5.769999980926514,5.860000133514404,4.80236291885376,1200200
2012-10-22,5.829999923706055,6.019999980926514,5.829999923706055,6.010000228881836,4.925290584564209,1391500
2012-10-23,5.880000114440918,5.920000076293945,5.75,5.809999942779541,4.761387825012207,655400
2012-10-24,5.809999942779541,5.849999904632568,5.639999866485596,5.650000095367432,4.630264759063721,880900
2012-10-25,5.71999979019165,5.789999961853027,5.710000038146973,5.769999980926514,4.728607177734375,661500
2012-10-26,5.730000019073486,5.75,5.599999904632568,5.639999866485596,4.622069835662842,576200
2012-10-31,5.559999942779541,5.659999847412109,5.480000019073486,5.559999942779541,4.556508541107178,864000
2012-11-01,5.53000020980835,5.710000038146973,5.519999980926514,5.670000076293945,4.646655082702637,670700
2012-11-02,5.590000152587891,5.599999904632568,5.119999885559082,5.159999847412109,4.228702068328857,2099500
2012-11-05,5.260000228881836,5.420000076293945,5.230000019073486,5.349999904632568,4.384410381317139,953100
2012-11-06,5.260000228881836,5.380000114440918,5.25,5.309999942779541,4.35162878036499,557500
2012-11-07,5.21999979019165,5.269999980926514,5.119999885559082,5.159999847412109,4.228702068328857,632600
2012-11-08,5.050000190734863,5.150000095367432,5.010000228881836,5.070000171661377,4.1549458503723145,1428700
2012-11-09,4.949999809265137,5.059999942779541,4.920000076293945,4.949999809265137,4.05660343170166,718700
2012-11-12,4.860000133514404,4.909999847412109,4.71999979019165,4.730000019073486,3.876310110092163,845400
2012-11-13,4.53000020980835,4.800000190734863,4.53000020980835,4.710000038146973,3.8599202632904053,1495800
2012-11-14,4.679999828338623,4.679999828338623,4.550000190734863,4.590000152587891,3.761578321456909,1595600
2012-11-15,4.53000020980835,4.610000133514404,4.360000133514404,4.440000057220459,3.638650417327881,1020300
2012-11-16,4.340000152587891,4.53000020980835,4.28000020980835,4.429999828338623,3.630455732345581,1975700
2012-11-19,4.21999979019165,4.309999942779541,3.7799999713897705,3.7899999618530273,3.1059653759002686,2952400
2012-11-20,3.7899999618530273,3.799999952316284,3.509999990463257,3.569999933242798,2.9256720542907715,1720900
2012-11-21,3.2200000286102295,3.299999952316284,3.130000114440918,3.2200000286102295,2.638841390609741,3461600
2012-11-23,3.180000066757202,3.299999952316284,2.9600000381469727,3.180000066757202,2.606060743331909,4173900
2012-11-26,3.2899999618530273,3.390000104904175,3.2100000381469727,3.2799999713897705,2.68801212310791,3061100
2012-11-27,3.380000114440918,3.5,3.180000066757202,3.2899999618530273,2.6962075233459473,3803000
2012-11-28,3.25,3.309999942779541,3.2100000381469727,3.2699999809265137,2.679816961288452,960200
2012-11-29,3.109999895095825,3.1700000762939453,2.9200000762939453,3.1700000762939453,2.597865581512451,1995400
2012-11-30,3.440000057220459,3.7200000286102295,3.2899999618530273,3.6600000858306885,2.9994282722473145,4788600
2012-12-03,3.630000114440918,3.640000104904175,3.4600000381469727,3.4600000381469727,2.8355252742767334,1525600
2012-12-04,3.559999942779541,3.569999933242798,3.390000104904175,3.4200000762939453,2.8027446269989014,1173600
2012-12-05,3.2300000190734863,3.3399999141693115,3.200000047683716,3.319999933242798,2.720792770385742,1288600
2012-12-06,3.2699999809265137,3.309999942779541,3.180000066757202,3.240000009536743,2.655231475830078,1805300
2012-12-07,3.25,3.259999990463257,3.200000047683716,3.2300000190734863,2.64703631401062,1459700
2012-12-10,3.1600000858306885,3.200000047683716,3.109999895095825,3.140000104904175,2.5732803344726562,1339800
2012-12-11,3.1500000953674316,3.2899999618530273,3.140000104904175,3.2799999713897705,2.68801212310791,1534900
2012-12-12,3.25,3.2899999618530273,3.200000047683716,3.2300000190734863,2.64703631401062,986500
2012-12-13,3.1700000762939453,3.2100000381469727,3.140000104904175,3.1500000953674316,2.581475257873535,1394800
2012-12-14,3.190000057220459,3.2200000286102295,3.1600000858306885,3.190000057220459,2.614255666732788,900800
2012-12-17,3.180000066757202,3.200000047683716,3.0799999237060547,3.0799999237060547,2.52410888671875,1639800
2012-12-18,3.1500000953674316,3.1600000858306885,3.130000114440918,3.1500000953674316,2.581475257873535,924800
2012-12-19,3.1600000858306885,3.190000057220459,3.069999933242798,3.0799999237060547,2.52410888671875,838900
2012-12-20,3.109999895095825,3.140000104904175,3.0299999713897705,3.049999952316284,2.499523401260376,798700
2012-12-21,2.990000009536743,3.1500000953674316,2.9700000286102295,3.1500000953674316,2.581475257873535,1380100
2012-12-24,3.180000066757202,3.180000066757202,2.9600000381469727,3.0399999618530273,2.491328239440918,583500
2012-12-26,3.119999885559082,3.1500000953674316,3.059999942779541,3.069999933242798,2.515913963317871,1382400
2012-12-27,3.0899999141693115,3.0899999141693115,2.990000009536743,3.009999990463257,2.466742992401123,1539400
2012-12-28,3.0799999237060547,3.140000104904175,3.049999952316284,3.059999942779541,2.507718801498413,1191000
2012-12-31,3.069999933242798,3.130000114440918,2.990000009536743,3.119999885559082,2.556889295578003,882000
2013-01-02,3.140000104904175,3.259999990463257,3.119999885559082,3.240000009536743,2.655231475830078,1419600
2013-01-03,3.2799999713897705,3.4000000953674316,3.2799999713897705,3.359999895095825,2.753573417663574,1340400
2013-01-04,3.4100000858306885,3.559999942779541,3.359999895095825,3.390000104904175,2.7781591415405273,1794800
2013-01-07,3.4100000858306885,3.4600000381469727,3.3299999237060547,3.3399999141693115,2.737183094024658,2160500
2013-01-08,3.2699999809265137,3.2799999713897705,3.0399999618530273,3.0999999046325684,2.540499448776245,2141200
2013-01-09,3.1700000762939453,3.2200000286102295,3.140000104904175,3.2200000286102295,2.638841390609741,725500
2013-01-10,3.259999990463257,3.259999990463257,3.180000066757202,3.200000047683716,2.622450828552246,416200
2013-01-11,3.180000066757202,3.2200000286102295,3.130000114440918,3.2100000381469727,2.6306464672088623,1078200
2013-01-14,3.2300000190734863,3.2799999713897705,3.190000057220459,3.2200000286102295,2.638841390609741,1040100
2013-01-15,3.1600000858306885,3.319999933242798,3.1600000858306885,3.309999942779541,2.712597608566284,1794000
2013-01-16,3.2899999618530273,3.3499999046325684,3.2699999809265137,3.3299999237060547,2.7289879322052,1292800
2013-01-17,3.359999895095825,3.5199999809265137,3.3499999046325684,3.4200000762939453,2.8027446269989014,2256900
2013-01-18,3.5,3.630000114440918,3.490000009536743,3.569999933242798,2.9256720542907715,1213600
2013-01-22,3.950000047683716,3.990000009536743,3.859999895095825,3.930000066757202,3.2206974029541016,2476900
2013-01-23,3.930000066757202,3.950000047683716,3.759999990463257,3.759999990463257,3.0813798904418945,2311300
2013-01-24,3.7300000190734863,3.740000009536743,3.5299999713897705,3.5899999141693115,2.9420621395111084,1880000
2013-01-25,3.609999895095825,3.640000104904175,3.430000066757202,3.5,2.8683056831359863,756200
2013-01-28,3.5899999141693115,3.5899999141693115,3.4800000190734863,3.509999990463257,2.8765006065368652,953600
2013-01-29,3.569999933242798,3.5899999141693115,3.4800000190734863,3.5299999713897705,2.8928911685943604,910000
2013-01-30,3.5299999713897705,3.5299999713897705,3.430000066757202,3.4800000190734863,2.8519155979156494,669600
2013-01-31,3.450000047683716,3.619999885559082,3.4100000858306885,3.549999952316284,2.9092812538146973,1616300
2013-02-01,3.609999895095825,3.6500000953674316,3.5299999713897705,3.5799999237060547,2.9338667392730713,1142200
2013-02-04,3.549999952316284,3.549999952316284,3.4600000381469727,3.4600000381469727,2.8355252742767334,1046300
2013-02-05,3.509999990463257,3.5399999618530273,3.450000047683716,3.4700000286102295,2.843719959259033,787300
2013-02-06,3.4700000286102295,3.559999942779541,3.369999885559082,3.5,2.8683056831359863,1045400
2013-02-07,3.5399999618530273,3.559999942779541,3.430000066757202,3.440000057220459,2.8191349506378174,626700
2013-02-08,3.5,3.5299999713897705,3.440000057220459,3.4700000286102295,2.843719959259033,945000
2013-02-11,3.549999952316284,3.549999952316284,3.4000000953674316,3.4200000762939453,2.8027446269989014,325000
2013-02-12,3.450000047683716,3.4600000381469727,3.3499999046325684,3.4000000953674316,2.7863540649414062,579800
2013-02-13,3.4000000953674316,3.559999942779541,3.380000114440918,3.509999990463257,2.8765006065368652,697400
2013-02-14,3.4800000190734863,3.619999885559082,3.4700000286102295,3.5799999237060547,2.9338667392730713,1062400
2013-02-15,3.5399999618530273,3.559999942779541,3.4000000953674316,3.4000000953674316,2.7863540649414062,741100
2013-02-19,3.430000066757202,3.440000057220459,3.3499999046325684,3.369999885559082,2.7617685794830322,680300
2013-02-20,3.369999885559082,3.390000104904175,3.2200000286102295,3.2300000190734863,2.64703631401062,1075200
2013-02-21,3.1600000858306885,3.1700000762939453,3.0999999046325684,3.1500000953674316,2.581475257873535,1044900
2013-02-22,3.140000104904175,3.1500000953674316,3.069999933242798,3.069999933242798,2.515913963317871,997900
2013-02-25,3.0999999046325684,3.190000057220459,3.0899999141693115,3.1500000953674316,2.581475257873535,1103900
2013-02-26,3.2300000190734863,3.359999895095825,3.1500000953674316,3.3499999046325684,2.745378255844116,1336000
2013-02-27,3.369999885559082,3.4600000381469727,3.3499999046325684,3.369999885559082,2.7617685794830322,1031500
2013-02-28,3.430000066757202,3.5399999618530273,3.4200000762939453,3.490000009536743,2.8601107597351074,1716600
2013-03-01,3.369999885559082,3.440000057220459,3.3399999141693115,3.380000114440918,2.7699639797210693,1150900
2013-03-04,3.440000057220459,3.4600000381469727,3.309999942779541,3.3399999141693115,2.737183094024658,745200
2013-03-05,3.4000000953674316,3.450000047683716,3.299999952316284,3.309999942779541,2.712597608566284,558700
2013-03-06,3.359999895095825,3.559999942779541,3.359999895095825,3.4700000286102295,2.843719959259033,1619600
2013-03-07,3.680000066757202,3.799999952316284,3.6500000953674316,3.7799999713897705,3.0977704524993896,1959900
2013-03-08,3.740000009536743,3.7699999809265137,3.6600000858306885,3.690000057220459,3.0240137577056885,1092400
2013-03-11,3.690000057220459,3.700000047683716,3.630000114440918,3.6600000858306885,2.9994282722473145,553500
2013-03-12,3.7300000190734863,3.7899999618530273,3.700000047683716,3.740000009536743,3.0649895668029785,940100
2013-03-13,3.75,3.759999990463257,3.619999885559082,3.640000104904175,2.9830381870269775,888400
2013-03-14,3.680000066757202,3.690000057220459,3.450000047683716,3.4700000286102295,2.843719959259033,1275100
2013-03-15,3.4200000762939453,3.440000057220459,3.3499999046325684,3.4000000953674316,2.7863540649414062,1586100
2013-03-18,3.319999933242798,3.380000114440918,3.309999942779541,3.3499999046325684,2.745378255844116,689300
2013-03-19,3.369999885559082,3.430000066757202,3.309999942779541,3.359999895095825,2.753573417663574,858100
2013-03-20,3.3299999237060547,3.3399999141693115,3.2200000286102295,3.259999990463257,2.671621799468994,1465100
2013-03-21,3.259999990463257,3.2899999618530273,3.1500000953674316,3.1500000953674316,2.581475257873535,1032100
2013-03-22,3.1700000762939453,3.2300000190734863,3.1500000953674316,3.1700000762939453,2.597865581512451,453300
2013-03-25,3.180000066757202,3.2100000381469727,3.140000104904175,3.1700000762939453,2.597865581512451,476300
2013-03-26,3.200000047683716,3.2899999618530273,3.130000114440918,3.1500000953674316,2.581475257873535,1298200
2013-03-27,3.0999999046325684,3.190000057220459,3.049999952316284,3.119999885559082,2.556889295578003,1014500
2013-03-28,3.25,3.5199999809265137,3.25,3.4200000762939453,2.8027446269989014,2166600
2013-04-01,3.4800000190734863,3.5199999809265137,3.4200000762939453,3.4600000381469727,2.8355252742767334,1205000
2013-04-02,3.4800000190734863,3.4800000190734863,3.309999942779541,3.319999933242798,2.720792770385742,824200
2013-04-03,3.299999952316284,3.3399999141693115,3.180000066757202,3.190000057220459,2.614255666732788,1337300
2013-04-04,3.2300000190734863,3.25,3.140000104904175,3.1700000762939453,2.597865581512451,1542100
2013-04-05,3.180000066757202,3.299999952316284,3.1600000858306885,3.190000057220459,2.614255666732788,2078900
2013-04-08,3.2100000381469727,3.2100000381469727,3.0999999046325684,3.0999999046325684,2.540499448776245,1798200
2013-04-09,3.1700000762939453,3.190000057220459,3.0999999046325684,3.1500000953674316,2.581475257873535,3263300
2013-04-10,3.1700000762939453,3.2200000286102295,3.109999895095825,3.1600000858306885,2.589670181274414,2897000
2013-04-11,3.1500000953674316,3.1600000858306885,3.0399999618530273,3.0999999046325684,2.540499448776245,1848600
2013-04-12,3.0799999237060547,3.140000104904175,3.009999990463257,3.069999933242798,2.515913963317871,1357600
2013-04-15,2.9700000286102295,2.9800000190734863,2.7899999618530273,2.799999952316284,2.294644594192505,1804200
2013-04-16,2.819999933242798,2.9000000953674316,2.7699999809265137,2.7799999713897705,2.278254270553589,1015800
2013-04-17,2.75,2.7799999713897705,2.619999885559082,2.619999885559082,2.1471316814422607,2044300
2013-04-18,2.609999895095825,2.619999885559082,2.5,2.569999933242798,2.1061558723449707,1479300
2013-04-19,2.5799999237060547,2.609999895095825,2.549999952316284,2.609999895095825,2.1389365196228027,655500
2013-04-22,2.609999895095825,2.680000066757202,2.5399999618530273,2.6700000762939453,2.188107490539551,657000
2013-04-23,2.700000047683716,2.7100000381469727,2.6600000858306885,2.680000066757202,2.196302890777588,770700
2013-04-24,2.680000066757202,2.7300000190734863,2.630000114440918,2.7100000381469727,2.220888137817383,1880800
2013-04-25,2.690000057220459,2.759999990463257,2.640000104904175,2.690000057220459,2.204497814178467,1154300
2013-04-26,2.680000066757202,2.680000066757202,2.569999933242798,2.5999999046325684,2.1307413578033447,685900
2013-04-29,2.619999885559082,2.6700000762939453,2.569999933242798,2.619999885559082,2.1471316814422607,1630300
2013-04-30,2.609999895095825,2.690000057220459,2.5999999046325684,2.690000057220459,2.204497814178467,1695300
2013-05-01,2.690000057220459,2.7699999809265137,2.640000104904175,2.7100000381469727,2.220888137817383,703000
2013-05-02,2.569999933242798,2.5899999141693115,2.4800000190734863,2.509999990463257,2.2191197872161865,1225800
2013-05-03,2.5399999618530273,2.5799999237060547,2.4800000190734863,2.490000009536743,2.2014377117156982,919300
2013-05-06,2.4800000190734863,2.490000009536743,2.380000114440918,2.4100000858306885,2.130708932876587,1525700
2013-05-07,2.440000057220459,2.4700000286102295,2.4200000762939453,2.440000057220459,2.1572320461273193,496300
2013-05-08,2.4700000286102295,2.509999990463257,2.4200000762939453,2.4600000381469727,2.1749143600463867,787900
2013-05-09,2.4600000381469727,2.4700000286102295,2.390000104904175,2.390000104904175,2.1130268573760986,661100
2013-05-10,2.4000000953674316,2.430000066757202,2.369999885559082,2.4100000858306885,2.130708932876587,1084600
2013-05-13,2.4100000858306885,2.4100000858306885,2.369999885559082,2.380000114440918,2.1041855812072754,567200
2013-05-14,2.369999885559082,2.390000104904175,2.2799999713897705,2.2899999618530273,2.0246152877807617,1313500
2013-05-15,2.2899999618530273,2.3399999141693115,2.2799999713897705,2.3299999237060547,2.0599794387817383,625300
2013-05-16,2.4700000286102295,2.5899999141693115,2.4700000286102295,2.5399999618530273,2.245643138885498,2197400
2013-05-17,2.6500000953674316,2.759999990463257,2.509999990463257,2.5399999618530273,2.245643138885498,1951600
2013-05-20,2.5199999809265137,2.569999933242798,2.4200000762939453,2.569999933242798,2.2721667289733887,1528000
2013-05-21,2.5899999141693115,2.75,2.559999942779541,2.7100000381469727,2.395942211151123,2415800
2013-05-22,2.819999933242798,3.0,2.7899999618530273,2.9000000953674316,2.5639233589172363,3521600
2013-05-23,2.940000057220459,3.049999952316284,2.869999885559082,2.950000047683716,2.6081290245056152,2235700
2013-05-24,2.9700000286102295,3.0,2.930000066757202,2.9700000286102295,2.6258111000061035,1674100
2013-05-28,3.049999952316284,3.059999942779541,2.990000009536743,3.0199999809265137,2.6700167655944824,1052400
2013-05-29,2.9700000286102295,3.009999990463257,2.8299999237060547,2.8299999237060547,2.502035617828369,897500
2013-05-30,2.869999885559082,2.9100000858306885,2.7100000381469727,2.809999942779541,2.484353542327881,1046300
2013-05-31,2.740000009536743,2.75,2.549999952316284,2.5799999237060547,2.281007766723633,3071900
2013-06-03,2.640000104904175,2.75,2.559999942779541,2.700000047683716,2.387101173400879,958500
2013-06-04,2.7100000381469727,2.7100000381469727,2.5999999046325684,2.619999885559082,2.3163721561431885,710000
2013-06-05,2.609999895095825,2.6600000858306885,2.5,2.509999990463257,2.2191197872161865,849600
2013-06-06,2.4800000190734863,2.5399999618530273,2.450000047683716,2.5299999713897705,2.236802101135254,666100
2013-06-07,2.440000057220459,2.4700000286102295,2.3299999237060547,2.380000114440918,2.1041855812072754,939900
2013-06-10,2.3399999141693115,2.4000000953674316,2.299999952316284,2.390000104904175,2.1130268573760986,1143800
2013-06-11,2.25,2.3499999046325684,2.2300000190734863,2.2899999618530273,2.0246152877807617,952800
2013-06-12,2.309999942779541,2.3299999237060547,2.1500000953674316,2.2300000190734863,1.9715685844421387,1090500
2013-06-13,2.240000009536743,2.380000114440918,2.240000009536743,2.380000114440918,2.1041855812072754,780600
2013-06-14,2.3499999046325684,2.359999895095825,2.2300000190734863,2.240000009536743,1.980409860610962,629700
2013-06-17,2.2699999809265137,2.299999952316284,2.2100000381469727,2.25,1.989250898361206,540500
2013-06-18,2.25,2.3399999141693115,2.190000057220459,2.3299999237060547,2.0599794387817383,813400
2013-06-19,2.309999942779541,2.359999895095825,2.1600000858306885,2.1700000762939453,1.9185220003128052,915400
2013-06-20,2.0999999046325684,2.1600000858306885,2.009999990463257,2.109999895095825,1.8654751777648926,1926700
2013-06-21,2.069999933242798,2.0999999046325684,2.0199999809265137,2.0199999809265137,1.7859052419662476,2910200
2013-06-24,2.0,2.069999933242798,1.9199999570846558,2.0299999713897705,1.7947462797164917,1121900
2013-06-25,2.069999933242798,2.0899999141693115,2.0299999713897705,2.069999933242798,1.8301106691360474,443400
2013-06-26,2.119999885559082,2.1500000953674316,2.069999933242798,2.119999885559082,1.8743164539337158,738900
2013-06-27,2.109999895095825,2.1700000762939453,2.0999999046325684,2.130000114440918,1.883157730102539,1047800
2013-06-28,2.0899999141693115,2.119999885559082,2.049999952316284,2.119999885559082,1.8743164539337158,949600
2013-07-01,2.0899999141693115,2.119999885559082,2.059999942779541,2.059999942779541,1.8212696313858032,619900
2013-07-02,2.049999952316284,2.059999942779541,1.9600000381469727,2.0,1.7682229280471802,734500
2013-07-03,2.0,2.049999952316284,1.9700000286102295,2.009999990463257,1.7770640850067139,346500
2013-07-05,1.9900000095367432,1.9900000095367432,1.8799999952316284,1.940000057220459,1.7151764631271362,2115000
2013-07-08,1.940000057220459,1.9800000190734863,1.940000057220459,1.9500000476837158,1.7240175008773804,470300
2013-07-09,2.009999990463257,2.049999952316284,1.9800000190734863,1.9900000095367432,1.7593820095062256,316400
2013-07-10,1.9700000286102295,2.009999990463257,1.9500000476837158,1.9900000095367432,1.7593820095062256,657600
2013-07-11,2.049999952316284,2.0999999046325684,1.9900000095367432,2.0999999046325684,1.8566340208053589,803600
2013-07-12,2.0799999237060547,2.130000114440918,2.0399999618530273,2.130000114440918,1.883157730102539,680800
2013-07-15,2.119999885559082,2.2200000286102295,2.109999895095825,2.2100000381469727,1.9538863897323608,1225800
2013-07-16,2.2100000381469727,2.2200000286102295,2.130000114440918,2.180000066757202,1.9273630380630493,557200
2013-07-17,2.180000066757202,2.2300000190734863,2.1600000858306885,2.180000066757202,1.9273630380630493,674500
2013-07-18,2.180000066757202,2.2100000381469727,2.130000114440918,2.1500000953674316,1.900839924812317,520000
2013-07-19,2.0399999618530273,2.0899999141693115,1.9900000095367432,2.0799999237060547,1.8389519453048706,515300
2013-07-22,2.0999999046325684,2.190000057220459,2.0999999046325684,2.180000066757202,1.9273630380630493,430500
2013-07-23,2.200000047683716,2.200000047683716,2.1500000953674316,2.200000047683716,1.9450454711914062,524900
2013-07-24,2.200000047683716,2.2100000381469727,2.0999999046325684,2.109999895095825,1.8654751777648926,575600
2013-07-25,2.119999885559082,2.200000047683716,2.109999895095825,2.200000047683716,1.9450454711914062,505200
2013-07-26,2.1700000762939453,2.2200000286102295,2.1500000953674316,2.2100000381469727,1.9538863897323608,752300
2013-07-29,2.180000066757202,2.190000057220459,2.119999885559082,2.1500000953674316,1.900839924812317,599200
2013-07-30,2.140000104904175,2.140000104904175,2.059999942779541,2.0899999141693115,1.8477931022644043,666400
2013-07-31,2.0199999809265137,2.049999952316284,2.0,2.0299999713897705,1.7947462797164917,784600
2013-08-01,2.0399999618530273,2.0399999618530273,1.9800000190734863,2.0299999713897705,1.7947462797164917,839500
2013-08-02,2.0399999618530273,2.059999942779541,2.009999990463257,2.0199999809265137,1.7859052419662476,796900
2013-08-05,2.0,2.049999952316284,1.9800000190734863,2.0299999713897705,1.7947462797164917,314800
2013-08-06,2.009999990463257,2.0199999809265137,1.9600000381469727,1.9700000286102295,1.7416998147964478,1062800
2013-08-07,1.940000057220459,1.9800000190734863,1.909999966621399,1.9199999570846558,1.6974940299987793,1136100
2013-08-08,1.9600000381469727,2.069999933242798,1.9199999570846558,2.069999933242798,1.8301106691360474,974500
2013-08-09,2.0799999237060547,2.1600000858306885,2.049999952316284,2.1500000953674316,1.900839924812317,888600
2013-08-12,2.1600000858306885,2.2799999713897705,2.1500000953674316,2.180000066757202,1.9273630380630493,1077300
2013-08-13,2.180000066757202,2.190000057220459,2.140000104904175,2.1700000762939453,1.9185220003128052,1178200
2013-08-14,2.190000057220459,2.2200000286102295,2.1600000858306885,2.190000057220459,1.9362043142318726,711800
2013-08-15,2.109999895095825,2.1700000762939453,2.059999942779541,2.1600000858306885,1.909680962562561,771200
2013-08-16,2.1500000953674316,2.1500000953674316,2.0799999237060547,2.140000104904175,1.8919986486434937,1580500
2013-08-19,2.130000114440918,2.1500000953674316,2.059999942779541,2.059999942779541,1.8212696313858032,1462700
2013-08-20,2.059999942779541,2.0999999046325684,2.0399999618530273,2.0399999618530273,1.8035874366760254,569100
2013-08-21,2.0199999809265137,2.0799999237060547,2.009999990463257,2.0299999713897705,1.7947462797164917,1271500
2013-08-22,2.049999952316284,2.0899999141693115,2.0299999713897705,2.0799999237060547,1.8389519453048706,633100
2013-08-23,2.0899999141693115,2.1700000762939453,2.069999933242798,2.1700000762939453,1.9185220003128052,329900
2013-08-26,2.1500000953674316,2.1600000858306885,2.069999933242798,2.0799999237060547,1.8389519453048706,1968200
2013-08-27,2.049999952316284,2.0999999046325684,2.0399999618530273,2.0999999046325684,1.8566340208053589,1685800
2013-08-28,2.0899999141693115,2.1600000858306885,2.0799999237060547,2.119999885559082,1.8743164539337158,2158200
2013-08-29,2.119999885559082,2.1700000762939453,2.0999999046325684,2.140000104904175,1.8919986486434937,806100
2013-08-30,2.1600000858306885,2.1600000858306885,2.0799999237060547,2.119999885559082,1.8743164539337158,3350100
2013-09-03,2.200000047683716,2.2799999713897705,2.200000047683716,2.259999990463257,1.9980919361114502,1750400
2013-09-04,2.259999990463257,2.2799999713897705,2.2200000286102295,2.2699999809265137,2.0069329738616943,622600
2013-09-05,2.299999952316284,2.359999895095825,2.2699999809265137,2.359999895095825,2.086503028869629,648800
2013-09-06,2.369999885559082,2.4700000286102295,2.359999895095825,2.450000047683716,2.1660733222961426,1757900
2013-09-09,2.5,2.7200000286102295,2.4600000381469727,2.680000066757202,2.3694190979003906,2446700
2013-09-10,2.7200000286102295,2.75,2.630000114440918,2.700000047683716,2.387101173400879,1823000
2013-09-11,2.690000057220459,2.7100000381469727,2.5999999046325684,2.7100000381469727,2.395942211151123,1211000
2013-09-12,2.6600000858306885,2.700000047683716,2.619999885559082,2.6700000762939453,2.3605778217315674,1108000
2013-09-13,2.6500000953674316,2.700000047683716,2.619999885559082,2.690000057220459,2.3782598972320557,762800
2013-09-16,2.7300000190734863,2.740000009536743,2.619999885559082,2.640000104904175,2.334054708480835,1244600
2013-09-17,2.6700000762939453,2.7300000190734863,2.6700000762939453,2.7300000190734863,2.4136242866516113,975900
2013-09-18,2.7200000286102295,2.9000000953674316,2.680000066757202,2.890000104904175,2.555082321166992,1995300
2013-09-19,2.859999895095825,2.890000104904175,2.759999990463257,2.8399999141693115,2.5108766555786133,1699600
2013-09-20,2.8299999237060547,2.8499999046325684,2.7200000286102295,2.7899999618530273,2.4666709899902344,1162900
2013-09-23,2.7699999809265137,2.819999933242798,2.75,2.809999942779541,2.484353542327881,959600
2013-09-24,2.7799999713897705,2.809999942779541,2.759999990463257,2.7899999618530273,2.4666709899902344,1371800
2013-09-25,2.75,2.7699999809265137,2.7100000381469727,2.75,2.4313066005706787,974800
2013-09-26,2.75,2.809999942779541,2.7200000286102295,2.740000009536743,2.4224655628204346,515800
2013-09-27,2.7300000190734863,2.75,2.7100000381469727,2.7100000381469727,2.395942211151123,686700
2013-09-30,2.740000009536743,2.819999933242798,2.7200000286102295,2.809999942779541,2.484353542327881,1774100
2013-10-01,2.819999933242798,2.9200000762939453,2.799999952316284,2.799999952316284,2.4755122661590576,1202100
2013-10-02,2.8399999141693115,2.950000047683716,2.8399999141693115,2.940000057220459,2.599287748336792,840600
2013-10-03,2.940000057220459,2.990000009536743,2.9100000858306885,2.9700000286102295,2.6258111000061035,834600
2013-10-04,2.9700000286102295,3.0299999713897705,2.9600000381469727,3.0,2.652334690093994,780800
2013-10-07,2.990000009536743,3.0299999713897705,2.9700000286102295,3.009999990463257,2.661175489425659,824700
2013-10-08,3.0299999713897705,3.0399999618530273,2.940000057220459,2.9600000381469727,2.6169703006744385,1086500
2013-10-09,2.950000047683716,2.9600000381469727,2.8399999141693115,2.890000104904175,2.555082321166992,1271300
2013-10-10,2.950000047683716,3.0899999141693115,2.950000047683716,3.0899999141693115,2.7319045066833496,804800
2013-10-11,3.0799999237060547,3.0999999046325684,3.049999952316284,3.0999999046325684,2.740745782852173,849100
2013-10-14,3.0399999618530273,3.2200000286102295,3.0299999713897705,3.2100000381469727,2.837998151779175,938100
2013-10-15,3.190000057220459,3.3299999237060547,3.130000114440918,3.2799999713897705,2.899885654449463,1514400
2013-10-16,3.2100000381469727,3.380000114440918,3.180000066757202,3.2899999618530273,2.908726930618286,2477600
2013-10-17,3.319999933242798,3.3299999237060547,3.2699999809265137,3.3299999237060547,2.944091320037842,832000
2013-10-18,3.3299999237060547,3.390000104904175,3.309999942779541,3.3399999141693115,2.952932357788086,1151200
2013-10-21,3.4000000953674316,3.450000047683716,3.369999885559082,3.430000066757202,3.0325024127960205,1558000
2013-10-22,3.440000057220459,3.4800000190734863,3.430000066757202,3.450000047683716,3.050184965133667,929900
2013-10-23,3.4600000381469727,3.4700000286102295,3.369999885559082,3.390000104904175,2.997138261795044,737100
2013-10-24,3.3299999237060547,3.3499999046325684,3.2300000190734863,3.259999990463257,2.8822035789489746,1465500
2013-10-25,3.3299999237060547,3.3499999046325684,3.2699999809265137,3.299999952316284,2.9175679683685303,746300
2013-10-28,3.3299999237060547,3.4000000953674316,3.3299999237060547,3.359999895095825,2.970614433288574,555400
2013-10-29,3.4100000858306885,3.4100000858306885,3.3299999237060547,3.380000114440918,2.9882969856262207,483700
2013-10-30,3.319999933242798,3.3399999141693115,3.240000009536743,3.2799999713897705,2.899885654449463,594200
2013-10-31,3.2799999713897705,3.319999933242798,3.1600000858306885,3.1600000858306885,2.793792486190796,1239100
2013-11-01,3.109999895095825,3.119999885559082,2.9700000286102295,3.009999990463257,2.661175489425659,2883300
2013-11-04,3.059999942779541,3.069999933242798,3.009999990463257,3.049999952316284,2.696539878845215,925400
2013-11-05,2.880000114440918,2.9200000762939453,2.7699999809265137,2.799999952316284,2.4755122661590576,1377900
2013-11-06,2.7300000190734863,2.799999952316284,2.690000057220459,2.799999952316284,2.4755122661590576,1625900
2013-11-07,2.7699999809265137,2.7799999713897705,2.6700000762939453,2.690000057220459,2.3782598972320557,1057000
2013-11-08,2.6600000858306885,2.6600000858306885,2.5899999141693115,2.630000114440918,2.3252131938934326,617200
2013-11-11,2.5899999141693115,2.619999885559082,2.559999942779541,2.5799999237060547,2.281007766723633,864500
2013-11-12,2.5799999237060547,2.640000104904175,2.569999933242798,2.609999895095825,2.3075311183929443,818500
2013-11-13,2.5999999046325684,2.680000066757202,2.5999999046325684,2.640000104904175,2.334054708480835,1032700
2013-11-14,2.680000066757202,2.75,2.6500000953674316,2.740000009536743,2.4224655628204346,978800
2013-11-15,2.7200000286102295,2.740000009536743,2.630000114440918,2.6500000953674316,2.3428955078125,952600
2013-11-18,2.680000066757202,2.799999952316284,2.680000066757202,2.759999990463257,2.440147638320923,972300
2013-11-19,2.7699999809265137,2.7699999809265137,2.5999999046325684,2.5999999046325684,2.2986900806427,1280000
2013-11-20,2.609999895095825,2.640000104904175,2.5299999713897705,2.5299999713897705,2.236802101135254,915000
2013-11-21,2.5999999046325684,2.6600000858306885,2.5799999237060547,2.5999999046325684,2.2986900806427,1345600
2013-11-22,2.700000047683716,2.7100000381469727,2.5999999046325684,2.609999895095825,2.3075311183929443,1600300
2013-11-25,2.7200000286102295,2.740000009536743,2.6500000953674316,2.6600000858306885,2.351736545562744,622200
2013-11-26,2.630000114440918,2.630000114440918,2.549999952316284,2.609999895095825,2.3075311183929443,892500
2013-11-27,2.5999999046325684,2.5999999046325684,2.549999952316284,2.559999942779541,2.2633252143859863,1129000
2013-11-29,2.569999933242798,2.5899999141693115,2.5299999713897705,2.559999942779541,2.2633252143859863,358700
2013-12-02,2.5199999809265137,2.5399999618530273,2.4600000381469727,2.5,2.2102787494659424,1285800
2013-12-03,2.4700000286102295,2.490000009536743,2.4100000858306885,2.450000047683716,2.1660733222961426,1905000
2013-12-04,2.430000066757202,2.4600000381469727,2.390000104904175,2.4000000953674316,2.1218674182891846,1130200
2013-12-05,2.450000047683716,2.5299999713897705,2.430000066757202,2.4600000381469727,2.1749143600463867,802100
2013-12-06,2.509999990463257,2.609999895095825,2.5,2.609999895095825,2.3075311183929443,753700
2013-12-09,2.559999942779541,2.6500000953674316,2.5399999618530273,2.6500000953674316,2.3428955078125,986800
2013-12-10,2.5999999046325684,2.6600000858306885,2.5799999237060547,2.619999885559082,2.3163721561431885,924500
2013-12-11,2.569999933242798,2.6500000953674316,2.5199999809265137,2.549999952316284,2.254484176635742,2530000
2013-12-12,2.549999952316284,2.5899999141693115,2.509999990463257,2.5799999237060547,2.281007766723633,770000
2013-12-13,2.559999942779541,2.5799999237060547,2.490000009536743,2.5,2.2102787494659424,986800
2013-12-16,2.5399999618530273,2.640000104904175,2.5299999713897705,2.5799999237060547,2.281007766723633,847000
2013-12-17,2.569999933242798,2.6600000858306885,2.549999952316284,2.630000114440918,2.3252131938934326,2178700
2013-12-18,2.5799999237060547,2.7100000381469727,2.5399999618530273,2.6700000762939453,2.3605778217315674,1908900
2013-12-19,2.619999885559082,2.630000114440918,2.5299999713897705,2.5899999141693115,2.289848566055298,1297600
2013-12-20,2.5799999237060547,2.5899999141693115,2.4700000286102295,2.5199999809265137,2.2279608249664307,2114700
2013-12-23,2.5799999237060547,2.5999999046325684,2.569999933242798,2.5799999237060547,2.281007766723633,518000
2013-12-24,2.5999999046325684,2.619999885559082,2.559999942779541,2.5999999046325684,2.2986900806427,136500
2013-12-26,2.5999999046325684,2.630000114440918,2.5399999618530273,2.559999942779541,2.2633252143859863,996500
2013-12-27,2.569999933242798,2.619999885559082,2.559999942779541,2.619999885559082,2.3163721561431885,940300
2013-12-30,2.569999933242798,2.5999999046325684,2.509999990463257,2.559999942779541,2.2633252143859863,982700
2013-12-31,2.509999990463257,2.5899999141693115,2.509999990463257,2.5899999141693115,2.289848566055298,415900
2014-01-02,2.4200000762939453,2.430000066757202,2.3299999237060547,2.390000104904175,2.1130268573760986,1418300
2014-01-03,2.430000066757202,2.5299999713897705,2.4200000762939453,2.5199999809265137,2.2279608249664307,766600
2014-01-06,2.5199999809265137,2.5999999046325684,2.490000009536743,2.569999933242798,2.2721667289733887,647600
2014-01-07,2.5999999046325684,2.630000114440918,2.490000009536743,2.509999990463257,2.2191197872161865,788600
2014-01-08,2.490000009536743,2.5,2.430000066757202,2.450000047683716,2.1660733222961426,334700
2014-01-09,2.450000047683716,2.4700000286102295,2.4000000953674316,2.4600000381469727,2.1749143600463867,414300
2014-01-10,2.4600000381469727,2.5199999809265137,2.440000057220459,2.509999990463257,2.2191197872161865,777700
2014-01-13,2.4800000190734863,2.5,2.440000057220459,2.4700000286102295,2.18375563621521,487500
2014-01-14,2.440000057220459,2.5199999809265137,2.4200000762939453,2.490000009536743,2.2014377117156982,632400
2014-01-15,2.4100000858306885,2.450000047683716,2.309999942779541,2.390000104904175,2.1130268573760986,1312100
2014-01-16,2.4000000953674316,2.4200000762939453,2.2799999713897705,2.390000104904175,2.1130268573760986,1128400
2014-01-17,2.3399999141693115,2.359999895095825,2.319999933242798,2.359999895095825,2.086503028869629,1009200
2014-01-21,2.319999933242798,2.3399999141693115,2.2899999618530273,2.319999933242798,2.0511388778686523,1001000
2014-01-22,2.3299999237060547,2.380000114440918,2.2899999618530273,2.369999885559082,2.095344066619873,886300
2014-01-23,2.309999942779541,2.309999942779541,2.2100000381469727,2.2300000190734863,1.9715685844421387,1417900
2014-01-24,2.190000057220459,2.2300000190734863,2.140000104904175,2.180000066757202,1.9273630380630493,1261000
2014-01-27,2.1500000953674316,2.2100000381469727,2.140000104904175,2.190000057220459,1.9362043142318726,940400
2014-01-28,2.2200000286102295,2.2200000286102295,2.190000057220459,2.190000057220459,1.9362043142318726,536700
2014-01-29,2.140000104904175,2.180000066757202,2.119999885559082,2.1500000953674316,1.900839924812317,807000
2014-01-30,2.190000057220459,2.2200000286102295,2.140000104904175,2.2100000381469727,1.9538863897323608,1569000
2014-01-31,2.119999885559082,2.190000057220459,2.119999885559082,2.119999885559082,1.8743164539337158,1297300
2014-02-03,2.140000104904175,2.140000104904175,2.069999933242798,2.0999999046325684,1.8566340208053589,709400
2014-02-04,2.119999885559082,2.1500000953674316,2.0999999046325684,2.109999895095825,1.8654751777648926,588600
2014-02-05,2.059999942779541,2.1500000953674316,2.049999952316284,2.140000104904175,1.8919986486434937,1832700
2014-02-06,2.109999895095825,2.200000047683716,2.0999999046325684,2.1500000953674316,1.900839924812317,1387100
2014-02-07,2.1500000953674316,2.200000047683716,2.130000114440918,2.190000057220459,1.9362043142318726,746800
2014-02-10,2.1500000953674316,2.180000066757202,2.0799999237060547,2.119999885559082,1.8743164539337158,2259300
2014-02-11,2.0899999141693115,2.1700000762939453,2.0799999237060547,2.1500000953674316,1.900839924812317,702400
2014-02-12,2.140000104904175,2.1700000762939453,2.109999895095825,2.140000104904175,1.8919986486434937,712900
2014-02-13,2.069999933242798,2.180000066757202,2.069999933242798,2.1700000762939453,1.9185220003128052,1053900
2014-02-14,2.140000104904175,2.190000057220459,2.130000114440918,2.1600000858306885,1.909680962562561,872500
2014-02-18,1.9800000190734863,2.0299999713897705,1.9500000476837158,1.9800000190734863,1.7505407333374023,3613600
2014-02-19,1.9500000476837158,2.0299999713897705,1.9500000476837158,2.0199999809265137,1.7859052419662476,2180500
2014-02-20,2.0399999618530273,2.069999933242798,2.009999990463257,2.059999942779541,1.8212696313858032,676600
2014-02-21,2.069999933242798,2.140000104904175,2.069999933242798,2.109999895095825,1.8654751777648926,1190800
2014-02-24,2.0899999141693115,2.109999895095825,2.059999942779541,2.0799999237060547,1.8389519453048706,780700
2014-02-25,2.069999933242798,2.140000104904175,2.049999952316284,2.130000114440918,1.883157730102539,2099200
2014-02-26,2.0899999141693115,2.119999885559082,2.0,2.0799999237060547,1.8389519453048706,2006900
2014-02-27,2.0999999046325684,2.2100000381469727,2.0899999141693115,2.190000057220459,1.9362043142318726,940000
2014-02-28,2.1700000762939453,2.200000047683716,2.130000114440918,2.180000066757202,1.9273630380630493,2305000
2014-03-03,2.1500000953674316,2.1700000762939453,2.0999999046325684,2.1500000953674316,1.900839924812317,429100
2014-03-04,2.190000057220459,2.259999990463257,2.180000066757202,2.200000047683716,1.9450454711914062,481100
2014-03-05,2.200000047683716,2.2300000190734863,2.109999895095825,2.1500000953674316,1.900839924812317,1396100
2014-03-06,2.1600000858306885,2.1700000762939453,2.130000114440918,2.1600000858306885,1.909680962562561,1282000
2014-03-07,2.130000114440918,2.140000104904175,2.0199999809265137,2.049999952316284,1.8124284744262695,1430300
2014-03-10,2.0399999618530273,2.049999952316284,1.9700000286102295,1.9900000095367432,1.7593820095062256,1252400
2014-03-11,2.0299999713897705,2.0899999141693115,2.0,2.009999990463257,1.7770640850067139,755800
2014-03-12,2.0199999809265137,2.1500000953674316,2.009999990463257,2.130000114440918,1.883157730102539,627300
2014-03-13,2.190000057220459,2.240000009536743,2.119999885559082,2.180000066757202,1.9273630380630493,1703600
2014-03-14,2.1700000762939453,2.180000066757202,2.0799999237060547,2.119999885559082,1.8743164539337158,807700
2014-03-17,2.140000104904175,2.1600000858306885,2.119999885559082,2.140000104904175,1.8919986486434937,597600
2014-03-18,2.140000104904175,2.2699999809265137,2.130000114440918,2.25,1.989250898361206,906200
2014-03-19,2.2699999809265137,2.4000000953674316,2.259999990463257,2.369999885559082,2.095344066619873,1816400
2014-03-20,2.4000000953674316,2.6500000953674316,2.359999895095825,2.4800000190734863,2.192596435546875,2925100
2014-03-21,2.430000066757202,2.549999952316284,2.4100000858306885,2.490000009536743,2.2014377117156982,1651100
2014-03-24,2.5299999713897705,2.5999999046325684,2.490000009536743,2.559999942779541,2.2633252143859863,1437800
2014-03-25,2.559999942779541,2.5799999237060547,2.509999990463257,2.549999952316284,2.254484176635742,1341800
2014-03-26,2.559999942779541,2.5799999237060547,2.509999990463257,2.5299999713897705,2.236802101135254,904100
2014-03-27,2.619999885559082,2.880000114440918,2.5899999141693115,2.7899999618530273,2.4666709899902344,4182600
2014-03-28,2.809999942779541,2.950000047683716,2.680000066757202,2.759999990463257,2.440147638320923,4981400
2014-03-31,2.809999942779541,2.9100000858306885,2.809999942779541,2.8399999141693115,2.5108766555786133,2036400
2014-04-01,2.9000000953674316,2.9800000190734863,2.799999952316284,2.950000047683716,2.6081290245056152,1722400
2014-04-02,2.990000009536743,3.25,2.9800000190734863,3.109999895095825,2.749586582183838,2188300
2014-04-03,3.190000057220459,3.25,3.0399999618530273,3.240000009536743,2.8645212650299072,4952000
2014-04-04,3.299999952316284,3.380000114440918,3.190000057220459,3.2300000190734863,2.855680227279663,3671400
2014-04-07,3.2699999809265137,3.369999885559082,3.240000009536743,3.3299999237060547,2.944091320037842,1747200
2014-04-08,3.4100000858306885,3.450000047683716,3.2899999618530273,3.3299999237060547,2.944091320037842,1929800
2014-04-09,3.1700000762939453,3.200000047683716,3.0299999713897705,3.130000114440918,2.7672691345214844,2716300
2014-04-10,3.200000047683716,3.309999942779541,3.1600000858306885,3.2300000190734863,2.855680227279663,1982800
2014-04-11,3.1700000762939453,3.25,3.1600000858306885,3.2200000286102295,2.84683895111084,893900
2014-04-14,3.240000009536743,3.2899999618530273,3.1700000762939453,3.2699999809265137,2.8910446166992188,767800
2014-04-15,3.2699999809265137,3.2899999618530273,3.190000057220459,3.25,2.8733623027801514,1480100
2014-04-16,3.2799999713897705,3.369999885559082,3.25,3.299999952316284,2.9175679683685303,1851100
2014-04-17,3.309999942779541,3.4600000381469727,3.25,3.440000057220459,3.0413436889648438,2356900
2014-04-21,3.4200000762939453,3.4800000190734863,3.390000104904175,3.450000047683716,3.050184965133667,547200
2014-04-22,3.4100000858306885,3.559999942779541,3.390000104904175,3.5,3.0943901538848877,2377700
2014-04-23,3.5399999618530273,3.5899999141693115,3.4800000190734863,3.5199999809265137,3.112072706222534,2295400
2014-04-24,3.569999933242798,3.5899999141693115,3.5,3.559999942779541,3.14743709564209,1064100
2014-04-25,3.5399999618530273,3.549999952316284,3.390000104904175,3.430000066757202,3.0325024127960205,1057400
2014-04-28,3.430000066757202,3.490000009536743,3.3499999046325684,3.440000057220459,3.0413436889648438,1624700
2014-04-29,3.569999933242798,3.619999885559082,3.5399999618530273,3.559999942779541,3.14743709564209,1790200
2014-04-30,3.5399999618530273,3.559999942779541,3.390000104904175,3.4700000286102295,3.067866802215576,2420000
2014-05-01,3.430000066757202,3.4800000190734863,3.4000000953674316,3.430000066757202,3.0325024127960205,895000
2014-05-02,3.2899999618530273,3.369999885559082,3.259999990463257,3.3299999237060547,3.104283094406128,1146200
2014-05-05,3.4800000190734863,3.559999942779541,3.4100000858306885,3.4700000286102295,3.2347934246063232,1454400
2014-05-06,3.490000009536743,3.509999990463257,3.4600000381469727,3.4700000286102295,3.2347934246063232,1138700
2014-05-07,3.5199999809265137,3.5199999809265137,3.3499999046325684,3.4000000953674316,3.1695384979248047,2235500
2014-05-08,3.380000114440918,3.4600000381469727,3.3299999237060547,3.4100000858306885,3.178860664367676,961200
2014-05-09,3.359999895095825,3.369999885559082,3.130000114440918,3.180000066757202,2.9644508361816406,1040600
2014-05-12,3.1700000762939453,3.319999933242798,3.1600000858306885,3.2699999809265137,3.0483500957489014,704400
2014-05-13,3.299999952316284,3.369999885559082,3.2899999618530273,3.319999933242798,3.094960927963257,624300
2014-05-14,3.3499999046325684,3.440000057220459,3.3299999237060547,3.4000000953674316,3.1695384979248047,700200
2014-05-15,3.369999885559082,3.369999885559082,3.180000066757202,3.180000066757202,2.9644508361816406,919600
2014-05-16,3.359999895095825,3.369999885559082,3.319999933242798,3.3399999141693115,3.113605260848999,760000
2014-05-19,3.2899999618530273,3.309999942779541,3.2300000190734863,3.2300000190734863,3.011061429977417,464500
2014-05-20,3.2699999809265137,3.309999942779541,3.140000104904175,3.1500000953674316,2.9364843368530273,689100
2014-05-21,3.190000057220459,3.2100000381469727,3.059999942779541,3.109999895095825,2.899195432662964,535800
2014-05-22,3.140000104904175,3.1700000762939453,3.109999895095825,3.140000104904175,2.9271621704101562,561400
2014-05-23,3.1600000858306885,3.1600000858306885,3.0999999046325684,3.130000114440918,2.917839765548706,772200
2014-05-27,3.130000114440918,3.130000114440918,2.990000009536743,3.0399999618530273,2.833940029144287,992800
2014-05-28,2.9800000190734863,3.0399999618530273,2.930000066757202,3.009999990463257,2.805973768234253,574200
2014-05-29,3.009999990463257,3.0799999237060547,3.009999990463257,3.049999952316284,2.843262195587158,384800
2014-05-30,3.009999990463257,3.0199999809265137,2.9800000190734863,2.9800000190734863,2.7780070304870605,849500
2014-06-02,2.9700000286102295,3.0,2.9100000858306885,2.9200000762939453,2.722074270248413,610600
2014-06-03,2.9000000953674316,2.990000009536743,2.9000000953674316,2.940000057220459,2.7407186031341553,1206400
2014-06-04,2.9200000762939453,2.940000057220459,2.9000000953674316,2.9100000858306885,2.712751865386963,310900
2014-06-05,2.9200000762939453,2.940000057220459,2.9000000953674316,2.930000066757202,2.731396436691284,399900
2014-06-06,3.059999942779541,3.240000009536743,3.0299999713897705,3.240000009536743,3.020383596420288,2033200
2014-06-09,3.200000047683716,3.359999895095825,3.1700000762939453,3.2799999713897705,3.0576722621917725,1254000
2014-06-10,3.2899999618530273,3.3399999141693115,3.25,3.319999933242798,3.094960927963257,1043500
2014-06-11,3.3499999046325684,3.3499999046325684,3.180000066757202,3.200000047683716,2.9830949306488037,776100
2014-06-12,3.190000057220459,3.2699999809265137,3.180000066757202,3.2200000286102295,3.001739501953125,310600
2014-06-13,3.1600000858306885,3.2300000190734863,3.140000104904175,3.1700000762939453,2.9551284313201904,871400
2014-06-16,3.1600000858306885,3.1700000762939453,3.059999942779541,3.0899999141693115,2.8805508613586426,775500
2014-06-17,3.049999952316284,3.069999933242798,2.9800000190734863,3.0,2.7966513633728027,492500
2014-06-18,3.0199999809265137,3.1500000953674316,3.009999990463257,3.140000104904175,2.9271621704101562,507500
2014-06-19,3.0999999046325684,3.1700000762939453,3.0899999141693115,3.119999885559082,2.908517360687256,469100
2014-06-20,3.059999942779541,3.069999933242798,2.990000009536743,3.0,2.7966513633728027,721600
2014-06-23,3.0199999809265137,3.0299999713897705,2.9600000381469727,2.9800000190734863,2.7780070304870605,472300
2014-06-24,3.009999990463257,3.0399999618530273,2.930000066757202,2.940000057220459,2.7407186031341553,1083300
2014-06-25,2.940000057220459,3.0299999713897705,2.940000057220459,2.9800000190734863,2.7780070304870605,827400
2014-06-26,2.9800000190734863,3.0,2.950000047683716,2.9800000190734863,2.7780070304870605,391500
2014-06-27,2.9800000190734863,2.990000009536743,2.880000114440918,2.930000066757202,2.731396436691284,652200
2014-06-30,2.930000066757202,2.950000047683716,2.880000114440918,2.9200000762939453,2.722074270248413,622800
2014-07-01,2.9000000953674316,2.9100000858306885,2.799999952316284,2.809999942779541,2.619530200958252,916300
2014-07-02,2.799999952316284,2.8299999237060547,2.7899999618530273,2.799999952316284,2.61020827293396,577500
2014-07-03,2.740000009536743,2.809999942779541,2.7300000190734863,2.799999952316284,2.61020827293396,365100
2014-07-07,2.8399999141693115,2.9000000953674316,2.8299999237060547,2.9000000953674316,2.703429937362671,526300
2014-07-08,2.930000066757202,2.940000057220459,2.880000114440918,2.890000104904175,2.6941075325012207,429600
2014-07-09,2.9100000858306885,2.9600000381469727,2.9000000953674316,2.950000047683716,2.7500407695770264,718000
2014-07-10,2.940000057220459,2.950000047683716,2.859999895095825,2.890000104904175,2.6941075325012207,785800
2014-07-11,2.859999895095825,2.890000104904175,2.8499999046325684,2.880000114440918,2.6847856044769287,444900
2014-07-14,2.890000104904175,3.009999990463257,2.880000114440918,3.0,2.7966513633728027,641500
2014-07-15,3.0199999809265137,3.0299999713897705,2.990000009536743,3.0299999713897705,2.824618101119995,506800
2014-07-16,3.049999952316284,3.069999933242798,2.9200000762939453,2.9800000190734863,2.7780070304870605,816500
2014-07-17,2.9700000286102295,2.9800000190734863,2.869999885559082,2.9000000953674316,2.703429937362671,442600
2014-07-18,2.9600000381469727,3.109999895095825,2.950000047683716,3.0999999046325684,2.8898732662200928,472400
2014-07-21,3.0899999141693115,3.180000066757202,3.069999933242798,3.1700000762939453,2.9551284313201904,755500
2014-07-22,3.190000057220459,3.2300000190734863,3.0999999046325684,3.130000114440918,2.917839765548706,770100
2014-07-23,3.069999933242798,3.069999933242798,2.9800000190734863,3.0,2.7966513633728027,569700
2014-07-24,3.0199999809265137,3.049999952316284,3.0,3.0199999809265137,2.815295696258545,457100
2014-07-25,3.0,3.009999990463257,2.950000047683716,2.9600000381469727,2.7593629360198975,205400
2014-07-28,2.9600000381469727,2.990000009536743,2.9000000953674316,2.9100000858306885,2.712751865386963,372400
2014-07-29,2.9000000953674316,2.9200000762939453,2.8299999237060547,2.9100000858306885,2.712751865386963,1045900
2014-07-30,2.880000114440918,2.9000000953674316,2.799999952316284,2.8399999141693115,2.6474969387054443,389500
2014-07-31,2.7799999713897705,2.819999933242798,2.759999990463257,2.7799999713897705,2.5915637016296387,647300
2014-08-01,2.7699999809265137,2.8299999237060547,2.75,2.809999942779541,2.619530200958252,409800
2014-08-04,2.809999942779541,2.859999895095825,2.7799999713897705,2.859999895095825,2.6661410331726074,460000
2014-08-05,2.8299999237060547,2.869999885559082,2.7899999618530273,2.819999933242798,2.628852367401123,840600
2014-08-06,2.809999942779541,2.880000114440918,2.799999952316284,2.859999895095825,2.6661410331726074,320400
2014-08-07,2.880000114440918,2.890000104904175,2.8299999237060547,2.8399999141693115,2.6474969387054443,747500
2014-08-08,2.819999933242798,2.930000066757202,2.809999942779541,2.9200000762939453,2.722074270248413,524100
2014-08-11,2.940000057220459,3.0,2.930000066757202,3.0,2.7966513633728027,366600
2014-08-12,2.9600000381469727,3.0,2.930000066757202,2.950000047683716,2.7500407695770264,312100
2014-08-13,2.990000009536743,2.990000009536743,2.8499999046325684,2.859999895095825,2.6661410331726074,1166500
2014-08-14,2.8399999141693115,2.940000057220459,2.8399999141693115,2.9000000953674316,2.703429937362671,435200
2014-08-15,3.0,3.049999952316284,2.9800000190734863,3.0399999618530273,2.833940029144287,856200
2014-08-18,3.0799999237060547,3.0899999141693115,3.0299999713897705,3.049999952316284,2.843262195587158,303600
2014-08-19,3.049999952316284,3.0999999046325684,3.0399999618530273,3.069999933242798,2.8619067668914795,577100
2014-08-20,3.0999999046325684,3.180000066757202,3.0899999141693115,3.180000066757202,2.9644508361816406,981900
2014-08-21,3.200000047683716,3.25,3.180000066757202,3.2100000381469727,2.992417335510254,1916000
2014-08-22,3.190000057220459,3.2200000286102295,3.1600000858306885,3.1700000762939453,2.9551284313201904,431300
2014-08-25,3.190000057220459,3.25,3.1700000762939453,3.240000009536743,3.020383596420288,395300
2014-08-26,3.2899999618530273,3.3399999141693115,3.25,3.3299999237060547,3.104283094406128,730900
2014-08-27,3.4000000953674316,3.640000104904175,3.380000114440918,3.630000114440918,3.383948564529419,1086200
2014-08-28,3.5899999141693115,3.630000114440918,3.440000057220459,3.509999990463257,3.2720823287963867,903300
2014-08-29,3.509999990463257,3.680000066757202,3.450000047683716,3.6700000762939453,3.4212372303009033,1189500
2014-09-02,3.819999933242798,3.9100000858306885,3.7200000286102295,3.759999990463257,3.505136489868164,1852300
2014-09-03,3.819999933242798,3.890000104904175,3.680000066757202,3.7100000381469727,3.4585258960723877,1471300
2014-09-04,3.6700000762939453,3.7200000286102295,3.5399999618530273,3.559999942779541,3.318693161010742,1387900
2014-09-05,3.619999885559082,3.630000114440918,3.4600000381469727,3.5,3.2627601623535156,824700
2014-09-08,3.6500000953674316,3.6600000858306885,3.2899999618530273,3.3299999237060547,3.104283094406128,955400
2014-09-09,3.319999933242798,3.4100000858306885,3.180000066757202,3.2200000286102295,3.001739501953125,1473400
2014-09-10,3.2300000190734863,3.240000009536743,3.109999895095825,3.2100000381469727,2.992417335510254,889400
2014-09-11,3.25,3.3299999237060547,3.2300000190734863,3.259999990463257,3.0390279293060303,576200
2014-09-12,3.190000057220459,3.2100000381469727,3.0899999141693115,3.190000057220459,2.9737725257873535,2106800
2014-09-15,3.1700000762939453,3.200000047683716,3.0899999141693115,3.130000114440918,2.917839765548706,1092700
2014-09-16,3.1500000953674316,3.3499999046325684,3.1500000953674316,3.3299999237060547,3.104283094406128,750600
2014-09-17,3.4100000858306885,3.430000066757202,3.3299999237060547,3.3299999237060547,3.104283094406128,838100
2014-09-18,3.309999942779541,3.3399999141693115,3.2200000286102295,3.2899999618530273,3.0669946670532227,380600
2014-09-19,3.299999952316284,3.309999942779541,3.140000104904175,3.2100000381469727,2.992417335510254,643900
2014-09-22,3.069999933242798,3.0899999141693115,2.950000047683716,3.049999952316284,2.843262195587158,1308100
2014-09-23,3.0299999713897705,3.0899999141693115,2.950000047683716,2.9800000190734863,2.7780070304870605,637700
2014-09-24,2.950000047683716,3.009999990463257,2.9100000858306885,2.990000009536743,2.7873294353485107,431100
2014-09-25,2.940000057220459,2.9800000190734863,2.9100000858306885,2.930000066757202,2.731396436691284,400800
2014-09-26,2.9000000953674316,3.109999895095825,2.890000104904175,3.059999942779541,2.8525843620300293,1114800
2014-09-29,2.8399999141693115,2.930000066757202,2.8299999237060547,2.8299999237060547,2.638174533843994,822400
2014-09-30,2.7699999809265137,2.799999952316284,2.6700000762939453,2.700000047683716,2.51698637008667,1077400
2014-10-01,2.630000114440918,2.6700000762939453,2.5199999809265137,2.549999952316284,2.3771536350250244,979900
2014-10-02,2.5999999046325684,2.609999895095825,2.4800000190734863,2.5199999809265137,2.3491873741149902,1079800
2014-10-03,2.5199999809265137,2.5999999046325684,2.509999990463257,2.5899999141693115,2.414442300796509,710700
2014-10-06,2.990000009536743,3.009999990463257,2.8299999237060547,2.880000114440918,2.6847856044769287,1132400
2014-10-07,2.950000047683716,3.059999942779541,2.9000000953674316,3.0199999809265137,2.815295696258545,881200
2014-10-08,3.069999933242798,3.0899999141693115,2.859999895095825,2.9600000381469727,2.7593629360198975,1378500
2014-10-09,3.0199999809265137,3.0299999713897705,2.950000047683716,2.9800000190734863,2.7780070304870605,972100
2014-10-10,2.950000047683716,2.950000047683716,2.7799999713897705,2.809999942779541,2.619530200958252,830200
2014-10-13,2.950000047683716,3.0799999237060547,2.9200000762939453,3.0,2.7966513633728027,1055300
2014-10-14,2.930000066757202,3.009999990463257,2.869999885559082,2.9700000286102295,2.7686851024627686,844800
2014-10-15,2.859999895095825,2.869999885559082,2.690000057220459,2.759999990463257,2.5729193687438965,1463900
2014-10-16,2.6700000762939453,2.75,2.640000104904175,2.690000057220459,2.507664442062378,849100
2014-10-17,2.759999990463257,2.890000104904175,2.7200000286102295,2.890000104904175,2.6941075325012207,706200
2014-10-20,2.819999933242798,2.8499999046325684,2.75,2.759999990463257,2.5729193687438965,706800
2014-10-21,2.5399999618530273,2.680000066757202,2.5399999618530273,2.559999942779541,2.3864760398864746,1683500
2014-10-22,2.5799999237060547,2.5999999046325684,2.4200000762939453,2.4600000381469727,2.2932541370391846,878900
2014-10-23,2.380000114440918,2.4200000762939453,2.2799999713897705,2.2899999618530273,2.134777069091797,2686100
2014-10-24,2.390000104904175,2.549999952316284,2.390000104904175,2.509999990463257,2.33986496925354,1589400
2014-10-27,2.1600000858306885,2.2300000190734863,2.119999885559082,2.2100000381469727,2.0601999759674072,4366300
2014-10-28,2.240000009536743,2.319999933242798,2.2200000286102295,2.299999952316284,2.144099473953247,1847500
2014-10-29,2.3499999046325684,2.4000000953674316,2.299999952316284,2.3499999046325684,2.1907105445861816,1535600
2014-10-30,2.4800000190734863,2.5199999809265137,2.4600000381469727,2.5199999809265137,2.3491873741149902,1294200
2014-10-31,2.490000009536743,2.5299999713897705,2.450000047683716,2.5299999713897705,2.3585093021392822,1535300
2014-11-03,2.4200000762939453,2.4600000381469727,2.4000000953674316,2.4100000858306885,2.246643543243408,1921300
2014-11-04,2.4100000858306885,2.4600000381469727,2.390000104904175,2.4100000858306885,2.246643543243408,1485800
2014-11-05,2.390000104904175,2.430000066757202,2.3499999046325684,2.390000104904175,2.227999210357666,710800
2014-11-06,2.3299999237060547,2.359999895095825,2.2799999713897705,2.2799999713897705,2.125455379486084,735600
2014-11-07,2.2899999618530273,2.3399999141693115,2.2799999713897705,2.319999933242798,2.1627438068389893,612300
2014-11-10,2.380000114440918,2.430000066757202,2.369999885559082,2.390000104904175,2.227999210357666,1032000
2014-11-11,2.380000114440918,2.430000066757202,2.3399999141693115,2.4100000858306885,2.246643543243408,790100
2014-11-12,2.430000066757202,2.4600000381469727,2.3499999046325684,2.369999885559082,2.2093546390533447,651000
2014-11-13,2.380000114440918,2.4000000953674316,2.2699999809265137,2.2799999713897705,2.125455379486084,502400
2014-11-14,2.180000066757202,2.2300000190734863,2.1700000762939453,2.180000066757202,2.032233238220215,599400
2014-11-17,2.0999999046325684,2.0999999046325684,2.0,2.0299999713897705,1.892400860786438,1484000
2014-11-18,1.9900000095367432,2.059999942779541,1.9900000095367432,2.049999952316284,1.9110450744628906,1385600
2014-11-19,2.190000057220459,2.299999952316284,2.1600000858306885,2.299999952316284,2.144099473953247,2113700
2014-11-20,2.259999990463257,2.319999933242798,2.2100000381469727,2.2699999809265137,2.116132974624634,871200
2014-11-21,2.3399999141693115,2.5399999618530273,2.319999933242798,2.4800000190734863,2.311898708343506,1313600
2014-11-24,2.4700000286102295,2.5,2.359999895095825,2.359999895095825,2.2000322341918945,765100
2014-11-25,2.430000066757202,2.440000057220459,2.369999885559082,2.4100000858306885,2.246643543243408,576100
2014-11-26,2.450000047683716,2.490000009536743,2.440000057220459,2.490000009536743,2.321220874786377,991000
2014-11-28,2.4000000953674316,2.4100000858306885,2.3399999141693115,2.390000104904175,2.227999210357666,688900
2014-12-01,2.2799999713897705,2.2899999618530273,2.190000057220459,2.2200000286102295,2.0695221424102783,1129400
2014-12-02,2.259999990463257,2.2799999713897705,2.240000009536743,2.259999990463257,2.1068108081817627,666800
2014-12-03,2.259999990463257,2.359999895095825,2.259999990463257,2.3399999141693115,2.1813881397247314,1242400
2014-12-04,2.2899999618530273,2.319999933242798,2.2699999809265137,2.299999952316284,2.144099473953247,1413600
2014-12-05,2.190000057220459,2.2200000286102295,2.1700000762939453,2.190000057220459,2.041555643081665,733700
2014-12-08,2.190000057220459,2.2200000286102295,2.130000114440918,2.130000114440918,1.9856228828430176,1694900
2014-12-09,2.109999895095825,2.180000066757202,2.0799999237060547,2.140000104904175,1.9949448108673096,676200
2014-12-10,2.119999885559082,2.140000104904175,2.009999990463257,2.009999990463257,1.8737565279006958,655800
2014-12-11,1.9800000190734863,2.049999952316284,1.9700000286102295,2.0199999809265137,1.883078694343567,1196900
2014-12-12,2.049999952316284,2.0999999046325684,2.009999990463257,2.0299999713897705,1.892400860786438,996600
2014-12-15,2.049999952316284,2.059999942779541,1.9900000095367432,2.0,1.8644343614578247,892600
2014-12-16,1.8899999856948853,1.9199999570846558,1.809999942779541,1.8600000143051147,1.7339239120483398,1130800
2014-12-17,1.9199999570846558,2.140000104904175,1.909999966621399,2.0299999713897705,1.892400860786438,1295300
2014-12-18,2.119999885559082,2.1500000953674316,2.0399999618530273,2.0399999618530273,1.901723027229309,987000
2014-12-19,2.0799999237060547,2.130000114440918,2.0299999713897705,2.0399999618530273,1.901723027229309,1123100
2014-12-22,2.130000114440918,2.1500000953674316,2.0999999046325684,2.130000114440918,1.9856228828430176,544800
2014-12-23,2.119999885559082,2.140000104904175,2.059999942779541,2.0799999237060547,1.9390116930007935,640100
2014-12-24,2.0799999237060547,2.109999895095825,2.049999952316284,2.0899999141693115,1.9483338594436646,167000
2014-12-26,2.180000066757202,2.240000009536743,2.1700000762939453,2.190000057220459,2.041555643081665,823500
2014-12-29,2.240000009536743,2.2799999713897705,2.180000066757202,2.180000066757202,2.032233238220215,489000
2014-12-30,2.259999990463257,2.2799999713897705,2.1700000762939453,2.190000057220459,2.041555643081665,570800
2014-12-31,2.1700000762939453,2.190000057220459,2.0899999141693115,2.140000104904175,1.9949448108673096,392300
2015-01-02,2.0899999141693115,2.140000104904175,2.069999933242798,2.140000104904175,1.9949448108673096,455800
2015-01-05,2.059999942779541,2.0799999237060547,2.0199999809265137,2.0399999618530273,1.901723027229309,427900
2015-01-06,2.069999933242798,2.0999999046325684,1.9800000190734863,1.9900000095367432,1.8551123142242432,1184200
2015-01-07,2.1600000858306885,2.200000047683716,2.130000114440918,2.1600000858306885,2.0135891437530518,524800
2015-01-08,2.0899999141693115,2.1700000762939453,2.0899999141693115,2.0899999141693115,1.9483338594436646,325700
2015-01-09,2.109999895095825,2.1500000953674316,2.0799999237060547,2.130000114440918,1.9856228828430176,278100
2015-01-12,2.069999933242798,2.119999885559082,2.059999942779541,2.059999942779541,1.9203673601150513,1046000
2015-01-13,2.109999895095825,2.1500000953674316,2.0899999141693115,2.1500000953674316,2.0042669773101807,846000
2015-01-14,2.109999895095825,2.190000057220459,2.109999895095825,2.1500000953674316,2.0042669773101807,814400
2015-01-15,2.2300000190734863,2.2300000190734863,2.130000114440918,2.1700000762939453,2.022911310195923,582500
2015-01-16,2.140000104904175,2.180000066757202,2.140000104904175,2.1700000762939453,2.022911310195923,437900
2015-01-20,2.0299999713897705,2.0799999237060547,2.0,2.049999952316284,1.9110450744628906,3664100
2015-01-21,2.0899999141693115,2.190000057220459,2.0799999237060547,2.1600000858306885,2.0135891437530518,1406100
2015-01-22,2.190000057220459,2.2200000286102295,2.119999885559082,2.1600000858306885,2.0135891437530518,764500
2015-01-23,2.0999999046325684,2.109999895095825,2.0299999713897705,2.069999933242798,1.9296894073486328,472700
2015-01-26,2.0399999618530273,2.0799999237060547,2.0199999809265137,2.0199999809265137,1.883078694343567,692000
2015-01-27,2.0199999809265137,2.0799999237060547,2.0199999809265137,2.069999933242798,1.9296894073486328,336800
2015-01-28,2.0299999713897705,2.119999885559082,2.0,2.0799999237060547,1.9390116930007935,741000
2015-01-29,2.0399999618530273,2.069999933242798,2.0299999713897705,2.0399999618530273,1.901723027229309,667400
2015-01-30,1.9199999570846558,1.9600000381469727,1.8799999952316284,1.8799999952316284,1.752568244934082,1423700
2015-02-02,1.909999966621399,1.9700000286102295,1.8899999856948853,1.9500000476837158,1.8178235292434692,994900
2015-02-03,1.9800000190734863,2.0199999809265137,1.9600000381469727,1.9700000286102295,1.836467981338501,1562800
2015-02-04,1.9500000476837158,2.009999990463257,1.8899999856948853,1.899999976158142,1.7712125778198242,574500
2015-02-05,1.909999966621399,1.940000057220459,1.8700000047683716,1.940000057220459,1.8085013628005981,568400
2015-02-06,1.850000023841858,1.8700000047683716,1.8300000429153442,1.8600000143051147,1.7339239120483398,528100
2015-02-09,1.8200000524520874,1.8799999952316284,1.8200000524520874,1.8700000047683716,1.7432461977005005,557400
2015-02-10,1.840000033378601,1.840000033378601,1.7100000381469727,1.7400000095367432,1.6220579147338867,1248600
2015-02-11,1.7100000381469727,1.7699999809265137,1.7000000476837158,1.75,1.6313800811767578,741500
2015-02-12,1.7899999618530273,1.840000033378601,1.7799999713897705,1.809999942779541,1.6873129606246948,316000
2015-02-13,1.840000033378601,1.8600000143051147,1.7999999523162842,1.809999942779541,1.6873129606246948,929100
2015-02-17,1.7999999523162842,1.840000033378601,1.7899999618530273,1.809999942779541,1.6873129606246948,361500
2015-02-18,1.8300000429153442,1.899999976158142,1.7999999523162842,1.8799999952316284,1.752568244934082,538200
2015-02-19,1.8600000143051147,1.909999966621399,1.8600000143051147,1.909999966621399,1.7805347442626953,349700
2015-02-20,1.8600000143051147,1.8700000047683716,1.840000033378601,1.850000023841858,1.7246018648147583,627100
2015-02-23,1.8700000047683716,1.8700000047683716,1.7699999809265137,1.7699999809265137,1.6500242948532104,305600
2015-02-24,1.7899999618530273,1.850000023841858,1.7799999713897705,1.8300000429153442,1.7059575319290161,427000
2015-02-25,1.7899999618530273,1.8300000429153442,1.7799999713897705,1.809999942779541,1.6873129606246948,210000
2015-02-26,1.7899999618530273,1.899999976158142,1.7899999618530273,1.850000023841858,1.7246018648147583,545400
2015-02-27,1.8700000047683716,1.9199999570846558,1.8700000047683716,1.909999966621399,1.7805347442626953,295900
2015-03-02,1.8700000047683716,1.8700000047683716,1.7599999904632568,1.7899999618530273,1.6686686277389526,574600
2015-03-03,1.7699999809265137,1.7899999618530273,1.7599999904632568,1.7599999904632568,1.640702247619629,411900
2015-03-04,1.7300000190734863,1.75,1.7100000381469727,1.7400000095367432,1.6220579147338867,880200
2015-03-05,1.7200000286102295,1.7400000095367432,1.7000000476837158,1.7200000286102295,1.6034135818481445,752400
2015-03-06,1.690000057220459,1.7000000476837158,1.659999966621399,1.6799999475479126,1.5661249160766602,696100
2015-03-09,1.6200000047683716,1.6299999952316284,1.600000023841858,1.6200000047683716,1.510191798210144,946300
2015-03-10,1.600000023841858,1.6699999570846558,1.600000023841858,1.600000023841858,1.4915474653244019,407000
2015-03-11,1.590000033378601,1.6100000143051147,1.5700000524520874,1.5800000429153442,1.4729031324386597,381800
2015-03-12,1.6399999856948853,1.649999976158142,1.5399999618530273,1.5399999618530273,1.4356144666671753,365400
2015-03-13,1.5399999618530273,1.5700000524520874,1.4900000095367432,1.5399999618530273,1.4356144666671753,1045800
2015-03-16,1.5800000429153442,1.5800000429153442,1.5099999904632568,1.5399999618530273,1.4356144666671753,915900
2015-03-17,1.5199999809265137,1.6100000143051147,1.5199999809265137,1.6100000143051147,1.5008697509765625,496600
2015-03-18,1.6200000047683716,1.7200000286102295,1.6200000047683716,1.6799999475479126,1.5661249160766602,959800
2015-03-19,1.659999966621399,1.6699999570846558,1.5700000524520874,1.6200000047683716,1.510191798210144,644400
2015-03-20,1.690000057220459,1.7400000095367432,1.6699999570846558,1.7300000190734863,1.6127357482910156,1125100
2015-03-23,1.7599999904632568,1.840000033378601,1.7599999904632568,1.840000033378601,1.7152795791625977,713400
2015-03-24,1.899999976158142,1.9199999570846558,1.840000033378601,1.899999976158142,1.7712125778198242,542300
2015-03-25,1.9299999475479126,1.9700000286102295,1.899999976158142,1.899999976158142,1.7712125778198242,1019200
2015-03-26,1.8700000047683716,1.8700000047683716,1.7799999713897705,1.7799999713897705,1.659346580505371,353300
2015-03-27,1.75,1.7599999904632568,1.690000057220459,1.7000000476837158,1.5847692489624023,474500
2015-03-30,1.7300000190734863,1.7999999523162842,1.690000057220459,1.7799999713897705,1.659346580505371,570800
2015-03-31,1.7999999523162842,1.840000033378601,1.7699999809265137,1.809999942779541,1.6873129606246948,388300
2015-04-01,1.9199999570846558,1.9800000190734863,1.8799999952316284,1.899999976158142,1.7712125778198242,1069000
2015-04-02,1.9500000476837158,1.9600000381469727,1.899999976158142,1.940000057220459,1.8085013628005981,534500
2015-04-06,1.9700000286102295,2.009999990463257,1.9299999475479126,1.9500000476837158,1.8178235292434692,1225100
2015-04-07,1.9500000476837158,1.9700000286102295,1.909999966621399,1.9299999475479126,1.7991790771484375,386800
2015-04-08,1.9900000095367432,1.9900000095367432,1.9199999570846558,1.940000057220459,1.8085013628005981,3328300
2015-04-09,1.9500000476837158,1.9800000190734863,1.9299999475479126,1.940000057220459,1.8085013628005981,1523800
2015-04-10,1.940000057220459,1.9600000381469727,1.9299999475479126,1.940000057220459,1.8085013628005981,547800
2015-04-13,1.940000057220459,1.9700000286102295,1.9199999570846558,1.9199999570846558,1.7898569107055664,841800
2015-04-14,1.9500000476837158,1.9800000190734863,1.9299999475479126,1.9600000381469727,1.8271456956863403,1670900
2015-04-15,1.9700000286102295,2.049999952316284,1.9600000381469727,2.0199999809265137,1.883078694343567,594000
2015-04-16,2.0399999618530273,2.130000114440918,2.0299999713897705,2.0799999237060547,1.9390116930007935,889300
2015-04-17,2.049999952316284,2.109999895095825,2.0299999713897705,2.0299999713897705,1.892400860786438,846100
2015-04-20,2.069999933242798,2.0799999237060547,2.0399999618530273,2.049999952316284,1.9110450744628906,361200
2015-04-21,2.069999933242798,2.109999895095825,2.049999952316284,2.049999952316284,1.9110450744628906,175200
2015-04-22,2.109999895095825,2.25,2.109999895095825,2.200000047683716,2.0508780479431152,813700
2015-04-23,2.200000047683716,2.3399999141693115,2.180000066757202,2.309999942779541,2.153421640396118,841000
2015-04-24,2.4000000953674316,2.5199999809265137,2.4000000953674316,2.5199999809265137,2.3491873741149902,1600100
2015-04-27,2.5199999809265137,2.559999942779541,2.4700000286102295,2.559999942779541,2.3864760398864746,2690500
2015-04-28,2.5399999618530273,2.680000066757202,2.5199999809265137,2.6700000762939453,2.4890198707580566,2661600
2015-04-29,2.640000104904175,2.7100000381469727,2.619999885559082,2.6700000762939453,2.4890198707580566,1743900
2015-04-30,2.690000057220459,2.700000047683716,2.380000114440918,2.450000047683716,2.2839322090148926,1300200
2015-05-01,2.440000057220459,2.450000047683716,2.359999895095825,2.369999885559082,2.2093546390533447,624900
2015-05-04,2.369999885559082,2.4800000190734863,2.3399999141693115,2.430000066757202,2.2652878761291504,680400
2015-05-05,2.5199999809265137,2.809999942779541,2.5199999809265137,2.7100000381469727,2.526308536529541,1789300
2015-05-06,2.9600000381469727,2.9600000381469727,2.7699999809265137,2.819999933242798,2.628852367401123,1851700
2015-05-07,2.869999885559082,2.880000114440918,2.6500000953674316,2.690000057220459,2.507664442062378,1047300
2015-05-08,2.740000009536743,2.740000009536743,2.619999885559082,2.700000047683716,2.51698637008667,740600
2015-05-11,2.690000057220459,2.7300000190734863,2.619999885559082,2.630000114440918,2.4517314434051514,381500
2015-05-12,2.6700000762939453,2.740000009536743,2.5399999618530273,2.6700000762939453,2.4890198707580566,864000
2015-05-13,2.5899999141693115,2.5999999046325684,2.390000104904175,2.4000000953674316,2.237321138381958,1738400
2015-05-14,2.4800000190734863,2.490000009536743,2.3299999237060547,2.3399999141693115,2.1813881397247314,1096800
2015-05-15,2.369999885559082,2.4800000190734863,2.359999895095825,2.369999885559082,2.2093546390533447,1267800
2015-05-18,2.4200000762939453,2.4200000762939453,2.3299999237060547,2.380000114440918,2.218677043914795,614800
2015-05-19,2.359999895095825,2.359999895095825,2.2300000190734863,2.259999990463257,2.1068108081817627,826000
2015-05-20,2.2699999809265137,2.2899999618530273,2.200000047683716,2.25,2.0974884033203125,1024000
2015-05-21,2.2200000286102295,2.240000009536743,2.1600000858306885,2.190000057220459,2.041555643081665,536100
2015-05-22,2.0999999046325684,2.190000057220459,2.069999933242798,2.1600000858306885,2.0135891437530518,1082400
2015-05-26,2.180000066757202,2.180000066757202,2.049999952316284,2.119999885559082,1.9763003587722778,1713700
2015-05-27,2.119999885559082,2.200000047683716,2.0899999141693115,2.190000057220459,2.041555643081665,811300
2015-05-28,2.25,2.259999990463257,2.0999999046325684,2.109999895095825,1.9669780731201172,508100
2015-05-29,2.069999933242798,2.0799999237060547,1.9900000095367432,2.009999990463257,1.8737565279006958,9541000
2015-06-01,2.0399999618530273,2.1600000858306885,2.0,2.119999885559082,1.9763003587722778,931500
2015-06-02,2.1600000858306885,2.2200000286102295,2.1500000953674316,2.200000047683716,2.0508780479431152,764500
2015-06-03,2.200000047683716,2.2200000286102295,2.119999885559082,2.140000104904175,1.9949448108673096,385800
2015-06-04,2.130000114440918,2.140000104904175,2.059999942779541,2.0899999141693115,1.9483338594436646,280300
2015-06-05,2.0999999046325684,2.119999885559082,2.049999952316284,2.069999933242798,1.9296894073486328,218300
2015-06-08,2.119999885559082,2.1600000858306885,2.0899999141693115,2.130000114440918,1.9856228828430176,338900
2015-06-09,2.119999885559082,2.140000104904175,2.0799999237060547,2.0799999237060547,1.9390116930007935,198100
2015-06-10,2.119999885559082,2.140000104904175,2.0299999713897705,2.0399999618530273,1.901723027229309,399400
2015-06-11,2.0199999809265137,2.059999942779541,2.0,2.059999942779541,1.9203673601150513,283800
2015-06-12,2.059999942779541,2.069999933242798,2.0299999713897705,2.049999952316284,1.9110450744628906,137700
2015-06-15,2.0399999618530273,2.069999933242798,2.0199999809265137,2.0199999809265137,1.883078694343567,244300
2015-06-16,2.0399999618530273,2.059999942779541,2.0199999809265137,2.0399999618530273,1.901723027229309,265300
2015-06-17,2.0199999809265137,2.0899999141693115,2.0199999809265137,2.0799999237060547,1.9390116930007935,296300
2015-06-18,2.0899999141693115,2.119999885559082,2.069999933242798,2.109999895095825,1.9669780731201172,449700
2015-06-19,2.0899999141693115,2.0999999046325684,2.0199999809265137,2.0299999713897705,1.892400860786438,780000
2015-06-22,2.0899999141693115,2.0899999141693115,2.059999942779541,2.069999933242798,1.9296894073486328,251200
2015-06-23,2.059999942779541,2.0799999237060547,2.0199999809265137,2.0199999809265137,1.883078694343567,521900
2015-06-24,2.0199999809265137,2.0299999713897705,1.9500000476837158,1.9700000286102295,1.836467981338501,472800
2015-06-25,1.9700000286102295,1.9700000286102295,1.8600000143051147,1.8700000047683716,1.7432461977005005,838600
2015-06-26,1.899999976158142,1.909999966621399,1.850000023841858,1.8600000143051147,1.7339239120483398,1354700
2015-06-29,1.7999999523162842,1.909999966621399,1.7899999618530273,1.909999966621399,1.7805347442626953,1251400
2015-06-30,1.9199999570846558,1.940000057220459,1.850000023841858,1.8799999952316284,1.752568244934082,366600
2015-07-01,1.8899999856948853,1.909999966621399,1.8300000429153442,1.850000023841858,1.7246018648147583,370300
2015-07-02,1.850000023841858,1.8899999856948853,1.8300000429153442,1.8799999952316284,1.752568244934082,688400
2015-07-06,1.8200000524520874,1.899999976158142,1.8200000524520874,1.850000023841858,1.7246018648147583,666600
2015-07-07,1.8200000524520874,1.8200000524520874,1.7699999809265137,1.7999999523162842,1.6779909133911133,854000
2015-07-08,1.7699999809265137,1.809999942779541,1.7599999904632568,1.7699999809265137,1.6500242948532104,1275800
2015-07-09,1.7899999618530273,1.809999942779541,1.7300000190734863,1.7400000095367432,1.6220579147338867,284500
2015-07-10,1.8200000524520874,1.8600000143051147,1.7699999809265137,1.8600000143051147,1.7339239120483398,853000
2015-07-13,1.850000023841858,1.8899999856948853,1.8200000524520874,1.8600000143051147,1.7339239120483398,515800
2015-07-14,1.8799999952316284,1.9600000381469727,1.8700000047683716,1.9299999475479126,1.7991790771484375,544100
2015-07-15,1.899999976158142,1.909999966621399,1.8700000047683716,1.8799999952316284,1.752568244934082,336100
2015-07-16,1.899999976158142,1.909999966621399,1.850000023841858,1.8600000143051147,1.7339239120483398,457200
2015-07-17,1.8600000143051147,1.8600000143051147,1.7999999523162842,1.809999942779541,1.6873129606246948,474900
2015-07-20,1.7999999523162842,1.7999999523162842,1.7400000095367432,1.75,1.6313800811767578,318400
2015-07-21,1.7300000190734863,1.809999942779541,1.7300000190734863,1.7799999713897705,1.659346580505371,86200
2015-07-22,1.7599999904632568,1.8200000524520874,1.7400000095367432,1.7599999904632568,1.640702247619629,342400
2015-07-23,1.690000057220459,1.7100000381469727,1.6699999570846558,1.6699999570846558,1.5568026304244995,931900
2015-07-24,1.649999976158142,1.649999976158142,1.5299999713897705,1.559999942779541,1.454258680343628,804300
2015-07-27,1.5299999713897705,1.6299999952316284,1.5199999809265137,1.600000023841858,1.4915474653244019,358900
2015-07-28,1.600000023841858,1.6200000047683716,1.559999942779541,1.590000033378601,1.4822254180908203,411700
2015-07-29,1.5800000429153442,1.6200000047683716,1.5700000524520874,1.600000023841858,1.4915474653244019,316700
2015-07-30,1.600000023841858,1.6699999570846558,1.600000023841858,1.659999966621399,1.5474804639816284,281800
2015-07-31,1.6799999475479126,1.7100000381469727,1.659999966621399,1.6699999570846558,1.5568026304244995,345300
2015-08-03,1.6799999475479126,1.7000000476837158,1.6299999952316284,1.649999976158142,1.5381582975387573,142300
2015-08-04,1.690000057220459,1.7300000190734863,1.6299999952316284,1.6399999856948853,1.5288361310958862,239900
2015-08-05,1.6200000047683716,1.6200000047683716,1.590000033378601,1.600000023841858,1.4915474653244019,225300
2015-08-06,1.5800000429153442,1.590000033378601,1.5700000524520874,1.5800000429153442,1.4729031324386597,315600
2015-08-07,1.5700000524520874,1.5700000524520874,1.5199999809265137,1.5299999713897705,1.4262921810150146,1436600
2015-08-10,1.5199999809265137,1.5499999523162842,1.5099999904632568,1.5399999618530273,1.4356144666671753,1131000
2015-08-11,1.5,1.5099999904632568,1.4700000286102295,1.4900000095367432,1.3890035152435303,624900
2015-08-12,1.5199999809265137,1.5299999713897705,1.4600000381469727,1.4700000286102295,1.3703593015670776,2511500
2015-08-13,1.4600000381469727,1.4700000286102295,1.4299999475479126,1.440000057220459,1.3423928022384644,313400
2015-08-14,1.440000057220459,1.4800000190734863,1.440000057220459,1.4500000476837158,1.3517149686813354,1216400
2015-08-17,1.4500000476837158,1.5,1.4299999475479126,1.4299999475479126,1.3330705165863037,286300
2015-08-18,1.4199999570846558,1.4600000381469727,1.3899999856948853,1.4500000476837158,1.3517149686813354,529300
2015-08-19,1.399999976158142,1.4199999570846558,1.3600000143051147,1.3700000047683716,1.2771373987197876,352700
2015-08-20,1.3799999952316284,1.4199999570846558,1.350000023841858,1.399999976158142,1.30510413646698,349500
2015-08-21,1.3600000143051147,1.3799999952316284,1.350000023841858,1.3600000143051147,1.267815351486206,248600
2015-08-24,1.2799999713897705,1.2799999713897705,1.2599999904632568,1.2799999713897705,1.1932380199432373,469700
2015-08-25,1.309999942779541,1.3200000524520874,1.2599999904632568,1.2699999809265137,1.1839158535003662,388300
2015-08-26,1.2699999809265137,1.2999999523162842,1.25,1.2899999618530273,1.2025601863861084,267400
2015-08-27,1.3300000429153442,1.399999976158142,1.3300000429153442,1.3899999856948853,1.2957818508148193,456700
2015-08-28,1.3700000047683716,1.3799999952316284,1.3300000429153442,1.350000023841858,1.258493185043335,190700
2015-08-31,1.2899999618530273,1.350000023841858,1.2699999809265137,1.350000023841858,1.258493185043335,269000
2015-09-01,1.2999999523162842,1.309999942779541,1.2699999809265137,1.2999999523162842,1.21188223361969,237500
2015-09-02,1.2899999618530273,1.2899999618530273,1.25,1.2699999809265137,1.1839158535003662,202500
2015-09-03,1.25,1.3300000429153442,1.25,1.309999942779541,1.2212045192718506,278100
2015-09-04,1.3300000429153442,1.3700000047683716,1.2999999523162842,1.3200000524520874,1.2305266857147217,410800
2015-09-08,1.3300000429153442,1.3300000429153442,1.25,1.2699999809265137,1.1839158535003662,478800
2015-09-09,1.2899999618530273,1.2999999523162842,1.25,1.2599999904632568,1.1745936870574951,190000
2015-09-10,1.2200000286102295,1.2799999713897705,1.2000000476837158,1.25,1.165271520614624,384000
2015-09-11,1.2300000190734863,1.2799999713897705,1.2300000190734863,1.2699999809265137,1.1839158535003662,180700
2015-09-14,1.2899999618530273,1.340000033378601,1.25,1.3200000524520874,1.2305266857147217,423600
2015-09-15,1.2999999523162842,1.350000023841858,1.2999999523162842,1.350000023841858,1.258493185043335,217600
2015-09-16,1.399999976158142,1.409999966621399,1.3700000047683716,1.399999976158142,1.30510413646698,1978000
2015-09-17,1.3700000047683716,1.409999966621399,1.3600000143051147,1.3799999952316284,1.2864596843719482,691900
2015-09-18,1.350000023841858,1.3799999952316284,1.2799999713897705,1.2899999618530273,1.2025601863861084,487000
2015-09-21,1.2799999713897705,1.3300000429153442,1.2799999713897705,1.2899999618530273,1.2025601863861084,227600
2015-09-22,1.2400000095367432,1.2599999904632568,1.190000057220459,1.190000057220459,1.1093385219573975,1408900
2015-09-23,1.190000057220459,1.2100000381469727,1.1699999570846558,1.190000057220459,1.1093385219573975,289200
2015-09-24,1.1399999856948853,1.2200000286102295,1.1200000047683716,1.2100000381469727,1.1279828548431396,449500
2015-09-25,1.2300000190734863,1.2599999904632568,1.2000000476837158,1.2300000190734863,1.1466270685195923,488400
2015-09-28,1.2300000190734863,1.2300000190734863,1.1699999570846558,1.1699999570846558,1.0906940698623657,519600
2015-09-29,1.1799999475479126,1.2300000190734863,1.1799999475479126,1.2000000476837158,1.118660569190979,1102100
2015-09-30,1.2699999809265137,1.2999999523162842,1.2599999904632568,1.2899999618530273,1.2025601863861084,1107500
2015-10-01,1.2899999618530273,1.3200000524520874,1.25,1.25,1.165271520614624,180600
2015-10-02,1.25,1.3600000143051147,1.25,1.350000023841858,1.258493185043335,1281700
2015-10-05,1.409999966621399,1.4500000476837158,1.3899999856948853,1.4299999475479126,1.3330705165863037,571200
2015-10-06,1.4500000476837158,1.4800000190734863,1.3899999856948853,1.409999966621399,1.3144261837005615,310200
2015-10-07,1.440000057220459,1.4700000286102295,1.399999976158142,1.409999966621399,1.3144261837005615,381500
2015-10-08,1.4199999570846558,1.4500000476837158,1.409999966621399,1.440000057220459,1.3423928022384644,345600
2015-10-09,1.4600000381469727,1.4900000095367432,1.4500000476837158,1.4800000190734863,1.3796814680099487,1919900
2015-10-12,1.4900000095367432,1.5,1.4700000286102295,1.4700000286102295,1.3703593015670776,124700
2015-10-13,1.4299999475479126,1.4700000286102295,1.3300000429153442,1.3700000047683716,1.2771373987197876,604300
2015-10-14,1.3700000047683716,1.409999966621399,1.3300000429153442,1.3700000047683716,1.2771373987197876,189700
2015-10-15,1.3700000047683716,1.399999976158142,1.340000033378601,1.3600000143051147,1.267815351486206,496700
2015-10-16,1.3600000143051147,1.3799999952316284,1.2999999523162842,1.309999942779541,1.2212045192718506,687400
2015-10-19,1.2799999713897705,1.2899999618530273,1.2599999904632568,1.2899999618530273,1.2025601863861084,364600
2015-10-20,1.309999942779541,1.309999942779541,1.2699999809265137,1.2999999523162842,1.21188223361969,718700
2015-10-21,1.2699999809265137,1.2699999809265137,1.2200000286102295,1.2300000190734863,1.1466270685195923,523100
2015-10-22,1.2599999904632568,1.3200000524520874,1.2400000095367432,1.2899999618530273,1.2025601863861084,371300
2015-10-23,1.309999942779541,1.3300000429153442,1.2999999523162842,1.309999942779541,1.2212045192718506,284700
2015-10-26,1.350000023841858,1.350000023841858,1.2699999809265137,1.2799999713897705,1.1932380199432373,264100
2015-10-27,1.2799999713897705,1.2899999618530273,1.2599999904632568,1.2699999809265137,1.1839158535003662,172500
2015-10-28,1.2799999713897705,1.2799999713897705,1.2100000381469727,1.2400000095367432,1.155949354171753,707900
2015-10-29,1.2200000286102295,1.25,1.2200000286102295,1.2300000190734863,1.1466270685195923,226200
2015-10-30,1.2400000095367432,1.2599999904632568,1.2300000190734863,1.2599999904632568,1.1745936870574951,1334800
2015-11-02,1.2599999904632568,1.3300000429153442,1.2599999904632568,1.2999999523162842,1.21188223361969,254900
2015-11-03,1.3300000429153442,1.440000057220459,1.309999942779541,1.4199999570846558,1.3237484693527222,351000
2015-11-04,1.409999966621399,1.4199999570846558,1.3700000047683716,1.399999976158142,1.30510413646698,422700
2015-11-05,1.5,1.5499999523162842,1.4800000190734863,1.5,1.3983256816864014,674500
2015-11-06,1.4900000095367432,1.5,1.4299999475479126,1.4700000286102295,1.3703593015670776,406500
2015-11-09,1.4500000476837158,1.4700000286102295,1.4199999570846558,1.4199999570846558,1.3237484693527222,97500
2015-11-10,1.5,1.5800000429153442,1.4800000190734863,1.5399999618530273,1.4356144666671753,430600
2015-11-11,1.6299999952316284,1.6399999856948853,1.5700000524520874,1.6100000143051147,1.5008697509765625,478900
2015-11-12,1.559999942779541,1.600000023841858,1.5299999713897705,1.5499999523162842,1.4449366331100464,378600
2015-11-13,1.5800000429153442,1.6100000143051147,1.5299999713897705,1.5499999523162842,1.4449366331100464,348400
2015-11-16,1.5800000429153442,1.600000023841858,1.5499999523162842,1.600000023841858,1.4915474653244019,203700
2015-11-17,1.5800000429153442,1.590000033378601,1.5099999904632568,1.5099999904632568,1.4076478481292725,477000
2015-11-18,1.5299999713897705,1.5700000524520874,1.5099999904632568,1.559999942779541,1.454258680343628,455800
2015-11-19,1.6200000047683716,1.6399999856948853,1.590000033378601,1.600000023841858,1.4915474653244019,809300
2015-11-20,1.5800000429153442,1.659999966621399,1.5700000524520874,1.6200000047683716,1.510191798210144,414400
2015-11-23,1.6200000047683716,1.6399999856948853,1.5700000524520874,1.600000023841858,1.4915474653244019,330900
2015-11-24,1.600000023841858,1.659999966621399,1.5700000524520874,1.6200000047683716,1.510191798210144,1028400
2015-11-25,1.559999942779541,1.590000033378601,1.5299999713897705,1.5499999523162842,1.4449366331100464,691800
2015-11-27,1.5800000429153442,1.590000033378601,1.4800000190734863,1.4900000095367432,1.3890035152435303,543100
2015-11-30,1.4700000286102295,1.4800000190734863,1.409999966621399,1.409999966621399,1.3144261837005615,324200
2015-12-01,1.3899999856948853,1.409999966621399,1.340000033378601,1.350000023841858,1.258493185043335,320300
2015-12-02,1.4299999475479126,1.4600000381469727,1.3899999856948853,1.4500000476837158,1.3517149686813354,640400
2015-12-03,1.5800000429153442,1.600000023841858,1.5099999904632568,1.5199999809265137,1.4169700145721436,744400
2015-12-04,1.4700000286102295,1.4900000095367432,1.4199999570846558,1.4299999475479126,1.3330705165863037,386800
2015-12-07,1.4700000286102295,1.4800000190734863,1.3899999856948853,1.399999976158142,1.30510413646698,419100
2015-12-08,1.3700000047683716,1.409999966621399,1.350000023841858,1.3899999856948853,1.2957818508148193,406200
2015-12-09,1.4600000381469727,1.5,1.4299999475479126,1.4600000381469727,1.3610371351242065,342500
2015-12-10,1.440000057220459,1.4700000286102295,1.4199999570846558,1.4199999570846558,1.3237484693527222,437100
2015-12-11,1.4600000381469727,1.4700000286102295,1.3899999856948853,1.4199999570846558,1.3237484693527222,652300
2015-12-14,1.4199999570846558,1.4299999475479126,1.3600000143051147,1.3600000143051147,1.267815351486206,513300
2015-12-15,1.409999966621399,1.4299999475479126,1.3899999856948853,1.409999966621399,1.3144261837005615,726400
2015-12-16,1.3600000143051147,1.4600000381469727,1.3300000429153442,1.4500000476837158,1.3517149686813354,780200
2015-12-17,1.4600000381469727,1.4700000286102295,1.409999966621399,1.4199999570846558,1.3237484693527222,528100
2015-12-18,1.409999966621399,1.4299999475479126,1.3600000143051147,1.3700000047683716,1.2771373987197876,738700
2015-12-21,1.3799999952316284,1.3799999952316284,1.2999999523162842,1.309999942779541,1.2212045192718506,350500
2015-12-22,1.3200000524520874,1.350000023841858,1.2999999523162842,1.340000033378601,1.2491710186004639,516100
2015-12-23,1.350000023841858,1.3899999856948853,1.3300000429153442,1.3799999952316284,1.2864596843719482,256700
2015-12-24,1.3600000143051147,1.409999966621399,1.3600000143051147,1.3799999952316284,1.2864596843719482,114600
2015-12-28,1.3700000047683716,1.409999966621399,1.3700000047683716,1.3899999856948853,1.2957818508148193,363200
2015-12-29,1.3799999952316284,1.409999966621399,1.309999942779541,1.399999976158142,1.30510413646698,747400
2015-12-30,1.409999966621399,1.4800000190734863,1.3600000143051147,1.409999966621399,1.3144261837005615,522200
2015-12-31,1.3799999952316284,1.4199999570846558,1.3600000143051147,1.3600000143051147,1.267815351486206,409100
2016-01-04,1.309999942779541,1.3300000429153442,1.2999999523162842,1.2999999523162842,1.21188223361969,229600
2016-01-05,1.340000033378601,1.340000033378601,1.2999999523162842,1.3200000524520874,1.2305266857147217,127900
2016-01-06,1.3200000524520874,1.3300000429153442,1.2999999523162842,1.2999999523162842,1.21188223361969,231800
2016-01-07,1.2799999713897705,1.2799999713897705,1.2300000190734863,1.2300000190734863,1.1466270685195923,382300
2016-01-08,1.2300000190734863,1.2400000095367432,1.159999966621399,1.2000000476837158,1.118660569190979,861000
2016-01-11,1.2599999904632568,1.2599999904632568,1.159999966621399,1.1699999570846558,1.0906940698623657,577400
2016-01-12,1.2200000286102295,1.25,1.190000057220459,1.2200000286102295,1.1373049020767212,228800
2016-01-13,1.2200000286102295,1.2400000095367432,1.190000057220459,1.2000000476837158,1.118660569190979,153300
2016-01-14,1.1799999475479126,1.2200000286102295,1.1699999570846558,1.2000000476837158,1.118660569190979,334900
2016-01-15,1.149999976158142,1.2100000381469727,1.149999976158142,1.1799999475479126,1.1000161170959473,254200
2016-01-19,1.1699999570846558,1.1799999475479126,1.149999976158142,1.1699999570846558,1.0906940698623657,427100
2016-01-20,1.1399999856948853,1.159999966621399,1.1200000047683716,1.159999966621399,1.0813719034194946,330000
2016-01-21,1.149999976158142,1.190000057220459,1.1399999856948853,1.159999966621399,1.0813719034194946,213100
2016-01-22,1.190000057220459,1.2300000190734863,1.190000057220459,1.2200000286102295,1.1373049020767212,198600
2016-01-25,1.2200000286102295,1.2400000095367432,1.2100000381469727,1.2100000381469727,1.1279828548431396,45900
2016-01-26,1.1399999856948853,1.159999966621399,1.1299999952316284,1.1399999856948853,1.062727689743042,197300
2016-01-27,1.2000000476837158,1.2599999904632568,1.190000057220459,1.2100000381469727,1.1279828548431396,409400
2016-01-28,1.2799999713897705,1.2999999523162842,1.2599999904632568,1.2999999523162842,1.21188223361969,205800
2016-01-29,1.340000033378601,1.4700000286102295,1.3300000429153442,1.4199999570846558,1.3237484693527222,842700
2016-02-01,1.4199999570846558,1.4600000381469727,1.409999966621399,1.440000057220459,1.3423928022384644,712400
2016-02-02,1.4199999570846558,1.4299999475479126,1.3600000143051147,1.3799999952316284,1.2864596843719482,494600
2016-02-03,1.3799999952316284,1.4500000476837158,1.3600000143051147,1.4299999475479126,1.3330705165863037,313900
2016-02-04,1.5099999904632568,1.559999942779541,1.4800000190734863,1.5,1.3983256816864014,319300
2016-02-05,1.4900000095367432,1.5199999809265137,1.4700000286102295,1.4900000095367432,1.3890035152435303,234100
2016-02-08,1.4500000476837158,1.4900000095367432,1.4199999570846558,1.4299999475479126,1.3330705165863037,269700
2016-02-09,1.440000057220459,1.440000057220459,1.3899999856948853,1.399999976158142,1.30510413646698,237000
2016-02-10,1.4500000476837158,1.4900000095367432,1.4299999475479126,1.440000057220459,1.3423928022384644,189300
2016-02-11,1.4299999475479126,1.4600000381469727,1.4199999570846558,1.4299999475479126,1.3330705165863037,246700
2016-02-12,1.4199999570846558,1.440000057220459,1.3899999856948853,1.3899999856948853,1.2957818508148193,195500
2016-02-16,1.399999976158142,1.409999966621399,1.3700000047683716,1.3899999856948853,1.2957818508148193,318900
2016-02-17,1.440000057220459,1.4900000095367432,1.4299999475479126,1.4700000286102295,1.3703593015670776,360000
2016-02-18,1.4700000286102295,1.5,1.4500000476837158,1.4600000381469727,1.3610371351242065,145800
2016-02-19,1.4500000476837158,1.5299999713897705,1.4299999475479126,1.5199999809265137,1.4169700145721436,1542300
2016-02-22,1.5800000429153442,1.600000023841858,1.5700000524520874,1.600000023841858,1.4915474653244019,342800
2016-02-23,1.559999942779541,1.5700000524520874,1.5,1.5,1.3983256816864014,177800
2016-02-24,1.4299999475479126,1.440000057220459,1.399999976158142,1.409999966621399,1.3144261837005615,446600
2016-02-25,1.4600000381469727,1.4800000190734863,1.4199999570846558,1.4299999475479126,1.3330705165863037,146600
2016-02-26,1.4299999475479126,1.440000057220459,1.3600000143051147,1.3700000047683716,1.2771373987197876,267700
2016-02-29,1.399999976158142,1.4299999475479126,1.3899999856948853,1.4199999570846558,1.3237484693527222,280100
2016-03-01,1.409999966621399,1.4500000476837158,1.409999966621399,1.440000057220459,1.3423928022384644,202700
2016-03-02,1.4500000476837158,1.5399999618530273,1.4500000476837158,1.5099999904632568,1.4076478481292725,229900
2016-03-03,1.600000023841858,1.7400000095367432,1.5800000429153442,1.7200000286102295,1.6034135818481445,1035200
2016-03-04,1.8300000429153442,1.840000033378601,1.7599999904632568,1.7899999618530273,1.6686686277389526,1519900
2016-03-07,1.7200000286102295,1.7999999523162842,1.6699999570846558,1.690000057220459,1.5754470825195312,1167200
2016-03-08,1.7200000286102295,1.7799999713897705,1.6699999570846558,1.7799999713897705,1.659346580505371,669400
2016-03-09,1.809999942779541,1.8700000047683716,1.7899999618530273,1.850000023841858,1.7246018648147583,388200
2016-03-10,1.8300000429153442,1.940000057220459,1.8300000429153442,1.9299999475479126,1.7991790771484375,322300
2016-03-11,1.940000057220459,2.0,1.909999966621399,1.9900000095367432,1.8551123142242432,374000
2016-03-14,1.9700000286102295,2.0,1.9199999570846558,1.9299999475479126,1.7991790771484375,228300
2016-03-15,1.7699999809265137,1.809999942779541,1.6699999570846558,1.7000000476837158,1.5847692489624023,258000
2016-03-16,1.659999966621399,1.7100000381469727,1.6100000143051147,1.7100000381469727,1.5940914154052734,383300
2016-03-17,1.8600000143051147,1.9500000476837158,1.7799999713897705,1.9199999570846558,1.7898569107055664,908400
2016-03-18,1.9199999570846558,1.940000057220459,1.8700000047683716,1.9299999475479126,1.7991790771484375,404900
2016-03-21,1.9199999570846558,1.9500000476837158,1.8899999856948853,1.899999976158142,1.7712125778198242,140900
2016-03-22,1.940000057220459,1.9700000286102295,1.909999966621399,1.9299999475479126,1.7991790771484375,577900
2016-03-23,1.8799999952316284,1.8799999952316284,1.7999999523162842,1.8200000524520874,1.696635365486145,401600
2016-03-24,1.7699999809265137,1.809999942779541,1.75,1.7699999809265137,1.6500242948532104,232300
2016-03-28,1.8700000047683716,1.899999976158142,1.8200000524520874,1.8899999856948853,1.7618905305862427,938100
2016-03-29,1.8799999952316284,1.9199999570846558,1.8300000429153442,1.8300000429153442,1.7059575319290161,551600
2016-03-30,1.8700000047683716,1.909999966621399,1.7699999809265137,1.7899999618530273,1.6686686277389526,396800
2016-03-31,1.8300000429153442,1.8300000429153442,1.75,1.7799999713897705,1.659346580505371,205700
2016-04-01,1.8300000429153442,1.8700000047683716,1.7999999523162842,1.8700000047683716,1.7432461977005005,840900
2016-04-04,1.8300000429153442,1.850000023841858,1.7599999904632568,1.7999999523162842,1.6779909133911133,186400
2016-04-05,1.7799999713897705,1.7899999618530273,1.75,1.7599999904632568,1.640702247619629,309300
2016-04-06,1.7400000095367432,1.7599999904632568,1.6299999952316284,1.649999976158142,1.5381582975387573,556200
2016-04-07,1.6399999856948853,1.659999966621399,1.590000033378601,1.6100000143051147,1.5008697509765625,213600
2016-04-08,1.7100000381469727,1.7400000095367432,1.6799999475479126,1.6799999475479126,1.5661249160766602,167500
2016-04-11,1.7999999523162842,1.8200000524520874,1.75,1.7699999809265137,1.6500242948532104,174600
2016-04-12,1.7999999523162842,1.8899999856948853,1.7599999904632568,1.8799999952316284,1.752568244934082,359900
2016-04-13,1.940000057220459,2.0,1.9199999570846558,1.9700000286102295,1.836467981338501,701000
2016-04-14,1.9600000381469727,1.9600000381469727,1.850000023841858,1.8700000047683716,1.7432461977005005,774100
2016-04-15,1.8899999856948853,1.9299999475479126,1.8899999856948853,1.909999966621399,1.7805347442626953,358200
2016-04-18,1.8700000047683716,1.899999976158142,1.840000033378601,1.8700000047683716,1.7432461977005005,425800
2016-04-19,1.8899999856948853,1.9700000286102295,1.8799999952316284,1.9500000476837158,1.8178235292434692,300400
2016-04-20,1.9299999475479126,1.9700000286102295,1.9299999475479126,1.9500000476837158,1.8178235292434692,139600
2016-04-21,1.9600000381469727,1.9700000286102295,1.909999966621399,1.9199999570846558,1.7898569107055664,93200
2016-04-22,1.9299999475479126,2.1600000858306885,1.9299999475479126,2.109999895095825,1.9669780731201172,968000
2016-04-25,2.130000114440918,2.1700000762939453,2.059999942779541,2.1500000953674316,2.0042669773101807,668000
2016-04-26,2.119999885559082,2.1700000762939453,2.0999999046325684,2.1500000953674316,2.0042669773101807,420200
2016-04-27,2.1600000858306885,2.190000057220459,2.140000104904175,2.190000057220459,2.041555643081665,455000
2016-04-28,2.1700000762939453,2.2200000286102295,2.1500000953674316,2.1600000858306885,2.0135891437530518,420400
2016-04-29,2.2200000286102295,2.2300000190734863,2.180000066757202,2.2100000381469727,2.0601999759674072,774200
2016-05-02,2.1600000858306885,2.25,2.140000104904175,2.2200000286102295,2.0695221424102783,730900
2016-05-03,2.180000066757202,2.2100000381469727,2.109999895095825,2.200000047683716,2.0508780479431152,512400
2016-05-04,2.180000066757202,2.25,2.1600000858306885,2.2300000190734863,2.0788443088531494,538600
2016-05-05,2.2899999618530273,2.2899999618530273,2.130000114440918,2.130000114440918,1.9856228828430176,679200
2016-05-06,2.130000114440918,2.2200000286102295,2.119999885559082,2.190000057220459,2.041555643081665,2106400
2016-05-09,2.180000066757202,2.190000057220459,2.069999933242798,2.109999895095825,1.9669780731201172,739100
2016-05-10,2.1700000762939453,2.2100000381469727,2.1600000858306885,2.200000047683716,2.0508780479431152,416500
2016-05-11,2.259999990463257,2.2899999618530273,2.2300000190734863,2.2699999809265137,2.116132974624634,1181500
2016-05-12,2.2300000190734863,2.259999990463257,2.190000057220459,2.2300000190734863,2.0788443088531494,2344500
2016-05-13,2.180000066757202,2.240000009536743,2.1600000858306885,2.200000047683716,2.0508780479431152,1767100
2016-05-16,2.190000057220459,2.190000057220459,2.009999990463257,2.059999942779541,1.9203673601150513,2616700
2016-05-17,1.9600000381469727,1.9800000190734863,1.9199999570846558,1.9600000381469727,1.8271456956863403,4233200
2016-05-18,1.9600000381469727,1.9600000381469727,1.9600000381469727,1.9600000381469727,1.8271456956863403,0
2016-05-19,1.7000000476837158,1.9500000476837158,1.7000000476837158,1.8899999856948853,1.7618905305862427,584900
2016-05-20,1.9199999570846558,2.059999942779541,1.899999976158142,2.049999952316284,1.9110450744628906,6564000
2016-05-23,1.9500000476837158,2.0999999046325684,1.9500000476837158,2.0399999618530273,1.901723027229309,329900
2016-05-24,2.059999942779541,2.1500000953674316,1.899999976158142,2.0899999141693115,1.9483338594436646,1407900
2016-05-25,2.180000066757202,2.180000066757202,2.059999942779541,2.109999895095825,1.9669780731201172,494500
2016-05-26,2.0,2.190000057220459,2.0,2.140000104904175,1.9949448108673096,592700
2016-05-27,2.140000104904175,2.1600000858306885,2.0999999046325684,2.1500000953674316,2.0042669773101807,882200
2016-05-31,2.1500000953674316,2.180000066757202,2.109999895095825,2.119999885559082,1.9763003587722778,254100
2016-06-01,2.0999999046325684,2.3399999141693115,2.0999999046325684,2.3399999141693115,2.1813881397247314,8970800
2016-06-02,2.2699999809265137,2.359999895095825,2.240000009536743,2.359999895095825,2.2000322341918945,179700
2016-06-03,2.390000104904175,2.430000066757202,2.25,2.4200000762939453,2.2559657096862793,1098700
2016-06-06,2.450000047683716,2.5,2.3499999046325684,2.4600000381469727,2.2932541370391846,112000
2016-06-07,2.5,2.549999952316284,2.369999885559082,2.549999952316284,2.3771536350250244,615900
2016-06-08,2.559999942779541,2.6700000762939453,2.5299999713897705,2.619999885559082,2.442409038543701,2731500
2016-06-09,2.640000104904175,2.6700000762939453,2.5799999237060547,2.5899999141693115,2.414442300796509,1470000
2016-06-10,2.509999990463257,2.609999895095825,2.5,2.5299999713897705,2.3585093021392822,33100
2016-06-13,2.380000114440918,2.5399999618530273,2.380000114440918,2.509999990463257,2.33986496925354,18200
2016-06-14,2.5,2.5299999713897705,2.3299999237060547,2.4000000953674316,2.237321138381958,131200
2016-06-15,2.5899999141693115,2.5899999141693115,2.2899999618530273,2.319999933242798,2.1627438068389893,149100
2016-06-16,2.4600000381469727,2.4600000381469727,2.259999990463257,2.390000104904175,2.227999210357666,660800
2016-06-17,2.440000057220459,2.4700000286102295,2.3399999141693115,2.359999895095825,2.2000322341918945,582100
2016-06-20,2.4700000286102295,2.5,2.430000066757202,2.4700000286102295,2.3025765419006348,85200
2016-06-21,2.4700000286102295,2.609999895095825,2.440000057220459,2.609999895095825,2.433086633682251,993500
2016-06-22,2.7300000190734863,2.990000009536743,2.7300000190734863,2.880000114440918,2.6847856044769287,690300
2016-06-23,2.7899999618530273,3.359999895095825,2.5,3.3399999141693115,3.113605260848999,1733600
2016-06-24,3.200000047683716,3.4700000286102295,3.0899999141693115,3.369999885559082,3.1415717601776123,389000
2016-06-27,3.299999952316284,3.4700000286102295,3.240000009536743,3.4000000953674316,3.1695384979248047,99800
2016-06-28,3.559999942779541,3.9600000381469727,3.559999942779541,3.880000114440918,3.6170027256011963,354600
2016-06-29,3.9000000953674316,4.050000190734863,3.7200000286102295,3.8499999046325684,3.589036226272583,716000
2016-06-30,3.8499999046325684,4.070000171661377,3.8499999046325684,3.940000057220459,3.672935962677002,499800
2016-07-01,3.9100000858306885,3.9700000286102295,3.7200000286102295,3.819999933242798,3.5610694885253906,198700
2016-07-05,3.940000057220459,4.090000152587891,3.940000057220459,4.079999923706055,3.803446054458618,1371400
2016-07-06,3.819999933242798,4.019999980926514,3.819999933242798,3.9600000381469727,3.691580057144165,274700
2016-07-07,4.050000190734863,4.050000190734863,3.940000057220459,3.950000047683716,3.682257890701294,768600
2016-07-08,4.099999904632568,4.170000076293945,3.9600000381469727,4.170000076293945,3.887345552444458,685100
2016-07-11,4.190000057220459,4.550000190734863,4.190000057220459,4.510000228881836,4.2042999267578125,377300
2016-07-12,4.409999847412109,4.71999979019165,4.409999847412109,4.619999885559082,4.306843280792236,355800
2016-07-13,4.650000095367432,4.650000095367432,4.400000095367432,4.559999942779541,4.250910758972168,163200
2016-07-14,4.670000076293945,4.909999847412109,4.5,4.789999961853027,4.465320110321045,419300
2016-07-15,4.760000228881836,4.889999866485596,4.690000057220459,4.860000133514404,4.530575752258301,171300
2016-07-18,4.800000190734863,4.960000038146973,4.800000190734863,4.960000038146973,4.623797416687012,383200
2016-07-19,4.889999866485596,4.900000095367432,4.610000133514404,4.760000228881836,4.43735408782959,188300
2016-07-20,4.710000038146973,4.829999923706055,4.619999885559082,4.670000076293945,4.353454113006592,706900
2016-07-21,4.579999923706055,4.670000076293945,4.579999923706055,4.670000076293945,4.353454113006592,477300
2016-07-22,4.650000095367432,5.019999980926514,4.650000095367432,5.019999980926514,4.67972993850708,430600
2016-07-25,5.050000190734863,5.199999809265137,5.050000190734863,5.119999885559082,4.772952079772949,389300
2016-07-26,5.079999923706055,5.159999847412109,4.900000095367432,5.079999923706055,4.735663414001465,290100
2016-07-27,5.099999904632568,5.110000133514404,4.960000038146973,5.039999961853027,4.6983747482299805,246000
2016-07-28,4.940000057220459,5.170000076293945,4.900000095367432,5.130000114440918,4.7822747230529785,424300
2016-07-29,5.21999979019165,5.360000133514404,5.150000095367432,5.340000152587891,4.978039741516113,457600
2016-08-01,5.389999866485596,5.389999866485596,5.21999979019165,5.300000190734863,4.940751552581787,392700
2016-08-02,5.340000152587891,5.369999885559082,5.300000190734863,5.320000171661377,4.959395408630371,147100
2016-08-03,5.269999980926514,5.5,5.199999809265137,5.480000019073486,5.10854959487915,122200
2016-08-04,5.489999771118164,5.960000038146973,5.489999771118164,5.940000057220459,5.537370204925537,282900
2016-08-05,5.980000019073486,6.21999979019165,5.590000152587891,6.110000133514404,5.695847511291504,368300
2016-08-08,6.079999923706055,6.190000057220459,5.889999866485596,6.150000095367432,5.73313570022583,1171100
2016-08-09,6.190000057220459,6.199999809265137,5.800000190734863,5.940000057220459,5.537370204925537,157400
2016-08-10,5.940000057220459,6.190000057220459,5.929999828338623,6.0,5.5933027267456055,251200
2016-08-11,5.820000171661377,6.28000020980835,5.820000171661377,6.199999809265137,5.7797465324401855,271700
2016-08-12,6.199999809265137,6.239999771118164,6.03000020980835,6.090000152587891,5.6772027015686035,1180200
2016-08-15,5.820000171661377,6.170000076293945,5.820000171661377,6.139999866485596,5.723813533782959,133900
2016-08-16,6.170000076293945,6.269999980926514,6.03000020980835,6.139999866485596,5.723813533782959,365300
2016-08-17,6.0,6.0,5.690000057220459,5.960000038146973,5.556014060974121,112800
2016-08-18,5.96999979019165,6.03000020980835,5.909999847412109,6.019999980926514,5.611947536468506,47500
2016-08-19,5.880000114440918,5.940000057220459,5.840000152587891,5.880000114440918,5.4814372062683105,58400
2016-08-22,5.880000114440918,5.880000114440918,5.570000171661377,5.690000057220459,5.30431604385376,130800
2016-08-23,5.75,5.760000228881836,5.579999923706055,5.579999923706055,5.2017717361450195,113400
2016-08-24,5.46999979019165,5.670000076293945,5.449999809265137,5.659999847412109,5.276349067687988,170500
2016-08-25,5.360000133514404,5.760000228881836,5.360000133514404,5.710000038146973,5.322960376739502,92600
2016-08-26,5.75,6.389999866485596,5.710000038146973,6.119999885559082,5.705168724060059,403200
2016-08-29,6.079999923706055,6.369999885559082,6.079999923706055,6.309999942779541,5.882290363311768,527100
2016-08-30,6.340000152587891,6.760000228881836,6.300000190734863,6.760000228881836,6.301788330078125,378800
2016-08-31,6.789999961853027,6.880000114440918,6.619999885559082,6.869999885559082,6.404331684112549,1029800
2016-09-01,6.53000020980835,7.010000228881836,6.460000038146973,6.989999771118164,6.516197681427002,131300
2016-09-02,7.130000114440918,7.349999904632568,7.130000114440918,7.25,6.75857400894165,52400
2016-09-06,7.019999980926514,7.210000038146973,6.949999809265137,7.210000038146973,6.721285820007324,37300
2016-09-07,7.349999904632568,7.349999904632568,6.889999866485596,7.21999979019165,6.730607509613037,42100
2016-09-08,7.360000133514404,7.5,7.019999980926514,7.440000057220459,6.935695648193359,288500
2016-09-09,7.409999847412109,7.409999847412109,6.900000095367432,6.96999979019165,6.497553825378418,47500
2016-09-12,6.820000171661377,6.960000038146973,6.769999980926514,6.949999809265137,6.478909015655518,211700
2016-09-13,6.889999866485596,6.920000076293945,6.260000228881836,6.380000114440918,5.947545051574707,288900
2016-09-14,6.269999980926514,6.630000114440918,6.269999980926514,6.420000076293945,5.984834671020508,316200
2016-09-15,6.670000076293945,6.760000228881836,6.579999923706055,6.699999809265137,6.24585485458374,55000
2016-09-16,6.440000057220459,6.440000057220459,6.179999828338623,6.369999885559082,5.938223361968994,459900
2016-09-19,6.360000133514404,6.360000133514404,6.119999885559082,6.130000114440918,5.714491367340088,68600
2016-09-20,6.25,6.340000152587891,6.210000038146973,6.260000228881836,5.835679531097412,53400
2016-09-21,6.329999923706055,6.329999923706055,6.050000190734863,6.179999828338623,5.761101722717285,33600
2016-09-22,6.28000020980835,6.320000171661377,6.019999980926514,6.070000171661377,5.658558368682861,73600
2016-09-23,6.039999961853027,6.170000076293945,5.980000019073486,5.980000019073486,5.5746588706970215,30200
2016-09-26,5.769999980926514,5.889999866485596,5.71999979019165,5.860000133514404,5.462792873382568,1038300
2016-09-27,5.829999923706055,5.860000133514404,5.699999809265137,5.840000152587891,5.444148540496826,130600
2016-09-28,5.840000152587891,6.090000152587891,5.840000152587891,6.079999923706055,5.667880058288574,75600
2016-09-29,6.119999885559082,6.199999809265137,5.820000171661377,5.840000152587891,5.444148540496826,17200
2016-09-30,6.0,6.0,5.769999980926514,5.880000114440918,5.4814372062683105,102800
2016-10-03,5.920000076293945,6.050000190734863,5.909999847412109,6.010000228881836,5.602625370025635,14500
2016-10-04,5.760000228881836,5.989999771118164,5.739999771118164,5.989999771118164,5.583981037139893,11900
2016-10-05,5.920000076293945,6.0,5.809999942779541,5.809999942779541,5.416182041168213,39400
2016-10-06,5.869999885559082,6.019999980926514,5.860000133514404,6.0,5.5933027267456055,49400
2016-10-07,6.179999828338623,6.179999828338623,5.960000038146973,5.960000038146973,5.556014060974121,70100
2016-10-10,6.28000020980835,6.409999847412109,6.239999771118164,6.380000114440918,5.947545051574707,423800
2016-10-11,6.380000114440918,6.480000019073486,6.230000019073486,6.440000057220459,6.00347900390625,165800
2016-10-12,6.440000057220459,6.440000057220459,6.360000133514404,6.360000133514404,5.928901672363281,6200
2016-10-13,6.650000095367432,7.099999904632568,6.309999942779541,6.659999847412109,6.208566188812256,396800
2016-10-14,6.679999828338623,6.849999904632568,6.489999771118164,6.570000171661377,6.124666690826416,477400
2016-10-17,6.53000020980835,6.690000057220459,6.460000038146973,6.570000171661377,6.124666690826416,331600
2016-10-18,6.769999980926514,7.110000133514404,6.659999847412109,6.980000019073486,6.506875991821289,1385600
2016-10-19,7.039999961853027,7.139999866485596,6.800000190734863,6.940000057220459,6.4695868492126465,497500
2016-10-20,6.880000114440918,7.019999980926514,6.829999923706055,6.949999809265137,6.478909015655518,376500
2016-10-21,7.090000152587891,7.130000114440918,6.960000038146973,7.070000171661377,6.590775489807129,262700
2016-10-24,7.28000020980835,7.329999923706055,7.150000095367432,7.289999961853027,6.795863151550293,520300
2016-10-25,7.139999866485596,7.429999828338623,7.010000228881836,7.389999866485596,6.889084815979004,460800
2016-10-26,7.429999828338623,7.440000057220459,7.25,7.329999923706055,6.833151340484619,243000
2016-10-27,7.539999961853027,7.610000133514404,7.320000171661377,7.340000152587891,6.842474460601807,320700
2016-10-28,7.409999847412109,7.429999828338623,7.320000171661377,7.389999866485596,6.889084815979004,115600
2016-10-31,7.699999809265137,7.699999809265137,7.340000152587891,7.389999866485596,6.889084815979004,152200
2016-11-01,7.289999961853027,7.300000190734863,7.039999961853027,7.150000095367432,6.665353298187256,87600
2016-11-02,7.0,7.110000133514404,7.0,7.050000190734863,6.572131156921387,89300
2016-11-03,7.039999961853027,7.190000057220459,7.0,7.059999942779541,6.581453323364258,453400
2016-11-04,7.050000190734863,7.170000076293945,6.949999809265137,7.070000171661377,6.590775489807129,179000
2016-11-07,7.269999980926514,7.360000133514404,7.03000020980835,7.179999828338623,6.693319320678711,137100
2016-11-08,7.230000019073486,7.369999885559082,7.179999828338623,7.300000190734863,6.805185317993164,166200
2016-11-09,7.090000152587891,7.300000190734863,7.079999923706055,7.190000057220459,6.702641487121582,231100
2016-11-10,6.940000057220459,7.03000020980835,6.449999809265137,6.559999942779541,6.115344524383545,528300
2016-11-11,6.179999828338623,6.690000057220459,5.989999771118164,6.489999771118164,6.050089359283447,181200
2016-11-14,6.199999809265137,6.449999809265137,6.130000114440918,6.420000076293945,5.984834671020508,109000
2016-11-15,6.400000095367432,6.949999809265137,6.309999942779541,6.699999809265137,6.24585485458374,176400
2016-11-16,6.340000152587891,6.730000019073486,6.340000152587891,6.619999885559082,6.1712775230407715,125000
2016-11-17,6.429999828338623,6.670000076293945,6.340000152587891,6.420000076293945,5.984834671020508,116500
2016-11-18,6.550000190734863,6.659999847412109,6.429999828338623,6.599999904632568,6.152633190155029,133100
2016-11-21,6.710000038146973,7.03000020980835,6.710000038146973,7.0,6.525520324707031,90400
2016-11-22,7.170000076293945,7.179999828338623,6.989999771118164,7.090000152587891,6.609420299530029,68600
2016-11-23,6.829999923706055,7.03000020980835,6.809999942779541,7.03000020980835,6.5534868240356445,69300
2016-11-25,7.159999847412109,7.239999771118164,7.130000114440918,7.210000038146973,6.721285820007324,194900
2016-11-28,7.53000020980835,7.599999904632568,7.420000076293945,7.449999809265137,6.945018291473389,99300
2016-11-29,7.489999771118164,7.559999942779541,7.46999979019165,7.539999961853027,7.02891731262207,104300
2016-11-30,7.489999771118164,7.519999980926514,7.150000095367432,7.510000228881836,7.000951290130615,277700
2016-12-01,7.380000114440918,7.389999866485596,6.960000038146973,7.090000152587891,6.609420299530029,170100
2016-12-02,7.0,7.059999942779541,6.849999904632568,6.940000057220459,6.4695868492126465,31300
2016-12-05,6.75,6.929999828338623,6.71999979019165,6.849999904632568,6.385687351226807,102400
2016-12-06,6.849999904632568,7.070000171661377,6.849999904632568,6.960000038146973,6.488231658935547,40300
2016-12-07,6.78000020980835,6.909999847412109,6.619999885559082,6.860000133514404,6.395009994506836,141000
2016-12-08,6.739999771118164,6.800000190734863,6.599999904632568,6.739999771118164,6.283143520355225,80200
2016-12-09,6.679999828338623,6.769999980926514,6.619999885559082,6.730000019073486,6.2738213539123535,128400
2016-12-12,6.739999771118164,6.809999942779541,6.710000038146973,6.800000190734863,6.339076995849609,78800
2016-12-13,6.739999771118164,6.800000190734863,6.650000095367432,6.78000020980835,6.320432662963867,566000
2016-12-14,6.690000057220459,6.789999961853027,6.489999771118164,6.619999885559082,6.1712775230407715,134700
2016-12-15,6.599999904632568,6.730000019073486,6.559999942779541,6.730000019073486,6.2738213539123535,152400
2016-12-16,6.670000076293945,6.71999979019165,6.460000038146973,6.579999923706055,6.133989334106445,253200
2016-12-19,6.699999809265137,6.730000019073486,6.599999904632568,6.659999847412109,6.208566188812256,96600
2016-12-20,6.590000152587891,6.610000133514404,6.349999904632568,6.409999847412109,5.975512504577637,62000
2016-12-21,6.71999979019165,6.71999979019165,6.570000171661377,6.639999866485596,6.189921855926514,74000
2016-12-22,6.519999980926514,6.639999866485596,6.429999828338623,6.53000020980835,6.08737850189209,68600
2016-12-23,6.690000057220459,6.820000171661377,6.559999942779541,6.679999828338623,6.227210521697998,99900
2016-12-27,6.829999923706055,6.849999904632568,6.659999847412109,6.75,6.292466163635254,103000
2016-12-28,6.760000228881836,6.900000095367432,6.730000019073486,6.900000095367432,6.43229866027832,43900
2016-12-29,6.929999828338623,7.0,6.849999904632568,6.940000057220459,6.4695868492126465,65300
2016-12-30,6.940000057220459,7.25,6.849999904632568,6.860000133514404,6.395009994506836,45500
2017-01-03,6.869999885559082,6.980000019073486,6.670000076293945,6.820000171661377,6.357721328735352,95700
2017-01-04,6.880000114440918,6.980000019073486,6.869999885559082,6.880000114440918,6.413654327392578,60900
2017-01-05,6.980000019073486,7.059999942779541,6.949999809265137,7.019999980926514,6.544164657592773,40800
2017-01-06,6.940000057220459,6.989999771118164,6.75,6.829999923706055,6.367043495178223,54900
2017-01-09,6.980000019073486,7.079999923706055,6.710000038146973,7.0,6.525520324707031,136700
2017-01-10,6.920000076293945,6.929999828338623,6.599999904632568,6.809999942779541,6.348398685455322,85400
2017-01-11,6.619999885559082,6.889999866485596,6.53000020980835,6.869999885559082,6.404331684112549,201700
2017-01-12,7.059999942779541,7.329999923706055,6.920000076293945,7.190000057220459,6.702641487121582,572400
2017-01-13,7.230000019073486,7.260000228881836,6.960000038146973,7.130000114440918,6.6467084884643555,103000
2017-01-17,7.119999885559082,7.150000095367432,7.019999980926514,7.079999923706055,6.600097179412842,71800
2017-01-18,6.949999809265137,6.960000038146973,6.71999979019165,6.78000020980835,6.320432662963867,115300
2017-01-19,6.53000020980835,6.75,6.489999771118164,6.650000095367432,6.199244022369385,234700
2017-01-20,6.900000095367432,7.059999942779541,6.269999980926514,6.849999904632568,6.385687351226807,281600
2017-01-23,7.170000076293945,7.239999771118164,7.050000190734863,7.150000095367432,6.665353298187256,222700
2017-01-24,7.159999847412109,7.199999809265137,6.909999847412109,7.039999961853027,6.562808990478516,208400
2017-01-25,7.010000228881836,7.239999771118164,6.960000038146973,7.079999923706055,6.600097179412842,58800
2017-01-26,7.0,7.090000152587891,6.869999885559082,6.949999809265137,6.478909015655518,102400
2017-01-27,6.860000133514404,6.889999866485596,6.789999961853027,6.820000171661377,6.357721328735352,82500
2017-01-30,6.760000228881836,6.760000228881836,6.5,6.559999942779541,6.115344524383545,95700
2017-01-31,6.710000038146973,6.829999923706055,6.550000190734863,6.570000171661377,6.124666690826416,125200
2017-02-01,6.650000095367432,6.679999828338623,6.460000038146973,6.639999866485596,6.189921855926514,113900
2017-02-02,6.860000133514404,6.880000114440918,6.710000038146973,6.769999980926514,6.311110019683838,76400
2017-02-03,6.989999771118164,7.090000152587891,6.929999828338623,7.0,6.525520324707031,141100
2017-02-06,6.849999904632568,6.949999809265137,6.800000190734863,6.840000152587891,6.376365661621094,97000
2017-02-07,7.019999980926514,7.079999923706055,6.820000171661377,6.900000095367432,6.43229866027832,387600
2017-02-08,7.070000171661377,7.210000038146973,7.010000228881836,7.050000190734863,6.572131156921387,636000
2017-02-09,6.949999809265137,7.019999980926514,6.699999809265137,6.769999980926514,6.311110019683838,204200
2017-02-10,7.019999980926514,7.260000228881836,7.010000228881836,7.110000133514404,6.628063678741455,329400
2017-02-13,7.300000190734863,7.329999923706055,7.130000114440918,7.179999828338623,6.693319320678711,467100
2017-02-14,7.099999904632568,7.239999771118164,6.949999809265137,7.199999809265137,6.711963653564453,177100
2017-02-15,7.150000095367432,7.340000152587891,7.150000095367432,7.21999979019165,6.730607509613037,95500
2017-02-16,7.130000114440918,7.170000076293945,7.059999942779541,7.139999866485596,6.656030654907227,96000
2017-02-17,7.010000228881836,7.039999961853027,6.75,6.920000076293945,6.4509429931640625,160100
2017-02-21,6.869999885559082,6.929999828338623,6.739999771118164,6.760000228881836,6.301788330078125,479900
2017-02-22,6.820000171661377,6.949999809265137,6.789999961853027,6.849999904632568,6.385687351226807,129500
2017-02-23,7.070000171661377,7.199999809265137,6.900000095367432,6.909999847412109,6.441620349884033,223600
2017-02-24,6.889999866485596,6.900000095367432,6.699999809265137,6.760000228881836,6.301788330078125,129400
2017-02-27,6.840000152587891,6.840000152587891,6.5,6.630000114440918,6.180600166320801,71200
2017-02-28,6.570000171661377,6.650000095367432,6.389999866485596,6.579999923706055,6.133989334106445,85900
2017-03-01,6.5,6.909999847412109,6.420000076293945,6.889999866485596,6.422976493835449,171900
2017-03-02,6.710000038146973,6.71999979019165,6.369999885559082,6.429999828338623,5.9941558837890625,152600
2017-03-03,6.610000133514404,6.710000038146973,6.559999942779541,6.679999828338623,6.227210521697998,126300
2017-03-06,6.800000190734863,6.909999847412109,6.730000019073486,6.900000095367432,6.43229866027832,192700
2017-03-07,6.920000076293945,6.920000076293945,6.659999847412109,6.690000057220459,6.236533164978027,108000
2017-03-08,6.429999828338623,6.539999961853027,6.369999885559082,6.480000019073486,6.040767192840576,258700
2017-03-09,6.449999809265137,6.53000020980835,6.380000114440918,6.420000076293945,5.984834671020508,148300
2017-03-10,6.590000152587891,6.619999885559082,6.300000190734863,6.429999828338623,5.9941558837890625,126900
2017-03-13,6.5,6.539999961853027,6.340000152587891,6.380000114440918,5.947545051574707,58200
2017-03-14,6.340000152587891,6.360000133514404,6.0,6.079999923706055,5.667880058288574,110800
2017-03-15,6.070000171661377,6.369999885559082,5.929999828338623,6.320000171661377,5.891612529754639,168800
2017-03-16,6.309999942779541,6.320000171661377,6.099999904632568,6.179999828338623,5.761101722717285,198600
2017-03-17,6.260000228881836,6.320000171661377,5.960000038146973,5.980000019073486,5.5746588706970215,345000
2017-03-20,6.110000133514404,6.440000057220459,6.090000152587891,6.269999980926514,5.845001697540283,129300
2017-03-21,6.300000190734863,6.320000171661377,5.980000019073486,6.0,5.5933027267456055,66300
2017-03-22,5.980000019073486,6.210000038146973,5.949999809265137,6.110000133514404,5.695847511291504,64000
2017-03-23,6.010000228881836,6.050000190734863,5.909999847412109,5.909999847412109,5.509403228759766,118500
2017-03-24,5.96999979019165,6.090000152587891,5.960000038146973,6.070000171661377,5.658558368682861,55100
2017-03-27,5.960000038146973,5.960000038146973,5.579999923706055,5.699999809265137,5.3136372566223145,280600
2017-03-28,5.539999961853027,5.539999961853027,5.409999847412109,5.510000228881836,5.136516571044922,319200
2017-03-29,5.510000228881836,5.559999942779541,5.420000076293945,5.489999771118164,5.11787223815918,211400
2017-03-30,5.510000228881836,5.539999961853027,5.400000095367432,5.420000076293945,5.052617073059082,98100
2017-03-31,5.429999828338623,5.550000190734863,5.360000133514404,5.429999828338623,5.061939716339111,143400
2017-04-03,5.519999980926514,5.579999923706055,5.480000019073486,5.5,5.127194404602051,80700
2017-04-04,5.440000057220459,5.590000152587891,5.440000057220459,5.550000190734863,5.1738057136535645,363100
2017-04-05,5.489999771118164,5.510000228881836,5.269999980926514,5.289999961853027,4.931428909301758,128000
2017-04-06,5.269999980926514,5.28000020980835,5.010000228881836,5.079999923706055,4.735663414001465,124100
2017-04-07,5.119999885559082,5.190000057220459,4.960000038146973,4.96999979019165,4.633119106292725,108000
2017-04-10,4.949999809265137,4.960000038146973,4.829999923706055,4.889999866485596,4.558541774749756,83500
2017-04-11,4.829999923706055,5.010000228881836,4.789999961853027,4.989999771118164,4.651763439178467,172000
2017-04-12,5.0,5.019999980926514,4.920000076293945,5.0,4.661086082458496,97900
2017-04-13,4.989999771118164,5.039999961853027,4.820000171661377,4.860000133514404,4.530575752258301,60100
2017-04-17,4.929999828338623,5.039999961853027,4.889999866485596,4.949999809265137,4.614474773406982,225500
2017-04-18,4.909999847412109,4.960000038146973,4.880000114440918,4.960000038146973,4.623797416687012,340600
2017-04-19,5.019999980926514,5.03000020980835,4.769999980926514,4.809999942779541,4.483964443206787,76600
2017-04-20,4.809999942779541,4.949999809265137,4.769999980926514,4.880000114440918,4.549219608306885,126700
2017-04-21,4.849999904632568,4.949999809265137,4.809999942779541,4.840000152587891,4.511931419372559,39600
2017-04-24,5.039999961853027,5.090000152587891,4.96999979019165,5.010000228881836,4.670408248901367,321300
2017-04-25,4.900000095367432,5.360000133514404,4.900000095367432,5.349999904632568,4.987361907958984,162300
2017-04-26,5.260000228881836,5.380000114440918,5.210000038146973,5.349999904632568,4.987361907958984,173800
2017-04-27,5.289999961853027,5.349999904632568,5.21999979019165,5.320000171661377,4.959395408630371,176000
2017-04-28,5.269999980926514,5.570000171661377,5.25,5.53000020980835,5.155160903930664,166400
2017-05-01,5.670000076293945,5.670000076293945,5.340000152587891,5.550000190734863,5.1738057136535645,80400
2017-05-02,5.590000152587891,5.78000020980835,5.53000020980835,5.670000076293945,5.285671234130859,179300
2017-05-03,5.630000114440918,5.670000076293945,5.53000020980835,5.53000020980835,5.155160903930664,92200
2017-05-04,5.429999828338623,5.440000057220459,5.130000114440918,5.179999828338623,4.828884601593018,672700
2017-05-05,5.230000019073486,5.300000190734863,5.059999942779541,5.130000114440918,4.7822747230529785,99800
2017-05-08,5.159999847412109,5.179999828338623,4.909999847412109,4.960000038146973,4.623797416687012,181300
2017-05-09,4.909999847412109,5.139999866485596,4.889999866485596,5.110000133514404,4.763629913330078,149500
2017-05-10,5.210000038146973,5.260000228881836,5.03000020980835,5.059999942779541,4.7170186042785645,221800
2017-05-11,5.440000057220459,5.489999771118164,5.230000019073486,5.429999828338623,5.061939716339111,234800
2017-05-12,5.679999828338623,5.769999980926514,5.539999961853027,5.590000152587891,5.211093902587891,160000
2017-05-15,5.739999771118164,5.760000228881836,5.5,5.539999961853027,5.164483547210693,114200
2017-05-16,5.559999942779541,5.559999942779541,5.289999961853027,5.329999923706055,4.968717575073242,180000
2017-05-17,5.210000038146973,5.210000038146973,5.019999980926514,5.039999961853027,4.6983747482299805,184000
2017-05-18,4.150000095367432,4.739999771118164,3.5899999141693115,3.7200000286102295,3.4678478240966797,1613600
2017-05-19,3.9600000381469727,4.070000171661377,3.9200000762939453,4.010000228881836,3.7381911277770996,1872400
2017-05-22,3.9000000953674316,3.9700000286102295,3.640000104904175,3.759999990463257,3.505136489868164,712800
2017-05-23,3.869999885559082,4.070000171661377,3.869999885559082,3.9800000190734863,3.7102246284484863,550600
2017-05-24,4.059999942779541,4.400000095367432,4.050000190734863,4.28000020980835,3.989889621734619,873300
2017-05-25,4.380000114440918,4.449999809265137,4.090000152587891,4.139999866485596,3.8593788146972656,672100
2017-05-26,4.21999979019165,4.409999847412109,4.199999809265137,4.28000020980835,3.989889621734619,155100
2017-05-30,4.28000020980835,4.289999961853027,4.199999809265137,4.25,3.9619228839874268,251800
2017-05-31,4.239999771118164,4.289999961853027,4.090000152587891,4.130000114440918,3.8500571250915527,207800
2017-06-01,4.190000057220459,4.25,3.9800000190734863,4.019999980926514,3.7475130558013916,176100
2017-06-02,4.070000171661377,4.110000133514404,3.9600000381469727,4.019999980926514,3.7475130558013916,226700
2017-06-05,3.930000066757202,4.010000228881836,3.9000000953674316,3.9600000381469727,3.691580057144165,204200
2017-06-06,3.990000009536743,4.050000190734863,3.9800000190734863,4.039999961853027,3.766157388687134,243100
2017-06-07,4.059999942779541,4.099999904632568,3.990000009536743,4.059999942779541,3.784801721572876,639900
2017-06-08,3.890000104904175,3.9700000286102295,3.869999885559082,3.940000057220459,3.672935962677002,293200
2017-06-09,3.9200000762939453,4.059999942779541,3.890000104904175,3.9200000762939453,3.6542913913726807,927400
2017-06-12,3.9200000762939453,3.950000047683716,3.809999942779541,3.809999942779541,3.5517475605010986,213600
2017-06-13,3.819999933242798,3.819999933242798,3.7100000381469727,3.7899999618530273,3.5331029891967773,242400
2017-06-14,3.8299999237060547,3.8499999046325684,3.690000057220459,3.7899999618530273,3.5331029891967773,357000
2017-06-15,3.7699999809265137,3.8299999237060547,3.7100000381469727,3.799999952316284,3.5424251556396484,94600
2017-06-16,3.75,3.8299999237060547,3.7300000190734863,3.7899999618530273,3.5331029891967773,359100
2017-06-19,3.759999990463257,3.859999895095825,3.740000009536743,3.799999952316284,3.5424251556396484,291800
2017-06-20,3.7300000190734863,3.740000009536743,3.569999933242798,3.630000114440918,3.383948564529419,246700
2017-06-21,3.5399999618530273,3.630000114440918,3.490000009536743,3.5399999618530273,3.300048589706421,125400
2017-06-22,3.6600000858306885,4.019999980926514,3.6600000858306885,3.75,3.495814323425293,546300
2017-06-23,3.7100000381469727,3.7100000381469727,3.559999942779541,3.559999942779541,3.318693161010742,528500
2017-06-26,3.6500000953674316,3.7200000286102295,3.6500000953674316,3.680000066757202,3.4305591583251953,157500
2017-06-27,3.740000009536743,3.740000009536743,3.609999895095825,3.6500000953674316,3.402592658996582,308300
2017-06-28,3.700000047683716,3.8399999141693115,3.6600000858306885,3.819999933242798,3.5610694885253906,122300
2017-06-29,3.7799999713897705,3.8299999237060547,3.630000114440918,3.690000057220459,3.4398813247680664,184900
2017-06-30,3.6500000953674316,3.7699999809265137,3.630000114440918,3.75,3.495814323425293,180000
2017-07-03,3.799999952316284,3.8399999141693115,3.690000057220459,3.700000047683716,3.4492037296295166,61300
2017-07-05,3.9700000286102295,4.150000095367432,3.9200000762939453,4.139999866485596,3.8593788146972656,568000
2017-07-06,4.699999809265137,4.789999961853027,4.5,4.739999771118164,4.4187092781066895,1260700
2017-07-07,4.840000152587891,4.900000095367432,4.760000228881836,4.78000020980835,4.455998420715332,607500
2017-07-10,4.889999866485596,4.929999828338623,4.559999942779541,4.670000076293945,4.353454113006592,436100
2017-07-11,4.550000190734863,4.590000152587891,4.46999979019165,4.519999980926514,4.213621616363525,429500
2017-07-12,4.610000133514404,4.760000228881836,4.510000228881836,4.699999809265137,4.381421089172363,435600
2017-07-13,4.769999980926514,4.769999980926514,4.670000076293945,4.730000019073486,4.409387588500977,176800
2017-07-14,4.71999979019165,4.730000019073486,4.510000228881836,4.570000171661377,4.260232925415039,103100
2017-07-17,4.519999980926514,4.53000020980835,4.409999847412109,4.420000076293945,4.1203999519348145,279400
2017-07-18,4.489999771118164,4.630000114440918,4.449999809265137,4.570000171661377,4.260232925415039,239200
2017-07-19,4.579999923706055,4.619999885559082,4.480000019073486,4.510000228881836,4.2042999267578125,260200
2017-07-20,4.559999942779541,4.579999923706055,4.489999771118164,4.53000020980835,4.222944259643555,362500
2017-07-21,4.489999771118164,4.539999961853027,4.409999847412109,4.460000038146973,4.157688617706299,482000
2017-07-24,4.409999847412109,4.449999809265137,4.340000152587891,4.360000133514404,4.06446647644043,171700
2017-07-25,4.429999828338623,4.480000019073486,4.400000095367432,4.409999847412109,4.111077308654785,251300
2017-07-26,4.380000114440918,4.380000114440918,4.260000228881836,4.300000190734863,4.008533954620361,229700
2017-07-27,4.349999904632568,4.360000133514404,4.199999809265137,4.269999980926514,3.980567216873169,169700
2017-07-28,4.260000228881836,4.409999847412109,4.199999809265137,4.409999847412109,4.111077308654785,212200
2017-07-31,4.409999847412109,4.429999828338623,4.28000020980835,4.309999942779541,4.017856121063232,314300
2017-08-01,4.289999961853027,4.369999885559082,4.289999961853027,4.340000152587891,4.045822620391846,187500
2017-08-02,4.260000228881836,4.309999942779541,4.260000228881836,4.300000190734863,4.008533954620361,285600
2017-08-03,4.300000190734863,4.420000076293945,4.25,4.389999866485596,4.092433452606201,181900
2017-08-04,4.440000057220459,4.579999923706055,4.429999828338623,4.559999942779541,4.250910758972168,514100
2017-08-07,4.480000019073486,4.590000152587891,4.429999828338623,4.570000171661377,4.260232925415039,1208000
2017-08-08,4.550000190734863,4.659999847412109,4.5,4.619999885559082,4.306843280792236,216000
2017-08-09,4.480000019073486,4.53000020980835,4.409999847412109,4.449999809265137,4.148366451263428,188200
2017-08-10,4.440000057220459,4.440000057220459,4.239999771118164,4.260000228881836,3.971245765686035,158500
2017-08-11,4.28000020980835,4.340000152587891,4.239999771118164,4.329999923706055,4.036499977111816,105900
2017-08-14,4.289999961853027,4.349999904632568,4.239999771118164,4.269999980926514,3.980567216873169,168600
2017-08-15,4.300000190734863,4.360000133514404,4.269999980926514,4.329999923706055,4.036499977111816,176900
2017-08-16,4.349999904632568,4.449999809265137,4.300000190734863,4.449999809265137,4.148366451263428,158400
2017-08-17,4.269999980926514,4.349999904632568,4.21999979019165,4.300000190734863,4.008533954620361,405100
2017-08-18,4.329999923706055,4.409999847412109,4.25,4.380000114440918,4.08311128616333,226700
2017-08-21,4.369999885559082,4.510000228881836,4.369999885559082,4.449999809265137,4.148366451263428,673900
2017-08-22,5.900000095367432,6.769999980926514,5.730000019073486,6.610000133514404,6.161955833435059,5584200
2017-08-23,6.260000228881836,6.460000038146973,5.949999809265137,5.96999979019165,5.565336227416992,1909300
2017-08-24,6.150000095367432,6.340000152587891,6.070000171661377,6.269999980926514,5.845001697540283,555200
2017-08-25,6.239999771118164,6.360000133514404,6.170000076293945,6.260000228881836,5.835679531097412,577700
2017-08-28,6.210000038146973,6.260000228881836,6.019999980926514,6.099999904632568,5.686524391174316,644500
2017-08-29,5.960000038146973,5.989999771118164,5.869999885559082,5.909999847412109,5.509403228759766,458200
2017-08-30,5.909999847412109,5.949999809265137,5.789999961853027,5.829999923706055,5.434825897216797,191900
2017-08-31,5.800000190734863,5.829999923706055,5.570000171661377,5.610000133514404,5.229738235473633,253800
2017-09-01,5.630000114440918,5.699999809265137,5.519999980926514,5.610000133514404,5.229738235473633,233900
2017-09-05,5.96999979019165,6.03000020980835,5.820000171661377,6.0,5.5933027267456055,289800
2017-09-06,6.079999923706055,6.110000133514404,5.929999828338623,6.099999904632568,5.686524391174316,284600
2017-09-07,6.119999885559082,6.300000190734863,6.050000190734863,6.079999923706055,5.667880058288574,191200
2017-09-08,6.179999828338623,6.480000019073486,6.130000114440918,6.329999923706055,5.900935173034668,569100
2017-09-11,6.460000038146973,6.909999847412109,6.460000038146973,6.75,6.292466163635254,904800
2017-09-12,6.639999866485596,7.150000095367432,6.639999866485596,6.699999809265137,6.24585485458374,1150000
2017-09-13,6.800000190734863,6.820000171661377,6.639999866485596,6.670000076293945,6.217888832092285,518500
2017-09-14,6.690000057220459,6.869999885559082,6.489999771118164,6.809999942779541,6.348398685455322,260500
2017-09-15,6.789999961853027,7.010000228881836,6.789999961853027,6.820000171661377,6.357721328735352,477500
2017-09-18,6.880000114440918,7.110000133514404,6.860000133514404,6.889999866485596,6.422976493835449,701900
2017-09-19,6.889999866485596,6.949999809265137,6.75,6.809999942779541,6.348398685455322,444200
2017-09-20,6.929999828338623,7.039999961853027,6.849999904632568,6.949999809265137,6.478909015655518,758300
2017-09-21,6.96999979019165,6.980000019073486,6.619999885559082,6.730000019073486,6.2738213539123535,400700
2017-09-22,6.690000057220459,6.710000038146973,6.550000190734863,6.650000095367432,6.199244022369385,200900
2017-09-25,6.599999904632568,6.610000133514404,6.340000152587891,6.429999828338623,5.9941558837890625,312800
2017-09-26,6.519999980926514,6.659999847412109,6.420000076293945,6.449999809265137,6.012800693511963,305400
2017-09-27,6.340000152587891,6.360000133514404,6.119999885559082,6.210000038146973,5.789068222045898,316200
2017-09-28,6.03000020980835,6.159999847412109,5.980000019073486,6.099999904632568,5.686524391174316,344800
2017-09-29,6.190000057220459,6.230000019073486,6.0,6.199999809265137,5.7797465324401855,600800
2017-10-02,6.150000095367432,6.539999961853027,6.150000095367432,6.460000038146973,6.022122859954834,354300
2017-10-03,6.5,6.869999885559082,6.480000019073486,6.840000152587891,6.376365661621094,191900
2017-10-04,6.800000190734863,6.949999809265137,6.789999961853027,6.920000076293945,6.4509429931640625,366400
2017-10-05,6.96999979019165,7.03000020980835,6.730000019073486,6.75,6.292466163635254,284500
2017-10-06,6.570000171661377,6.670000076293945,6.5,6.570000171661377,6.124666690826416,365300
2017-10-09,6.570000171661377,6.579999923706055,6.409999847412109,6.480000019073486,6.040767192840576,201400
2017-10-10,6.650000095367432,6.739999771118164,6.610000133514404,6.639999866485596,6.189921855926514,224800
2017-10-11,6.679999828338623,6.690000057220459,6.53000020980835,6.590000152587891,6.143311500549316,164400
2017-10-12,6.559999942779541,6.559999942779541,6.369999885559082,6.489999771118164,6.050089359283447,150300
2017-10-13,6.630000114440918,6.659999847412109,6.489999771118164,6.610000133514404,6.161955833435059,347000
2017-10-16,6.550000190734863,6.639999866485596,6.489999771118164,6.489999771118164,6.050089359283447,177700
2017-10-17,6.489999771118164,6.489999771118164,6.309999942779541,6.400000095367432,5.966189861297607,198600
2017-10-18,6.440000057220459,6.539999961853027,6.329999923706055,6.510000228881836,6.0687336921691895,107000
2017-10-19,6.440000057220459,6.5,6.400000095367432,6.449999809265137,6.012800693511963,266700
2017-10-20,6.510000228881836,6.760000228881836,6.440000057220459,6.75,6.292466163635254,598900
2017-10-23,6.869999885559082,7.070000171661377,6.809999942779541,6.869999885559082,6.404331684112549,549300
2017-10-24,6.880000114440918,6.989999771118164,6.730000019073486,6.940000057220459,6.4695868492126465,401600
2017-10-25,7.170000076293945,7.239999771118164,7.03000020980835,7.21999979019165,6.730607509613037,475800
2017-10-26,7.380000114440918,7.380000114440918,7.050000190734863,7.090000152587891,6.609420299530029,438100
2017-10-27,7.210000038146973,7.329999923706055,7.139999866485596,7.199999809265137,6.711963653564453,355400
2017-10-30,7.039999961853027,7.059999942779541,6.760000228881836,6.789999961853027,6.329754829406738,310400
2017-10-31,6.739999771118164,6.860000133514404,6.639999866485596,6.710000038146973,6.2551774978637695,487600
2017-11-01,6.329999923706055,6.440000057220459,6.199999809265137,6.289999961853027,5.863646030426025,465400
2017-11-02,6.349999904632568,6.349999904632568,5.849999904632568,6.210000038146973,5.789068222045898,483100
2017-11-03,5.960000038146973,5.989999771118164,5.75,5.909999847412109,5.509403228759766,502800
2017-11-06,6.190000057220459,6.380000114440918,6.099999904632568,6.289999961853027,5.863646030426025,657200
2017-11-07,6.559999942779541,6.599999904632568,6.210000038146973,6.429999828338623,5.9941558837890625,725700
2017-11-08,6.349999904632568,6.550000190734863,6.309999942779541,6.550000190734863,6.106022834777832,443900
2017-11-09,6.309999942779541,6.400000095367432,6.179999828338623,6.349999904632568,5.919578552246094,677400
2017-11-10,5.989999771118164,6.110000133514404,5.820000171661377,6.019999980926514,5.611947536468506,529600
2017-11-13,6.099999904632568,6.179999828338623,6.03000020980835,6.150000095367432,5.73313570022583,237000
2017-11-14,6.059999942779541,6.059999942779541,5.78000020980835,5.849999904632568,5.453470706939697,565900
2017-11-15,5.860000133514404,6.0,5.769999980926514,5.960000038146973,5.556014060974121,154700
2017-11-16,6.050000190734863,6.179999828338623,5.96999979019165,6.059999942779541,5.64923620223999,220400
2017-11-17,5.949999809265137,6.239999771118164,5.929999828338623,6.21999979019165,5.798390865325928,729400
2017-11-20,6.159999847412109,6.400000095367432,6.159999847412109,6.300000190734863,5.872968673706055,227900
2017-11-21,6.21999979019165,6.420000076293945,6.170000076293945,6.179999828338623,5.761101722717285,314100
2017-11-22,6.349999904632568,6.429999828338623,6.329999923706055,6.380000114440918,5.947545051574707,256600
2017-11-24,6.320000171661377,6.489999771118164,6.28000020980835,6.360000133514404,5.928901672363281,300300
2017-11-27,6.289999961853027,6.420000076293945,6.199999809265137,6.360000133514404,5.928901672363281,516900
2017-11-28,6.369999885559082,6.460000038146973,6.159999847412109,6.21999979019165,5.798390865325928,476500
2017-11-29,6.179999828338623,6.289999961853027,6.070000171661377,6.090000152587891,5.6772027015686035,195800
2017-11-30,5.760000228881836,5.840000152587891,5.630000114440918,5.659999847412109,5.276349067687988,253700
2017-12-01,5.760000228881836,5.760000228881836,5.639999866485596,5.699999809265137,5.3136372566223145,137700
2017-12-04,5.760000228881836,5.920000076293945,5.75,5.860000133514404,5.462792873382568,348200
2017-12-05,5.989999771118164,6.039999961853027,5.75,5.789999961853027,5.3975372314453125,535000
2017-12-06,5.730000019073486,5.96999979019165,5.659999847412109,5.940000057220459,5.537370204925537,468100
2017-12-07,5.539999961853027,5.820000171661377,5.539999961853027,5.800000190734863,5.406859874725342,594400
2017-12-08,5.699999809265137,5.730000019073486,5.619999885559082,5.690000057220459,5.30431604385376,327000
2017-12-11,5.650000095367432,5.789999961853027,5.550000190734863,5.71999979019165,5.332282066345215,601900
2017-12-12,5.429999828338623,5.789999961853027,5.429999828338623,5.730000019073486,5.341604709625244,1068600
2017-12-13,5.690000057220459,5.800000190734863,5.429999828338623,5.5,5.127194404602051,884600
2017-12-14,5.309999942779541,5.400000095367432,5.230000019073486,5.269999980926514,4.912784576416016,1011100
2017-12-15,5.320000171661377,5.409999847412109,5.260000228881836,5.360000133514404,4.9966840744018555,981100
2017-12-18,5.429999828338623,5.519999980926514,5.389999866485596,5.429999828338623,5.061939716339111,212000
2017-12-19,5.340000152587891,5.360000133514404,5.230000019073486,5.25,4.894140243530273,340400
2017-12-20,5.360000133514404,5.380000114440918,5.159999847412109,5.159999847412109,4.810240745544434,228300
2017-12-21,5.389999866485596,5.559999942779541,5.320000171661377,5.510000228881836,5.136516571044922,524000
2017-12-22,5.460000038146973,5.730000019073486,5.449999809265137,5.730000019073486,5.341604709625244,501000
2017-12-26,5.670000076293945,5.690000057220459,5.550000190734863,5.650000095367432,5.267026901245117,208000
2017-12-27,5.579999923706055,5.599999904632568,5.510000228881836,5.550000190734863,5.1738057136535645,147400
2017-12-28,5.610000133514404,5.880000114440918,5.519999980926514,5.769999980926514,5.3788933753967285,726000
2017-12-29,5.71999979019165,5.800000190734863,5.679999828338623,5.699999809265137,5.3136372566223145,64000
2018-01-02,5.829999923706055,5.869999885559082,5.760000228881836,5.829999923706055,5.434825897216797,154900
2018-01-03,5.730000019073486,5.809999942779541,5.710000038146973,5.739999771118164,5.350926399230957,124700
2018-01-04,5.71999979019165,5.809999942779541,5.639999866485596,5.710000038146973,5.322960376739502,396700
2018-01-05,5.730000019073486,6.099999904632568,5.619999885559082,5.71999979019165,5.332282066345215,572800
2018-01-08,5.699999809265137,5.75,5.639999866485596,5.639999866485596,5.257704734802246,225500
2018-01-09,5.559999942779541,5.570000171661377,5.400000095367432,5.409999847412109,5.043294906616211,355800
2018-01-10,5.400000095367432,5.409999847412109,5.230000019073486,5.320000171661377,4.959395408630371,357200
2018-01-11,5.260000228881836,5.5,5.239999771118164,5.46999979019165,5.0992279052734375,375200
2018-01-12,5.309999942779541,5.349999904632568,5.190000057220459,5.239999771118164,4.884818077087402,257700
2018-01-16,5.440000057220459,5.440000057220459,5.300000190734863,5.340000152587891,4.978039741516113,199100
2018-01-17,5.320000171661377,5.389999866485596,5.289999961853027,5.380000114440918,5.015328884124756,213100
2018-01-18,5.389999866485596,5.389999866485596,5.25,5.300000190734863,4.940751552581787,552200
2018-01-19,5.400000095367432,5.630000114440918,5.320000171661377,5.619999885559082,5.239060401916504,490300
2018-01-22,6.019999980926514,6.090000152587891,5.739999771118164,5.860000133514404,5.462792873382568,1217700
2018-01-23,5.690000057220459,5.75,5.559999942779541,5.579999923706055,5.2017717361450195,445400
2018-01-24,5.849999904632568,6.28000020980835,5.760000228881836,6.230000019073486,5.807713031768799,1001000
2018-01-25,6.199999809265137,6.760000228881836,6.199999809265137,6.329999923706055,5.900935173034668,702500
2018-01-26,6.269999980926514,6.400000095367432,6.21999979019165,6.340000152587891,5.910256862640381,441200
2018-01-29,6.369999885559082,6.420000076293945,6.239999771118164,6.269999980926514,5.845001697540283,278400
2018-01-30,6.300000190734863,6.300000190734863,6.079999923706055,6.199999809265137,5.7797465324401855,536800
2018-01-31,6.53000020980835,6.53000020980835,6.260000228881836,6.449999809265137,6.012800693511963,410000
2018-02-01,6.460000038146973,6.519999980926514,6.309999942779541,6.349999904632568,5.919578552246094,249600
2018-02-02,6.199999809265137,6.260000228881836,6.0,6.039999961853027,5.63059139251709,527000
2018-02-05,6.079999923706055,6.21999979019165,6.0,6.059999942779541,5.64923620223999,285700
2018-02-06,6.119999885559082,6.46999979019165,6.119999885559082,6.460000038146973,6.022122859954834,224000
2018-02-07,6.429999828338623,6.659999847412109,6.28000020980835,6.28000020980835,5.8543243408203125,261700
2018-02-08,6.599999904632568,6.650000095367432,6.320000171661377,6.480000019073486,6.040767192840576,1082300
2018-02-09,6.610000133514404,6.639999866485596,6.070000171661377,6.369999885559082,5.938223361968994,758000
2018-02-12,6.400000095367432,6.559999942779541,6.309999942779541,6.420000076293945,5.984834671020508,162200
2018-02-13,6.389999866485596,6.619999885559082,6.389999866485596,6.590000152587891,6.143311500549316,125100
2018-02-14,6.53000020980835,6.739999771118164,6.460000038146973,6.630000114440918,6.180600166320801,246800
2018-02-15,6.71999979019165,6.769999980926514,6.510000228881836,6.710000038146973,6.2551774978637695,411100
2018-02-16,6.559999942779541,6.650000095367432,6.409999847412109,6.579999923706055,6.133989334106445,540200
2018-02-20,6.710000038146973,7.039999961853027,6.710000038146973,6.989999771118164,6.516197681427002,767000
2018-02-21,7.070000171661377,7.579999923706055,6.849999904632568,7.130000114440918,6.6467084884643555,1065300
2018-02-22,7.309999942779541,7.389999866485596,7.199999809265137,7.289999961853027,6.795863151550293,346000
2018-02-23,7.420000076293945,7.630000114440918,7.300000190734863,7.610000133514404,7.094172954559326,497000
2018-02-26,7.699999809265137,7.699999809265137,7.460000038146973,7.570000171661377,7.056884288787842,525100
2018-02-27,7.699999809265137,7.860000133514404,7.5,7.610000133514404,7.094172954559326,479300
2018-02-28,7.619999885559082,7.659999847412109,7.480000019073486,7.510000228881836,7.000951290130615,361200
2018-03-01,7.519999980926514,7.599999904632568,7.239999771118164,7.360000133514404,6.861118316650391,419200
2018-03-02,7.340000152587891,7.519999980926514,7.079999923706055,7.510000228881836,7.000951290130615,463300
2018-03-05,7.5,7.639999866485596,7.489999771118164,7.510000228881836,7.000951290130615,181400
2018-03-06,7.650000095367432,7.71999979019165,7.480000019073486,7.519999980926514,7.010272979736328,331000
2018-03-07,7.269999980926514,7.329999923706055,7.079999923706055,7.179999828338623,6.693319320678711,245200
2018-03-08,7.039999961853027,7.119999885559082,6.760000228881836,7.050000190734863,6.572131156921387,621900
2018-03-09,7.21999979019165,7.309999942779541,7.139999866485596,7.269999980926514,6.777218818664551,215400
2018-03-12,7.360000133514404,7.559999942779541,7.300000190734863,7.550000190734863,7.038239479064941,398800
2018-03-13,7.53000020980835,7.590000152587891,7.389999866485596,7.449999809265137,6.945018291473389,237700
2018-03-14,7.25,7.25,6.880000114440918,6.980000019073486,6.506875991821289,279500
2018-03-15,6.980000019073486,7.010000228881836,6.840000152587891,6.880000114440918,6.413654327392578,215500
2018-03-16,6.849999904632568,6.940000057220459,6.75,6.940000057220459,6.4695868492126465,179900
2018-03-19,6.699999809265137,6.769999980926514,6.53000020980835,6.71999979019165,6.264499664306641,851200
2018-03-20,6.78000020980835,6.849999904632568,6.639999866485596,6.710000038146973,6.2551774978637695,636500
2018-03-21,6.599999904632568,6.739999771118164,6.550000190734863,6.630000114440918,6.180600166320801,1421000
2018-03-22,6.420000076293945,6.659999847412109,6.420000076293945,6.480000019073486,6.040767192840576,596100
2018-03-23,6.53000020980835,6.559999942779541,6.369999885559082,6.429999828338623,5.9941558837890625,492300
2018-03-26,6.550000190734863,6.860000133514404,6.510000228881836,6.809999942779541,6.348398685455322,262400
2018-03-27,6.809999942779541,6.840000152587891,6.590000152587891,6.639999866485596,6.189921855926514,130100
2018-03-28,6.480000019073486,6.539999961853027,6.230000019073486,6.309999942779541,5.882290363311768,266800
2018-03-29,6.329999923706055,6.519999980926514,6.269999980926514,6.349999904632568,5.919578552246094,639000
2018-04-02,6.329999923706055,6.369999885559082,6.179999828338623,6.329999923706055,5.900935173034668,260200
2018-04-03,6.340000152587891,6.550000190734863,6.289999961853027,6.329999923706055,5.900935173034668,307300
2018-04-04,6.260000228881836,6.460000038146973,6.190000057220459,6.429999828338623,5.9941558837890625,392700
2018-04-05,6.670000076293945,6.739999771118164,6.599999904632568,6.679999828338623,6.227210521697998,202700
2018-04-06,6.53000020980835,6.539999961853027,5.96999979019165,6.099999904632568,5.686524391174316,1123200
2018-04-09,6.099999904632568,6.130000114440918,5.389999866485596,5.440000057220459,5.071261405944824,1986000
2018-04-10,5.480000019073486,5.659999847412109,5.329999923706055,5.630000114440918,5.248383045196533,312500
2018-04-11,5.550000190734863,5.599999904632568,5.480000019073486,5.510000228881836,5.136516571044922,1656200
2018-04-12,5.769999980926514,5.820000171661377,5.590000152587891,5.670000076293945,5.285671234130859,641800
2018-04-13,5.590000152587891,5.75,5.519999980926514,5.639999866485596,5.257704734802246,1473900
2018-04-16,5.630000114440918,5.630000114440918,5.389999866485596,5.510000228881836,5.136516571044922,473000
2018-04-17,5.559999942779541,5.570000171661377,5.409999847412109,5.480000019073486,5.10854959487915,775000
2018-04-18,5.610000133514404,5.760000228881836,5.590000152587891,5.630000114440918,5.248383045196533,844700
2018-04-19,5.570000171661377,5.670000076293945,5.480000019073486,5.659999847412109,5.276349067687988,261700
2018-04-20,5.590000152587891,5.590000152587891,5.320000171661377,5.329999923706055,4.968717575073242,429100
2018-04-23,5.260000228881836,5.340000152587891,5.210000038146973,5.260000228881836,4.903462886810303,455400
2018-04-24,5.289999961853027,5.380000114440918,5.159999847412109,5.190000057220459,4.838207244873047,348300
2018-04-25,5.110000133514404,5.239999771118164,4.989999771118164,5.210000038146973,4.856851577758789,1028900
2018-04-26,5.269999980926514,5.360000133514404,5.190000057220459,5.340000152587891,4.978039741516113,263400
2018-04-27,5.510000228881836,5.639999866485596,5.489999771118164,5.610000133514404,5.229738235473633,361500
2018-04-30,5.650000095367432,5.679999828338623,5.480000019073486,5.510000228881836,5.136516571044922,261600
2018-05-01,5.429999828338623,5.46999979019165,5.329999923706055,5.440000057220459,5.071261405944824,168800
2018-05-02,5.440000057220459,5.75,5.389999866485596,5.710000038146973,5.322960376739502,448700
2018-05-03,5.820000171661377,5.820000171661377,5.590000152587891,5.610000133514404,5.229738235473633,246500
2018-05-04,5.639999866485596,5.739999771118164,5.559999942779541,5.679999828338623,5.294993877410889,698600
2018-05-07,5.599999904632568,5.599999904632568,5.139999866485596,5.170000076293945,4.819562911987305,583300
2018-05-08,5.170000076293945,5.179999828338623,4.96999979019165,5.119999885559082,4.772952079772949,373700
2018-05-09,5.070000171661377,5.21999979019165,5.019999980926514,5.170000076293945,4.819562911987305,232400
2018-05-10,5.340000152587891,5.460000038146973,5.309999942779541,5.429999828338623,5.061939716339111,405400
2018-05-11,5.440000057220459,5.480000019073486,5.150000095367432,5.239999771118164,4.884818077087402,231200
2018-05-14,5.239999771118164,5.289999961853027,5.039999961853027,5.099999904632568,4.754307270050049,229100
2018-05-15,5.0,5.199999809265137,4.889999866485596,5.179999828338623,4.828884601593018,408700
2018-05-16,5.130000114440918,5.21999979019165,4.960000038146973,5.090000152587891,4.744985103607178,269100
2018-05-17,5.28000020980835,5.360000133514404,5.110000133514404,5.170000076293945,4.819562911987305,366900
2018-05-18,5.019999980926514,5.090000152587891,4.900000095367432,4.989999771118164,4.651763439178467,775300
2018-05-21,5.090000152587891,5.119999885559082,4.849999904632568,4.949999809265137,4.614474773406982,879500
2018-05-22,4.909999847412109,5.050000190734863,4.789999961853027,5.010000228881836,4.670408248901367,989300
2018-05-23,4.900000095367432,4.900000095367432,4.389999866485596,4.429999828338623,4.1297221183776855,2745400
2018-05-24,4.199999809265137,4.309999942779541,4.159999847412109,4.239999771118164,3.9526007175445557,1122300
2018-05-25,4.25,4.269999980926514,4.139999866485596,4.159999847412109,3.878023386001587,1004500
2018-05-29,3.9100000858306885,3.990000009536743,3.7899999618530273,3.859999895095825,3.598358154296875,1014100
2018-05-30,3.890000104904175,3.9700000286102295,3.8299999237060547,3.9200000762939453,3.6542913913726807,718400
2018-05-31,3.9000000953674316,4.070000171661377,3.7699999809265137,3.950000047683716,3.682257890701294,295400
2018-06-01,4.019999980926514,4.110000133514404,3.8399999141693115,4.070000171661377,3.794123888015747,860700
2018-06-04,4.079999923706055,4.409999847412109,4.03000020980835,4.360000133514404,4.06446647644043,609700
2018-06-05,4.150000095367432,4.150000095367432,4.0,4.0,3.7288687229156494,759400
2018-06-06,3.9600000381469727,4.070000171661377,3.7699999809265137,3.799999952316284,3.5424251556396484,750200
2018-06-07,3.680000066757202,3.680000066757202,3.3499999046325684,3.490000009536743,3.2534379959106445,1273200
2018-06-08,3.549999952316284,3.6600000858306885,3.3499999046325684,3.4800000190734863,3.2441158294677734,1496300
2018-06-11,3.5199999809265137,3.7200000286102295,3.5,3.6500000953674316,3.402592658996582,778800
2018-06-12,3.7200000286102295,3.7899999618530273,3.640000104904175,3.759999990463257,3.505136489868164,352800
2018-06-13,3.799999952316284,3.9200000762939453,3.7799999713897705,3.9000000953674316,3.6356470584869385,788200
2018-06-14,3.9800000190734863,3.990000009536743,3.75,3.75,3.495814323425293,313800
2018-06-15,3.7899999618530273,3.859999895095825,3.5399999618530273,3.5399999618530273,3.300048589706421,414000
2018-06-18,3.5,3.609999895095825,3.4100000858306885,3.5,3.2627601623535156,285700
2018-06-19,3.4800000190734863,3.7899999618530273,3.4600000381469727,3.640000104904175,3.39327073097229,476500
2018-06-20,3.690000057220459,3.690000057220459,3.5299999713897705,3.5999999046325684,3.3559818267822266,227200
2018-06-21,3.569999933242798,3.569999933242798,3.380000114440918,3.380000114440918,3.1508941650390625,643600
2018-06-22,3.4100000858306885,3.509999990463257,3.369999885559082,3.430000066757202,3.197504997253418,343000
2018-06-25,3.5,3.5799999237060547,3.380000114440918,3.440000057220459,3.206827163696289,201700
2018-06-26,3.440000057220459,3.4700000286102295,3.309999942779541,3.359999895095825,3.1322498321533203,650800
2018-06-27,3.3499999046325684,3.369999885559082,3.140000104904175,3.1600000858306885,2.9458062648773193,433600
2018-06-28,3.240000009536743,3.3399999141693115,3.1700000762939453,3.2300000190734863,3.011061429977417,228600
2018-06-29,3.2300000190734863,3.309999942779541,3.190000057220459,3.2100000381469727,2.992417335510254,210800
2018-07-02,3.240000009536743,3.4200000762939453,3.1500000953674316,3.4100000858306885,3.178860664367676,115000
2018-07-03,3.4100000858306885,3.5299999713897705,3.309999942779541,3.5299999713897705,3.290726661682129,134900
2018-07-05,4.03000020980835,4.130000114440918,3.7300000190734863,3.75,3.495814323425293,864700
2018-07-06,3.6600000858306885,3.8299999237060547,3.630000114440918,3.799999952316284,3.5424251556396484,325500
2018-07-09,3.799999952316284,3.9000000953674316,3.75,3.869999885559082,3.607680320739746,202300
2018-07-10,3.799999952316284,3.8399999141693115,3.7100000381469727,3.7899999618530273,3.5331029891967773,246400
2018-07-11,3.7300000190734863,4.050000190734863,3.7300000190734863,3.759999990463257,3.505136489868164,432700
2018-07-12,3.8299999237060547,3.869999885559082,3.7799999713897705,3.809999942779541,3.5517475605010986,264100
2018-07-13,3.7100000381469727,3.8399999141693115,3.680000066757202,3.8399999141693115,3.579713821411133,172200
2018-07-16,3.9600000381469727,4.059999942779541,3.869999885559082,3.9200000762939453,3.6542913913726807,237800
2018-07-17,3.9000000953674316,4.03000020980835,3.890000104904175,3.990000009536743,3.7195465564727783,186600
2018-07-18,4.28000020980835,4.309999942779541,4.139999866485596,4.239999771118164,3.9526007175445557,578100
2018-07-19,4.170000076293945,4.329999923706055,4.130000114440918,4.300000190734863,4.008533954620361,318200
2018-07-20,4.539999961853027,4.75,4.519999980926514,4.619999885559082,4.306843280792236,1034500
2018-07-23,4.639999866485596,4.670000076293945,4.510000228881836,4.519999980926514,4.213621616363525,224100
2018-07-24,4.659999847412109,4.690000057220459,4.570000171661377,4.619999885559082,4.306843280792236,277300
2018-07-25,4.679999828338623,4.860000133514404,4.639999866485596,4.829999923706055,4.5026092529296875,529400
2018-07-26,4.699999809265137,4.71999979019165,4.420000076293945,4.420000076293945,4.1203999519348145,237500
2018-07-27,4.590000152587891,4.610000133514404,4.429999828338623,4.489999771118164,4.185654640197754,562300
2018-07-30,4.489999771118164,4.489999771118164,4.389999866485596,4.420000076293945,4.1203999519348145,149100
2018-07-31,4.489999771118164,4.619999885559082,4.409999847412109,4.579999923706055,4.269554138183594,190000
2018-08-01,4.570000171661377,4.639999866485596,4.539999961853027,4.579999923706055,4.269554138183594,215100
2018-08-02,4.550000190734863,4.599999904632568,4.5,4.53000020980835,4.222944259643555,94300
2018-08-03,4.610000133514404,4.829999923706055,4.53000020980835,4.769999980926514,4.446675777435303,447400
2018-08-06,4.78000020980835,4.78000020980835,4.579999923706055,4.599999904632568,4.288198947906494,77200
2018-08-07,4.570000171661377,4.599999904632568,4.28000020980835,4.300000190734863,4.008533954620361,193600
2018-08-08,4.320000171661377,4.489999771118164,4.25,4.329999923706055,4.036499977111816,557500
2018-08-09,4.320000171661377,4.360000133514404,4.21999979019165,4.260000228881836,3.971245765686035,110200
2018-08-10,4.050000190734863,4.099999904632568,3.950000047683716,4.0,3.7288687229156494,284200
2018-08-13,3.799999952316284,3.940000057220459,3.759999990463257,3.9200000762939453,3.6542913913726807,170300
2018-08-14,3.9700000286102295,4.050000190734863,3.9000000953674316,3.9600000381469727,3.691580057144165,131600
2018-08-15,4.019999980926514,4.039999961853027,3.880000114440918,3.9600000381469727,3.691580057144165,84200
2018-08-16,4.119999885559082,4.380000114440918,4.110000133514404,4.239999771118164,3.9526007175445557,263400
2018-08-17,4.21999979019165,4.21999979019165,3.990000009536743,4.159999847412109,3.878023386001587,80400
2018-08-20,4.170000076293945,4.190000057220459,4.0,4.070000171661377,3.794123888015747,65300
2018-08-21,4.03000020980835,4.039999961853027,3.7300000190734863,3.75,3.495814323425293,665600
2018-08-22,3.7200000286102295,3.9000000953674316,3.700000047683716,3.880000114440918,3.6170027256011963,510100
2018-08-23,3.9100000858306885,3.9200000762939453,3.700000047683716,3.7300000190734863,3.477169990539551,425000
2018-08-24,3.7300000190734863,3.759999990463257,3.549999952316284,3.640000104904175,3.39327073097229,304100
2018-08-27,3.690000057220459,3.9200000762939453,3.6700000762939453,3.9000000953674316,3.6356470584869385,173500
2018-08-28,3.9200000762939453,3.950000047683716,3.759999990463257,3.819999933242798,3.5610694885253906,105000
2018-08-29,3.9000000953674316,4.150000095367432,3.9000000953674316,4.130000114440918,3.8500571250915527,418700
2018-08-30,4.130000114440918,4.150000095367432,3.859999895095825,3.890000104904175,3.6263248920440674,169600
2018-08-31,3.880000114440918,4.010000228881836,3.8499999046325684,3.950000047683716,3.682257890701294,64700
2018-09-04,3.7699999809265137,3.7699999809265137,3.640000104904175,3.640000104904175,3.39327073097229,258700
2018-09-05,3.5999999046325684,3.799999952316284,3.5799999237060547,3.759999990463257,3.505136489868164,320900
2018-09-06,3.799999952316284,3.9800000190734863,3.7699999809265137,3.9600000381469727,3.691580057144165,551800
2018-09-07,4.0,4.110000133514404,3.930000066757202,3.990000009536743,3.7195465564727783,196100
2018-09-10,4.059999942779541,4.090000152587891,3.8399999141693115,3.950000047683716,3.682257890701294,489600
2018-09-11,3.8299999237060547,3.869999885559082,3.609999895095825,3.640000104904175,3.39327073097229,408500
2018-09-12,3.809999942779541,3.8299999237060547,3.740000009536743,3.7699999809265137,3.514458656311035,156300
2018-09-13,3.700000047683716,3.75,3.619999885559082,3.700000047683716,3.4492037296295166,247400
2018-09-14,3.740000009536743,3.7699999809265137,3.509999990463257,3.569999933242798,3.3280153274536133,482400
2018-09-17,3.5999999046325684,3.799999952316284,3.5899999141693115,3.7699999809265137,3.514458656311035,133800
2018-09-18,3.680000066757202,3.9200000762939453,3.680000066757202,3.9100000858306885,3.6449692249298096,256500
2018-09-19,3.819999933242798,3.9000000953674316,3.7300000190734863,3.759999990463257,3.505136489868164,355600
2018-09-20,3.7899999618530273,3.8499999046325684,3.7100000381469727,3.8499999046325684,3.589036226272583,491900
2018-09-21,3.8399999141693115,4.019999980926514,3.8399999141693115,3.930000066757202,3.6636135578155518,341100
2018-09-24,4.010000228881836,4.03000020980835,3.819999933242798,3.8299999237060547,3.570391893386841,838500
2018-09-25,3.759999990463257,3.8499999046325684,3.7300000190734863,3.8299999237060547,3.570391893386841,91500
2018-09-26,3.890000104904175,3.9700000286102295,3.8299999237060547,3.8399999141693115,3.579713821411133,153300
2018-09-27,3.9100000858306885,4.139999866485596,3.9000000953674316,4.039999961853027,3.766157388687134,552600
2018-09-28,3.990000009536743,4.090000152587891,3.8499999046325684,3.890000104904175,3.6263248920440674,196600
2018-10-01,3.930000066757202,3.930000066757202,3.7300000190734863,3.7699999809265137,3.514458656311035,291400
2018-10-02,4.019999980926514,4.21999979019165,4.019999980926514,4.199999809265137,3.915311813354492,966700
2018-10-03,4.710000038146973,4.789999961853027,4.400000095367432,4.53000020980835,4.222944259643555,1992000
2018-10-04,4.420000076293945,4.78000020980835,4.300000190734863,4.710000038146973,4.390742778778076,460200
2018-10-05,4.900000095367432,4.949999809265137,4.690000057220459,4.860000133514404,4.530575752258301,777700
2018-10-08,5.650000095367432,5.869999885559082,5.360000133514404,5.860000133514404,5.462792873382568,3024300
2018-10-09,5.769999980926514,6.239999771118164,5.730000019073486,6.139999866485596,5.723813533782959,1595200
2018-10-10,5.449999809265137,5.679999828338623,5.110000133514404,5.559999942779541,5.183127403259277,2312000
2018-10-11,5.619999885559082,5.639999866485596,5.25,5.260000228881836,4.903462886810303,616900
2018-10-12,5.380000114440918,5.550000190734863,5.019999980926514,5.420000076293945,5.052617073059082,255000
2018-10-15,5.429999828338623,5.739999771118164,5.360000133514404,5.619999885559082,5.239060401916504,626900
2018-10-16,5.929999828338623,5.929999828338623,5.630000114440918,5.860000133514404,5.462792873382568,1057700
2018-10-17,5.440000057220459,5.980000019073486,5.070000171661377,5.690000057220459,5.30431604385376,1558300
2018-10-18,5.650000095367432,5.710000038146973,5.519999980926514,5.570000171661377,5.192450046539307,632500
2018-10-19,5.659999847412109,5.940000057220459,5.610000133514404,5.889999866485596,5.490758895874023,706300
2018-10-22,6.159999847412109,6.190000057220459,5.96999979019165,6.130000114440918,5.714491367340088,657000
2018-10-23,6.050000190734863,6.199999809265137,5.929999828338623,5.989999771118164,5.583981037139893,1036000
2018-10-24,6.070000171661377,6.070000171661377,5.619999885559082,5.619999885559082,5.239060401916504,619700
2018-10-25,5.769999980926514,6.039999961853027,5.710000038146973,5.889999866485596,5.490758895874023,809800
2018-10-26,6.099999904632568,6.489999771118164,6.0,6.440000057220459,6.00347900390625,2940200
2018-10-29,6.619999885559082,6.639999866485596,5.699999809265137,5.900000095367432,5.500081539154053,1203100
2018-10-30,6.050000190734863,6.239999771118164,5.960000038146973,6.21999979019165,5.798390865325928,627400
2018-10-31,6.210000038146973,6.28000020980835,6.010000228881836,6.230000019073486,5.807713031768799,384200
2018-11-01,6.320000171661377,6.510000228881836,6.230000019073486,6.429999828338623,5.9941558837890625,478800
2018-11-02,6.46999979019165,6.789999961853027,6.460000038146973,6.619999885559082,6.1712775230407715,403400
2018-11-05,6.409999847412109,6.559999942779541,6.400000095367432,6.519999980926514,6.0780558586120605,496600
2018-11-06,6.460000038146973,6.510000228881836,6.269999980926514,6.329999923706055,5.900935173034668,637800
2018-11-07,6.360000133514404,6.360000133514404,6.039999961853027,6.159999847412109,5.742457866668701,799300
2018-11-08,6.150000095367432,6.199999809265137,5.889999866485596,5.949999809265137,5.54669189453125,547000
2018-11-09,6.059999942779541,6.320000171661377,6.019999980926514,6.28000020980835,5.8543243408203125,377400
2018-11-12,6.329999923706055,6.369999885559082,6.179999828338623,6.300000190734863,5.872968673706055,221500
2018-11-13,6.179999828338623,6.230000019073486,5.940000057220459,6.010000228881836,5.602625370025635,185300
2018-11-14,6.019999980926514,6.059999942779541,5.820000171661377,6.0,5.5933027267456055,352900
2018-11-15,6.0,6.329999923706055,6.0,6.199999809265137,5.7797465324401855,239000
2018-11-16,6.369999885559082,6.639999866485596,6.360000133514404,6.550000190734863,6.106022834777832,484400
2018-11-19,6.679999828338623,6.679999828338623,6.409999847412109,6.480000019073486,6.040767192840576,335200
2018-11-20,6.230000019073486,6.389999866485596,6.190000057220459,6.230000019073486,5.807713031768799,264100
2018-11-21,6.449999809265137,6.46999979019165,6.329999923706055,6.389999866485596,5.956867694854736,122000
2018-11-23,6.440000057220459,6.46999979019165,6.21999979019165,6.369999885559082,5.938223361968994,348700
2018-11-26,6.389999866485596,6.460000038146973,6.159999847412109,6.230000019073486,5.807713031768799,183500
2018-11-27,6.360000133514404,6.739999771118164,6.320000171661377,6.639999866485596,6.189921855926514,318200
2018-11-28,6.699999809265137,6.739999771118164,6.489999771118164,6.690000057220459,6.236533164978027,378700
2018-11-29,6.670000076293945,6.679999828338623,6.550000190734863,6.630000114440918,6.180600166320801,261900
2018-11-30,6.400000095367432,6.460000038146973,6.260000228881836,6.329999923706055,5.900935173034668,624800
2018-12-03,6.550000190734863,6.559999942779541,6.349999904632568,6.420000076293945,5.984834671020508,317000
2018-12-04,6.510000228881836,6.599999904632568,6.25,6.320000171661377,5.891612529754639,530600
2018-12-06,6.070000171661377,6.420000076293945,6.070000171661377,6.409999847412109,5.975512504577637,293000
2018-12-07,6.579999923706055,6.670000076293945,6.329999923706055,6.420000076293945,5.984834671020508,4014400
2018-12-10,6.360000133514404,6.440000057220459,6.25,6.329999923706055,5.900935173034668,281400
2018-12-11,6.579999923706055,6.650000095367432,6.5,6.539999961853027,6.096700191497803,541200
2018-12-12,6.730000019073486,6.78000020980835,6.489999771118164,6.570000171661377,6.124666690826416,273400
2018-12-13,6.460000038146973,6.480000019073486,6.349999904632568,6.440000057220459,6.00347900390625,305900
2018-12-14,6.349999904632568,6.440000057220459,6.170000076293945,6.269999980926514,5.845001697540283,257200
2018-12-17,6.190000057220459,6.269999980926514,6.059999942779541,6.099999904632568,5.686524391174316,244400
2018-12-18,6.230000019073486,6.329999923706055,6.179999828338623,6.269999980926514,5.845001697540283,212900
2018-12-19,6.059999942779541,6.260000228881836,5.940000057220459,6.0,5.5933027267456055,395500
2018-12-20,6.119999885559082,6.119999885559082,5.820000171661377,5.869999885559082,5.472114562988281,1932000
2018-12-21,5.730000019073486,5.860000133514404,5.670000076293945,5.670000076293945,5.285671234130859,320700
2018-12-24,5.659999847412109,5.829999923706055,5.619999885559082,5.659999847412109,5.276349067687988,98600
2018-12-26,5.559999942779541,5.789999961853027,5.559999942779541,5.75,5.360248565673828,317400
2018-12-27,5.889999866485596,6.179999828338623,5.880000114440918,6.159999847412109,5.742457866668701,243300
2018-12-28,6.239999771118164,6.400000095367432,6.210000038146973,6.400000095367432,5.966189861297607,560200
2018-12-31,6.380000114440918,6.380000114440918,6.260000228881836,6.349999904632568,5.919578552246094,226800
2019-01-02,6.849999904632568,7.710000038146973,6.829999923706055,7.550000190734863,7.038239479064941,1102800
2019-01-03,8.170000076293945,8.25,7.909999847412109,8.220000267028809,7.662825584411621,1337500
2019-01-04,8.170000076293945,8.3100004196167,8.079999923706055,8.270000457763672,7.709436416625977,1106800
2019-01-07,8.020000457763672,8.039999961853027,7.659999847412109,7.659999847412109,7.140783786773682,763500
2019-01-08,7.800000190734863,8.270000457763672,7.800000190734863,8.25,7.690791606903076,1618700
2019-01-09,8.180000305175781,8.34000015258789,8.109999656677246,8.199999809265137,7.6441802978515625,350300
2019-01-10,8.289999961853027,8.430000305175781,8.130000114440918,8.380000114440918,7.811980247497559,854400
2019-01-11,8.329999923706055,8.449999809265137,8.279999732971191,8.359999656677246,7.793335437774658,321300
2019-01-14,8.300000190734863,8.449999809265137,8.279999732971191,8.4399995803833,7.867912292480469,899000
2019-01-15,8.319999694824219,8.350000381469727,8.069999694824219,8.130000114440918,7.578926086425781,898900
2019-01-16,8.039999961853027,8.239999771118164,8.010000228881836,8.180000305175781,7.625537395477295,321500
2019-01-17,8.350000381469727,8.4399995803833,8.220000267028809,8.229999542236328,7.672146320343018,261300
2019-01-18,8.720000267028809,8.770000457763672,8.550000190734863,8.59000015258789,8.007745742797852,698700
2019-01-22,8.699999809265137,8.770000457763672,8.390000343322754,8.479999542236328,7.905201435089111,574700
2019-01-23,8.649999618530273,8.899999618530273,8.630000114440918,8.859999656677246,8.259444236755371,597100
2019-01-24,8.880000114440918,9.010000228881836,8.850000381469727,8.989999771118164,8.380632400512695,853800
2019-01-25,9.020000457763672,9.100000381469727,8.720000267028809,9.039999961853027,8.42724323272705,1106000
2019-01-28,8.890000343322754,9.180000305175781,8.890000343322754,9.100000381469727,8.483176231384277,752800
2019-01-29,10.020000457763672,10.220000267028809,9.600000381469727,9.619999885559082,8.967928886413574,1251900
2019-01-30,9.760000228881836,10.100000381469727,9.680000305175781,9.960000038146973,9.284883499145508,1009600
2019-01-31,10.399999618530273,10.460000038146973,10.109999656677246,10.1899995803833,9.499292373657227,1462600
2019-02-01,10.140000343322754,10.350000381469727,10.09000015258789,10.34000015258789,9.63912582397461,699700
2019-02-04,10.09000015258789,10.229999542236328,9.960000038146973,10.170000076293945,9.4806489944458,700900
2019-02-05,10.050000190734863,10.1899995803833,9.9399995803833,10.020000457763672,9.340816497802734,482000
2019-02-06,9.789999961853027,9.899999618530273,9.5600004196167,9.65999984741211,9.005218505859375,443100
2019-02-07,9.90999984741211,9.90999984741211,9.350000381469727,9.569999694824219,8.921318054199219,580300
2019-02-08,9.550000190734863,9.619999885559082,9.270000457763672,9.529999732971191,8.884029388427734,379100
2019-02-11,9.4399995803833,9.619999885559082,9.25,9.529999732971191,8.884029388427734,451000
2019-02-12,9.460000038146973,9.789999961853027,9.420000076293945,9.619999885559082,8.967928886413574,384400
2019-02-13,9.609999656677246,9.829999923706055,9.470000267028809,9.779999732971191,9.117083549499512,307100
2019-02-14,9.670000076293945,10.010000228881836,9.59000015258789,9.930000305175781,9.256916999816895,408100
2019-02-15,9.989999771118164,9.989999771118164,9.720000267028809,9.84000015258789,9.173016548156738,249100
2019-02-19,9.470000267028809,9.789999961853027,9.4399995803833,9.579999923706055,8.93064022064209,695400
2019-02-20,9.699999809265137,9.789999961853027,9.359999656677246,9.430000305175781,8.79080867767334,709500
2019-02-21,9.25,9.670000076293945,9.170000076293945,9.649999618530273,8.995896339416504,776000
2019-02-22,9.90999984741211,10.1899995803833,9.890000343322754,10.029999732971191,9.350137710571289,710900
2019-02-25,10.100000381469727,10.130000114440918,9.90999984741211,9.960000038146973,9.284883499145508,381300
2019-02-26,9.850000381469727,9.989999771118164,9.729999542236328,9.920000076293945,9.247594833374023,473600
2019-02-27,9.869999885559082,10.890000343322754,9.770000457763672,10.510000228881836,9.797603607177734,1082400
2019-02-28,10.149999618530273,10.220000267028809,9.640000343322754,9.779999732971191,9.117083549499512,838500
2019-03-01,9.670000076293945,9.739999771118164,9.319999694824219,9.430000305175781,8.79080867767334,753000
2019-03-04,9.430000305175781,9.510000228881836,9.289999961853027,9.420000076293945,8.781485557556152,260500
2019-03-05,9.699999809265137,9.699999809265137,9.199999809265137,9.5,8.856062889099121,401300
2019-03-06,9.4399995803833,9.609999656677246,9.0600004196167,9.130000114440918,8.51114273071289,348500
2019-03-07,8.989999771118164,8.989999771118164,8.539999961853027,8.609999656677246,8.026390075683594,733000
2019-03-08,8.600000381469727,8.869999885559082,8.569999694824219,8.850000381469727,8.2501220703125,994600
2019-03-11,9.039999961853027,9.359999656677246,8.989999771118164,9.25,8.623007774353027,704100
2019-03-12,9.1899995803833,9.3100004196167,9.119999885559082,9.220000267028809,8.59504222869873,271100
2019-03-13,9.130000114440918,9.430000305175781,9.050000190734863,9.260000228881836,8.632330894470215,385700
2019-03-14,9.300000190734863,9.300000190734863,9.079999923706055,9.149999618530273,8.529787063598633,198200
2019-03-15,9.229999542236328,9.579999923706055,9.210000038146973,9.579999923706055,8.93064022064209,545900
2019-03-18,9.539999961853027,9.699999809265137,9.489999771118164,9.609999656677246,8.958606719970703,315300
2019-03-19,9.65999984741211,9.859999656677246,9.5600004196167,9.670000076293945,9.01453971862793,549900
2019-03-20,9.640000343322754,9.789999961853027,9.470000267028809,9.600000381469727,8.949284553527832,432700
2019-03-21,9.800000190734863,9.850000381469727,9.130000114440918,9.40999984741211,8.772162437438965,779000
2019-03-22,8.9399995803833,9.109999656677246,8.649999618530273,8.699999809265137,8.110289573669434,598200
2019-03-25,8.760000228881836,9.130000114440918,8.75,8.979999542236328,8.371309280395508,515500
2019-03-26,9.210000038146973,9.470000267028809,9.180000305175781,9.359999656677246,8.725552558898926,514400
2019-03-27,9.0600004196167,9.100000381469727,8.430000305175781,8.460000038146973,7.886557102203369,639100
2019-03-28,8.880000114440918,9.199999809265137,8.800000190734863,9.119999885559082,8.501821517944336,760500
2019-03-29,9.25,9.569999694824219,9.15999984741211,9.359999656677246,8.725552558898926,1941200
2019-04-01,9.720000267028809,9.800000190734863,9.609999656677246,9.619999885559082,8.967928886413574,851500
2019-04-02,9.65999984741211,9.680000305175781,9.220000267028809,9.279999732971191,8.650975227355957,545000
2019-04-03,9.399999618530273,9.539999961853027,9.140000343322754,9.220000267028809,8.59504222869873,580800
2019-04-04,9.25,9.420000076293945,9.239999771118164,9.369999885559082,8.734875679016113,303000
2019-04-05,9.399999618530273,9.399999618530273,9.1899995803833,9.260000228881836,8.632330894470215,333000
2019-04-08,9.350000381469727,9.350000381469727,9.010000228881836,9.039999961853027,8.42724323272705,878000
2019-04-09,8.859999656677246,8.899999618530273,8.600000381469727,8.770000457763672,8.175545692443848,748600
2019-04-10,8.930000305175781,8.970000267028809,8.829999923706055,8.899999618530273,8.296732902526855,388100
2019-04-11,8.770000457763672,8.850000381469727,8.569999694824219,8.640000343322754,8.054356575012207,386600
2019-04-12,8.520000457763672,8.720000267028809,8.069999694824219,8.199999809265137,7.6441802978515625,1026900
2019-04-15,8.3100004196167,8.529999732971191,8.239999771118164,8.289999961853027,7.728080749511719,600600
2019-04-16,8.220000267028809,8.4399995803833,8.199999809265137,8.270000457763672,7.709436416625977,559000
2019-04-17,8.25,8.3100004196167,7.880000114440918,8.010000228881836,7.46705961227417,467500
2019-04-18,8.050000190734863,8.4399995803833,8.039999961853027,8.25,7.690791606903076,443000
2019-04-22,8.34000015258789,8.390000343322754,8.210000038146973,8.319999694824219,7.756046772003174,262000
2019-04-23,8.5,8.720000267028809,8.40999984741211,8.609999656677246,8.026390075683594,524900
2019-04-24,8.510000228881836,8.510000228881836,8.079999923706055,8.149999618530273,7.597569942474365,336700
2019-04-25,8.210000038146973,8.630000114440918,8.149999618530273,8.489999771118164,7.914524078369141,932300
2019-04-26,8.479999542236328,8.550000190734863,8.369999885559082,8.390000343322754,7.821302890777588,220400
2019-04-29,8.630000114440918,8.710000038146973,8.359999656677246,8.420000076293945,7.849268913269043,345700
2019-04-30,8.430000305175781,8.550000190734863,8.260000228881836,8.479999542236328,7.905201435089111,335800
2019-05-01,8.470000267028809,8.59000015258789,8.369999885559082,8.380000114440918,7.811980247497559,280800
2019-05-02,8.289999961853027,8.34000015258789,8.170000076293945,8.300000190734863,7.73740291595459,296300
2019-05-03,8.380000114440918,8.529999732971191,8.359999656677246,8.449999809265137,7.877234935760498,231700
2019-05-06,8.319999694824219,8.430000305175781,8.220000267028809,8.399999618530273,7.830623626708984,338100
2019-05-07,8.270000457763672,8.350000381469727,8.100000381469727,8.34000015258789,7.774691104888916,287900
2019-05-08,8.569999694824219,8.720000267028809,8.460000038146973,8.569999694824219,7.989100456237793,244100
2019-05-09,8.1899995803833,8.3100004196167,8.0600004196167,8.289999961853027,7.9184184074401855,609700
2019-05-10,8.1899995803833,8.239999771118164,7.940000057220459,8.079999923706055,7.717831134796143,363400
2019-05-13,7.809999942779541,7.840000152587891,7.550000190734863,7.550000190734863,7.211586952209473,243200
2019-05-14,7.849999904632568,8.069999694824219,7.800000190734863,8.010000228881836,7.650968551635742,231500
2019-05-15,7.789999961853027,8.050000190734863,7.739999771118164,7.909999847412109,7.555450916290283,306700
2019-05-16,7.75,7.769999980926514,7.599999904632568,7.679999828338623,7.335760116577148,365100
2019-05-17,7.519999980926514,7.730000019073486,7.409999847412109,7.46999979019165,7.1351728439331055,444600
2019-05-20,7.53000020980835,7.800000190734863,7.440000057220459,7.739999771118164,7.393070220947266,274500
2019-05-21,7.869999885559082,8.210000038146973,7.789999961853027,8.1899995803833,7.822900295257568,494000
2019-05-22,8.380000114440918,8.380000114440918,8.109999656677246,8.109999656677246,7.746486186981201,416500
2019-05-23,8.0600004196167,8.3100004196167,7.949999809265137,8.069999694824219,7.708279132843018,331300
2019-05-24,8.170000076293945,8.289999961853027,8.119999885559082,8.210000038146973,7.842004299163818,303300
2019-05-28,8.40999984741211,8.40999984741211,8.0600004196167,8.329999923706055,7.956625461578369,395600
2019-05-29,8.350000381469727,8.489999771118164,8.199999809265137,8.399999618530273,8.023487091064453,294300
2019-05-30,8.449999809265137,8.8100004196167,8.449999809265137,8.539999961853027,8.157212257385254,376900
2019-05-31,8.630000114440918,8.869999885559082,8.609999656677246,8.75,8.357799530029297,351700
2019-06-03,8.899999618530273,8.930000305175781,8.739999771118164,8.850000381469727,8.453317642211914,224600
2019-06-04,8.989999771118164,9.100000381469727,8.890000343322754,9.100000381469727,8.69211196899414,247000
2019-06-05,9.069999694824219,9.130000114440918,8.880000114440918,8.890000343322754,8.491524696350098,214500
2019-06-06,9.079999923706055,9.210000038146973,8.979999542236328,9.1899995803833,8.778077125549316,292800
2019-06-07,9.300000190734863,9.479999542236328,9.229999542236328,9.279999732971191,8.864044189453125,603000
2019-06-10,9.229999542236328,9.229999542236328,9.079999923706055,9.140000343322754,8.730319023132324,227100
2019-06-11,9.279999732971191,9.40999984741211,9.1899995803833,9.369999885559082,8.9500093460083,252900
2019-06-12,9.520000457763672,9.640000343322754,9.210000038146973,9.210000038146973,8.797181129455566,644200
2019-06-13,9.1899995803833,9.399999618530273,9.149999618530273,9.239999771118164,8.825836181640625,442600
2019-06-14,9.109999656677246,9.239999771118164,8.930000305175781,8.9399995803833,8.53928279876709,375500
2019-06-17,9.100000381469727,9.109999656677246,8.829999923706055,8.829999923706055,8.434213638305664,239400
2019-06-18,8.989999771118164,9.140000343322754,8.859999656677246,8.930000305175781,8.529732704162598,310300
2019-06-19,8.850000381469727,9.149999618530273,8.819999694824219,9.130000114440918,8.7207670211792,279700
2019-06-20,9.119999885559082,9.369999885559082,9.119999885559082,9.300000190734863,8.883147239685059,259700
2019-06-21,9.199999809265137,9.270000457763672,8.920000076293945,9.0,8.596593856811523,409100
2019-06-24,9.029999732971191,9.119999885559082,8.880000114440918,8.960000038146973,8.558387756347656,172200
2019-06-25,8.84000015258789,8.880000114440918,8.539999961853027,8.550000190734863,8.166765213012695,249700
2019-06-26,8.710000038146973,8.819999694824219,8.65999984741211,8.789999961853027,8.39600658416748,238600
2019-06-27,8.680000305175781,8.850000381469727,8.520000457763672,8.800000190734863,8.405559539794922,339900
2019-06-28,8.989999771118164,9.170000076293945,8.989999771118164,9.119999885559082,8.71121597290039,300400
2019-07-01,9.359999656677246,9.399999618530273,9.140000343322754,9.1899995803833,8.778077125549316,342000
2019-07-02,9.170000076293945,9.220000267028809,8.949999809265137,9.010000228881836,8.606145858764648,177900
2019-07-03,8.880000114440918,9.020000457763672,8.859999656677246,8.960000038146973,8.558387756347656,165000
2019-07-05,9.390000343322754,9.479999542236328,9.260000228881836,9.470000267028809,9.045527458190918,401400
2019-07-08,9.489999771118164,9.569999694824219,9.380000114440918,9.390000343322754,8.96911334991455,313600
2019-07-09,9.329999923706055,9.510000228881836,9.300000190734863,9.489999771118164,9.064630508422852,190200
2019-07-10,9.739999771118164,9.899999618530273,9.65999984741211,9.710000038146973,9.27476978302002,462400
2019-07-11,9.649999618530273,10.319999694824219,9.649999618530273,10.199999809265137,9.742806434631348,732700
2019-07-12,10.3100004196167,10.5,10.0600004196167,10.399999618530273,9.933841705322266,672900
2019-07-15,10.3100004196167,10.359999656677246,9.9399995803833,9.949999809265137,9.504012107849121,366900
2019-07-16,9.930000305175781,10.15999984741211,9.800000190734863,10.15999984741211,9.704599380493164,233200
2019-07-17,10.630000114440918,10.6899995803833,10.5,10.640000343322754,10.163084030151367,704900
2019-07-18,10.609999656677246,10.819999694824219,10.609999656677246,10.760000228881836,10.277706146240234,438500
2019-07-19,10.609999656677246,10.760000228881836,10.460000038146973,10.479999542236328,10.010255813598633,248300
2019-07-22,10.550000190734863,10.579999923706055,10.260000228881836,10.319999694824219,9.857427597045898,267500
2019-07-23,10.270000457763672,10.3100004196167,10.149999618530273,10.1899995803833,9.733254432678223,114700
2019-07-24,10.229999542236328,10.350000381469727,10.079999923706055,10.140000343322754,9.68549633026123,453100
2019-07-25,10.079999923706055,10.079999923706055,9.880000114440918,9.930000305175781,9.484909057617188,152100
2019-07-26,10.020000457763672,10.199999809265137,9.960000038146973,10.140000343322754,9.68549633026123,204100
2019-07-29,10.199999809265137,10.210000038146973,9.989999771118164,10.119999885559082,9.66639232635498,177100
2019-07-30,10.079999923706055,10.289999961853027,10.069999694824219,10.239999771118164,9.781013488769531,235200
2019-07-31,10.289999961853027,10.449999809265137,10.079999923706055,10.260000228881836,9.800117492675781,226000
2019-08-01,10.600000381469727,10.949999809265137,10.579999923706055,10.779999732971191,10.296809196472168,993500
2019-08-02,11.100000381469727,11.15999984741211,10.65999984741211,10.869999885559082,10.38277530670166,359000
2019-08-05,10.670000076293945,10.880000114440918,10.59000015258789,10.640000343322754,10.163084030151367,497000
2019-08-06,10.789999961853027,10.8100004196167,10.489999771118164,10.6899995803833,10.210843086242676,264100
2019-08-07,10.510000228881836,10.510000228881836,10.239999771118164,10.399999618530273,9.933841705322266,325100
2019-08-08,10.449999809265137,10.989999771118164,10.420000076293945,10.949999809265137,10.459189414978027,296400
2019-08-09,10.850000381469727,11.119999885559082,10.850000381469727,11.069999694824219,10.573810577392578,170700
2019-08-12,10.550000190734863,10.9399995803833,10.489999771118164,10.6899995803833,10.210843086242676,258600
2019-08-13,10.670000076293945,10.960000038146973,10.5600004196167,10.899999618530273,10.411430358886719,305800
2019-08-14,10.539999961853027,10.609999656677246,10.109999656677246,10.130000114440918,9.675944328308105,345400
2019-08-15,10.210000038146973,10.220000267028809,9.760000228881836,9.989999771118164,9.542219161987305,234200
2019-08-16,10.149999618530273,10.3100004196167,10.029999732971191,10.289999961853027,9.82877254486084,429900
2019-08-19,10.329999923706055,10.350000381469727,9.760000228881836,9.949999809265137,9.504012107849121,307800
2019-08-20,9.680000305175781,9.960000038146973,9.550000190734863,9.829999923706055,9.38939094543457,324300
2019-08-21,10.260000228881836,11.300000190734863,10.079999923706055,11.039999961853027,10.54515552520752,1816100
2019-08-22,10.899999618530273,11.579999923706055,10.890000343322754,11.470000267028809,10.955881118774414,1428600
2019-08-23,11.3100004196167,11.6899995803833,10.859999656677246,10.920000076293945,10.430534362792969,474600
2019-08-26,10.880000114440918,10.949999809265137,10.5,10.520000457763672,10.048463821411133,269600
2019-08-27,10.489999771118164,10.670000076293945,10.170000076293945,10.270000457763672,9.809669494628906,508700
2019-08-28,10.109999656677246,10.609999656677246,9.979999542236328,10.479999542236328,10.010255813598633,511300
2019-08-29,10.569999694824219,10.920000076293945,10.420000076293945,10.779999732971191,10.296809196472168,265700
2019-08-30,11.079999923706055,11.319999694824219,10.90999984741211,11.0600004196167,10.56425952911377,275200
2019-09-03,10.930000305175781,11.09000015258789,10.609999656677246,10.6899995803833,10.210843086242676,180500
2019-09-04,10.850000381469727,11.0600004196167,10.800000190734863,11.0,10.506948471069336,351300
2019-09-05,11.170000076293945,11.229999542236328,11.020000457763672,11.130000114440918,10.631121635437012,317200
2019-09-06,11.25,11.289999961853027,10.930000305175781,11.079999923706055,10.583362579345703,285800
2019-09-09,11.15999984741211,11.15999984741211,10.720000267028809,10.890000343322754,10.40187931060791,299100
2019-09-10,10.699999809265137,10.90999984741211,10.619999885559082,10.890000343322754,10.40187931060791,181800
2019-09-11,10.960000038146973,11.239999771118164,10.930000305175781,11.180000305175781,10.678879737854004,348800
2019-09-12,11.1899995803833,11.350000381469727,11.0,11.029999732971191,10.535603523254395,278400
2019-09-13,10.960000038146973,10.970000267028809,10.489999771118164,10.550000190734863,10.077118873596191,202900
2019-09-16,10.420000076293945,10.859999656677246,10.34000015258789,10.649999618530273,10.172636032104492,367500
2019-09-17,10.529999732971191,10.819999694824219,10.4399995803833,10.779999732971191,10.296809196472168,101400
2019-09-18,10.680000305175781,10.720000267028809,10.479999542236328,10.5600004196167,10.086670875549316,92400
2019-09-19,10.649999618530273,10.670000076293945,9.890000343322754,10.180000305175781,9.723703384399414,372700
2019-09-20,9.890000343322754,10.020000457763672,9.579999923706055,9.619999885559082,9.188803672790527,763100
2019-09-23,9.550000190734863,9.699999809265137,9.5,9.670000076293945,9.236562728881836,340900
2019-09-24,9.710000038146973,9.75,9.430000305175781,9.460000038146973,9.035975456237793,253600
2019-09-25,9.270000457763672,9.520000457763672,9.15999984741211,9.470000267028809,9.045527458190918,172000
2019-09-26,9.760000228881836,9.770000457763672,9.460000038146973,9.470000267028809,9.045527458190918,221100
2019-09-27,9.479999542236328,9.720000267028809,9.420000076293945,9.550000190734863,9.121941566467285,389500
2019-09-30,9.59000015258789,9.680000305175781,9.479999542236328,9.579999923706055,9.150596618652344,438200
2019-10-01,9.430000305175781,9.470000267028809,9.350000381469727,9.380000114440918,8.959561347961426,263300
2019-10-02,9.220000267028809,9.239999771118164,9.010000228881836,9.020000457763672,8.615697860717773,228500
2019-10-03,9.149999618530273,9.34000015258789,8.970000267028809,9.260000228881836,8.844940185546875,310300
2019-10-04,9.350000381469727,9.529999732971191,9.260000228881836,9.470000267028809,9.045527458190918,146700
2019-10-07,9.3100004196167,9.329999923706055,8.649999618530273,8.6899995803833,8.300488471984863,254000
2019-10-08,8.920000076293945,9.199999809265137,8.75,8.800000190734863,8.405559539794922,350200
2019-10-09,8.970000267028809,8.970000267028809,8.6899995803833,8.699999809265137,8.310040473937988,166200
2019-10-10,8.850000381469727,8.9399995803833,8.460000038146973,8.59000015258789,8.204971313476562,708200
2019-10-11,8.600000381469727,8.65999984741211,8.470000267028809,8.520000457763672,8.138110160827637,306700
2019-10-14,8.479999542236328,8.5,8.270000457763672,8.300000190734863,7.9279704093933105,127700
2019-10-15,8.399999618530273,8.460000038146973,8.220000267028809,8.34000015258789,7.966176986694336,171100
2019-10-16,8.25,8.770000457763672,8.229999542236328,8.729999542236328,8.338695526123047,361000
2019-10-17,8.640000343322754,8.729999542236328,8.600000381469727,8.619999885559082,8.233626365661621,208800
2019-10-18,8.84000015258789,9.270000457763672,8.779999732971191,9.119999885559082,8.71121597290039,442600
2019-10-21,9.210000038146973,9.300000190734863,9.149999618530273,9.220000267028809,8.806733131408691,267600
2019-10-22,9.199999809265137,9.449999809265137,9.100000381469727,9.149999618530273,8.73987102508545,114700
2019-10-23,9.15999984741211,9.300000190734863,8.949999809265137,9.220000267028809,8.806733131408691,246000
2019-10-24,9.279999732971191,9.319999694824219,9.119999885559082,9.199999809265137,8.787629127502441,189900
2019-10-25,9.170000076293945,9.300000190734863,9.149999618530273,9.279999732971191,8.864044189453125,88200
2019-10-28,9.3100004196167,9.539999961853027,9.15999984741211,9.489999771118164,9.064630508422852,193000
2019-10-29,9.430000305175781,9.5,9.300000190734863,9.369999885559082,8.9500093460083,128000
2019-10-30,9.3100004196167,9.6899995803833,9.220000267028809,9.65999984741211,9.227011680603027,201600
2019-10-31,9.59000015258789,9.90999984741211,9.510000228881836,9.8100004196167,9.370287895202637,317500
2019-11-01,10.069999694824219,10.289999961853027,9.800000190734863,9.949999809265137,9.504012107849121,375000
2019-11-04,9.979999542236328,10.010000228881836,9.880000114440918,9.9399995803833,9.494460105895996,123000
2019-11-05,9.970000267028809,10.130000114440918,9.880000114440918,10.0,9.55177116394043,537900
2019-11-06,9.729999542236328,10.0,9.630000114440918,9.84000015258789,9.398942947387695,270600
2019-11-07,9.819999694824219,9.930000305175781,9.720000267028809,9.75,9.312976837158203,116600
2019-11-08,9.5,9.59000015258789,9.069999694824219,9.119999885559082,8.71121597290039,618200
2019-11-11,9.100000381469727,9.25,9.09000015258789,9.1899995803833,8.778077125549316,403300
2019-11-12,9.25,9.260000228881836,8.770000457763672,8.899999618530273,8.501076698303223,491100
2019-11-13,8.640000343322754,8.779999732971191,8.489999771118164,8.619999885559082,8.233626365661621,1171000
2019-11-14,8.600000381469727,8.710000038146973,8.449999809265137,8.449999809265137,8.071247100830078,513300
2019-11-15,8.5600004196167,8.6899995803833,8.539999961853027,8.670000076293945,8.28138542175293,128000
2019-11-18,8.619999885559082,8.65999984741211,8.460000038146973,8.529999732971191,8.147660255432129,320400
2019-11-19,8.5,8.5,8.239999771118164,8.300000190734863,7.9279704093933105,242700
2019-11-20,8.289999961853027,8.350000381469727,8.220000267028809,8.3100004196167,7.937521934509277,114200
2019-11-21,8.34000015258789,8.40999984741211,8.25,8.359999656677246,7.985280513763428,179500
2019-11-22,8.430000305175781,8.479999542236328,8.329999923706055,8.40999984741211,8.033039093017578,334300
2019-11-25,8.3100004196167,8.359999656677246,8.229999542236328,8.260000228881836,7.889763355255127,237600
2019-11-26,8.119999885559082,8.130000114440918,8.010000228881836,8.0600004196167,7.698728084564209,380700
2019-11-27,8.100000381469727,8.140000343322754,7.980000019073486,8.119999885559082,7.756037712097168,501800
2019-11-29,8.1899995803833,8.229999542236328,8.149999618530273,8.220000267028809,7.851556301116943,162900
2019-12-02,8.279999732971191,8.359999656677246,8.229999542236328,8.329999923706055,7.956625461578369,189500
2019-12-03,8.359999656677246,8.470000267028809,8.34000015258789,8.369999885559082,7.9948320388793945,157900
2019-12-04,8.5,8.5,8.40999984741211,8.420000076293945,8.04259204864502,107200
2019-12-05,8.4399995803833,8.550000190734863,8.399999618530273,8.510000228881836,8.128557205200195,155200
2019-12-06,8.609999656677246,8.75,8.569999694824219,8.609999656677246,8.224075317382812,162500
2019-12-09,8.579999923706055,8.699999809265137,8.579999923706055,8.619999885559082,8.233626365661621,117200
2019-12-10,8.609999656677246,8.670000076293945,8.5600004196167,8.619999885559082,8.233626365661621,120700
2019-12-11,8.640000343322754,8.739999771118164,8.619999885559082,8.739999771118164,8.367990493774414,247000
2019-12-12,8.720000267028809,8.850000381469727,8.699999809265137,8.829999923706055,8.4541597366333,258300
2019-12-13,8.779999732971191,8.850000381469727,8.710000038146973,8.720000267028809,8.348841667175293,147400
2019-12-16,8.8100004196167,8.9399995803833,8.789999961853027,8.890000343322754,8.511606216430664,529800
2019-12-17,8.800000190734863,8.819999694824219,8.699999809265137,8.770000457763672,8.396714210510254,327000
2019-12-18,8.579999923706055,8.649999618530273,8.399999618530273,8.640000343322754,8.272247314453125,1091400
2019-12-19,8.600000381469727,8.8100004196167,8.5600004196167,8.739999771118164,8.367990493774414,985200
2019-12-20,8.75,8.770000457763672,8.630000114440918,8.649999618530273,8.281820297241211,793400
2019-12-23,8.930000305175781,9.279999732971191,8.90999984741211,9.279999732971191,8.885005950927734,817000
2019-12-24,9.300000190734863,9.34000015258789,9.199999809265137,9.34000015258789,8.942452430725098,96000
2019-12-26,9.229999542236328,9.34000015258789,9.180000305175781,9.34000015258789,8.942452430725098,163600
2019-12-27,9.210000038146973,9.260000228881836,9.140000343322754,9.239999771118164,8.846708297729492,318300
2019-12-30,9.34000015258789,9.359999656677246,9.279999732971191,9.34000015258789,8.942452430725098,175600
2019-12-31,9.329999923706055,9.350000381469727,9.279999732971191,9.319999694824219,8.92330265045166,59700
2020-01-02,9.260000228881836,9.449999809265137,9.199999809265137,9.449999809265137,9.047769546508789,278500
2020-01-03,9.199999809265137,9.300000190734863,9.15999984741211,9.170000076293945,8.779687881469727,148000
2020-01-06,9.09000015258789,9.359999656677246,9.079999923706055,9.15999984741211,8.770112991333008,480600
2020-01-07,9.109999656677246,9.520000457763672,9.109999656677246,9.5,9.09564208984375,421300
2020-01-08,9.380000114440918,9.710000038146973,9.329999923706055,9.619999885559082,9.21053409576416,301600
2020-01-09,9.609999656677246,9.649999618530273,9.520000457763672,9.520000457763672,9.114790916442871,241500
2020-01-10,9.640000343322754,9.859999656677246,9.600000381469727,9.699999809265137,9.287128448486328,461700
2020-01-13,9.729999542236328,9.770000457763672,9.59000015258789,9.59000015258789,9.181811332702637,188100
2020-01-14,9.670000076293945,9.670000076293945,9.1899995803833,9.550000190734863,9.143513679504395,415600
2020-01-15,9.4399995803833,9.470000267028809,9.289999961853027,9.289999961853027,8.894579887390137,215000
2020-01-16,9.489999771118164,9.640000343322754,9.420000076293945,9.640000343322754,9.229682922363281,854000
2020-01-17,9.640000343322754,9.720000267028809,9.619999885559082,9.619999885559082,9.21053409576416,264600
2020-01-21,9.460000038146973,9.460000038146973,9.279999732971191,9.279999732971191,8.885005950927734,235900
2020-01-22,9.930000305175781,10.100000381469727,9.800000190734863,9.920000076293945,9.497764587402344,682200
2020-01-23,9.789999961853027,9.949999809265137,9.619999885559082,9.850000381469727,9.430744171142578,626700
2020-01-24,9.859999656677246,9.930000305175781,9.699999809265137,9.710000038146973,9.296703338623047,238000
2020-01-27,9.239999771118164,9.300000190734863,9.010000228881836,9.180000305175781,8.789262771606445,834500
2020-01-28,9.329999923706055,9.649999618530273,9.300000190734863,9.609999656677246,9.200959205627441,331100
2020-01-29,9.640000343322754,9.640000343322754,9.350000381469727,9.489999771118164,9.086067199707031,397700
2020-01-30,9.289999961853027,9.34000015258789,9.020000457763672,9.329999923706055,8.932877540588379,586400
2020-01-31,9.0600004196167,9.199999809265137,9.020000457763672,9.109999656677246,8.722241401672363,278300
2020-02-03,9.130000114440918,9.199999809265137,8.949999809265137,9.109999656677246,8.722241401672363,1033200
2020-02-04,9.170000076293945,9.220000267028809,8.970000267028809,9.0,8.616923332214355,377700
2020-02-05,9.140000343322754,9.180000305175781,8.930000305175781,8.930000305175781,8.549903869628906,869900
2020-02-06,8.960000038146973,8.960000038146973,8.390000343322754,8.479999542236328,8.119056701660156,929800
2020-02-07,8.390000343322754,8.4399995803833,8.210000038146973,8.25,7.898846626281738,514000
2020-02-10,8.170000076293945,8.25,7.900000095367432,7.929999828338623,7.592466831207275,1020900
2020-02-11,7.960000038146973,8.119999885559082,7.949999809265137,8.020000457763672,7.6786370277404785,453400
2020-02-12,8.09000015258789,8.130000114440918,7.900000095367432,8.069999694824219,7.726508140563965,383800
2020-02-13,8.069999694824219,8.199999809265137,8.050000190734863,8.069999694824219,7.726508140563965,342200
2020-02-14,8.300000190734863,8.420000076293945,8.109999656677246,8.380000114440918,8.023313522338867,274200
2020-02-18,8.359999656677246,8.800000190734863,8.350000381469727,8.760000228881836,8.387139320373535,685600
2020-02-19,8.720000267028809,9.0,8.649999618530273,8.920000076293945,8.540328979492188,477800
2020-02-20,8.710000038146973,8.789999961853027,8.529999732971191,8.649999618530273,8.281820297241211,577300
2020-02-21,8.539999961853027,8.619999885559082,8.460000038146973,8.539999961853027,8.17650318145752,269100
2020-02-24,8.210000038146973,8.25,8.0,8.140000343322754,7.793529033660889,415900
2020-02-25,8.180000305175781,8.239999771118164,8.119999885559082,8.119999885559082,7.774379730224609,414500
2020-02-26,8.149999618530273,8.3100004196167,7.699999809265137,7.710000038146973,7.381831169128418,691500
2020-02-27,7.559999942779541,7.849999904632568,7.46999979019165,7.53000020980835,7.209493160247803,723500
2020-02-28,7.239999771118164,7.760000228881836,7.139999866485596,7.730000019073486,7.400979995727539,814000
2020-03-02,7.940000057220459,8.050000190734863,7.71999979019165,7.949999809265137,7.6116156578063965,584000
2020-03-03,7.909999847412109,8.170000076293945,7.619999885559082,7.699999809265137,7.372256755828857,600500
2020-03-04,7.869999885559082,7.989999771118164,7.690000057220459,7.960000038146973,7.621190547943115,759400
2020-03-05,7.739999771118164,7.840000152587891,7.440000057220459,7.570000171661377,7.247790336608887,395700
2020-03-06,7.150000095367432,7.309999942779541,6.849999904632568,7.019999980926514,6.721200466156006,639900
2020-03-09,6.119999885559082,6.320000171661377,5.699999809265137,5.699999809265137,5.4573845863342285,936200
2020-03-10,6.130000114440918,6.800000190734863,5.989999771118164,6.789999961853027,6.500990390777588,1096600
2020-03-11,6.769999980926514,6.900000095367432,5.760000228881836,6.21999979019165,5.955251693725586,1016800
2020-03-12,5.090000152587891,5.429999828338623,4.409999847412109,4.78000020980835,4.576544284820557,1454700
2020-03-13,5.949999809265137,5.980000019073486,5.110000133514404,5.840000152587891,5.591426372528076,1338100
2020-03-16,4.710000038146973,5.159999847412109,4.559999942779541,4.880000114440918,4.672287464141846,2090100
2020-03-17,4.949999809265137,5.110000133514404,4.639999866485596,5.039999961853027,4.825477123260498,1118300
2020-03-18,4.289999961853027,4.480000019073486,3.680000066757202,3.990000009536743,3.820169448852539,1310800
2020-03-19,3.690000057220459,3.9200000762939453,3.299999952316284,3.5299999713897705,3.379748821258545,2566400
2020-03-20,3.75,3.7899999618530273,3.2899999618530273,3.4800000190734863,3.3318772315979004,1485400
2020-03-23,3.359999895095825,3.359999895095825,2.9600000381469727,3.119999885559082,2.9872000217437744,1426400
2020-03-24,3.430000066757202,3.5799999237060547,3.259999990463257,3.559999942779541,3.4084720611572266,664200
2020-03-25,3.509999990463257,4.170000076293945,3.440000057220459,3.990000009536743,3.820169448852539,1677900
2020-03-26,4.110000133514404,4.400000095367432,4.110000133514404,4.400000095367432,4.212718486785889,1588600
2020-03-27,4.0,4.389999866485596,4.0,4.210000038146973,4.030805587768555,883800
2020-03-30,4.400000095367432,4.710000038146973,4.309999942779541,4.619999885559082,4.423354148864746,856000
2020-03-31,4.75,4.929999828338623,4.510000228881836,4.610000133514404,4.4137797355651855,750400
2020-04-01,4.300000190734863,4.460000038146973,4.170000076293945,4.289999961853027,4.107400417327881,712400
2020-04-02,4.400000095367432,4.53000020980835,4.21999979019165,4.360000133514404,4.1744208335876465,525700
2020-04-03,4.269999980926514,4.28000020980835,3.9000000953674316,4.130000114440918,3.9542107582092285,737200
2020-04-06,4.400000095367432,4.510000228881836,4.110000133514404,4.199999809265137,4.021230697631836,688100
2020-04-07,4.659999847412109,4.659999847412109,4.300000190734863,4.329999923706055,4.145697593688965,598200
2020-04-08,4.21999979019165,4.739999771118164,4.199999809265137,4.679999828338623,4.480800151824951,765400
2020-04-09,5.039999961853027,5.260000228881836,4.949999809265137,5.03000020980835,4.815903186798096,908400
2020-04-13,4.829999923706055,5.150000095367432,4.710000038146973,4.989999771118164,4.777605056762695,1226000
2020-04-14,5.309999942779541,5.5,5.269999980926514,5.369999885559082,5.141430854797363,992300
2020-04-15,5.139999866485596,5.300000190734863,5.059999942779541,5.070000171661377,4.85420036315918,921700
2020-04-16,5.170000076293945,5.179999828338623,4.920000076293945,4.960000038146973,4.748882293701172,386400
2020-04-17,5.090000152587891,5.119999885559082,4.900000095367432,4.96999979019165,4.758456707000732,585400
2020-04-20,4.690000057220459,5.03000020980835,4.610000133514404,4.840000152587891,4.633990287780762,947900
2020-04-21,4.710000038146973,4.829999923706055,4.480000019073486,4.559999942779541,4.365908145904541,1549000
2020-04-22,4.800000190734863,4.989999771118164,4.760000228881836,4.96999979019165,4.758456707000732,1174200
2020-04-23,4.900000095367432,4.900000095367432,4.369999885559082,4.539999961853027,4.34675931930542,707500
2020-04-24,4.21999979019165,4.230000019073486,3.640000104904175,3.9100000858306885,3.743574619293213,2700200
2020-04-27,4.099999904632568,4.150000095367432,3.880000114440918,3.9600000381469727,3.7914464473724365,1342600
2020-04-28,4.28000020980835,4.320000171661377,4.170000076293945,4.269999980926514,4.08825159072876,1250700
2020-04-29,4.360000133514404,4.690000057220459,4.329999923706055,4.670000076293945,4.471226215362549,1197300
2020-04-30,4.53000020980835,4.53000020980835,4.340000152587891,4.460000038146973,4.270164489746094,1357200
2020-05-01,4.28000020980835,4.300000190734863,4.199999809265137,4.210000038146973,4.030805587768555,520100
2020-05-04,4.210000038146973,4.210000038146973,3.9700000286102295,4.190000057220459,4.011656761169434,966200
2020-05-05,4.21999979019165,4.320000171661377,4.079999923706055,4.130000114440918,3.9542107582092285,778600
2020-05-06,4.059999942779541,4.070000171661377,3.890000104904175,3.990000009536743,3.820169448852539,786400
2020-05-07,3.9000000953674316,3.9100000858306885,3.680000066757202,3.7200000286102295,3.561661720275879,2479100
2020-05-08,3.799999952316284,3.9600000381469727,3.7899999618530273,3.950000047683716,3.781872034072876,1640600
2020-05-11,3.859999895095825,4.010000228881836,3.75,3.8299999237060547,3.6669797897338867,762800
2020-05-12,3.9000000953674316,3.950000047683716,3.619999885559082,3.630000114440918,3.4754927158355713,1069500
2020-05-13,3.6500000953674316,3.680000066757202,3.3499999046325684,3.549999952316284,3.398897647857666,1540500
2020-05-14,3.4700000286102295,3.9200000762939453,3.390000104904175,3.9100000858306885,3.743574619293213,901100
2020-05-15,3.9200000762939453,4.03000020980835,3.75,3.9100000858306885,3.743574619293213,1227000
2020-05-18,4.079999923706055,4.300000190734863,4.079999923706055,4.289999961853027,4.107400417327881,1187100
2020-05-19,4.230000019073486,4.309999942779541,4.139999866485596,4.139999866485596,3.963784694671631,506900
2020-05-20,4.28000020980835,4.349999904632568,4.150000095367432,4.190000057220459,4.011656761169434,528800
2020-05-21,4.320000171661377,4.429999828338623,4.199999809265137,4.320000171661377,4.1361236572265625,451400
2020-05-22,4.239999771118164,4.590000152587891,4.150000095367432,4.579999923706055,4.385056495666504,697300
2020-05-26,5.099999904632568,5.210000038146973,4.900000095367432,5.119999885559082,4.902071952819824,1215300
2020-05-27,5.269999980926514,5.619999885559082,5.21999979019165,5.480000019073486,5.246748924255371,1378700
2020-05-28,5.400000095367432,5.53000020980835,5.28000020980835,5.360000133514404,5.131856918334961,1169500
2020-05-29,5.380000114440918,5.400000095367432,5.139999866485596,5.360000133514404,5.131856918334961,739100
2020-06-01,5.340000152587891,5.570000171661377,5.320000171661377,5.46999979019165,5.2371745109558105,460000
2020-06-02,5.619999885559082,5.769999980926514,5.599999904632568,5.71999979019165,5.47653341293335,978300
2020-06-03,6.0,6.070000171661377,5.800000190734863,5.889999866485596,5.6392974853515625,856100
2020-06-04,5.820000171661377,5.880000114440918,5.690000057220459,5.800000190734863,5.553128719329834,491700
2020-06-05,6.099999904632568,6.230000019073486,5.989999771118164,6.019999980926514,5.763764381408691,620000
2020-06-08,6.099999904632568,6.53000020980835,6.090000152587891,6.5,6.223333835601807,795500
2020-06-09,6.230000019073486,6.599999904632568,6.139999866485596,6.460000038146973,6.1850361824035645,878000
2020-06-10,6.570000171661377,6.590000152587891,6.150000095367432,6.150000095367432,5.88823127746582,551500
2020-06-11,5.880000114440918,5.900000095367432,5.5,5.599999904632568,5.3616414070129395,401700
2020-06-12,5.840000152587891,6.0,5.679999828338623,5.980000019073486,5.725467205047607,508800
2020-06-15,5.599999904632568,5.920000076293945,5.53000020980835,5.670000076293945,5.428661823272705,495900
2020-06-16,5.929999828338623,5.949999809265137,5.519999980926514,5.590000152587891,5.352066993713379,632900
2020-06-17,5.96999979019165,6.190000057220459,5.869999885559082,6.050000190734863,5.792487621307373,1000900
2020-06-18,5.869999885559082,5.96999979019165,5.760000228881836,5.78000020980835,5.533979892730713,281500
2020-06-19,5.909999847412109,5.929999828338623,5.619999885559082,5.659999847412109,5.4190874099731445,419900
2020-06-22,5.880000114440918,6.050000190734863,5.820000171661377,5.880000114440918,5.62972354888916,371900
2020-06-23,6.050000190734863,6.050000190734863,5.860000133514404,5.889999866485596,5.6392974853515625,242400
2020-06-24,5.730000019073486,5.809999942779541,5.510000228881836,5.570000171661377,5.332918643951416,465000
2020-06-25,5.800000190734863,5.840000152587891,5.590000152587891,5.760000228881836,5.51483154296875,672500
2020-06-26,5.539999961853027,5.670000076293945,5.429999828338623,5.460000038146973,5.227600574493408,676800
2020-06-29,5.75,5.78000020980835,5.590000152587891,5.699999809265137,5.4573845863342285,321100
2020-06-30,5.690000057220459,5.860000133514404,5.619999885559082,5.670000076293945,5.428661823272705,1235300
2020-07-01,5.849999904632568,6.159999847412109,5.829999923706055,6.099999904632568,5.840359210968018,609300
2020-07-02,6.199999809265137,6.25,5.980000019073486,6.0,5.74461555480957,437100
2020-07-06,6.300000190734863,6.349999904632568,6.119999885559082,6.21999979019165,5.955251693725586,336800
2020-07-07,6.190000057220459,6.389999866485596,6.170000076293945,6.170000076293945,5.907380104064941,268300
2020-07-08,6.349999904632568,6.400000095367432,6.289999961853027,6.369999885559082,6.098866939544678,271600
2020-07-09,6.820000171661377,7.25,6.730000019073486,6.75,6.462692737579346,1020900
2020-07-10,6.590000152587891,6.949999809265137,6.579999923706055,6.75,6.462692737579346,418300
2020-07-13,6.659999847412109,6.739999771118164,6.440000057220459,6.440000057220459,6.165887832641602,346000
2020-07-14,6.380000114440918,6.539999961853027,6.340000152587891,6.449999809265137,6.175461769104004,396700
2020-07-15,6.550000190734863,6.710000038146973,6.489999771118164,6.619999885559082,6.338225841522217,541100
2020-07-16,6.579999923706055,6.659999847412109,6.519999980926514,6.519999980926514,6.242482662200928,164800
2020-07-17,6.820000171661377,7.539999961853027,6.760000228881836,7.46999979019165,7.1520466804504395,1324700
2020-07-20,7.5,7.5,7.300000190734863,7.380000114440918,7.065877437591553,326600
2020-07-21,7.5,7.5,7.28000020980835,7.289999961853027,6.979708194732666,389700
2020-07-22,7.5,7.71999979019165,7.46999979019165,7.599999904632568,7.27651309967041,714100
2020-07-23,7.559999942779541,7.599999904632568,7.25,7.25,6.941410541534424,315700
2020-07-24,7.210000038146973,7.389999866485596,7.110000133514404,7.269999980926514,6.960559368133545,206200
2020-07-27,7.389999866485596,7.590000152587891,7.21999979019165,7.539999961853027,7.219067096710205,405000
2020-07-28,7.449999809265137,7.639999866485596,7.449999809265137,7.519999980926514,7.199918270111084,329400
2020-07-29,7.5,7.710000038146973,7.400000095367432,7.599999904632568,7.27651309967041,455700
2020-07-30,7.650000095367432,7.699999809265137,7.539999961853027,7.679999828338623,7.353107929229736,283700
2020-07-31,7.53000020980835,7.53000020980835,7.300000190734863,7.360000133514404,7.046728610992432,225100
2020-08-03,7.289999961853027,7.369999885559082,7.230000019073486,7.360000133514404,7.046728610992432,224800
2020-08-04,7.21999979019165,7.380000114440918,7.059999942779541,7.190000057220459,6.883964538574219,418000
2020-08-05,7.460000038146973,7.550000190734863,7.130000114440918,7.170000076293945,6.864815711975098,693500
2020-08-06,7.190000057220459,7.650000095367432,7.130000114440918,7.400000095367432,7.085026264190674,784400
2020-08-07,6.960000038146973,7.019999980926514,6.800000190734863,6.909999847412109,6.909999847412109,388300
2020-08-10,6.880000114440918,6.929999828338623,6.769999980926514,6.809999942779541,6.809999942779541,484200
2020-08-11,6.869999885559082,6.880000114440918,6.710000038146973,6.75,6.75,441200
2020-08-12,6.53000020980835,6.579999923706055,6.320000171661377,6.46999979019165,6.46999979019165,722600
2020-08-13,6.659999847412109,6.760000228881836,6.070000171661377,6.190000057220459,6.190000057220459,869400
2020-08-14,6.190000057220459,6.320000171661377,6.059999942779541,6.28000020980835,6.28000020980835,669200
2020-08-17,6.25,6.289999961853027,5.699999809265137,5.829999923706055,5.829999923706055,1584000
2020-08-18,5.980000019073486,6.050000190734863,5.800000190734863,5.929999828338623,5.929999828338623,496800
2020-08-19,5.929999828338623,5.929999828338623,5.71999979019165,5.75,5.75,877300
2020-08-20,5.570000171661377,5.800000190734863,5.510000228881836,5.760000228881836,5.760000228881836,1026100
2020-08-21,5.860000133514404,6.289999961853027,5.860000133514404,6.079999923706055,6.079999923706055,923100
2020-08-24,6.300000190734863,6.690000057220459,6.159999847412109,6.619999885559082,6.619999885559082,1314500
2020-08-25,6.559999942779541,7.039999961853027,6.429999828338623,6.849999904632568,6.849999904632568,1462100
2020-08-26,6.869999885559082,6.880000114440918,6.420000076293945,6.460000038146973,6.460000038146973,766900
2020-08-27,6.559999942779541,6.579999923706055,6.309999942779541,6.440000057220459,6.440000057220459,318200
2020-08-28,6.71999979019165,7.050000190734863,6.639999866485596,6.860000133514404,6.860000133514404,585400
2020-08-31,6.650000095367432,6.659999847412109,6.480000019073486,6.480000019073486,6.480000019073486,418100
2020-09-01,6.71999979019165,6.814599990844727,6.670000076293945,6.739999771118164,6.739999771118164,369256
