Date,Open,High,Low,Close,Adj Close,Volume
2005-11-21,24.260000228881836,24.260000228881836,24.049999237060547,24.049999237060547,16.2517147064209,2800
2005-11-22,24.239999771118164,24.239999771118164,24.049999237060547,24.049999237060547,16.2517147064209,800
2005-11-23,24.200000762939453,24.200000762939453,24.200000762939453,24.200000762939453,16.353063583374023,700
2005-11-25,24.200000762939453,24.200000762939453,24.200000762939453,24.200000762939453,16.353063583374023,0
2005-11-28,24.200000762939453,24.200000762939453,24.200000762939453,24.200000762939453,16.353063583374023,0
2005-11-29,24.200000762939453,24.200000762939453,24.200000762939453,24.200000762939453,16.353063583374023,0
2005-11-30,24.350000381469727,24.350000381469727,24.350000381469727,24.350000381469727,16.45443344116211,100
2005-12-01,24.350000381469727,24.350000381469727,24.350000381469727,24.350000381469727,16.45443344116211,0
2005-12-02,24.5,24.5,24.5,24.5,16.555797576904297,300
2005-12-05,24.5,24.5,24.5,24.5,16.555797576904297,0
2005-12-06,24.479999542236328,24.979999542236328,24.479999542236328,24.979999542236328,16.880155563354492,2600
2005-12-07,24.979999542236328,24.979999542236328,24.979999542236328,24.979999542236328,16.880155563354492,0
2005-12-08,25.0,25.0,25.0,25.0,16.893667221069336,10000
2005-12-09,25.100000381469727,25.100000381469727,25.0,25.0,16.893667221069336,36600
2005-12-12,24.979999542236328,24.979999542236328,24.979999542236328,24.979999542236328,16.886903762817383,100
2005-12-13,24.950000762939453,24.989999771118164,24.700000762939453,24.700000762939453,16.6976261138916,3000
2005-12-14,24.5,24.5,24.5,24.5,16.56243133544922,800
2005-12-15,24.5,24.5,24.5,24.5,16.56243133544922,0
2005-12-16,24.700000762939453,24.700000762939453,24.350000381469727,24.479999542236328,16.54889488220215,1400
2005-12-19,24.299999237060547,24.440000534057617,23.850000381469727,23.850000381469727,16.123016357421875,6600
2005-12-20,23.649999618530273,23.65999984741211,23.649999618530273,23.65999984741211,15.994566917419434,1800
2005-12-21,23.809999465942383,24.0,23.809999465942383,24.0,16.22441864013672,2400
2005-12-22,24.0,24.0,24.0,24.0,16.22441864013672,12000
2005-12-23,23.760000228881836,24.139999389648438,23.75,24.079999923706055,16.278493881225586,8400
2005-12-27,23.989999771118164,24.149999618530273,23.989999771118164,24.010000228881836,16.231184005737305,6800
2005-12-28,24.0,24.0,24.0,24.0,16.22441864013672,400
2005-12-29,24.010000228881836,24.010000228881836,23.799999237060547,23.860000610351562,16.12977409362793,12100
2005-12-30,24.040000915527344,24.040000915527344,23.860000610351562,23.860000610351562,16.12977409362793,4000
2006-01-03,23.989999771118164,23.989999771118164,23.850000381469727,23.90999984741211,16.1635799407959,5000
2006-01-04,23.90999984741211,23.90999984741211,23.90999984741211,23.90999984741211,16.1635799407959,300
2006-01-05,23.90999984741211,23.90999984741211,23.899999618530273,23.899999618530273,16.156822204589844,1200
2006-01-06,23.950000762939453,24.0,23.950000762939453,24.0,16.22441864013672,38200
2006-01-09,24.010000228881836,24.239999771118164,24.010000228881836,24.100000381469727,16.29201316833496,2500
2006-01-10,24.350000381469727,24.5,24.010000228881836,24.010000228881836,16.231184005737305,3100
2006-01-11,24.010000228881836,24.010000228881836,24.010000228881836,24.010000228881836,16.231184005737305,0
2006-01-12,23.809999465942383,23.809999465942383,23.5,23.5,15.886421203613281,1100
2006-01-13,23.75,24.010000228881836,23.75,24.0,16.22441864013672,4100
2006-01-17,24.0,24.0,24.0,24.0,16.22441864013672,0
2006-01-18,23.989999771118164,24.0,23.989999771118164,24.0,16.299800872802734,800
2006-01-19,24.0,24.0,24.0,24.0,16.299800872802734,300
2006-01-20,24.100000381469727,24.139999389648438,24.0,24.0,16.299800872802734,5200
2006-01-23,24.0,24.0,24.0,24.0,16.299800872802734,0
2006-01-24,24.010000228881836,24.010000228881836,24.0,24.0,16.299800872802734,1200
2006-01-25,23.75,23.75,23.75,23.75,16.130008697509766,1000
2006-01-26,24.100000381469727,24.25,24.100000381469727,24.25,16.469585418701172,1600
2006-01-27,24.0,24.299999237060547,23.850000381469727,24.299999237060547,16.503551483154297,6100
2006-01-30,24.299999237060547,24.299999237060547,24.299999237060547,24.299999237060547,16.503551483154297,900
2006-01-31,24.299999237060547,24.299999237060547,24.299999237060547,24.299999237060547,16.503551483154297,5000
2006-02-01,24.0,24.0,23.399999618530273,23.75,16.130008697509766,2100
2006-02-02,23.899999618530273,24.299999237060547,23.899999618530273,24.299999237060547,16.503551483154297,3400
2006-02-03,24.559999465942383,24.56999969482422,24.559999465942383,24.559999465942383,16.680126190185547,600
2006-02-06,24.399999618530273,24.399999618530273,24.200000762939453,24.200000762939453,16.435630798339844,2200
2006-02-07,24.219999313354492,24.219999313354492,24.219999313354492,24.219999313354492,16.4492130279541,100
2006-02-08,24.100000381469727,24.110000610351562,24.100000381469727,24.100000381469727,16.367713928222656,2300
2006-02-09,24.030000686645508,24.100000381469727,24.030000686645508,24.100000381469727,16.367713928222656,5800
2006-02-10,24.139999389648438,24.34000015258789,24.139999389648438,24.18000030517578,16.42205810546875,3900
2006-02-13,24.18000030517578,24.18000030517578,24.18000030517578,24.18000030517578,16.42205810546875,0
2006-02-14,24.100000381469727,24.110000610351562,24.100000381469727,24.110000610351562,16.437057495117188,300
2006-02-15,24.170000076293945,24.170000076293945,24.170000076293945,24.170000076293945,16.47795295715332,400
2006-02-16,24.5,24.649999618530273,24.5,24.5,16.702930450439453,9200
2006-02-17,24.59000015258789,24.59000015258789,24.59000015258789,24.59000015258789,16.76428985595703,500
2006-02-21,24.5,24.600000381469727,24.5,24.510000228881836,16.70975685119629,10600
2006-02-22,24.5,24.600000381469727,24.5,24.600000381469727,16.771114349365234,1200
2006-02-23,24.600000381469727,24.600000381469727,24.489999771118164,24.5,16.702930450439453,8800
2006-02-24,24.600000381469727,24.600000381469727,24.5,24.5,16.702930450439453,3400
2006-02-27,24.600000381469727,24.600000381469727,24.520000457763672,24.520000457763672,16.716562271118164,2100
2006-02-28,24.5,24.5,24.25,24.5,16.702930450439453,8300
2006-03-01,24.600000381469727,24.600000381469727,24.5,24.5,16.702930450439453,2200
2006-03-02,24.5,24.5,24.5,24.5,16.702930450439453,400
2006-03-03,24.5,24.5,24.5,24.5,16.702930450439453,1000
2006-03-06,24.5,24.579999923706055,24.5,24.579999923706055,16.757469177246094,4400
2006-03-07,24.579999923706055,24.579999923706055,24.579999923706055,24.579999923706055,16.757469177246094,0
2006-03-08,24.510000228881836,24.510000228881836,24.5,24.5,16.702930450439453,3000
2006-03-09,24.5,24.600000381469727,24.5,24.600000381469727,16.771114349365234,4300
2006-03-10,24.600000381469727,24.600000381469727,24.510000228881836,24.510000228881836,16.70975685119629,3300
2006-03-13,24.59000015258789,24.600000381469727,24.510000228881836,24.510000228881836,16.70975685119629,7300
2006-03-14,24.510000228881836,24.510000228881836,24.5,24.5,16.702930450439453,800
2006-03-15,24.5,24.5,24.5,24.5,16.77758026123047,100
2006-03-16,24.5,24.5,24.5,24.5,16.77758026123047,2000
2006-03-17,24.5,24.5,24.5,24.5,16.77758026123047,0
2006-03-20,24.510000228881836,24.510000228881836,24.350000381469727,24.399999618530273,16.709089279174805,200100
2006-03-21,24.399999618530273,24.399999618530273,24.399999618530273,24.399999618530273,16.709089279174805,0
2006-03-22,24.399999618530273,24.399999618530273,24.399999618530273,24.399999618530273,16.709089279174805,0
2006-03-23,24.399999618530273,24.399999618530273,24.399999618530273,24.399999618530273,16.709089279174805,0
2006-03-24,24.40999984741211,24.40999984741211,24.399999618530273,24.399999618530273,16.709089279174805,1200
2006-03-27,24.40999984741211,24.5,24.399999618530273,24.399999618530273,16.709089279174805,10700
2006-03-28,24.399999618530273,24.399999618530273,24.399999618530273,24.399999618530273,16.709089279174805,200
2006-03-29,24.200000762939453,24.399999618530273,24.200000762939453,24.399999618530273,16.709089279174805,10400
2006-03-30,24.350000381469727,24.350000381469727,24.299999237060547,24.299999237060547,16.640605926513672,6200
2006-03-31,24.299999237060547,24.299999237060547,24.299999237060547,24.299999237060547,16.640605926513672,0
2006-04-03,24.25,24.25,24.209999084472656,24.209999084472656,16.5789852142334,1900
2006-04-04,24.209999084472656,24.209999084472656,24.209999084472656,24.209999084472656,16.5789852142334,0
2006-04-05,24.200000762939453,24.25,24.200000762939453,24.200000762939453,16.572126388549805,4900
2006-04-06,24.200000762939453,24.200000762939453,24.200000762939453,24.200000762939453,16.572126388549805,1800
2006-04-07,24.229999542236328,24.25,24.200000762939453,24.200000762939453,16.572126388549805,4400
2006-04-10,24.200000762939453,24.200000762939453,24.200000762939453,24.200000762939453,16.572126388549805,800
2006-04-11,24.200000762939453,24.200000762939453,24.200000762939453,24.200000762939453,16.572126388549805,700
2006-04-12,24.200000762939453,24.200000762939453,24.200000762939453,24.200000762939453,16.572126388549805,2600
2006-04-13,24.149999618530273,24.149999618530273,24.149999618530273,24.149999618530273,16.537900924682617,1500
2006-04-17,24.149999618530273,24.149999618530273,24.149999618530273,24.149999618530273,16.615642547607422,500
2006-04-18,24.149999618530273,24.149999618530273,24.100000381469727,24.100000381469727,16.581239700317383,3600
2006-04-19,24.100000381469727,24.100000381469727,24.100000381469727,24.100000381469727,16.581239700317383,12000
2006-04-20,24.100000381469727,24.100000381469727,24.100000381469727,24.100000381469727,16.581239700317383,800
2006-04-21,24.0,24.0,24.0,24.0,16.51243782043457,900
2006-04-24,23.75,24.0,23.75,24.0,16.51243782043457,6700
2006-04-25,24.0,24.0,24.0,24.0,16.51243782043457,0
2006-04-26,24.0,24.0,24.0,24.0,16.51243782043457,7500
2006-04-27,23.899999618530273,23.899999618530273,23.899999618530273,23.899999618530273,16.443645477294922,1800
2006-04-28,23.899999618530273,23.950000762939453,23.899999618530273,23.950000762939453,16.47804069519043,700
2006-05-01,23.950000762939453,23.950000762939453,23.950000762939453,23.950000762939453,16.47804069519043,0
2006-05-02,23.950000762939453,23.950000762939453,23.950000762939453,23.950000762939453,16.47804069519043,800
2006-05-03,23.899999618530273,23.899999618530273,23.899999618530273,23.899999618530273,16.443645477294922,200
2006-05-04,23.899999618530273,23.899999618530273,23.899999618530273,23.899999618530273,16.443645477294922,0
2006-05-05,23.899999618530273,23.950000762939453,23.899999618530273,23.950000762939453,16.47804069519043,2300
2006-05-08,23.950000762939453,23.950000762939453,23.950000762939453,23.950000762939453,16.47804069519043,800
2006-05-09,23.899999618530273,23.899999618530273,23.899999618530273,23.899999618530273,16.443645477294922,600
2006-05-10,23.799999237060547,24.09000015258789,23.799999237060547,23.90999984741211,16.450510025024414,2500
2006-05-11,23.90999984741211,23.90999984741211,23.90999984741211,23.90999984741211,16.450510025024414,0
2006-05-12,23.90999984741211,23.90999984741211,23.90999984741211,23.90999984741211,16.450510025024414,0
2006-05-15,23.940000534057617,23.950000762939453,23.940000534057617,23.950000762939453,16.47804069519043,700
2006-05-16,23.950000762939453,23.950000762939453,23.950000762939453,23.950000762939453,16.558229446411133,200
2006-05-17,23.950000762939453,23.950000762939453,23.950000762939453,23.950000762939453,16.558229446411133,0
2006-05-18,23.899999618530273,23.899999618530273,23.899999618530273,23.899999618530273,16.5236759185791,1000
2006-05-19,23.950000762939453,23.950000762939453,23.899999618530273,23.899999618530273,16.5236759185791,5200
2006-05-22,23.899999618530273,23.899999618530273,23.899999618530273,23.899999618530273,16.5236759185791,1000
2006-05-23,23.899999618530273,23.899999618530273,23.899999618530273,23.899999618530273,16.5236759185791,600
2006-05-24,23.899999618530273,23.899999618530273,23.899999618530273,23.899999618530273,16.5236759185791,1000
2006-05-25,23.899999618530273,23.899999618530273,23.899999618530273,23.899999618530273,16.5236759185791,400
2006-05-26,23.940000534057617,23.950000762939453,23.899999618530273,23.950000762939453,16.558229446411133,1800
2006-05-30,23.950000762939453,23.950000762939453,23.950000762939453,23.950000762939453,16.558229446411133,800
2006-05-31,23.90999984741211,23.90999984741211,23.899999618530273,23.899999618530273,16.5236759185791,1600
2006-06-01,23.899999618530273,23.899999618530273,23.899999618530273,23.899999618530273,16.5236759185791,600
2006-06-02,23.899999618530273,23.899999618530273,23.899999618530273,23.899999618530273,16.5236759185791,0
2006-06-05,23.899999618530273,23.899999618530273,23.899999618530273,23.899999618530273,16.5236759185791,0
2006-06-06,23.899999618530273,23.899999618530273,23.899999618530273,23.899999618530273,16.5236759185791,1000
2006-06-07,23.899999618530273,23.899999618530273,23.899999618530273,23.899999618530273,16.5236759185791,0
2006-06-08,23.899999618530273,23.899999618530273,23.899999618530273,23.899999618530273,16.5236759185791,0
2006-06-09,23.899999618530273,23.899999618530273,23.899999618530273,23.899999618530273,16.5236759185791,0
2006-06-12,23.899999618530273,23.899999618530273,23.899999618530273,23.899999618530273,16.5236759185791,1000
2006-06-13,23.899999618530273,23.899999618530273,23.899999618530273,23.899999618530273,16.605661392211914,3400
2006-06-14,23.5,23.549999237060547,23.5,23.549999237060547,16.362472534179688,4200
2006-06-15,23.549999237060547,23.559999465942383,23.549999237060547,23.549999237060547,16.362472534179688,11300
2006-06-16,23.549999237060547,23.549999237060547,23.549999237060547,23.549999237060547,16.362472534179688,0
2006-06-19,23.510000228881836,23.510000228881836,23.510000228881836,23.510000228881836,16.334680557250977,400
2006-06-20,23.520000457763672,23.549999237060547,23.5,23.549999237060547,16.362472534179688,3900
2006-06-21,23.549999237060547,23.549999237060547,23.5,23.5,16.327733993530273,7500
2006-06-22,23.399999618530273,23.450000762939453,23.399999618530273,23.450000762939453,16.292999267578125,5500
2006-06-23,23.399999618530273,23.399999618530273,23.399999618530273,23.399999618530273,16.258255004882812,2000
2006-06-26,23.450000762939453,23.450000762939453,23.399999618530273,23.399999618530273,16.258255004882812,2600
2006-06-27,23.399999618530273,23.399999618530273,23.399999618530273,23.399999618530273,16.258255004882812,2000
2006-06-28,23.399999618530273,23.399999618530273,23.399999618530273,23.399999618530273,16.258255004882812,1000
2006-06-29,23.799999237060547,23.799999237060547,23.799999237060547,23.799999237060547,16.536169052124023,300
2006-06-30,24.049999237060547,24.399999618530273,24.049999237060547,24.399999618530273,16.953048706054688,1000
2006-07-03,24.34000015258789,24.34000015258789,23.25,23.299999237060547,16.18876838684082,5900
2006-07-05,23.239999771118164,23.25,23.200000762939453,23.200000762939453,16.11929702758789,3400
2006-07-06,23.200000762939453,23.200000762939453,23.200000762939453,23.200000762939453,16.11929702758789,3200
2006-07-07,23.200000762939453,23.219999313354492,23.200000762939453,23.219999313354492,16.133195877075195,1000
2006-07-10,23.219999313354492,23.219999313354492,23.219999313354492,23.219999313354492,16.133195877075195,400
2006-07-11,23.219999313354492,23.219999313354492,23.219999313354492,23.219999313354492,16.133195877075195,0
2006-07-12,23.200000762939453,23.200000762939453,23.200000762939453,23.200000762939453,16.11929702758789,3000
2006-07-13,23.299999237060547,23.389999389648438,23.299999237060547,23.389999389648438,16.251304626464844,2000
2006-07-14,23.399999618530273,23.690000534057617,23.25,23.25,16.154029846191406,11300
2006-07-17,23.200000762939453,23.200000762939453,23.200000762939453,23.200000762939453,16.20362091064453,700
2006-07-18,23.450000762939453,23.5,23.450000762939453,23.5,16.413158416748047,1200
2006-07-19,23.549999237060547,23.649999618530273,23.549999237060547,23.649999618530273,16.517913818359375,1400
2006-07-20,23.31999969482422,23.469999313354492,23.270000457763672,23.469999313354492,16.39218521118164,1700
2006-07-21,23.520000457763672,23.520000457763672,23.520000457763672,23.520000457763672,16.427133560180664,100
2006-07-24,23.299999237060547,23.299999237060547,23.219999313354492,23.219999313354492,16.217594146728516,600
2006-07-25,23.399999618530273,23.399999618530273,23.399999618530273,23.399999618530273,16.343305587768555,500
2006-07-26,23.5,23.600000381469727,23.5,23.600000381469727,16.48299217224121,300
2006-07-27,23.350000381469727,23.350000381469727,23.350000381469727,23.350000381469727,16.308387756347656,300
2006-07-28,23.549999237060547,23.649999618530273,23.34000015258789,23.649999618530273,16.517913818359375,2700
2006-07-31,23.75,23.75,23.299999237060547,23.299999237060547,16.273466110229492,1200
2006-08-01,23.209999084472656,23.43000030517578,23.200000762939453,23.43000030517578,16.3642635345459,1300
2006-08-02,23.549999237060547,23.75,23.549999237060547,23.75,16.5877685546875,1000
2006-08-03,23.950000762939453,24.399999618530273,23.950000762939453,24.399999618530273,17.041736602783203,1200
2006-08-04,24.100000381469727,24.100000381469727,24.0,24.0,16.762372970581055,600
2006-08-07,23.75,24.200000762939453,23.75,24.200000762939453,16.90205192565918,700
2006-08-08,24.139999389648438,24.139999389648438,24.139999389648438,24.139999389648438,16.860151290893555,100
2006-08-09,24.0,24.0,24.0,24.0,16.762372970581055,1600
2006-08-10,24.0,24.0,24.0,24.0,16.762372970581055,0
2006-08-11,23.8700008392334,24.030000686645508,23.8700008392334,23.950000762939453,16.815017700195312,1300
2006-08-14,23.799999237060547,23.799999237060547,23.799999237060547,23.799999237060547,16.7097110748291,200
2006-08-15,24.049999237060547,24.100000381469727,24.049999237060547,24.100000381469727,16.92034339904785,600
2006-08-16,24.139999389648438,24.139999389648438,24.139999389648438,24.139999389648438,16.948413848876953,200
2006-08-17,24.139999389648438,24.139999389648438,24.139999389648438,24.139999389648438,16.948413848876953,0
2006-08-18,24.0,24.0,24.0,24.0,16.85013771057129,200
2006-08-21,24.0,24.0,24.0,24.0,16.85013771057129,0
2006-08-22,24.0,24.0,24.0,24.0,16.85013771057129,0
2006-08-23,24.0,24.0,24.0,24.0,16.85013771057129,0
2006-08-24,24.1200008392334,24.1200008392334,24.0,24.0,16.85013771057129,1100
2006-08-25,23.90999984741211,23.90999984741211,23.649999618530273,23.690000534057617,16.632484436035156,1600
2006-08-28,23.6200008392334,23.6200008392334,23.610000610351562,23.610000610351562,16.576316833496094,1800
2006-08-29,23.770000457763672,23.770000457763672,23.309999465942383,23.309999465942383,16.365690231323242,1900
2006-08-30,23.5,23.5,23.5,23.5,16.49908447265625,200
2006-08-31,23.670000076293945,23.670000076293945,23.670000076293945,23.670000076293945,16.618438720703125,500
2006-09-01,23.670000076293945,23.670000076293945,23.670000076293945,23.670000076293945,16.618438720703125,0
2006-09-05,23.850000381469727,23.940000534057617,23.850000381469727,23.889999389648438,16.77288818359375,1500
2006-09-06,23.93000030517578,23.93000030517578,23.5,23.5,16.49908447265625,4300
2006-09-07,23.5,23.5,23.299999237060547,23.299999237060547,16.35866355895996,2800
2006-09-08,23.450000762939453,23.450000762939453,23.200000762939453,23.200000762939453,16.288454055786133,3000
2006-09-11,23.350000381469727,23.350000381469727,23.1200008392334,23.1200008392334,16.232284545898438,1000
2006-09-12,23.1200008392334,23.1200008392334,23.1200008392334,23.1200008392334,16.232284545898438,0
2006-09-13,23.5,23.5,23.450000762939453,23.489999771118164,16.492067337036133,2100
2006-09-14,23.399999618530273,23.469999313354492,23.399999618530273,23.399999618530273,16.428878784179688,1200
2006-09-15,23.420000076293945,23.420000076293945,23.420000076293945,23.420000076293945,16.529802322387695,100
2006-09-18,23.25,23.25,23.25,23.25,16.409814834594727,300
2006-09-19,23.25,23.25,23.25,23.25,16.409814834594727,0
2006-09-20,23.25,23.25,23.25,23.25,16.409814834594727,0
2006-09-21,23.399999618530273,23.450000762939453,23.3799991607666,23.3799991607666,16.501575469970703,1200
2006-09-22,23.34000015258789,23.34000015258789,23.299999237060547,23.299999237060547,16.445098876953125,1400
2006-09-25,23.219999313354492,23.219999313354492,23.209999084472656,23.209999084472656,16.381589889526367,400
2006-09-26,23.3700008392334,23.3700008392334,23.209999084472656,23.209999084472656,16.381589889526367,1400
2006-09-27,23.299999237060547,23.3700008392334,23.299999237060547,23.3700008392334,16.494510650634766,500
2006-09-28,23.270000457763672,23.270000457763672,23.06999969482422,23.06999969482422,16.282777786254883,1100
2006-09-29,23.100000381469727,23.190000534057617,23.020000457763672,23.190000534057617,16.367464065551758,700
2006-10-02,23.190000534057617,23.190000534057617,23.190000534057617,23.190000534057617,16.367464065551758,0
2006-10-03,23.049999237060547,23.049999237060547,22.899999618530273,22.93000030517578,16.18396759033203,8200
2006-10-04,22.950000762939453,22.950000762939453,22.950000762939453,22.950000762939453,16.198076248168945,1000
2006-10-05,23.06999969482422,23.06999969482422,22.989999771118164,22.989999771118164,16.2263126373291,1500
2006-10-06,22.989999771118164,22.989999771118164,22.989999771118164,22.989999771118164,16.2263126373291,200
2006-10-09,22.93000030517578,22.93000030517578,22.899999618530273,22.899999618530273,16.162792205810547,900
2006-10-10,22.90999984741211,22.90999984741211,22.90999984741211,22.90999984741211,16.169845581054688,100
2006-10-11,23.0,23.0,23.0,23.0,16.23337173461914,1000
2006-10-12,23.0,23.0,23.0,23.0,16.23337173461914,500
2006-10-13,23.0,23.0,23.0,23.0,16.23337173461914,400
2006-10-16,23.0,23.09000015258789,23.0,23.09000015258789,16.296892166137695,1300
2006-10-17,22.90999984741211,23.06999969482422,22.899999618530273,23.06999969482422,16.369972229003906,4500
2006-10-18,23.100000381469727,23.100000381469727,22.899999618530273,22.920000076293945,16.26353645324707,4400
2006-10-19,22.90999984741211,23.06999969482422,22.899999618530273,23.059999465942383,16.36286735534668,1600
2006-10-20,22.989999771118164,22.989999771118164,22.90999984741211,22.90999984741211,16.25644874572754,1200
2006-10-23,22.920000076293945,22.979999542236328,22.90999984741211,22.979999542236328,16.30611228942871,1500
2006-10-24,22.90999984741211,22.90999984741211,22.899999618530273,22.90999984741211,16.25644874572754,2500
2006-10-25,22.90999984741211,22.90999984741211,22.90999984741211,22.90999984741211,16.25644874572754,200
2006-10-26,22.90999984741211,22.90999984741211,22.90999984741211,22.90999984741211,16.25644874572754,0
2006-10-27,22.969999313354492,23.75,22.90999984741211,23.610000610351562,16.75315284729004,13800
2006-10-30,23.5,23.700000762939453,23.450000762939453,23.700000762939453,16.817012786865234,900
2006-10-31,23.59000015258789,23.850000381469727,23.399999618530273,23.399999618530273,16.604141235351562,8300
2006-11-01,23.25,23.75,23.25,23.75,16.852493286132812,3100
2006-11-02,23.639999389648438,23.639999389648438,23.469999313354492,23.469999313354492,16.653804779052734,1300
2006-11-03,23.469999313354492,23.469999313354492,23.469999313354492,23.469999313354492,16.653804779052734,0
2006-11-06,23.31999969482422,23.31999969482422,23.31999969482422,23.31999969482422,16.547378540039062,900
2006-11-07,23.329999923706055,23.329999923706055,23.329999923706055,23.329999923706055,16.55446434020996,100
2006-11-08,23.309999465942383,23.309999465942383,23.309999465942383,23.309999465942383,16.54026985168457,1800
2006-11-09,23.299999237060547,23.299999237060547,23.0,23.06999969482422,16.369972229003906,2700
2006-11-10,23.06999969482422,23.100000381469727,22.899999618530273,23.100000381469727,16.391263961791992,6800
2006-11-13,23.0,23.0,23.0,23.0,16.32030487060547,100
2006-11-14,23.0,23.0,23.0,23.0,16.32030487060547,0
2006-11-15,23.049999237060547,23.09000015258789,22.90999984741211,23.09000015258789,16.384170532226562,5500
2006-11-16,22.920000076293945,22.979999542236328,22.899999618530273,22.950000762939453,16.371328353881836,5400
2006-11-17,22.899999618530273,23.010000228881836,22.899999618530273,23.0,16.406986236572266,5700
2006-11-20,23.139999389648438,23.15999984741211,23.139999389648438,23.149999618530273,16.51400375366211,10600
2006-11-21,22.90999984741211,22.90999984741211,22.899999618530273,22.899999618530273,16.33566665649414,5400
2006-11-22,22.899999618530273,23.100000381469727,22.899999618530273,23.020000457763672,16.4212703704834,2400
2006-11-24,23.219999313354492,23.219999313354492,22.959999084472656,22.959999084472656,16.378446578979492,800
2006-11-27,22.950000762939453,22.950000762939453,22.899999618530273,22.899999618530273,16.33566665649414,1100
2006-11-28,22.90999984741211,23.010000228881836,22.90999984741211,23.010000228881836,16.41412925720215,4300
2006-11-29,23.100000381469727,23.100000381469727,22.940000534057617,22.940000534057617,16.364192962646484,1500
2006-11-30,22.969999313354492,23.1299991607666,22.920000076293945,23.1299991607666,16.499727249145508,3900
2006-12-01,23.0,23.0,22.950000762939453,22.950000762939453,16.371328353881836,500
2006-12-04,23.0,23.149999618530273,23.0,23.149999618530273,16.51400375366211,7800
2006-12-05,23.020000457763672,23.25,23.0,23.25,16.5853271484375,3000
2006-12-06,23.06999969482422,23.149999618530273,23.059999465942383,23.149999618530273,16.51400375366211,700
2006-12-07,22.969999313354492,23.100000381469727,22.969999313354492,23.100000381469727,16.478321075439453,2300
2006-12-08,23.239999771118164,23.309999465942383,23.239999771118164,23.299999237060547,16.62099266052246,1400
2006-12-11,23.350000381469727,23.350000381469727,23.350000381469727,23.350000381469727,16.65666961669922,500
2006-12-12,23.31999969482422,23.31999969482422,23.31999969482422,23.31999969482422,16.63527488708496,200
2006-12-13,23.530000686645508,23.559999465942383,23.530000686645508,23.549999237060547,16.799345016479492,7500
2006-12-14,23.399999618530273,23.399999618530273,23.299999237060547,23.299999237060547,16.62099266052246,3500
2006-12-15,23.110000610351562,23.110000610351562,23.100000381469727,23.110000610351562,16.48546028137207,600
2006-12-18,22.93000030517578,23.299999237060547,22.93000030517578,23.299999237060547,16.709205627441406,4700
2006-12-19,23.299999237060547,23.299999237060547,23.299999237060547,23.299999237060547,16.709205627441406,0
2006-12-20,23.5,23.709999084472656,23.5,23.700000762939453,16.99606704711914,3700
2006-12-21,23.510000228881836,23.510000228881836,23.399999618530273,23.399999618530273,16.78092384338379,2000
2006-12-22,23.649999618530273,23.649999618530273,23.649999618530273,23.649999618530273,16.960201263427734,400
2006-12-26,23.510000228881836,23.510000228881836,23.5,23.5,16.852636337280273,1800
2006-12-27,23.5,23.610000610351562,23.5,23.610000610351562,16.93153190612793,3100
2006-12-28,23.40999984741211,23.75,23.40999984741211,23.75,17.03192138671875,3400
2006-12-29,23.790000915527344,23.790000915527344,23.780000686645508,23.780000686645508,17.053428649902344,11400
2007-01-03,23.989999771118164,24.049999237060547,23.81999969482422,23.81999969482422,17.082120895385742,2600
2007-01-04,23.799999237060547,23.809999465942383,23.799999237060547,23.809999465942383,17.0749454498291,700
2007-01-05,23.790000915527344,23.790000915527344,23.5,23.579999923706055,16.910005569458008,1800
2007-01-08,23.65999984741211,23.670000076293945,23.65999984741211,23.670000076293945,16.974546432495117,200
2007-01-09,23.399999618530273,23.399999618530273,23.34000015258789,23.34000015258789,16.737897872924805,1400
2007-01-10,23.530000686645508,23.610000610351562,23.530000686645508,23.600000381469727,16.92435073852539,6100
2007-01-11,23.600000381469727,23.600000381469727,23.600000381469727,23.600000381469727,16.92435073852539,0
2007-01-12,23.65999984741211,23.790000915527344,23.649999618530273,23.670000076293945,16.974546432495117,3800
2007-01-16,23.639999389648438,23.690000534057617,23.639999389648438,23.68000030517578,17.0697021484375,2500
2007-01-17,23.8799991607666,23.8799991607666,23.8799991607666,23.8799991607666,17.2138729095459,200
2007-01-18,23.8700008392334,23.8700008392334,23.8700008392334,23.8700008392334,17.206666946411133,100
2007-01-19,23.68000030517578,23.68000030517578,23.34000015258789,23.459999084472656,16.911121368408203,1500
2007-01-22,23.399999618530273,23.530000686645508,23.190000534057617,23.530000686645508,16.961572647094727,8100
2007-01-23,23.3799991607666,23.3799991607666,23.3799991607666,23.3799991607666,16.853456497192383,200
2007-01-24,23.25,23.25,23.25,23.25,16.759740829467773,300
2007-01-25,23.399999618530273,23.399999618530273,23.399999618530273,23.399999618530273,16.867860794067383,200
2007-01-26,23.399999618530273,23.399999618530273,23.399999618530273,23.399999618530273,16.867860794067383,0
2007-01-29,23.549999237060547,24.049999237060547,23.549999237060547,23.75,17.120162963867188,102500
2007-01-30,23.729999542236328,23.75,23.549999237060547,23.75,17.120162963867188,1100
2007-01-31,23.709999084472656,23.709999084472656,23.709999084472656,23.709999084472656,17.09132194519043,400
2007-02-01,23.719999313354492,23.719999313354492,23.719999313354492,23.719999313354492,17.098529815673828,100
2007-02-02,23.93000030517578,23.950000762939453,23.93000030517578,23.940000534057617,17.257123947143555,1100
2007-02-05,23.940000534057617,23.940000534057617,23.940000534057617,23.940000534057617,17.257123947143555,0
2007-02-06,23.940000534057617,23.940000534057617,23.940000534057617,23.940000534057617,17.257123947143555,0
2007-02-07,23.75,23.75,23.68000030517578,23.68000030517578,17.0697021484375,900
2007-02-08,23.709999084472656,23.709999084472656,23.709999084472656,23.709999084472656,17.09132194519043,200
2007-02-09,23.719999313354492,23.719999313354492,23.719999313354492,23.719999313354492,17.098529815673828,200
2007-02-12,23.6299991607666,23.6299991607666,23.600000381469727,23.600000381469727,17.012041091918945,2000
2007-02-13,23.579999923706055,23.600000381469727,23.579999923706055,23.600000381469727,17.100435256958008,2300
2007-02-14,23.600000381469727,23.600000381469727,23.600000381469727,23.600000381469727,17.100435256958008,0
2007-02-15,23.600000381469727,23.600000381469727,23.600000381469727,23.600000381469727,17.100435256958008,0
2007-02-16,23.6200008392334,23.6200008392334,23.600000381469727,23.600000381469727,17.100435256958008,1300
2007-02-20,23.600000381469727,23.600000381469727,23.600000381469727,23.600000381469727,17.100435256958008,0
2007-02-21,23.600000381469727,23.600000381469727,23.600000381469727,23.600000381469727,17.100435256958008,0
2007-02-22,23.469999313354492,23.56999969482422,23.0,23.56999969482422,17.078693389892578,14000
2007-02-23,23.450000762939453,23.559999465942383,23.450000762939453,23.559999465942383,17.071456909179688,500
2007-02-26,23.559999465942383,23.610000610351562,23.559999465942383,23.610000610351562,17.107685089111328,1800
2007-02-27,23.450000762939453,23.450000762939453,23.450000762939453,23.450000762939453,16.991750717163086,200
2007-02-28,23.200000762939453,23.489999771118164,23.200000762939453,23.489999771118164,17.020723342895508,3200
2007-03-01,23.5,23.5,23.25,23.5,17.027976989746094,2800
2007-03-02,23.40999984741211,23.549999237060547,23.40999984741211,23.549999237060547,17.064205169677734,400
2007-03-05,23.549999237060547,23.600000381469727,23.489999771118164,23.600000381469727,17.100435256958008,1500
2007-03-06,23.600000381469727,23.600000381469727,23.600000381469727,23.600000381469727,17.100435256958008,0
2007-03-07,23.75,23.75,23.75,23.75,17.209125518798828,800
2007-03-08,23.75,23.75,23.75,23.75,17.209125518798828,0
2007-03-09,23.75,23.75,23.75,23.75,17.209125518798828,0
2007-03-12,23.75,23.75,23.75,23.75,17.209125518798828,0
2007-03-13,23.75,23.75,23.75,23.75,17.209125518798828,0
2007-03-14,23.649999618530273,23.75,23.5,23.75,17.209125518798828,1800
2007-03-15,23.510000228881836,23.739999771118164,23.510000228881836,23.739999771118164,17.29069709777832,900
2007-03-16,23.709999084472656,23.709999084472656,23.709999084472656,23.709999084472656,17.26884651184082,100
2007-03-19,23.709999084472656,23.709999084472656,23.709999084472656,23.709999084472656,17.26884651184082,0
2007-03-20,23.709999084472656,23.709999084472656,23.40999984741211,23.649999618530273,17.225147247314453,4000
2007-03-21,23.649999618530273,23.649999618530273,23.649999618530273,23.649999618530273,17.225147247314453,0
2007-03-22,23.649999618530273,23.65999984741211,23.649999618530273,23.65999984741211,17.232437133789062,1900
2007-03-23,23.790000915527344,23.799999237060547,23.790000915527344,23.799999237060547,17.33439826965332,1600
2007-03-26,23.850000381469727,23.850000381469727,23.850000381469727,23.850000381469727,17.37081527709961,4100
2007-03-27,23.75,23.950000762939453,23.649999618530273,23.950000762939453,17.443641662597656,12900
2007-03-28,23.950000762939453,23.950000762939453,23.950000762939453,23.950000762939453,17.443641662597656,0
2007-03-29,23.950000762939453,23.950000762939453,23.950000762939453,23.950000762939453,17.443641662597656,0
2007-03-30,23.950000762939453,23.950000762939453,23.950000762939453,23.950000762939453,17.443641662597656,0
2007-04-02,24.049999237060547,24.049999237060547,24.049999237060547,24.049999237060547,17.516483306884766,300
2007-04-03,23.90999984741211,24.110000610351562,23.90999984741211,24.110000610351562,17.5601806640625,1100
2007-04-04,24.110000610351562,24.110000610351562,24.110000610351562,24.110000610351562,17.5601806640625,0
2007-04-05,24.110000610351562,24.110000610351562,24.110000610351562,24.110000610351562,17.5601806640625,0
2007-04-09,24.110000610351562,24.110000610351562,24.110000610351562,24.110000610351562,17.5601806640625,0
2007-04-10,24.0,24.0,23.850000381469727,23.850000381469727,17.37081527709961,1200
2007-04-11,23.950000762939453,23.950000762939453,23.950000762939453,23.950000762939453,17.443641662597656,400
2007-04-12,24.049999237060547,24.049999237060547,24.049999237060547,24.049999237060547,17.516483306884766,300
2007-04-13,24.200000762939453,24.450000762939453,24.049999237060547,24.280000686645508,17.684009552001953,9000
2007-04-16,24.010000228881836,24.209999084472656,23.950000762939453,24.209999084472656,17.722064971923828,3500
2007-04-17,24.110000610351562,24.34000015258789,24.110000610351562,24.34000015258789,17.817218780517578,2500
2007-04-18,24.489999771118164,24.700000762939453,24.399999618530273,24.700000762939453,18.08074378967285,5200
2007-04-19,24.600000381469727,24.850000381469727,24.399999618530273,24.600000381469727,18.007537841796875,4100
2007-04-20,24.68000030517578,24.799999237060547,24.600000381469727,24.600000381469727,18.007537841796875,2900
2007-04-23,24.649999618530273,24.850000381469727,24.649999618530273,24.700000762939453,18.08074378967285,3400
2007-04-24,24.700000762939453,24.700000762939453,24.5,24.700000762939453,18.08074378967285,1500
2007-04-25,24.649999618530273,24.75,24.649999618530273,24.75,18.11734390258789,3300
2007-04-26,24.700000762939453,24.700000762939453,24.649999618530273,24.68000030517578,18.066120147705078,4100
2007-04-27,24.559999465942383,24.559999465942383,24.459999084472656,24.459999084472656,17.905080795288086,2800
2007-04-30,24.59000015258789,24.59000015258789,24.43000030517578,24.43000030517578,17.88311195373535,800
2007-05-01,24.420000076293945,24.549999237060547,24.299999237060547,24.549999237060547,17.970951080322266,900
2007-05-02,24.549999237060547,24.549999237060547,24.549999237060547,24.549999237060547,17.970951080322266,0
2007-05-03,24.549999237060547,24.549999237060547,24.549999237060547,24.549999237060547,17.970951080322266,0
2007-05-04,24.510000228881836,24.510000228881836,24.510000228881836,24.510000228881836,17.941659927368164,300
2007-05-07,24.399999618530273,24.600000381469727,24.399999618530273,24.600000381469727,18.007537841796875,1900
2007-05-08,24.5,24.5,24.5,24.5,17.934354782104492,500
2007-05-09,24.399999618530273,24.399999618530273,24.399999618530273,24.399999618530273,17.861141204833984,400
2007-05-10,24.31999969482422,24.31999969482422,24.31999969482422,24.31999969482422,17.802587509155273,500
2007-05-11,24.309999465942383,24.309999465942383,24.200000762939453,24.200000762939453,17.714738845825195,1900
2007-05-14,24.149999618530273,24.149999618530273,24.100000381469727,24.100000381469727,17.641538619995117,1000
2007-05-15,24.100000381469727,24.100000381469727,24.100000381469727,24.100000381469727,17.641538619995117,0
2007-05-16,24.110000610351562,24.110000610351562,24.020000457763672,24.020000457763672,17.672447204589844,500
2007-05-17,24.010000228881836,24.010000228881836,24.010000228881836,24.010000228881836,17.665084838867188,700
2007-05-18,24.020000457763672,24.020000457763672,24.020000457763672,24.020000457763672,17.672447204589844,100
2007-05-21,24.149999618530273,24.149999618530273,24.149999618530273,24.149999618530273,17.768089294433594,1000
2007-05-22,24.299999237060547,24.299999237060547,24.149999618530273,24.149999618530273,17.768089294433594,1500
2007-05-23,24.049999237060547,24.049999237060547,24.049999237060547,24.049999237060547,17.694515228271484,500
2007-05-24,24.049999237060547,24.049999237060547,24.049999237060547,24.049999237060547,17.694515228271484,0
2007-05-25,24.049999237060547,24.049999237060547,24.049999237060547,24.049999237060547,17.694515228271484,0
2007-05-29,24.020000457763672,24.020000457763672,24.010000228881836,24.010000228881836,17.665084838867188,400
2007-05-30,24.010000228881836,24.010000228881836,24.010000228881836,24.010000228881836,17.665084838867188,0
2007-05-31,24.020000457763672,24.020000457763672,24.020000457763672,24.020000457763672,17.672447204589844,100
2007-06-01,24.020000457763672,24.020000457763672,23.920000076293945,23.920000076293945,17.598875045776367,2300
2007-06-04,23.93000030517578,24.0,23.93000030517578,24.0,17.657730102539062,600
2007-06-05,24.09000015258789,24.09000015258789,24.09000015258789,24.09000015258789,17.723953247070312,100
2007-06-06,24.09000015258789,24.09000015258789,24.09000015258789,24.09000015258789,17.723953247070312,0
2007-06-07,24.09000015258789,24.09000015258789,24.09000015258789,24.09000015258789,17.723953247070312,0
2007-06-08,24.09000015258789,24.09000015258789,24.09000015258789,24.09000015258789,17.723953247070312,0
2007-06-11,24.09000015258789,24.09000015258789,24.09000015258789,24.09000015258789,17.723953247070312,0
2007-06-12,24.0,24.0,24.0,24.0,17.657730102539062,500
2007-06-13,24.0,24.0,24.0,24.0,17.657730102539062,0
2007-06-14,23.75,23.899999618530273,23.75,23.899999618530273,17.67399024963379,3000
2007-06-15,23.899999618530273,23.899999618530273,23.899999618530273,23.899999618530273,17.67399024963379,0
2007-06-18,24.0,24.139999389648438,23.940000534057617,23.940000534057617,17.70358657836914,2000
2007-06-19,24.0,24.0,24.0,24.0,17.747949600219727,100
2007-06-20,24.0,24.0,24.0,24.0,17.747949600219727,0
2007-06-21,24.0,24.0,24.0,24.0,17.747949600219727,0
2007-06-22,24.0,24.0,24.0,24.0,17.747949600219727,0
2007-06-25,23.920000076293945,23.920000076293945,23.760000228881836,23.899999618530273,17.67399024963379,5100
2007-06-26,23.899999618530273,23.899999618530273,23.899999618530273,23.899999618530273,17.67399024963379,0
2007-06-27,23.809999465942383,23.850000381469727,23.68000030517578,23.850000381469727,17.63701820373535,3100
2007-06-28,23.850000381469727,23.850000381469727,23.850000381469727,23.850000381469727,17.63701820373535,0
2007-06-29,23.809999465942383,23.809999465942383,23.809999465942383,23.809999465942383,17.607444763183594,200
2007-07-02,23.809999465942383,23.809999465942383,23.809999465942383,23.809999465942383,17.607444763183594,0
2007-07-03,23.809999465942383,23.809999465942383,23.809999465942383,23.809999465942383,17.607444763183594,0
2007-07-05,23.809999465942383,23.809999465942383,23.809999465942383,23.809999465942383,17.607444763183594,0
2007-07-06,23.850000381469727,23.850000381469727,23.850000381469727,23.850000381469727,17.63701820373535,2000
2007-07-09,23.850000381469727,23.850000381469727,23.850000381469727,23.850000381469727,17.63701820373535,0
2007-07-10,24.0,24.0,23.989999771118164,24.0,17.747949600219727,300
2007-07-11,24.0,24.0,24.0,24.0,17.838621139526367,0
2007-07-12,23.899999618530273,23.899999618530273,23.899999618530273,23.899999618530273,17.76430320739746,9900
2007-07-13,24.149999618530273,24.25,24.149999618530273,24.25,18.024446487426758,1000
2007-07-16,24.149999618530273,24.190000534057617,24.049999237060547,24.190000534057617,17.979848861694336,600
2007-07-17,24.190000534057617,24.190000534057617,24.190000534057617,24.190000534057617,17.979848861694336,0
2007-07-18,24.190000534057617,24.190000534057617,24.190000534057617,24.190000534057617,17.979848861694336,0
2007-07-19,24.139999389648438,24.139999389648438,24.0,24.0,17.838621139526367,600
2007-07-20,24.0,24.0,24.0,24.0,17.838621139526367,0
2007-07-23,24.0,24.0,24.0,24.0,17.838621139526367,0
2007-07-24,23.899999618530273,23.950000762939453,23.899999618530273,23.950000762939453,17.80145835876465,200
2007-07-25,23.850000381469727,23.850000381469727,23.700000762939453,23.75,17.65280532836914,4200
2007-07-26,23.700000762939453,23.700000762939453,23.579999923706055,23.59000015258789,17.533889770507812,700
2007-07-27,23.59000015258789,23.59000015258789,23.59000015258789,23.59000015258789,17.533889770507812,0
2007-07-30,23.540000915527344,23.540000915527344,23.459999084472656,23.530000686645508,17.489286422729492,900
2007-07-31,23.469999313354492,23.469999313354492,23.469999313354492,23.469999313354492,17.44467544555664,100
2007-08-01,23.450000762939453,23.450000762939453,23.350000381469727,23.350000381469727,17.35549545288086,700
2007-08-02,23.3799991607666,23.399999618530273,23.3799991607666,23.399999618530273,17.392656326293945,200
2007-08-03,23.3700008392334,23.3700008392334,23.329999923706055,23.329999923706055,17.34063720703125,300
2007-08-06,23.360000610351562,23.399999618530273,23.200000762939453,23.399999618530273,17.392656326293945,1900
2007-08-07,23.350000381469727,23.350000381469727,23.309999465942383,23.309999465942383,17.325759887695312,400
2007-08-08,23.309999465942383,23.309999465942383,23.309999465942383,23.309999465942383,17.325759887695312,0
2007-08-09,23.260000228881836,23.260000228881836,23.079999923706055,23.079999923706055,17.154815673828125,1300
2007-08-10,23.1200008392334,23.1299991607666,23.1200008392334,23.1299991607666,17.191972732543945,500
2007-08-13,23.200000762939453,23.200000762939453,23.0,23.15999984741211,17.305553436279297,2300
2007-08-14,23.049999237060547,23.049999237060547,22.940000534057617,22.950000762939453,17.148643493652344,3800
2007-08-15,22.899999618530273,22.959999084472656,22.81999969482422,22.959999084472656,17.15611457824707,1300
2007-08-16,22.959999084472656,22.959999084472656,22.959999084472656,22.959999084472656,17.15611457824707,0
2007-08-17,22.959999084472656,22.959999084472656,22.959999084472656,22.959999084472656,17.15611457824707,0
2007-08-20,22.959999084472656,22.959999084472656,22.959999084472656,22.959999084472656,17.15611457824707,0
2007-08-21,22.959999084472656,22.959999084472656,22.959999084472656,22.959999084472656,17.15611457824707,0
2007-08-22,22.959999084472656,22.959999084472656,22.959999084472656,22.959999084472656,17.15611457824707,0
2007-08-23,23.049999237060547,23.149999618530273,22.920000076293945,23.149999618530273,17.298086166381836,3700
2007-08-24,23.149999618530273,23.149999618530273,23.149999618530273,23.149999618530273,17.298086166381836,0
2007-08-27,23.0,23.100000381469727,22.75,23.100000381469727,17.26072120666504,3900
2007-08-28,23.100000381469727,23.100000381469727,23.100000381469727,23.100000381469727,17.26072120666504,0
2007-08-29,23.100000381469727,23.100000381469727,23.100000381469727,23.100000381469727,17.26072120666504,0
2007-08-30,22.950000762939453,23.200000762939453,22.950000762939453,23.200000762939453,17.33543586730957,400
2007-08-31,23.200000762939453,23.200000762939453,23.200000762939453,23.200000762939453,17.33543586730957,0
2007-09-04,23.200000762939453,23.200000762939453,23.200000762939453,23.200000762939453,17.33543586730957,0
2007-09-05,23.149999618530273,23.149999618530273,23.149999618530273,23.149999618530273,17.298086166381836,100
2007-09-06,23.149999618530273,23.149999618530273,23.149999618530273,23.149999618530273,17.298086166381836,0
2007-09-07,23.0,23.0,23.0,23.0,17.186006546020508,500
2007-09-10,23.049999237060547,23.049999237060547,23.049999237060547,23.049999237060547,17.22335433959961,100
2007-09-11,23.100000381469727,23.25,23.100000381469727,23.25,17.372804641723633,1000
2007-09-12,23.049999237060547,23.049999237060547,23.049999237060547,23.049999237060547,17.317209243774414,500
2007-09-13,23.020000457763672,23.049999237060547,22.649999618530273,22.649999618530273,17.01669692993164,3600
2007-09-14,22.649999618530273,22.649999618530273,22.649999618530273,22.649999618530273,17.01669692993164,0
2007-09-17,22.6299991607666,22.6299991607666,22.450000762939453,22.450000762939453,16.866426467895508,1000
2007-09-18,22.450000762939453,22.450000762939453,22.450000762939453,22.450000762939453,16.866426467895508,0
2007-09-19,22.450000762939453,22.450000762939453,22.450000762939453,22.450000762939453,16.866426467895508,0
2007-09-20,22.450000762939453,22.450000762939453,22.450000762939453,22.450000762939453,16.866426467895508,0
2007-09-21,22.469999313354492,22.469999313354492,22.079999923706055,22.25,16.716176986694336,2400
2007-09-24,22.25,22.25,22.25,22.25,16.716176986694336,0
2007-09-25,22.149999618530273,22.25,22.149999618530273,22.25,16.716176986694336,400
2007-09-26,22.270000457763672,22.329999923706055,22.270000457763672,22.329999923706055,16.776275634765625,500
2007-09-27,22.350000381469727,22.389999389648438,22.190000534057617,22.270000457763672,16.731197357177734,2000
2007-09-28,22.299999237060547,22.299999237060547,22.239999771118164,22.239999771118164,16.708662033081055,1200
2007-10-01,22.270000457763672,22.3799991607666,22.270000457763672,22.3799991607666,16.81385040283203,1200
2007-10-02,22.3799991607666,22.3799991607666,22.3799991607666,22.3799991607666,16.81385040283203,0
2007-10-03,22.3799991607666,22.3799991607666,22.3799991607666,22.3799991607666,16.81385040283203,0
2007-10-04,22.399999618530273,22.420000076293945,22.299999237060547,22.299999237060547,16.75374412536621,700
2007-10-05,22.25,22.280000686645508,22.200000762939453,22.200000762939453,16.678611755371094,600
2007-10-08,22.200000762939453,22.200000762939453,22.200000762939453,22.200000762939453,16.678611755371094,0
2007-10-09,22.18000030517578,22.18000030517578,21.969999313354492,22.0,16.52836036682129,7200
2007-10-10,22.049999237060547,22.049999237060547,21.899999618530273,21.989999771118164,16.520837783813477,3100
2007-10-11,21.899999618530273,21.899999618530273,21.8799991607666,21.8799991607666,16.43820571899414,900
2007-10-12,21.979999542236328,21.979999542236328,21.979999542236328,21.979999542236328,16.51331901550293,200
2007-10-15,21.979999542236328,21.979999542236328,21.979999542236328,21.979999542236328,16.610807418823242,0
2007-10-16,21.899999618530273,22.0,21.899999618530273,21.979999542236328,16.610807418823242,1300
2007-10-17,21.979999542236328,21.979999542236328,21.979999542236328,21.979999542236328,16.610807418823242,0
2007-10-18,21.979999542236328,21.979999542236328,21.979999542236328,21.979999542236328,16.610807418823242,0
2007-10-19,22.049999237060547,22.049999237060547,22.049999237060547,22.049999237060547,16.66370964050293,100
2007-10-22,22.0,22.0,21.969999313354492,21.969999313354492,16.603254318237305,1000
2007-10-23,22.020000457763672,22.15999984741211,22.0,22.0,16.62594223022461,3100
2007-10-24,22.049999237060547,22.149999618530273,21.5,22.149999618530273,16.73929786682129,148600
2007-10-25,22.100000381469727,22.100000381469727,21.959999084472656,21.959999084472656,16.595705032348633,2000
2007-10-26,21.959999084472656,21.959999084472656,21.959999084472656,21.959999084472656,16.595705032348633,0
2007-10-29,21.959999084472656,21.959999084472656,21.959999084472656,21.959999084472656,16.595705032348633,0
2007-10-30,21.899999618530273,21.899999618530273,21.68000030517578,21.68000030517578,16.384103775024414,2000
2007-10-31,21.670000076293945,21.670000076293945,21.670000076293945,21.670000076293945,16.376544952392578,400
2007-11-01,21.670000076293945,21.670000076293945,21.670000076293945,21.670000076293945,16.376544952392578,200
2007-11-02,21.549999237060547,21.549999237060547,20.799999237060547,21.270000457763672,16.074243545532227,14700
2007-11-05,21.270000457763672,21.270000457763672,21.270000457763672,21.270000457763672,16.074243545532227,0
2007-11-06,21.270000457763672,21.270000457763672,21.270000457763672,21.270000457763672,16.074243545532227,0
2007-11-07,21.200000762939453,21.200000762939453,21.200000762939453,21.200000762939453,16.02134895324707,200
2007-11-08,21.100000381469727,21.100000381469727,20.899999618530273,20.899999618530273,15.794641494750977,700
2007-11-09,20.809999465942383,20.850000381469727,20.809999465942383,20.850000381469727,15.756851196289062,400
2007-11-12,20.950000762939453,20.950000762939453,20.940000534057617,20.950000762939453,15.83242130279541,700
2007-11-13,20.860000610351562,20.920000076293945,20.850000381469727,20.920000076293945,15.809749603271484,300
2007-11-14,21.0,21.0,21.0,21.0,15.870206832885742,2100
2007-11-15,20.950000762939453,21.100000381469727,20.950000762939453,21.010000228881836,15.96902084350586,5700
2007-11-16,21.100000381469727,21.149999618530273,21.100000381469727,21.149999618530273,16.075428009033203,1900
2007-11-19,21.239999771118164,21.239999771118164,20.989999771118164,21.0,15.96141529083252,6500
2007-11-20,20.90999984741211,21.0,20.75,21.0,15.96141529083252,2500
2007-11-21,21.0,21.0,21.0,21.0,15.96141529083252,700
2007-11-23,20.90999984741211,20.90999984741211,20.90999984741211,20.90999984741211,15.893022537231445,200
2007-11-26,21.0,21.0,21.0,21.0,15.96141529083252,100
2007-11-27,21.0,21.0,20.709999084472656,20.790000915527344,15.801801681518555,5500
2007-11-28,20.950000762939453,21.049999237060547,20.860000610351562,21.049999237060547,15.999424934387207,11400
2007-11-29,21.0,21.0,20.100000381469727,20.34000015258789,15.459773063659668,13900
2007-11-30,20.200000762939453,20.700000762939453,20.200000762939453,20.700000762939453,15.733389854431152,5600
2007-12-03,20.65999984741211,21.0,20.639999389648438,20.729999542236328,15.756207466125488,15900
2007-12-04,20.6200008392334,20.690000534057617,20.600000381469727,20.690000534057617,15.725802421569824,2800
2007-12-05,20.799999237060547,20.809999465942383,20.700000762939453,20.700000762939453,15.733389854431152,2700
2007-12-06,20.799999237060547,20.889999389648438,20.6200008392334,20.75,15.771391868591309,4800
2007-12-07,20.760000228881836,20.940000534057617,20.75,20.84000015258789,15.83980655670166,5600
2007-12-10,20.75,20.790000915527344,20.299999237060547,20.729999542236328,15.756207466125488,21400
2007-12-11,20.690000534057617,20.709999084472656,20.649999618530273,20.649999618530273,15.695395469665527,1400
2007-12-12,20.559999465942383,20.559999465942383,20.299999237060547,20.299999237060547,15.42936897277832,2800
2007-12-13,20.200000762939453,20.209999084472656,19.959999084472656,20.059999465942383,15.246955871582031,4300
2007-12-14,20.020000457763672,20.020000457763672,19.889999389648438,20.0,15.286693572998047,2300
2007-12-17,19.899999618530273,19.899999618530273,19.549999237060547,19.549999237060547,14.942741394042969,1300
2007-12-18,19.649999618530273,19.709999084472656,19.600000381469727,19.600000381469727,14.98096752166748,1000
2007-12-19,19.5,19.600000381469727,19.5,19.510000228881836,14.912179946899414,4500
2007-12-20,19.479999542236328,19.489999771118164,19.149999618530273,19.25,14.713444709777832,4000
2007-12-21,19.25,19.399999618530273,19.200000762939453,19.200000762939453,14.675239562988281,3700
2007-12-24,19.239999771118164,19.399999618530273,19.239999771118164,19.399999618530273,14.828091621398926,2200
2007-12-26,19.5,19.5,19.350000381469727,19.350000381469727,14.789885520935059,1000
2007-12-27,19.25,19.450000762939453,19.110000610351562,19.299999237060547,14.751670837402344,4400
2007-12-28,19.389999389648438,19.700000762939453,19.389999389648438,19.610000610351562,14.988602638244629,9900
2007-12-31,19.600000381469727,19.610000610351562,19.600000381469727,19.600000381469727,14.98096752166748,2200
2008-01-02,19.610000610351562,19.950000762939453,19.610000610351562,19.950000762939453,15.248476028442383,24100
2008-01-03,20.079999923706055,20.6299991607666,19.950000762939453,20.510000228881836,15.67650032043457,6300
2008-01-04,20.649999618530273,21.399999618530273,20.649999618530273,21.190000534057617,16.196258544921875,17200
2008-01-07,21.190000534057617,21.190000534057617,21.0,21.0,16.051034927368164,1000
2008-01-08,21.139999389648438,21.139999389648438,20.350000381469727,21.0,16.051034927368164,6800
2008-01-09,20.799999237060547,20.950000762939453,20.799999237060547,20.899999618530273,15.97459602355957,1600
2008-01-10,21.040000915527344,21.709999084472656,20.950000762939453,21.309999465942383,16.28797149658203,2700
2008-01-11,21.420000076293945,21.420000076293945,21.200000762939453,21.200000762939453,16.20389747619629,7000
2008-01-14,21.200000762939453,21.520000457763672,21.200000762939453,21.25,16.329923629760742,6000
2008-01-15,21.200000762939453,21.200000762939453,20.950000762939453,20.969999313354492,16.11475944519043,5000
2008-01-16,21.149999618530273,21.239999771118164,20.899999618530273,20.899999618530273,16.060964584350586,7300
2008-01-17,21.100000381469727,21.100000381469727,20.899999618530273,20.899999618530273,16.060964584350586,1200
2008-01-18,20.899999618530273,21.190000534057617,20.68000030517578,20.940000534057617,16.091707229614258,20000
2008-01-22,20.799999237060547,21.0,20.770000457763672,21.0,16.137807846069336,3500
2008-01-23,21.149999618530273,21.600000381469727,20.299999237060547,20.299999237060547,15.599884033203125,13400
2008-01-24,20.200000762939453,20.459999084472656,19.979999542236328,19.979999542236328,15.353982925415039,5900
2008-01-25,19.850000381469727,19.950000762939453,19.690000534057617,19.920000076293945,15.307865142822266,4000
2008-01-28,19.84000015258789,20.100000381469727,19.84000015258789,19.889999389648438,15.284796714782715,5900
2008-01-29,20.0,20.239999771118164,19.729999542236328,19.84000015258789,15.246387481689453,21800
2008-01-30,20.020000457763672,20.229999542236328,19.860000610351562,19.959999084472656,15.338613510131836,11900
2008-01-31,20.100000381469727,20.1299991607666,19.770000457763672,20.0,15.369345664978027,4700
2008-02-01,20.149999618530273,20.440000534057617,20.049999237060547,20.229999542236328,15.546096801757812,14200
2008-02-04,20.149999618530273,20.18000030517578,19.959999084472656,20.049999237060547,15.407761573791504,3400
2008-02-05,20.18000030517578,20.399999618530273,20.0,20.350000381469727,15.638315200805664,8600
2008-02-06,20.350000381469727,20.350000381469727,20.239999771118164,20.239999771118164,15.553779602050781,400
2008-02-07,20.239999771118164,20.239999771118164,20.239999771118164,20.239999771118164,15.553779602050781,0
2008-02-08,20.350000381469727,20.350000381469727,20.270000457763672,20.309999465942383,15.607569694519043,400
2008-02-11,20.229999542236328,20.25,20.229999542236328,20.25,15.561470031738281,400
2008-02-12,20.270000457763672,20.489999771118164,20.270000457763672,20.489999771118164,15.745890617370605,4000
2008-02-13,20.489999771118164,20.850000381469727,20.450000762939453,20.84000015258789,16.092605590820312,3900
2008-02-14,20.709999084472656,21.209999084472656,19.65999984741211,20.450000762939453,15.791447639465332,10800
2008-02-15,20.600000381469727,21.479999542236328,20.5,20.950000762939453,16.17755126953125,17700
2008-02-19,21.059999465942383,21.549999237060547,20.729999542236328,20.860000610351562,16.108060836791992,14600
2008-02-20,20.989999771118164,21.399999618530273,20.829999923706055,21.190000534057617,16.362882614135742,2500
2008-02-21,21.200000762939453,21.200000762939453,21.200000762939453,21.200000762939453,16.370588302612305,800
2008-02-22,21.049999237060547,21.079999923706055,20.829999923706055,21.079999923706055,16.2779483795166,1800
2008-02-25,21.219999313354492,21.489999771118164,21.219999313354492,21.309999465942383,16.455547332763672,2300
2008-02-26,21.260000228881836,21.260000228881836,21.260000228881836,21.260000228881836,16.416934967041016,1000
2008-02-27,21.3700008392334,21.3700008392334,20.329999923706055,20.579999923706055,15.891830444335938,13300
2008-02-28,20.579999923706055,20.579999923706055,20.479999542236328,20.479999542236328,15.814624786376953,200
2008-02-29,20.479999542236328,20.479999542236328,20.479999542236328,20.479999542236328,15.814624786376953,200
2008-03-03,20.479999542236328,20.479999542236328,20.479999542236328,20.479999542236328,15.814624786376953,0
2008-03-04,20.399999618530273,20.399999618530273,19.860000610351562,20.040000915527344,15.474859237670898,2200
2008-03-05,19.899999618530273,19.899999618530273,19.520000457763672,19.579999923706055,15.119643211364746,2200
2008-03-06,19.649999618530273,19.690000534057617,19.5,19.5,15.057857513427734,1600
2008-03-07,18.6200008392334,19.5,18.56999969482422,19.5,15.057857513427734,2400
2008-03-10,19.5,19.5,19.5,19.5,15.057857513427734,0
2008-03-11,19.360000610351562,19.510000228881836,19.229999542236328,19.510000228881836,15.065590858459473,2600
2008-03-12,19.459999084472656,19.459999084472656,19.31999969482422,19.31999969482422,14.975678443908691,1200
2008-03-13,19.25,19.25,19.040000915527344,19.040000915527344,14.758641242980957,1000
2008-03-14,18.850000381469727,18.850000381469727,18.59000015258789,18.610000610351562,14.42533016204834,7900
2008-03-17,18.510000228881836,18.510000228881836,17.860000610351562,17.940000534057617,13.905982971191406,5500
2008-03-18,18.0,18.329999923706055,18.0,18.25,14.146273612976074,9100
2008-03-19,18.280000686645508,18.690000534057617,18.280000686645508,18.5,14.34006404876709,13600
2008-03-20,18.5,18.690000534057617,18.5,18.5,14.34006404876709,11700
2008-03-24,18.3799991607666,18.649999618530273,18.31999969482422,18.5,14.34006404876709,8800
2008-03-25,18.600000381469727,19.079999923706055,18.600000381469727,18.979999542236328,14.71212387084961,11800
2008-03-26,18.899999618530273,19.100000381469727,18.790000915527344,19.079999923706055,14.789648056030273,12400
2008-03-27,19.15999984741211,19.219999313354492,19.020000457763672,19.09000015258789,14.797379493713379,3900
2008-03-28,19.09000015258789,19.09000015258789,19.09000015258789,19.09000015258789,14.797379493713379,100
2008-03-31,19.09000015258789,19.34000015258789,18.889999389648438,18.889999389648438,14.642362594604492,8200
2008-04-01,18.979999542236328,19.190000534057617,18.850000381469727,18.850000381469727,14.61136245727539,4600
2008-04-02,18.950000762939453,19.479999542236328,18.950000762939453,19.1200008392334,14.82064437866211,6800
2008-04-03,19.200000762939453,19.200000762939453,19.200000762939453,19.200000762939453,14.882658004760742,600
2008-04-04,19.299999237060547,19.690000534057617,19.299999237060547,19.299999237060547,14.960174560546875,6900
2008-04-07,19.309999465942383,19.459999084472656,19.290000915527344,19.31999969482422,14.975678443908691,4000
2008-04-08,19.420000076293945,19.5,19.219999313354492,19.399999618530273,15.037680625915527,7400
2008-04-09,19.5,19.549999237060547,19.3799991607666,19.3799991607666,15.02218246459961,2900
2008-04-10,19.3799991607666,19.3799991607666,19.3799991607666,19.3799991607666,15.075855255126953,0
2008-04-11,19.540000915527344,19.540000915527344,19.309999465942383,19.31999969482422,15.029181480407715,300
2008-04-14,19.219999313354492,19.40999984741211,19.059999465942383,19.059999465942383,14.826923370361328,1500
2008-04-15,19.15999984741211,19.559999465942383,19.15999984741211,19.270000457763672,14.990285873413086,12000
2008-04-16,19.200000762939453,19.450000762939453,19.200000762939453,19.200000762939453,14.935834884643555,9400
2008-04-17,19.309999465942383,19.5,19.25,19.440000534057617,15.122538566589355,3000
2008-04-18,19.40999984741211,19.700000762939453,19.40999984741211,19.489999771118164,15.161423683166504,3400
2008-04-21,19.389999389648438,19.59000015258789,19.389999389648438,19.399999618530273,15.091410636901855,2300
2008-04-22,19.5,19.940000534057617,19.399999618530273,19.5,15.169195175170898,4800
2008-04-23,19.5,19.799999237060547,19.5,19.799999237060547,15.402572631835938,1800
2008-04-24,19.809999465942383,19.81999969482422,19.799999237060547,19.799999237060547,15.402572631835938,400
2008-04-25,19.899999618530273,20.049999237060547,19.899999618530273,20.049999237060547,15.5970458984375,1000
2008-04-28,20.049999237060547,20.049999237060547,20.049999237060547,20.049999237060547,15.5970458984375,400
2008-04-29,20.049999237060547,20.049999237060547,19.799999237060547,19.799999237060547,15.402572631835938,1500
2008-04-30,19.889999389648438,20.020000457763672,19.860000610351562,19.989999771118164,15.550371170043945,1100
2008-05-01,20.040000915527344,20.09000015258789,20.040000915527344,20.09000015258789,15.628179550170898,1600
2008-05-02,20.190000534057617,20.350000381469727,20.190000534057617,20.299999237060547,15.791522026062012,2800
2008-05-05,20.299999237060547,20.299999237060547,20.299999237060547,20.299999237060547,15.791522026062012,0
2008-05-06,20.299999237060547,20.299999237060547,20.299999237060547,20.299999237060547,15.791522026062012,0
2008-05-07,20.299999237060547,20.299999237060547,20.299999237060547,20.299999237060547,15.791522026062012,0
2008-05-08,20.239999771118164,20.239999771118164,20.09000015258789,20.09000015258789,15.628179550170898,600
2008-05-09,20.0,20.0,20.0,20.0,15.558154106140137,600
2008-05-12,20.0,20.0,20.0,20.0,15.610445022583008,0
2008-05-13,19.899999618530273,19.899999618530273,19.899999618530273,19.899999618530273,15.53239917755127,300
2008-05-14,19.899999618530273,19.899999618530273,19.899999618530273,19.899999618530273,15.53239917755127,700
2008-05-15,19.899999618530273,19.899999618530273,19.899999618530273,19.899999618530273,15.53239917755127,0
2008-05-16,19.850000381469727,19.899999618530273,19.850000381469727,19.899999618530273,15.53239917755127,1700
2008-05-19,19.899999618530273,19.899999618530273,19.899999618530273,19.899999618530273,15.53239917755127,0
2008-05-20,20.0,20.0,20.0,20.0,15.610445022583008,200
2008-05-21,19.920000076293945,19.920000076293945,19.889999389648438,19.889999389648438,15.524592399597168,200
2008-05-22,19.809999465942383,19.809999465942383,19.809999465942383,19.809999465942383,15.462152481079102,200
2008-05-23,19.809999465942383,19.809999465942383,19.809999465942383,19.809999465942383,15.462152481079102,0
2008-05-27,19.809999465942383,19.809999465942383,19.809999465942383,19.809999465942383,15.462152481079102,0
2008-05-28,19.799999237060547,19.799999237060547,19.549999237060547,19.760000228881836,15.423129081726074,3400
2008-05-29,19.899999618530273,19.899999618530273,19.899999618530273,19.899999618530273,15.53239917755127,500
2008-05-30,20.0,20.0,19.920000076293945,19.920000076293945,15.548014640808105,2100
2008-06-02,19.920000076293945,19.920000076293945,19.920000076293945,19.920000076293945,15.548014640808105,0
2008-06-03,19.829999923706055,19.829999923706055,19.670000076293945,19.829999923706055,15.477762222290039,8000
2008-06-04,19.760000228881836,19.899999618530273,19.700000762939453,19.700000762939453,15.37629222869873,2200
2008-06-05,19.75,19.93000030517578,19.700000762939453,19.700000762939453,15.37629222869873,7700
2008-06-06,19.799999237060547,19.899999618530273,19.799999237060547,19.899999618530273,15.53239917755127,1100
2008-06-09,19.899999618530273,19.899999618530273,19.899999618530273,19.899999618530273,15.53239917755127,0
2008-06-10,20.0,20.0,20.0,20.0,15.610445022583008,1700
2008-06-11,20.0,20.0,20.0,20.0,15.662124633789062,0
2008-06-12,20.030000686645508,20.030000686645508,20.030000686645508,20.030000686645508,15.685632705688477,100
2008-06-13,20.030000686645508,20.030000686645508,20.030000686645508,20.030000686645508,15.685632705688477,0
2008-06-16,19.93000030517578,19.93000030517578,19.799999237060547,19.799999237060547,15.505517959594727,700
2008-06-17,19.799999237060547,19.799999237060547,19.799999237060547,19.799999237060547,15.505517959594727,0
2008-06-18,19.899999618530273,19.899999618530273,19.809999465942383,19.899999618530273,15.58382511138916,1000
2008-06-19,19.799999237060547,19.799999237060547,19.709999084472656,19.709999084472656,15.435036659240723,1000
2008-06-20,19.6299991607666,19.6299991607666,19.420000076293945,19.420000076293945,15.207940101623535,2000
2008-06-23,19.5,19.600000381469727,19.5,19.600000381469727,15.348894119262695,1700
2008-06-24,19.5,19.5,19.260000228881836,19.299999237060547,15.113960266113281,4000
2008-06-25,19.3700008392334,19.40999984741211,19.3700008392334,19.40999984741211,15.200092315673828,300
2008-06-26,19.40999984741211,19.40999984741211,19.40999984741211,19.40999984741211,15.200092315673828,0
2008-06-27,19.40999984741211,19.40999984741211,19.40999984741211,19.40999984741211,15.200092315673828,0
2008-06-30,19.309999465942383,19.309999465942383,18.850000381469727,18.850000381469727,14.761567115783691,1100
2008-07-01,18.889999389648438,19.110000610351562,18.8799991607666,18.8799991607666,14.78505802154541,4100
2008-07-02,18.979999542236328,19.649999618530273,18.979999542236328,19.239999771118164,15.066972732543945,12600
2008-07-03,19.329999923706055,19.399999618530273,18.270000457763672,18.329999923706055,14.354341506958008,5300
2008-07-07,18.600000381469727,19.299999237060547,18.399999618530273,18.399999618530273,14.409168243408203,6000
2008-07-08,18.5,19.0,18.5,19.0,14.87903118133545,1100
2008-07-09,19.190000534057617,19.5,18.700000762939453,18.950000762939453,14.839879035949707,5800
2008-07-10,18.979999542236328,19.25,18.979999542236328,19.049999237060547,14.971920013427734,700
2008-07-11,18.950000762939453,19.049999237060547,18.350000381469727,18.350000381469727,14.421753883361816,17300
2008-07-14,18.389999389648438,18.389999389648438,18.299999237060547,18.329999923706055,14.406036376953125,4700
2008-07-15,18.43000030517578,18.43000030517578,18.43000030517578,18.43000030517578,14.484634399414062,100
2008-07-16,18.329999923706055,19.25,17.799999237060547,18.899999618530273,14.85401725769043,17200
2008-07-17,18.799999237060547,18.799999237060547,17.8799991607666,18.700000762939453,14.696829795837402,7500
2008-07-18,18.600000381469727,19.200000762939453,18.280000686645508,18.920000076293945,14.869732856750488,8800
2008-07-21,18.920000076293945,19.1200008392334,18.420000076293945,18.979999542236328,14.916893005371094,5400
2008-07-22,18.979999542236328,18.979999542236328,18.979999542236328,18.979999542236328,14.916893005371094,0
2008-07-23,19.040000915527344,19.420000076293945,16.940000534057617,18.600000381469727,14.618252754211426,7600
2008-07-24,18.600000381469727,19.549999237060547,18.600000381469727,18.899999618530273,14.85401725769043,12200
2008-07-25,18.940000534057617,19.450000762939453,18.799999237060547,19.0,14.932612419128418,7600
2008-07-28,19.09000015258789,19.25,18.700000762939453,19.0,14.932612419128418,10900
2008-07-29,19.040000915527344,19.450000762939453,18.889999389648438,19.049999237060547,14.971920013427734,6300
2008-07-30,19.149999618530273,19.770000457763672,19.049999237060547,19.25,15.129096984863281,21600
2008-07-31,19.190000534057617,19.350000381469727,18.799999237060547,19.0,14.932612419128418,8900
2008-08-01,19.100000381469727,19.540000915527344,19.100000381469727,19.209999084472656,15.097665786743164,4500
2008-08-04,19.219999313354492,19.219999313354492,18.950000762939453,19.040000915527344,14.964061737060547,1600
2008-08-05,19.040000915527344,19.040000915527344,19.040000915527344,19.040000915527344,14.964061737060547,0
2008-08-06,19.059999465942383,19.170000076293945,18.75,18.75,14.73613452911377,8800
2008-08-07,18.84000015258789,19.229999542236328,18.729999542236328,18.780000686645508,14.7597017288208,8100
2008-08-08,18.8799991607666,19.399999618530273,18.559999465942383,18.559999465942383,14.586807250976562,14200
2008-08-11,18.65999984741211,18.850000381469727,18.350000381469727,18.559999465942383,14.586807250976562,8100
2008-08-12,18.579999923706055,18.889999389648438,18.239999771118164,18.739999771118164,14.78325080871582,6000
2008-08-13,18.639999389648438,18.639999389648438,18.260000228881836,18.43000030517578,14.538683891296387,11000
2008-08-14,18.3799991607666,18.3799991607666,18.329999923706055,18.329999923706055,14.459792137145996,200
2008-08-15,18.43000030517578,18.760000228881836,16.829999923706055,18.299999237060547,14.436132431030273,3200
2008-08-18,18.350000381469727,18.549999237060547,18.309999465942383,18.40999984741211,14.522910118103027,2800
2008-08-19,18.5,18.649999618530273,18.450000762939453,18.450000762939453,14.554462432861328,3600
2008-08-20,18.350000381469727,18.489999771118164,18.149999618530273,18.209999084472656,14.36513614654541,9500
2008-08-21,18.200000762939453,18.309999465942383,18.200000762939453,18.299999237060547,14.436132431030273,2000
2008-08-22,18.399999618530273,18.399999618530273,18.200000762939453,18.280000686645508,14.420348167419434,5300
2008-08-25,18.3700008392334,18.75,18.3700008392334,18.639999389648438,14.704341888427734,6000
2008-08-26,18.549999237060547,18.549999237060547,18.219999313354492,18.510000228881836,14.601792335510254,3900
2008-08-27,18.510000228881836,18.510000228881836,18.510000228881836,18.510000228881836,14.601792335510254,0
2008-08-28,18.510000228881836,18.510000228881836,18.510000228881836,18.510000228881836,14.601792335510254,0
2008-08-29,18.510000228881836,18.510000228881836,18.510000228881836,18.510000228881836,14.601792335510254,0
2008-09-02,18.610000610351562,18.610000610351562,18.200000762939453,18.299999237060547,14.436132431030273,8700
2008-09-03,18.389999389648438,18.399999618530273,18.389999389648438,18.399999618530273,14.51502513885498,300
2008-09-04,18.40999984741211,18.75,18.40999984741211,18.600000381469727,14.67280101776123,900
2008-09-05,18.639999389648438,18.700000762939453,18.639999389648438,18.700000762939453,14.75167465209961,500
2008-09-08,18.799999237060547,19.399999618530273,18.799999237060547,19.030000686645508,15.012001991271973,17300
2008-09-09,19.049999237060547,19.1299991607666,18.93000030517578,19.010000228881836,14.996222496032715,700
2008-09-10,18.940000534057617,19.020000457763672,18.84000015258789,19.020000457763672,15.058775901794434,2900
2008-09-11,18.809999465942383,19.270000457763672,18.600000381469727,18.75,14.845004081726074,3200
2008-09-12,18.649999618530273,19.18000030517578,18.299999237060547,18.299999237060547,14.488715171813965,17800
2008-09-15,18.0,18.290000915527344,17.200000762939453,17.200000762939453,13.61781120300293,12500
2008-09-16,17.229999542236328,17.229999542236328,16.5,16.5,13.063602447509766,4000
2008-09-17,16.200000762939453,16.200000762939453,15.25,15.949999809265137,12.628148078918457,1000
2008-09-18,15.699999809265137,17.639999389648438,15.5,17.399999618530273,13.776165008544922,26200
2008-09-19,16.899999618530273,18.5,16.399999618530273,17.950000762939453,14.21161937713623,8500
2008-09-22,18.0,18.200000762939453,16.829999923706055,18.200000762939453,14.409554481506348,12000
2008-09-23,18.299999237060547,18.700000762939453,17.149999618530273,17.600000381469727,13.934516906738281,7500
2008-09-24,17.399999618530273,17.579999923706055,17.399999618530273,17.579999923706055,13.91867446899414,300
2008-09-25,17.239999771118164,17.239999771118164,16.690000534057617,17.0,13.45946979522705,3600
2008-09-26,17.100000381469727,17.200000762939453,17.09000015258789,17.200000762939453,13.61781120300293,500
2008-09-29,17.0,17.0,16.1299991607666,16.59000015258789,13.134855270385742,5400
2008-09-30,16.489999771118164,16.489999771118164,16.200000762939453,16.280000686645508,12.889419555664062,4900
2008-10-01,16.399999618530273,17.610000610351562,16.0,16.950000762939453,13.419881820678711,7700
2008-10-02,17.100000381469727,17.600000381469727,16.600000381469727,17.100000381469727,13.538650512695312,11900
2008-10-03,17.299999237060547,17.459999084472656,16.510000228881836,16.549999237060547,13.103196144104004,2100
2008-10-06,16.799999237060547,16.799999237060547,15.949999809265137,16.149999618530273,12.786492347717285,1000
2008-10-07,16.0,16.0,15.8100004196167,15.8100004196167,12.517308235168457,1500
2008-10-08,15.460000038146973,15.609999656677246,15.460000038146973,15.609999656677246,12.35896110534668,4600
2008-10-09,15.050000190734863,16.600000381469727,15.050000190734863,15.789999961853027,12.556979179382324,8500
2008-10-10,15.890000343322754,17.09000015258789,15.6899995803833,15.6899995803833,12.47745418548584,8200
2008-10-13,15.59000015258789,15.789999961853027,14.800000190734863,15.789999961853027,12.556979179382324,4100
2008-10-14,15.890000343322754,16.40999984741211,15.4399995803833,16.010000228881836,12.731931686401367,5600
2008-10-15,16.110000610351562,16.889999389648438,14.869999885559082,16.09000015258789,12.795551300048828,8500
2008-10-16,16.360000610351562,17.040000915527344,15.25,16.040000915527344,12.755790710449219,16200
2008-10-17,15.9399995803833,15.9399995803833,15.9399995803833,15.9399995803833,12.67625904083252,100
2008-10-20,16.139999389648438,17.049999237060547,15.9399995803833,17.049999237060547,13.55899429321289,11800
2008-10-21,16.799999237060547,18.040000915527344,16.799999237060547,17.75,14.1156587600708,3500
2008-10-22,17.649999618530273,17.649999618530273,17.5,17.5,13.916849136352539,300
2008-10-23,17.600000381469727,18.399999618530273,17.299999237060547,17.479999542236328,13.900947570800781,11000
2008-10-24,17.09000015258789,17.489999771118164,17.010000228881836,17.489999771118164,13.908896446228027,2000
2008-10-27,17.549999237060547,17.549999237060547,17.389999389648438,17.5,13.916849136352539,800
2008-10-28,17.399999618530273,17.399999618530273,17.110000610351562,17.110000610351562,13.606703758239746,600
2008-10-29,17.299999237060547,17.299999237060547,17.209999084472656,17.299999237060547,13.757801055908203,1100
2008-10-30,17.25,17.25,17.0,17.0,13.5192289352417,600
2008-10-31,17.0,17.0,17.0,17.0,13.5192289352417,0
2008-11-03,17.09000015258789,17.09000015258789,17.09000015258789,17.09000015258789,13.590798377990723,100
2008-11-04,17.09000015258789,17.09000015258789,17.09000015258789,17.09000015258789,13.590798377990723,0
2008-11-05,17.030000686645508,17.030000686645508,17.030000686645508,17.030000686645508,13.543083190917969,100
2008-11-06,16.899999618530273,16.899999618530273,16.700000762939453,16.700000762939453,13.280653953552246,200
2008-11-07,16.799999237060547,16.799999237060547,16.799999237060547,16.799999237060547,13.360185623168945,100
2008-11-10,16.899999618530273,16.989999771118164,16.899999618530273,16.989999771118164,13.511280059814453,400
2008-11-11,16.989999771118164,16.989999771118164,16.989999771118164,16.989999771118164,13.511280059814453,0
2008-11-12,16.780000686645508,16.780000686645508,16.280000686645508,16.280000686645508,13.03024673461914,300
2008-11-13,16.280000686645508,16.280000686645508,16.280000686645508,16.280000686645508,13.03024673461914,0
2008-11-14,16.600000381469727,16.600000381469727,16.600000381469727,16.600000381469727,13.28637409210205,500
2008-11-17,16.899999618530273,16.899999618530273,16.799999237060547,16.84000015258789,13.478463172912598,1900
2008-11-18,16.799999237060547,16.799999237060547,16.510000228881836,16.510000228881836,13.214330673217773,300
2008-11-19,16.510000228881836,16.510000228881836,16.510000228881836,16.510000228881836,13.214330673217773,0
2008-11-20,16.40999984741211,16.40999984741211,16.40999984741211,16.40999984741211,13.134295463562012,100
2008-11-21,16.40999984741211,17.0,15.90999984741211,16.600000381469727,13.28637409210205,2600
2008-11-24,16.5,16.5,16.5,16.5,13.20632553100586,1000
2008-11-25,16.25,16.600000381469727,16.25,16.299999237060547,13.046248435974121,1500
2008-11-26,16.5,16.5,16.5,16.5,13.20632553100586,100
2008-11-28,16.600000381469727,16.739999771118164,16.600000381469727,16.739999771118164,13.398420333862305,700
2008-12-01,16.75,16.75,16.56999969482422,16.56999969482422,13.26236343383789,500
2008-12-02,16.670000076293945,16.950000762939453,16.670000076293945,16.950000762939453,13.566497802734375,1600
2008-12-03,16.950000762939453,17.25,16.950000762939453,17.25,13.80661678314209,2700
2008-12-04,17.350000381469727,19.68000030517578,16.399999618530273,17.799999237060547,14.246822357177734,4100
2008-12-05,17.700000762939453,18.25,17.700000762939453,18.149999618530273,14.526963233947754,1600
2008-12-08,18.049999237060547,18.100000381469727,18.0,18.100000381469727,14.486942291259766,700
2008-12-09,18.100000381469727,18.100000381469727,18.100000381469727,18.100000381469727,14.486942291259766,0
2008-12-10,18.0,18.5,18.0,18.0,14.450819969177246,2700
2008-12-11,17.799999237060547,18.299999237060547,17.799999237060547,18.299999237060547,14.691659927368164,1500
2008-12-12,18.299999237060547,18.299999237060547,18.299999237060547,18.299999237060547,14.691659927368164,400
2008-12-15,18.299999237060547,18.299999237060547,18.299999237060547,18.299999237060547,14.691659927368164,200
2008-12-16,18.299999237060547,18.299999237060547,18.299999237060547,18.299999237060547,14.691659927368164,800
2008-12-17,18.299999237060547,18.5,17.700000762939453,17.950000762939453,14.41067886352539,2900
2008-12-18,18.049999237060547,18.5,17.700000762939453,17.700000762939453,14.2099609375,1200
2008-12-19,17.799999237060547,17.799999237060547,17.799999237060547,17.799999237060547,14.290238380432129,300
2008-12-22,17.690000534057617,17.799999237060547,16.690000534057617,17.799999237060547,14.290238380432129,3200
2008-12-23,17.799999237060547,18.299999237060547,17.799999237060547,18.299999237060547,14.691659927368164,800
2008-12-24,18.299999237060547,18.299999237060547,18.299999237060547,18.299999237060547,14.691659927368164,0
2008-12-26,18.299999237060547,18.299999237060547,18.299999237060547,18.299999237060547,14.691659927368164,0
2008-12-29,18.299999237060547,18.299999237060547,18.299999237060547,18.299999237060547,14.691659927368164,0
2008-12-30,18.0,18.0,16.75,16.799999237060547,13.487434387207031,3300
2008-12-31,16.90999984741211,16.90999984741211,16.90999984741211,16.90999984741211,13.57574462890625,100
2009-01-02,16.90999984741211,16.90999984741211,16.90999984741211,16.90999984741211,13.57574462890625,0
2009-01-05,16.989999771118164,17.010000228881836,16.90999984741211,17.010000228881836,13.656027793884277,700
2009-01-06,17.010000228881836,17.059999465942383,17.010000228881836,17.059999465942383,13.6961669921875,500
2009-01-07,16.959999084472656,16.959999084472656,16.959999084472656,16.959999084472656,13.615889549255371,100
2009-01-08,16.959999084472656,16.959999084472656,16.959999084472656,16.959999084472656,13.615889549255371,0
2009-01-09,17.059999465942383,17.209999084472656,17.059999465942383,17.15999984741211,13.776448249816895,1100
2009-01-12,17.0,17.350000381469727,16.299999237060547,17.25,13.890788078308105,2300
2009-01-13,17.149999618530273,17.350000381469727,16.81999969482422,17.0,13.68947982788086,1100
2009-01-14,17.0,17.0,17.0,17.0,13.68947982788086,0
2009-01-15,16.959999084472656,17.06999969482422,16.959999084472656,17.06999969482422,13.745848655700684,200
2009-01-16,17.0,17.18000030517578,16.520000457763672,17.18000030517578,13.834418296813965,1300
2009-01-20,17.079999923706055,17.350000381469727,17.079999923706055,17.350000381469727,13.971315383911133,200
2009-01-21,17.450000762939453,18.290000915527344,17.290000915527344,17.290000915527344,13.923004150390625,1100
2009-01-22,17.190000534057617,17.690000534057617,17.190000534057617,17.399999618530273,14.011576652526855,500
2009-01-23,17.299999237060547,17.299999237060547,15.3100004196167,15.600000381469727,12.562108039855957,3300
2009-01-26,15.600000381469727,15.600000381469727,15.600000381469727,15.600000381469727,12.562108039855957,0
2009-01-27,16.149999618530273,17.18000030517578,16.149999618530273,17.18000030517578,13.834418296813965,1000
2009-01-28,18.149999618530273,18.25,17.75,17.950000762939453,14.454482078552246,1700
2009-01-29,17.850000381469727,18.299999237060547,17.850000381469727,18.299999237060547,14.736312866210938,500
2009-01-30,16.010000228881836,18.299999237060547,16.010000228881836,18.299999237060547,14.736312866210938,1500
2009-02-02,17.899999618530273,17.899999618530273,17.200000762939453,17.209999084472656,13.85858154296875,1000
2009-02-03,17.299999237060547,18.299999237060547,16.920000076293945,17.850000381469727,14.373944282531738,2400
2009-02-04,17.950000762939453,18.299999237060547,17.950000762939453,18.299999237060547,14.736312866210938,400
2009-02-05,18.0,18.0,17.600000381469727,17.600000381469727,14.172635078430176,200
2009-02-06,17.899999618530273,18.110000610351562,17.899999618530273,18.110000610351562,14.583320617675781,200
2009-02-09,17.809999465942383,18.0,17.450000762939453,18.0,14.494739532470703,300
2009-02-10,18.100000381469727,18.299999237060547,17.700000762939453,17.700000762939453,14.253155708312988,800
2009-02-11,17.760000228881836,18.200000762939453,17.559999465942383,18.200000762939453,14.683173179626465,600
2009-02-12,18.219999313354492,18.219999313354492,17.75,18.139999389648438,14.634757041931152,300
2009-02-13,18.139999389648438,18.139999389648438,18.139999389648438,18.139999389648438,14.634757041931152,0
2009-02-17,17.450000762939453,17.600000381469727,17.0,17.299999237060547,13.957077026367188,700
2009-02-18,17.600000381469727,18.229999542236328,17.600000381469727,17.850000381469727,14.400792121887207,1100
2009-02-19,17.850000381469727,18.200000762939453,16.75,17.700000762939453,14.279778480529785,2600
2009-02-20,17.399999618530273,17.399999618530273,17.100000381469727,17.100000381469727,13.795726776123047,200
2009-02-23,17.399999618530273,17.399999618530273,17.399999618530273,17.399999618530273,14.037751197814941,100
2009-02-24,17.100000381469727,17.100000381469727,16.100000381469727,16.100000381469727,12.9889554977417,2000
2009-02-25,16.399999618530273,16.489999771118164,15.899999618530273,16.489999771118164,13.303592681884766,600
2009-02-26,16.190000534057617,16.5,15.6899995803833,16.149999618530273,13.029292106628418,800
2009-02-27,15.899999618530273,16.450000762939453,15.899999618530273,16.450000762939453,13.271319389343262,400
2009-03-02,16.75,16.75,13.399999618530273,16.489999771118164,13.303592681884766,3700
2009-03-03,16.049999237060547,16.25,16.049999237060547,16.25,13.109976768493652,900
2009-03-04,16.549999237060547,18.100000381469727,16.350000381469727,17.5,14.118422508239746,2400
2009-03-05,17.989999771118164,18.110000610351562,17.5,17.5,14.118422508239746,1100
2009-03-06,17.200000762939453,17.299999237060547,16.700000762939453,17.260000228881836,13.92480182647705,1300
2009-03-09,17.049999237060547,17.049999237060547,16.469999313354492,16.959999084472656,13.682783126831055,900
2009-03-10,16.65999984741211,18.110000610351562,16.25,17.450000762939453,14.078094482421875,1800
2009-03-11,17.709999084472656,18.110000610351562,17.709999084472656,17.75,14.349726676940918,700
2009-03-12,17.75,17.75,17.75,17.75,14.349726676940918,0
2009-03-13,17.450000762939453,17.450000762939453,16.760000228881836,16.760000228881836,13.549369812011719,800
2009-03-16,16.760000228881836,16.760000228881836,16.760000228881836,16.760000228881836,13.549369812011719,0
2009-03-17,17.0,17.0,17.0,17.0,13.74340534210205,500
2009-03-18,17.0,17.0,17.0,17.0,13.74340534210205,0
2009-03-19,16.989999771118164,17.0,16.989999771118164,17.0,13.74340534210205,300
2009-03-20,16.5,16.5,16.5,16.5,13.33918285369873,100
2009-03-23,16.489999771118164,16.489999771118164,16.25,16.25,13.137083053588867,500
2009-03-24,16.190000534057617,17.440000534057617,14.9399995803833,17.440000534057617,14.099105834960938,5700
2009-03-25,16.329999923706055,16.5,16.329999923706055,16.450000762939453,13.298759460449219,500
2009-03-26,16.450000762939453,16.450000762939453,16.450000762939453,16.450000762939453,13.298759460449219,0
2009-03-27,16.450000762939453,16.450000762939453,16.450000762939453,16.450000762939453,13.298759460449219,0
2009-03-30,16.450000762939453,16.450000762939453,16.450000762939453,16.450000762939453,13.298759460449219,0
2009-03-31,16.5,17.290000915527344,16.5,17.290000915527344,13.977849006652832,1300
2009-04-01,17.450000762939453,17.450000762939453,17.450000762939453,17.450000762939453,14.107199668884277,300
2009-04-02,17.200000762939453,17.450000762939453,17.200000762939453,17.450000762939453,14.107199668884277,1600
2009-04-03,17.450000762939453,17.450000762939453,17.450000762939453,17.450000762939453,14.107199668884277,500
2009-04-06,17.450000762939453,17.450000762939453,17.450000762939453,17.450000762939453,14.107199668884277,200
2009-04-07,17.450000762939453,17.450000762939453,17.450000762939453,17.450000762939453,14.107199668884277,200
2009-04-08,17.450000762939453,17.450000762939453,17.450000762939453,17.450000762939453,14.107199668884277,0
2009-04-09,17.110000610351562,17.110000610351562,17.079999923706055,17.079999923706055,13.838212966918945,400
2009-04-13,17.389999389648438,17.450000762939453,17.0,17.0,13.773399353027344,500
2009-04-14,17.0,17.0,17.0,17.0,13.773399353027344,200
2009-04-15,17.450000762939453,17.450000762939453,17.450000762939453,17.450000762939453,14.137988090515137,100
2009-04-16,17.450000762939453,17.450000762939453,17.450000762939453,17.450000762939453,14.137988090515137,0
2009-04-17,17.450000762939453,17.450000762939453,17.450000762939453,17.450000762939453,14.137988090515137,600
2009-04-20,17.450000762939453,17.450000762939453,17.450000762939453,17.450000762939453,14.137988090515137,0
2009-04-21,17.450000762939453,17.450000762939453,17.450000762939453,17.450000762939453,14.137988090515137,0
2009-04-22,17.010000228881836,17.020000457763672,17.010000228881836,17.020000457763672,13.789606094360352,1100
2009-04-23,17.190000534057617,18.200000762939453,16.059999465942383,16.399999618530273,13.287272453308105,9800
2009-04-24,16.399999618530273,16.399999618530273,16.399999618530273,16.399999618530273,13.287272453308105,0
2009-04-27,16.350000381469727,16.350000381469727,16.049999237060547,16.049999237060547,13.003703117370605,1400
2009-04-28,16.350000381469727,16.479999542236328,16.350000381469727,16.479999542236328,13.35208797454834,700
2009-04-29,16.440000534057617,16.6200008392334,16.440000534057617,16.6200008392334,13.465519905090332,400
2009-04-30,16.139999389648438,16.200000762939453,15.640000343322754,16.200000762939453,13.125237464904785,2900
2009-05-01,16.200000762939453,16.200000762939453,16.200000762939453,16.200000762939453,13.125237464904785,0
2009-05-04,16.0,16.0,16.0,16.0,12.963191986083984,500
2009-05-05,16.020000457763672,16.389999389648438,16.010000228881836,16.219999313354492,13.141434669494629,1000
2009-05-06,16.219999313354492,16.219999313354492,16.219999313354492,16.219999313354492,13.141434669494629,0
2009-05-07,16.389999389648438,16.5,16.299999237060547,16.299999237060547,13.206254005432129,1100
2009-05-08,16.299999237060547,16.299999237060547,16.299999237060547,16.299999237060547,13.206254005432129,0
2009-05-11,16.299999237060547,16.299999237060547,16.299999237060547,16.299999237060547,13.206254005432129,0
2009-05-12,16.299999237060547,16.299999237060547,16.299999237060547,16.299999237060547,13.233860969543457,0
2009-05-13,16.200000762939453,16.200000762939453,16.15999984741211,16.15999984741211,13.120196342468262,300
2009-05-14,15.90999984741211,15.90999984741211,15.430000305175781,15.699999809265137,12.746720314025879,900
2009-05-15,15.899999618530273,16.280000686645508,15.710000038146973,15.710000038146973,12.754840850830078,2500
2009-05-18,15.600000381469727,15.600000381469727,15.5,15.5,12.584343910217285,200
2009-05-19,15.5,15.600000381469727,15.470000267028809,15.529999732971191,12.608695030212402,400
2009-05-20,15.869999885559082,15.899999618530273,15.600000381469727,15.899999618530273,12.909100532531738,1200
2009-05-21,15.899999618530273,15.899999618530273,15.899999618530273,15.899999618530273,12.909100532531738,0
2009-05-22,15.979999542236328,15.989999771118164,15.979999542236328,15.989999771118164,12.982172012329102,300
2009-05-26,15.989999771118164,16.09000015258789,15.989999771118164,16.09000015258789,13.06335735321045,200
2009-05-27,16.09000015258789,16.09000015258789,16.09000015258789,16.09000015258789,13.06335735321045,0
2009-05-28,16.09000015258789,16.09000015258789,16.09000015258789,16.09000015258789,13.06335735321045,0
2009-05-29,16.09000015258789,16.09000015258789,16.09000015258789,16.09000015258789,13.06335735321045,0
2009-06-01,16.0,16.0,16.0,16.0,12.990287780761719,1000
2009-06-02,16.059999465942383,16.059999465942383,16.059999465942383,16.059999465942383,13.03900146484375,1000
2009-06-03,16.25,16.34000015258789,16.25,16.34000015258789,13.266328811645508,400
2009-06-04,16.5,17.489999771118164,16.190000534057617,16.459999084472656,13.363758087158203,2500
2009-06-05,16.860000610351562,16.860000610351562,16.860000610351562,16.860000610351562,13.688518524169922,100
2009-06-08,16.860000610351562,16.860000610351562,16.860000610351562,16.860000610351562,13.688518524169922,0
2009-06-09,17.15999984741211,17.15999984741211,17.15999984741211,17.15999984741211,13.932085037231445,100
2009-06-10,17.15999984741211,17.15999984741211,17.15999984741211,17.15999984741211,13.955674171447754,0
2009-06-11,16.829999923706055,16.969999313354492,16.469999313354492,16.969999313354492,13.80114459991455,600
2009-06-12,16.1299991607666,16.959999084472656,16.1200008392334,16.299999237060547,13.256261825561523,1800
2009-06-15,16.489999771118164,16.510000228881836,16.489999771118164,16.5,13.418910026550293,500
2009-06-16,16.5,16.5,16.5,16.5,13.418910026550293,0
2009-06-17,16.649999618530273,16.959999084472656,16.360000610351562,16.860000610351562,13.711687088012695,3700
2009-06-18,17.059999465942383,17.100000381469727,17.059999465942383,17.100000381469727,13.906875610351562,200
2009-06-19,16.84000015258789,16.84000015258789,16.040000915527344,16.25,13.215595245361328,3500
2009-06-22,16.450000762939453,16.5,16.450000762939453,16.5,13.418910026550293,200
2009-06-23,16.739999771118164,16.950000762939453,16.739999771118164,16.950000762939453,13.784891128540039,200
2009-06-24,16.950000762939453,16.950000762939453,16.950000762939453,16.950000762939453,13.784891128540039,0
2009-06-25,17.0,17.25,16.75,16.75,13.622228622436523,900
2009-06-26,17.049999237060547,17.049999237060547,17.049999237060547,17.049999237060547,13.866207122802734,200
2009-06-29,17.200000762939453,17.200000762939453,17.200000762939453,17.200000762939453,13.988207817077637,100
2009-06-30,17.25,17.25,17.25,17.25,14.02886962890625,400
2009-07-01,16.5,17.0,16.31999969482422,16.31999969482422,13.272528648376465,1000
2009-07-02,16.31999969482422,16.31999969482422,16.31999969482422,16.31999969482422,13.272528648376465,0
2009-07-06,16.350000381469727,16.350000381469727,16.350000381469727,16.350000381469727,13.296919822692871,600
2009-07-07,16.59000015258789,16.59000015258789,16.59000015258789,16.59000015258789,13.492115020751953,100
2009-07-08,16.59000015258789,16.59000015258789,16.59000015258789,16.59000015258789,13.492115020751953,0
2009-07-09,16.59000015258789,16.59000015258789,16.59000015258789,16.59000015258789,13.492115020751953,0
2009-07-10,16.790000915527344,16.790000915527344,16.790000915527344,16.790000915527344,13.674546241760254,100
2009-07-13,16.81999969482422,16.81999969482422,16.81999969482422,16.81999969482422,13.698975563049316,200
2009-07-14,16.81999969482422,16.81999969482422,16.81999969482422,16.81999969482422,13.698975563049316,0
2009-07-15,16.81999969482422,16.81999969482422,16.81999969482422,16.81999969482422,13.698975563049316,0
2009-07-16,16.81999969482422,16.81999969482422,16.81999969482422,16.81999969482422,13.698975563049316,0
2009-07-17,16.81999969482422,16.81999969482422,16.81999969482422,16.81999969482422,13.698975563049316,0
2009-07-20,16.81999969482422,16.81999969482422,16.81999969482422,16.81999969482422,13.698975563049316,0
2009-07-21,17.0,17.0,17.0,17.0,13.8455810546875,100
2009-07-22,17.0,17.0,17.0,17.0,13.8455810546875,0
2009-07-23,17.0,17.0,17.0,17.0,13.8455810546875,0
2009-07-24,16.81999969482422,16.81999969482422,16.6299991607666,16.6299991607666,13.544230461120605,600
2009-07-27,16.6299991607666,16.6299991607666,16.6299991607666,16.6299991607666,13.544230461120605,0
2009-07-28,16.6299991607666,16.6299991607666,16.6299991607666,16.6299991607666,13.544230461120605,0
2009-07-29,16.510000228881836,16.510000228881836,16.510000228881836,16.510000228881836,13.446503639221191,200
2009-07-30,16.510000228881836,16.510000228881836,16.510000228881836,16.510000228881836,13.446503639221191,0
2009-07-31,16.3799991607666,16.399999618530273,16.3799991607666,16.399999618530273,13.356913566589355,1800
2009-08-03,16.399999618530273,16.510000228881836,16.399999618530273,16.5,13.438350677490234,3700
2009-08-04,16.5,16.600000381469727,16.5,16.600000381469727,13.519794464111328,4000
2009-08-05,16.600000381469727,16.600000381469727,16.600000381469727,16.600000381469727,13.519794464111328,0
2009-08-06,17.25,17.25,17.25,17.25,14.049192428588867,1000
2009-08-07,17.25,17.25,17.25,17.25,14.049192428588867,0
2009-08-10,16.6200008392334,16.6200008392334,16.559999465942383,16.559999465942383,13.487220764160156,300
2009-08-11,16.68000030517578,16.950000762939453,16.600000381469727,16.600000381469727,13.519794464111328,1200
2009-08-12,16.700000762939453,16.700000762939453,16.559999465942383,16.559999465942383,13.504305839538574,900
2009-08-13,16.549999237060547,16.549999237060547,16.5,16.5,13.45537281036377,3800
2009-08-14,16.5,16.5,16.5,16.5,13.45537281036377,1900
2009-08-17,16.5,16.5,16.5,16.5,13.45537281036377,200
2009-08-18,16.350000381469727,16.5,16.149999618530273,16.5,13.45537281036377,500
2009-08-19,16.5,16.5,16.5,16.5,13.45537281036377,400
2009-08-20,16.5,16.5,16.5,16.5,13.45537281036377,0
2009-08-21,16.5,16.5,16.5,16.5,13.45537281036377,0
2009-08-24,16.690000534057617,16.690000534057617,16.690000534057617,16.690000534057617,13.610322952270508,600
2009-08-25,16.690000534057617,16.690000534057617,16.690000534057617,16.690000534057617,13.610322952270508,0
2009-08-26,16.8799991607666,16.8799991607666,16.8799991607666,16.8799991607666,13.765249252319336,100
2009-08-27,16.8799991607666,16.8799991607666,16.8799991607666,16.8799991607666,13.765249252319336,0
2009-08-28,16.649999618530273,16.75,16.459999084472656,16.75,13.6592435836792,3900
2009-08-31,16.510000228881836,16.829999923706055,16.510000228881836,16.829999923706055,13.724486351013184,400
2009-09-01,16.829999923706055,16.829999923706055,16.829999923706055,16.829999923706055,13.724486351013184,0
2009-09-02,16.829999923706055,16.829999923706055,16.829999923706055,16.829999923706055,13.724486351013184,0
2009-09-03,16.829999923706055,16.829999923706055,16.829999923706055,16.829999923706055,13.724486351013184,0
2009-09-04,16.610000610351562,16.610000610351562,16.100000381469727,16.139999389648438,13.161806106567383,1100
2009-09-08,15.979999542236328,16.0,15.800000190734863,16.0,13.047640800476074,5500
2009-09-09,16.200000762939453,16.399999618530273,16.100000381469727,16.399999618530273,13.37382984161377,12700
2009-09-10,16.399999618530273,16.450000762939453,16.299999237060547,16.31999969482422,13.324841499328613,7700
2009-09-11,16.479999542236328,16.5,16.399999618530273,16.399999618530273,13.390151977539062,1900
2009-09-14,16.399999618530273,16.5,16.399999618530273,16.5,13.47180461883545,2200
2009-09-15,16.5,16.5,16.399999618530273,16.399999618530273,13.390151977539062,500
2009-09-16,16.5,16.690000534057617,16.469999313354492,16.549999237060547,13.512629508972168,2300
2009-09-17,16.649999618530273,16.649999618530273,16.649999618530273,16.649999618530273,13.594276428222656,100
2009-09-18,16.600000381469727,16.600000381469727,16.600000381469727,16.600000381469727,13.553443908691406,1000
2009-09-21,16.600000381469727,16.600000381469727,16.600000381469727,16.600000381469727,13.553443908691406,0
2009-09-22,16.600000381469727,16.600000381469727,16.600000381469727,16.600000381469727,13.553443908691406,0
2009-09-23,16.600000381469727,16.600000381469727,16.600000381469727,16.600000381469727,13.553443908691406,0
2009-09-24,16.600000381469727,16.600000381469727,16.600000381469727,16.600000381469727,13.553443908691406,1200
2009-09-25,16.600000381469727,16.600000381469727,16.600000381469727,16.600000381469727,13.553443908691406,0
2009-09-28,16.56999969482422,16.59000015258789,16.549999237060547,16.549999237060547,13.512629508972168,2000
2009-09-29,16.700000762939453,16.700000762939453,16.700000762939453,16.700000762939453,13.635100364685059,200
2009-09-30,16.549999237060547,16.59000015258789,16.549999237060547,16.59000015258789,13.54528522491455,1500
2009-10-01,16.579999923706055,16.579999923706055,16.579999923706055,16.579999923706055,13.537126541137695,200
2009-10-02,16.700000762939453,16.700000762939453,16.700000762939453,16.700000762939453,13.635100364685059,300
2009-10-05,16.700000762939453,16.700000762939453,16.549999237060547,16.579999923706055,13.537126541137695,1800
2009-10-06,16.75,16.799999237060547,16.75,16.75,13.675926208496094,700
2009-10-07,16.75,16.75,16.75,16.75,13.675926208496094,0
2009-10-08,16.84000015258789,16.84000015258789,16.84000015258789,16.84000015258789,13.749406814575195,300
2009-10-09,16.950000762939453,17.0,16.729999542236328,17.0,13.894065856933594,2300
2009-10-12,17.0,17.0,17.0,17.0,13.894065856933594,0
2009-10-13,17.0,17.0,16.93000030517578,17.0,13.894065856933594,1500
2009-10-14,17.0,17.719999313354492,17.0,17.149999618530273,14.0166597366333,3800
2009-10-15,17.799999237060547,17.799999237060547,17.600000381469727,17.600000381469727,14.384448051452637,400
2009-10-16,17.829999923706055,17.84000015258789,17.649999618530273,17.649999618530273,14.425310134887695,400
2009-10-19,17.81999969482422,17.850000381469727,17.6299991607666,17.850000381469727,14.58876895904541,9300
2009-10-20,17.790000915527344,17.850000381469727,17.790000915527344,17.790000915527344,14.539737701416016,1300
2009-10-21,17.950000762939453,17.950000762939453,17.799999237060547,17.799999237060547,14.547907829284668,700
2009-10-22,17.809999465942383,17.850000381469727,17.799999237060547,17.799999237060547,14.547907829284668,400
2009-10-23,17.799999237060547,17.799999237060547,17.799999237060547,17.799999237060547,14.547907829284668,0
2009-10-26,17.790000915527344,17.90999984741211,17.790000915527344,17.809999465942383,14.556078910827637,700
2009-10-27,17.84000015258789,17.969999313354492,17.790000915527344,17.790000915527344,14.539737701416016,2000
2009-10-28,17.790000915527344,17.790000915527344,17.790000915527344,17.790000915527344,14.539737701416016,0
2009-10-29,17.829999923706055,17.829999923706055,17.530000686645508,17.530000686645508,14.327239036560059,1600
2009-10-30,17.5,17.600000381469727,16.559999465942383,16.920000076293945,13.828680992126465,9200
2009-11-02,17.040000915527344,17.1200008392334,17.030000686645508,17.100000381469727,13.975796699523926,3000
2009-11-03,17.100000381469727,17.100000381469727,17.100000381469727,17.100000381469727,13.975796699523926,0
2009-11-04,17.100000381469727,17.100000381469727,17.100000381469727,17.100000381469727,13.975796699523926,0
2009-11-05,17.190000534057617,17.229999542236328,17.190000534057617,17.200000762939453,14.057528495788574,1600
2009-11-06,17.299999237060547,17.3700008392334,17.290000915527344,17.290000915527344,14.13109016418457,5200
2009-11-09,17.290000915527344,17.290000915527344,17.290000915527344,17.290000915527344,14.13109016418457,0
2009-11-10,17.270000457763672,17.270000457763672,17.25,17.25,14.111456871032715,700
2009-11-11,17.25,17.25,17.239999771118164,17.25,14.111456871032715,700
2009-11-12,17.25,17.25,17.25,17.25,14.111456871032715,600
2009-11-13,17.280000686645508,17.280000686645508,16.799999237060547,17.25,14.111456871032715,3200
2009-11-16,17.309999465942383,17.3700008392334,17.290000915527344,17.290000915527344,14.144176483154297,6900
2009-11-17,17.290000915527344,17.290000915527344,17.290000915527344,17.290000915527344,14.144176483154297,4000
2009-11-18,17.309999465942383,17.309999465942383,17.309999465942383,17.309999465942383,14.160530090332031,200
2009-11-19,17.290000915527344,17.299999237060547,17.290000915527344,17.299999237060547,14.152359008789062,2200
2009-11-20,17.309999465942383,17.31999969482422,17.040000915527344,17.25,14.111456871032715,43100
2009-11-23,17.299999237060547,17.420000076293945,17.200000762939453,17.229999542236328,14.095088958740234,16300
2009-11-24,17.229999542236328,17.440000534057617,17.229999542236328,17.440000534057617,14.266887664794922,2500
2009-11-25,17.399999618530273,17.6200008392334,17.350000381469727,17.3700008392334,14.209619522094727,7200
2009-11-27,17.3700008392334,17.3700008392334,17.3700008392334,17.3700008392334,14.209619522094727,0
2009-11-30,17.290000915527344,17.290000915527344,17.209999084472656,17.25,14.111456871032715,900
2009-12-01,17.299999237060547,17.489999771118164,17.299999237060547,17.489999771118164,14.30778980255127,500
2009-12-02,17.329999923706055,17.329999923706055,17.290000915527344,17.329999923706055,14.176896095275879,700
2009-12-03,17.329999923706055,17.329999923706055,17.329999923706055,17.329999923706055,14.176896095275879,0
2009-12-04,17.639999389648438,17.639999389648438,17.639999389648438,17.639999389648438,14.430496215820312,100
2009-12-07,17.639999389648438,17.639999389648438,17.639999389648438,17.639999389648438,14.430496215820312,0
2009-12-08,17.639999389648438,17.639999389648438,17.639999389648438,17.639999389648438,14.430496215820312,0
2009-12-09,17.510000228881836,17.610000610351562,17.309999465942383,17.309999465942383,14.160530090332031,2700
2009-12-10,17.350000381469727,17.350000381469727,17.350000381469727,17.350000381469727,14.206393241882324,300
2009-12-11,17.40999984741211,17.40999984741211,17.350000381469727,17.350000381469727,14.206393241882324,200
2009-12-14,17.329999923706055,17.329999923706055,17.209999084472656,17.209999084472656,14.091747283935547,5300
2009-12-15,17.40999984741211,17.40999984741211,17.110000610351562,17.110000610351562,14.009880065917969,1700
2009-12-16,17.110000610351562,17.200000762939453,17.110000610351562,17.1200008392334,14.018064498901367,1100
2009-12-17,17.1200008392334,17.1200008392334,17.1200008392334,17.1200008392334,14.018064498901367,0
2009-12-18,17.350000381469727,17.350000381469727,17.15999984741211,17.270000457763672,14.140880584716797,1800
2009-12-21,17.280000686645508,17.280000686645508,17.280000686645508,17.280000686645508,14.149072647094727,500
2009-12-22,17.399999618530273,17.40999984741211,17.290000915527344,17.290000915527344,14.157264709472656,700
2009-12-23,17.280000686645508,17.350000381469727,17.260000228881836,17.260000228881836,14.132697105407715,400
2009-12-24,17.260000228881836,17.260000228881836,17.260000228881836,17.260000228881836,14.132697105407715,0
2009-12-28,17.15999984741211,17.59000015258789,17.15999984741211,17.5,14.329212188720703,2500
2009-12-29,17.850000381469727,17.8799991607666,17.5,17.8799991607666,14.64035701751709,1500
2009-12-30,17.350000381469727,17.93000030517578,17.350000381469727,17.93000030517578,14.681294441223145,3000
2009-12-31,18.0,18.190000534057617,17.950000762939453,17.950000762939453,14.697677612304688,7500
2010-01-04,18.25,18.280000686645508,18.040000915527344,18.280000686645508,14.967887878417969,700
2010-01-05,18.270000457763672,18.299999237060547,18.229999542236328,18.25,14.943316459655762,1800
2010-01-06,18.25,18.25,18.25,18.25,14.943316459655762,0
2010-01-07,18.219999313354492,18.270000457763672,18.190000534057617,18.190000534057617,14.894187927246094,600
2010-01-08,18.329999923706055,18.329999923706055,18.030000686645508,18.030000686645508,14.76318359375,1200
2010-01-11,18.030000686645508,18.1299991607666,18.030000686645508,18.1299991607666,14.845062255859375,400
2010-01-12,18.299999237060547,18.530000686645508,18.280000686645508,18.3700008392334,15.054861068725586,10600
2010-01-13,18.360000610351562,18.420000076293945,18.360000610351562,18.420000076293945,15.095843315124512,1400
2010-01-14,18.43000030517578,18.459999084472656,18.100000381469727,18.190000534057617,14.907344818115234,5200
2010-01-15,18.229999542236328,18.229999542236328,18.200000762939453,18.200000762939453,14.915546417236328,500
2010-01-19,18.059999465942383,18.059999465942383,17.90999984741211,17.90999984741211,14.677877426147461,1800
2010-01-20,17.90999984741211,18.350000381469727,17.75,17.8700008392334,14.645099639892578,6800
2010-01-21,18.100000381469727,18.100000381469727,18.0,18.0,14.751646995544434,200
2010-01-22,18.0,18.049999237060547,17.84000015258789,17.84000015258789,14.620514869689941,400
2010-01-25,18.06999969482422,18.06999969482422,17.739999771118164,17.739999771118164,14.538552284240723,700
2010-01-26,18.0,18.25,17.84000015258789,18.25,14.95651626586914,2100
2010-01-27,18.459999084472656,18.489999771118164,18.350000381469727,18.360000610351562,15.046670913696289,500
2010-01-28,18.09000015258789,18.34000015258789,17.760000228881836,17.979999542236328,14.73524284362793,1300
2010-01-29,17.979999542236328,18.290000915527344,17.979999542236328,18.049999237060547,14.79261589050293,12200
2010-02-01,18.0,18.0,17.850000381469727,17.899999618530273,14.669677734375,1200
2010-02-02,17.950000762939453,18.15999984741211,17.950000762939453,18.059999465942383,14.80080509185791,800
2010-02-03,18.09000015258789,18.149999618530273,18.020000457763672,18.040000915527344,14.784417152404785,1500
2010-02-04,18.049999237060547,18.600000381469727,18.030000686645508,18.3799991607666,15.063053131103516,2500
2010-02-05,18.469999313354492,18.559999465942383,18.459999084472656,18.510000228881836,15.169605255126953,2900
2010-02-08,18.709999084472656,18.709999084472656,18.459999084472656,18.610000610351562,15.251559257507324,700
2010-02-09,18.68000030517578,18.860000610351562,18.670000076293945,18.860000610351562,15.45643424987793,3200
2010-02-10,18.90999984741211,18.90999984741211,18.90999984741211,18.90999984741211,15.510560989379883,2200
2010-02-11,18.959999084472656,19.059999465942383,18.959999084472656,19.040000915527344,15.617217063903809,4600
2010-02-12,19.059999465942383,19.059999465942383,19.059999465942383,19.059999465942383,15.633615493774414,1000
2010-02-16,19.059999465942383,19.079999923706055,19.059999465942383,19.079999923706055,15.650007247924805,3300
2010-02-17,19.059999465942383,19.079999923706055,19.059999465942383,19.079999923706055,15.650007247924805,2200
2010-02-18,19.079999923706055,19.079999923706055,19.059999465942383,19.059999465942383,15.633615493774414,7900
2010-02-19,19.059999465942383,19.1299991607666,19.059999465942383,19.059999465942383,15.633615493774414,4200
2010-02-22,19.059999465942383,19.100000381469727,19.020000457763672,19.020000457763672,15.600790023803711,3800
2010-02-23,18.81999969482422,18.950000762939453,18.81999969482422,18.850000381469727,15.461350440979004,500
2010-02-24,18.709999084472656,18.90999984741211,18.709999084472656,18.90999984741211,15.510560989379883,2400
2010-02-25,18.68000030517578,18.8799991607666,18.600000381469727,18.8799991607666,15.485963821411133,3200
2010-02-26,19.040000915527344,19.040000915527344,18.670000076293945,18.799999237060547,15.420347213745117,4800
2010-03-01,18.8799991607666,18.8799991607666,18.729999542236328,18.84000015258789,15.453158378601074,1000
2010-03-02,18.799999237060547,18.799999237060547,18.209999084472656,18.299999237060547,15.01022720336914,2400
2010-03-03,18.239999771118164,18.59000015258789,18.209999084472656,18.40999984741211,15.100455284118652,1600
2010-03-04,18.450000762939453,18.600000381469727,18.450000762939453,18.56999969482422,15.231694221496582,1500
2010-03-05,18.559999465942383,18.579999923706055,18.559999465942383,18.579999923706055,15.23990535736084,300
2010-03-08,18.579999923706055,18.579999923706055,18.5,18.5,15.174285888671875,700
2010-03-09,18.56999969482422,18.600000381469727,18.360000610351562,18.360000610351562,15.05945110321045,3100
2010-03-10,18.34000015258789,18.549999237060547,18.18000030517578,18.18000030517578,14.92480754852295,3500
2010-03-11,18.350000381469727,18.389999389648438,18.31999969482422,18.31999969482422,15.039734840393066,500
2010-03-12,18.31999969482422,18.31999969482422,18.299999237060547,18.299999237060547,15.023324966430664,500
2010-03-15,18.149999618530273,18.299999237060547,18.149999618530273,18.299999237060547,15.023324966430664,400
2010-03-16,18.270000457763672,18.270000457763672,18.149999618530273,18.149999618530273,14.900188446044922,500
2010-03-17,18.229999542236328,18.299999237060547,18.200000762939453,18.299999237060547,15.023324966430664,1100
2010-03-18,18.229999542236328,18.309999465942383,18.229999542236328,18.309999465942383,15.03153133392334,400
2010-03-19,18.389999389648438,18.399999618530273,18.389999389648438,18.389999389648438,15.097206115722656,200
2010-03-22,18.309999465942383,18.690000534057617,18.309999465942383,18.690000534057617,15.343491554260254,700
2010-03-23,18.31999969482422,18.610000610351562,18.280000686645508,18.309999465942383,15.03153133392334,1900
2010-03-24,18.469999313354492,18.540000915527344,18.25,18.25,14.982283592224121,3400
2010-03-25,18.290000915527344,18.350000381469727,18.270000457763672,18.270000457763672,14.998703002929688,1000
2010-03-26,18.59000015258789,18.59000015258789,18.25,18.399999618530273,15.10541820526123,700
2010-03-29,18.5,18.5,18.229999542236328,18.440000534057617,15.138253211975098,800
2010-03-30,18.40999984741211,18.40999984741211,18.239999771118164,18.239999771118164,14.974061012268066,300
2010-03-31,18.209999084472656,18.299999237060547,18.110000610351562,18.299999237060547,15.023324966430664,2400
2010-04-01,18.510000228881836,18.510000228881836,18.479999542236328,18.479999542236328,15.171095848083496,200
2010-04-05,18.459999084472656,19.1299991607666,18.459999084472656,19.1299991607666,15.704712867736816,2600
2010-04-06,19.100000381469727,19.100000381469727,19.100000381469727,19.100000381469727,15.680075645446777,200
2010-04-07,19.06999969482422,19.06999969482422,18.860000610351562,18.860000610351562,15.48304557800293,500
2010-04-08,19.059999465942383,19.059999465942383,18.59000015258789,18.59000015258789,15.261395454406738,900
2010-04-09,18.940000534057617,18.940000534057617,18.8799991607666,18.8799991607666,15.499475479125977,200
2010-04-12,19.020000457763672,19.020000457763672,18.530000686645508,18.530000686645508,15.225050926208496,600
2010-04-13,18.600000381469727,18.6299991607666,18.600000381469727,18.610000610351562,15.29078197479248,400
2010-04-14,18.65999984741211,18.65999984741211,18.65999984741211,18.65999984741211,15.331851959228516,200
2010-04-15,18.639999389648438,18.8799991607666,18.639999389648438,18.8700008392334,15.504398345947266,2400
2010-04-16,19.020000457763672,19.020000457763672,19.0,19.0,15.611210823059082,200
2010-04-19,19.049999237060547,19.049999237060547,18.690000534057617,18.700000762939453,15.364725112915039,1300
2010-04-20,18.6200008392334,18.719999313354492,18.59000015258789,18.59000015258789,15.274344444274902,5500
2010-04-21,18.59000015258789,18.59000015258789,18.59000015258789,18.59000015258789,15.274344444274902,0
2010-04-22,18.59000015258789,18.59000015258789,18.59000015258789,18.59000015258789,15.274344444274902,0
2010-04-23,18.600000381469727,18.610000610351562,18.600000381469727,18.600000381469727,15.282549858093262,1700
2010-04-26,18.600000381469727,18.600000381469727,18.600000381469727,18.600000381469727,15.282549858093262,0
2010-04-27,18.600000381469727,18.600000381469727,18.600000381469727,18.600000381469727,15.282549858093262,300
2010-04-28,18.600000381469727,18.600000381469727,18.600000381469727,18.600000381469727,15.282549858093262,0
2010-04-29,18.600000381469727,18.600000381469727,18.600000381469727,18.600000381469727,15.282549858093262,0
2010-04-30,18.739999771118164,18.790000915527344,18.670000076293945,18.739999771118164,15.39759349822998,1600
2010-05-03,18.8700008392334,18.8799991607666,18.59000015258789,18.59000015258789,15.274344444274902,3000
2010-05-04,18.450000762939453,18.75,18.450000762939453,18.649999618530273,15.323634147644043,2800
2010-05-05,18.530000686645508,18.690000534057617,18.5,18.600000381469727,15.282549858093262,2600
2010-05-06,18.6299991607666,18.75,18.6299991607666,18.75,15.405805587768555,2400
2010-05-07,18.6299991607666,18.719999313354492,18.579999923706055,18.579999923706055,15.266133308410645,4800
2010-05-10,18.450000762939453,18.850000381469727,18.450000762939453,18.610000610351562,15.29078197479248,1800
2010-05-11,18.610000610351562,18.610000610351562,18.59000015258789,18.59000015258789,15.274344444274902,800
2010-05-12,18.780000686645508,18.780000686645508,18.170000076293945,18.170000076293945,14.942904472351074,1600
2010-05-13,18.170000076293945,18.170000076293945,18.170000076293945,18.170000076293945,14.942904472351074,0
2010-05-14,18.049999237060547,18.049999237060547,17.829999923706055,17.829999923706055,14.663302421569824,900
2010-05-17,17.81999969482422,17.81999969482422,17.760000228881836,17.790000915527344,14.630413055419922,500
2010-05-18,17.790000915527344,17.790000915527344,17.790000915527344,17.790000915527344,14.630413055419922,0
2010-05-19,17.559999465942383,17.559999465942383,17.559999465942383,17.559999465942383,14.441247940063477,400
2010-05-20,17.559999465942383,17.610000610351562,17.200000762939453,17.25,14.18630599975586,500
2010-05-21,17.5,17.5,17.0,17.0,13.980711936950684,3900
2010-05-24,17.010000228881836,17.190000534057617,16.399999618530273,16.799999237060547,13.816243171691895,7700
2010-05-25,16.979999542236328,16.979999542236328,16.979999542236328,16.979999542236328,13.964263916015625,100
2010-05-26,16.989999771118164,16.989999771118164,16.8799991607666,16.950000762939453,13.939598083496094,1900
2010-05-27,17.31999969482422,17.31999969482422,17.31999969482422,17.31999969482422,14.243881225585938,100
2010-05-28,17.100000381469727,17.5,17.100000381469727,17.5,14.391911506652832,5000
2010-06-01,17.549999237060547,17.549999237060547,17.549999237060547,17.549999237060547,14.433027267456055,2200
2010-06-02,17.549999237060547,17.549999237060547,17.549999237060547,17.549999237060547,14.433027267456055,0
2010-06-03,17.479999542236328,17.799999237060547,17.479999542236328,17.799999237060547,14.63863468170166,1900
2010-06-04,17.549999237060547,17.899999618530273,17.549999237060547,17.899999618530273,14.72086238861084,200
2010-06-07,17.700000762939453,17.700000762939453,17.649999618530273,17.649999618530273,14.515260696411133,400
2010-06-08,17.479999542236328,17.799999237060547,17.40999984741211,17.790000915527344,14.630413055419922,1300
2010-06-09,18.049999237060547,18.049999237060547,17.889999389648438,17.950000762939453,14.761992454528809,500
2010-06-10,17.8799991607666,17.899999618530273,17.8799991607666,17.899999618530273,14.737279891967773,300
2010-06-11,17.8799991607666,17.950000762939453,17.8799991607666,17.950000762939453,14.778459548950195,200
2010-06-14,18.149999618530273,18.149999618530273,17.700000762939453,18.100000381469727,14.90195083618164,800
2010-06-15,17.850000381469727,18.09000015258789,17.850000381469727,18.059999465942383,14.869011878967285,600
2010-06-16,18.139999389648438,18.139999389648438,18.139999389648438,18.139999389648438,14.934884071350098,100
2010-06-17,18.139999389648438,18.139999389648438,18.139999389648438,18.139999389648438,14.934884071350098,0
2010-06-18,17.950000762939453,17.950000762939453,17.520000457763672,17.520000457763672,14.424432754516602,1500
2010-06-21,17.649999618530273,17.899999618530273,17.520000457763672,17.520000457763672,14.424432754516602,1600
2010-06-22,17.190000534057617,17.489999771118164,17.190000534057617,17.489999771118164,14.399734497070312,200
2010-06-23,17.489999771118164,17.489999771118164,17.489999771118164,17.489999771118164,14.399734497070312,0
2010-06-24,17.450000762939453,17.450000762939453,17.15999984741211,17.360000610351562,14.292699813842773,500
2010-06-25,17.6200008392334,17.6299991607666,17.610000610351562,17.610000610351562,14.498531341552734,1100
2010-06-28,17.360000610351562,17.75,17.350000381469727,17.350000381469727,14.284467697143555,700
2010-06-29,17.31999969482422,17.700000762939453,17.31999969482422,17.540000915527344,14.440896987915039,1600
2010-06-30,17.31999969482422,17.549999237060547,17.31999969482422,17.31999969482422,14.259770393371582,700
2010-07-01,17.31999969482422,17.469999313354492,17.31999969482422,17.399999618530273,14.32563591003418,600
2010-07-02,17.520000457763672,17.520000457763672,17.520000457763672,17.520000457763672,14.424432754516602,100
2010-07-06,17.5,17.5,17.299999237060547,17.299999237060547,14.24329948425293,700
2010-07-07,17.31999969482422,17.510000228881836,17.31999969482422,17.350000381469727,14.284467697143555,500
2010-07-08,17.510000228881836,17.510000228881836,17.489999771118164,17.489999771118164,14.399734497070312,300
2010-07-09,17.5,17.5,17.31999969482422,17.31999969482422,14.259770393371582,200
2010-07-12,17.31999969482422,17.31999969482422,17.31999969482422,17.31999969482422,14.277907371520996,0
2010-07-13,17.459999084472656,17.59000015258789,17.459999084472656,17.59000015258789,14.500484466552734,1400
2010-07-14,17.40999984741211,17.40999984741211,17.40999984741211,17.40999984741211,14.35210132598877,100
2010-07-15,17.40999984741211,17.40999984741211,17.40999984741211,17.40999984741211,14.35210132598877,0
2010-07-16,17.43000030517578,17.43000030517578,17.389999389648438,17.389999389648438,14.335610389709473,500
2010-07-19,17.3799991607666,17.3799991607666,16.739999771118164,16.780000686645508,13.832752227783203,16300
2010-07-20,16.860000610351562,17.139999389648438,16.850000381469727,17.139999389648438,14.129522323608398,3400
2010-07-21,17.100000381469727,17.100000381469727,16.93000030517578,17.100000381469727,14.096549987792969,2300
2010-07-22,17.100000381469727,17.100000381469727,17.100000381469727,17.100000381469727,14.096549987792969,0
2010-07-23,17.100000381469727,17.100000381469727,17.100000381469727,17.100000381469727,14.096549987792969,0
2010-07-26,17.190000534057617,17.299999237060547,16.969999313354492,17.299999237060547,14.2614164352417,2300
2010-07-27,17.329999923706055,17.329999923706055,17.329999923706055,17.329999923706055,14.286149024963379,100
2010-07-28,17.309999465942383,17.329999923706055,17.309999465942383,17.309999465942383,14.269661903381348,500
2010-07-29,17.59000015258789,17.59000015258789,17.59000015258789,17.59000015258789,14.500484466552734,100
2010-07-30,17.299999237060547,17.600000381469727,17.299999237060547,17.3799991607666,14.327361106872559,700
2010-08-02,17.3799991607666,17.3799991607666,17.3799991607666,17.3799991607666,14.327361106872559,0
2010-08-03,17.690000534057617,17.690000534057617,17.690000534057617,17.690000534057617,14.582917213439941,1600
2010-08-04,17.690000534057617,17.690000534057617,17.690000534057617,17.690000534057617,14.582917213439941,0
2010-08-05,17.469999313354492,17.690000534057617,17.469999313354492,17.690000534057617,14.582917213439941,500
2010-08-06,17.760000228881836,17.790000915527344,17.700000762939453,17.790000915527344,14.665363311767578,1500
2010-08-09,17.889999389648438,18.0,17.889999389648438,18.0,14.838473320007324,1200
2010-08-10,18.25,18.25,18.25,18.25,15.044557571411133,300
2010-08-11,18.18000030517578,18.25,18.18000030517578,18.239999771118164,15.053642272949219,300
2010-08-12,18.059999465942383,18.059999465942383,18.030000686645508,18.030000686645508,14.880331039428711,500
2010-08-13,18.0,18.0,17.969999313354492,17.969999313354492,14.83080005645752,800
2010-08-16,17.969999313354492,17.979999542236328,17.969999313354492,17.979999542236328,14.839052200317383,800
2010-08-17,18.040000915527344,18.170000076293945,18.0,18.030000686645508,14.880331039428711,1400
2010-08-18,18.059999465942383,18.059999465942383,18.059999465942383,18.059999465942383,14.905076026916504,100
2010-08-19,18.059999465942383,18.059999465942383,18.059999465942383,18.059999465942383,14.905076026916504,100
2010-08-20,18.110000610351562,18.110000610351562,18.110000610351562,18.110000610351562,14.946353912353516,100
2010-08-23,18.1200008392334,18.1200008392334,17.969999313354492,17.969999313354492,14.83080005645752,900
2010-08-24,18.010000228881836,18.010000228881836,17.889999389648438,17.889999389648438,14.764782905578613,2000
2010-08-25,17.889999389648438,17.889999389648438,17.889999389648438,17.889999389648438,14.764782905578613,2000
2010-08-26,17.889999389648438,17.889999389648438,17.719999313354492,17.760000228881836,14.657486915588379,400
2010-08-27,17.90999984741211,17.90999984741211,17.90999984741211,17.90999984741211,14.781278610229492,400
2010-08-30,17.81999969482422,17.850000381469727,17.81999969482422,17.829999923706055,14.715262413024902,300
2010-08-31,18.100000381469727,18.100000381469727,17.899999618530273,17.899999618530273,14.773030281066895,600
2010-09-01,17.899999618530273,17.899999618530273,17.899999618530273,17.899999618530273,14.773030281066895,0
2010-09-02,17.899999618530273,17.899999618530273,17.899999618530273,17.899999618530273,14.773030281066895,0
2010-09-03,18.25,18.760000228881836,18.15999984741211,18.25,15.061890602111816,2400
2010-09-07,18.350000381469727,18.399999618530273,18.25,18.25,15.061890602111816,3700
2010-09-08,18.31999969482422,18.31999969482422,18.290000915527344,18.290000915527344,15.094898223876953,300
2010-09-09,18.309999465942383,18.600000381469727,18.309999465942383,18.600000381469727,15.350746154785156,2100
2010-09-10,18.600000381469727,18.600000381469727,18.600000381469727,18.600000381469727,15.365616798400879,0
2010-09-13,18.600000381469727,18.600000381469727,18.420000076293945,18.600000381469727,15.365616798400879,2300
2010-09-14,18.899999618530273,19.049999237060547,18.889999389648438,19.0,15.696063995361328,3100
2010-09-15,19.0,19.0,19.0,19.0,15.696063995361328,0
2010-09-16,18.610000610351562,18.969999313354492,18.610000610351562,18.969999313354492,15.671270370483398,1000
2010-09-17,18.75,18.75,18.75,18.75,15.489532470703125,700
2010-09-20,18.75,18.75,18.75,18.75,15.489532470703125,0
2010-09-21,18.75,18.75,18.75,18.75,15.489532470703125,0
2010-09-22,18.75,18.75,18.75,18.75,15.489532470703125,0
2010-09-23,18.75,18.75,18.75,18.75,15.489532470703125,0
2010-09-24,18.75,18.940000534057617,18.75,18.940000534057617,15.646496772766113,900
2010-09-27,18.75,18.75,18.31999969482422,18.31999969482422,15.13431167602539,800
2010-09-28,18.75,18.75,18.709999084472656,18.709999084472656,15.456490516662598,200
2010-09-29,18.350000381469727,18.360000610351562,18.350000381469727,18.360000610351562,15.16735553741455,1300
2010-09-30,18.360000610351562,18.360000610351562,18.360000610351562,18.360000610351562,15.16735553741455,0
2010-10-01,18.450000762939453,18.65999984741211,18.450000762939453,18.600000381469727,15.365616798400879,1400
2010-10-04,18.600000381469727,18.600000381469727,18.600000381469727,18.600000381469727,15.365616798400879,0
2010-10-05,18.559999465942383,19.0,18.520000457763672,19.0,15.696063995361328,4200
2010-10-06,19.0,19.0,19.0,19.0,15.696063995361328,0
2010-10-07,18.850000381469727,18.850000381469727,18.25,18.600000381469727,15.365616798400879,5500
2010-10-08,18.56999969482422,18.56999969482422,18.56999969482422,18.56999969482422,15.340832710266113,200
2010-10-11,18.6200008392334,18.860000610351562,18.600000381469727,18.600000381469727,15.365616798400879,4000
2010-10-12,18.600000381469727,18.600000381469727,18.600000381469727,18.600000381469727,15.379673957824707,1000
2010-10-13,18.639999389648438,18.700000762939453,18.610000610351562,18.610000610351562,15.387945175170898,2900
2010-10-14,18.75,18.959999084472656,18.639999389648438,18.799999237060547,15.545039176940918,1300
2010-10-15,18.8700008392334,18.8799991607666,18.8700008392334,18.8799991607666,15.61119270324707,500
2010-10-18,18.670000076293945,18.809999465942383,18.670000076293945,18.780000686645508,15.528512001037598,2200
2010-10-19,18.780000686645508,18.780000686645508,18.780000686645508,18.780000686645508,15.528512001037598,0
2010-10-20,18.8799991607666,18.8799991607666,18.8799991607666,18.8799991607666,15.61119270324707,900
2010-10-21,19.0,19.079999923706055,19.0,19.06999969482422,15.768301963806152,2300
2010-10-22,19.09000015258789,19.100000381469727,19.09000015258789,19.100000381469727,15.793102264404297,1900
2010-10-25,19.0,19.100000381469727,19.0,19.100000381469727,15.793102264404297,1700
2010-10-26,18.850000381469727,18.850000381469727,18.469999313354492,18.530000686645508,15.321805000305176,1200
2010-10-27,18.790000915527344,18.790000915527344,18.75,18.75,15.503697395324707,600
2010-10-28,18.75,18.75,18.75,18.75,15.503697395324707,0
2010-10-29,19.0,19.0,19.0,19.0,15.710420608520508,100
2010-11-01,19.0,19.0,19.0,19.0,15.710420608520508,0
2010-11-02,18.989999771118164,18.989999771118164,18.950000762939453,18.989999771118164,15.702157020568848,2000
2010-11-03,18.989999771118164,18.989999771118164,18.979999542236328,18.989999771118164,15.702157020568848,1100
2010-11-04,18.989999771118164,18.989999771118164,18.989999771118164,18.989999771118164,15.702157020568848,2100
2010-11-05,18.989999771118164,18.989999771118164,18.989999771118164,18.989999771118164,15.702157020568848,1600
2010-11-08,18.989999771118164,18.989999771118164,18.989999771118164,18.989999771118164,15.702157020568848,1100
2010-11-09,18.989999771118164,18.989999771118164,18.989999771118164,18.989999771118164,15.715398788452148,800
2010-11-10,18.989999771118164,18.989999771118164,18.989999771118164,18.989999771118164,15.715398788452148,100
2010-11-11,18.989999771118164,18.989999771118164,18.989999771118164,18.989999771118164,15.715398788452148,0
2010-11-12,19.09000015258789,19.09000015258789,18.809999465942383,18.809999465942383,15.566420555114746,1400
2010-11-15,18.809999465942383,18.809999465942383,18.809999465942383,18.809999465942383,15.566420555114746,0
2010-11-16,19.09000015258789,19.09000015258789,18.75,18.75,15.516769409179688,500
2010-11-17,18.75,18.75,18.75,18.75,15.516769409179688,0
2010-11-18,18.979999542236328,19.34000015258789,18.979999542236328,19.34000015258789,16.00503921508789,1300
2010-11-19,19.34000015258789,19.420000076293945,18.799999237060547,18.799999237060547,15.558147430419922,2100
2010-11-22,19.09000015258789,19.09000015258789,18.989999771118164,18.989999771118164,15.715398788452148,400
2010-11-23,18.989999771118164,18.989999771118164,18.989999771118164,18.989999771118164,15.715398788452148,1000
2010-11-24,18.989999771118164,18.989999771118164,18.989999771118164,18.989999771118164,15.715398788452148,0
2010-11-26,18.989999771118164,18.989999771118164,18.989999771118164,18.989999771118164,15.715398788452148,0
2010-11-29,18.760000228881836,18.799999237060547,18.75,18.799999237060547,15.558147430419922,700
2010-11-30,18.760000228881836,18.760000228881836,18.639999389648438,18.639999389648438,15.42574691772461,2700
2010-12-01,18.6200008392334,18.6200008392334,18.600000381469727,18.600000381469727,15.392642974853516,500
2010-12-02,18.600000381469727,18.600000381469727,18.600000381469727,18.600000381469727,15.392642974853516,0
2010-12-03,18.6299991607666,18.6299991607666,18.600000381469727,18.600000381469727,15.392642974853516,1000
2010-12-06,18.510000228881836,18.510000228881836,18.5,18.510000228881836,15.31816577911377,500
2010-12-07,18.489999771118164,18.559999465942383,18.489999771118164,18.549999237060547,15.351256370544434,3400
2010-12-08,18.549999237060547,18.549999237060547,18.549999237060547,18.549999237060547,15.351256370544434,0
2010-12-09,18.549999237060547,18.549999237060547,18.549999237060547,18.549999237060547,15.351256370544434,0
2010-12-10,18.510000228881836,18.510000228881836,18.510000228881836,18.510000228881836,15.331389427185059,100
2010-12-13,18.760000228881836,18.760000228881836,18.709999084472656,18.760000228881836,15.538451194763184,1100
2010-12-14,18.760000228881836,18.760000228881836,18.760000228881836,18.760000228881836,15.538451194763184,0
2010-12-15,18.760000228881836,18.760000228881836,18.760000228881836,18.760000228881836,15.538451194763184,0
2010-12-16,18.760000228881836,18.760000228881836,18.760000228881836,18.760000228881836,15.538451194763184,0
2010-12-17,18.760000228881836,18.760000228881836,18.760000228881836,18.760000228881836,15.538451194763184,0
2010-12-20,18.690000534057617,19.0,18.690000534057617,19.0,15.7372465133667,1100
2010-12-21,19.0,19.0,19.0,19.0,15.7372465133667,0
2010-12-22,18.6299991607666,18.6299991607666,18.469999313354492,18.469999313354492,15.298254013061523,1200
2010-12-23,18.469999313354492,18.469999313354492,17.829999923706055,17.829999923706055,14.768157958984375,800
2010-12-27,17.829999923706055,17.829999923706055,17.829999923706055,17.829999923706055,14.768157958984375,0
2010-12-28,17.8700008392334,17.8700008392334,17.860000610351562,17.860000610351562,14.793008804321289,300
2010-12-29,17.860000610351562,17.860000610351562,17.860000610351562,17.860000610351562,14.793008804321289,0
2010-12-30,17.860000610351562,17.860000610351562,17.860000610351562,17.860000610351562,14.793008804321289,0
2010-12-31,17.860000610351562,17.860000610351562,17.860000610351562,17.860000610351562,14.793008804321289,0
2011-01-03,17.81999969482422,17.81999969482422,17.40999984741211,17.520000457763672,14.511393547058105,2100
2011-01-04,17.520000457763672,17.520000457763672,17.520000457763672,17.520000457763672,14.511393547058105,0
2011-01-05,17.8700008392334,17.8700008392334,17.8700008392334,17.8700008392334,14.801295280456543,500
2011-01-06,18.040000915527344,18.079999923706055,18.040000915527344,18.079999923706055,14.975226402282715,4100
2011-01-07,18.079999923706055,18.079999923706055,18.079999923706055,18.079999923706055,14.975226402282715,0
2011-01-10,17.780000686645508,17.780000686645508,17.139999389648438,17.5,14.49482250213623,1300
2011-01-11,17.780000686645508,17.780000686645508,17.780000686645508,17.780000686645508,14.726755142211914,300
2011-01-12,17.950000762939453,17.969999313354492,17.950000762939453,17.969999313354492,14.898356437683105,600
2011-01-13,18.239999771118164,18.25,18.239999771118164,18.25,15.130510330200195,500
2011-01-14,18.0,18.0,17.850000381469727,17.850000381469727,14.79887866973877,700
2011-01-18,17.850000381469727,17.850000381469727,17.850000381469727,17.850000381469727,14.79887866973877,0
2011-01-19,18.110000610351562,18.110000610351562,18.100000381469727,18.100000381469727,15.00613784790039,700
2011-01-20,18.110000610351562,18.149999618530273,18.110000610351562,18.149999618530273,15.047597885131836,300
2011-01-21,18.149999618530273,18.149999618530273,18.149999618530273,18.149999618530273,15.047597885131836,0
2011-01-24,18.200000762939453,18.209999084472656,18.200000762939453,18.209999084472656,15.097350120544434,4500
2011-01-25,18.209999084472656,18.209999084472656,18.209999084472656,18.209999084472656,15.097350120544434,0
2011-01-26,18.209999084472656,18.209999084472656,18.209999084472656,18.209999084472656,15.097350120544434,0
2011-01-27,18.260000228881836,18.270000457763672,18.25,18.260000228881836,15.138798713684082,1000
2011-01-28,18.260000228881836,18.260000228881836,18.260000228881836,18.260000228881836,15.138798713684082,0
2011-01-31,18.6200008392334,18.6200008392334,18.610000610351562,18.610000610351562,15.428967475891113,600
2011-02-01,18.610000610351562,18.610000610351562,18.610000610351562,18.610000610351562,15.428967475891113,0
2011-02-02,18.90999984741211,18.90999984741211,18.260000228881836,18.260000228881836,15.138798713684082,1200
2011-02-03,18.31999969482422,18.31999969482422,18.299999237060547,18.309999465942383,15.180240631103516,1300
2011-02-04,18.299999237060547,18.649999618530273,18.299999237060547,18.639999389648438,15.453840255737305,1600
2011-02-07,18.899999618530273,19.049999237060547,18.899999618530273,19.049999237060547,15.793761253356934,600
2011-02-08,18.790000915527344,18.790000915527344,18.40999984741211,18.639999389648438,15.453840255737305,1000
2011-02-09,18.670000076293945,18.68000030517578,18.670000076293945,18.68000030517578,15.486991882324219,200
2011-02-10,18.770000457763672,18.770000457763672,18.770000457763672,18.770000457763672,15.575794219970703,200
2011-02-11,18.770000457763672,18.770000457763672,18.770000457763672,18.770000457763672,15.575794219970703,0
2011-02-14,18.770000457763672,18.770000457763672,18.770000457763672,18.770000457763672,15.575794219970703,0
2011-02-15,18.420000076293945,18.420000076293945,18.010000228881836,18.420000076293945,15.285362243652344,500
2011-02-16,18.420000076293945,18.420000076293945,18.420000076293945,18.420000076293945,15.285362243652344,0
2011-02-17,18.43000030517578,18.43000030517578,18.43000030517578,18.43000030517578,15.293656349182129,600
2011-02-18,18.43000030517578,18.43000030517578,18.43000030517578,18.43000030517578,15.293656349182129,0
2011-02-22,18.5,18.5,18.5,18.5,15.351744651794434,1500
2011-02-23,18.579999923706055,19.049999237060547,18.579999923706055,19.049999237060547,15.808146476745605,1100
2011-02-24,18.979999542236328,18.979999542236328,18.979999542236328,18.979999542236328,15.75005054473877,300
2011-02-25,18.979999542236328,18.979999542236328,18.979999542236328,18.979999542236328,15.75005054473877,0
2011-02-28,18.709999084472656,18.709999084472656,18.5,18.549999237060547,15.393226623535156,1300
2011-03-01,18.549999237060547,18.549999237060547,18.549999237060547,18.549999237060547,15.393226623535156,0
2011-03-02,18.610000610351562,18.610000610351562,18.549999237060547,18.549999237060547,15.393226623535156,2400
2011-03-03,18.559999465942383,18.579999923706055,18.549999237060547,18.579999923706055,15.418120384216309,600
2011-03-04,18.579999923706055,18.579999923706055,18.579999923706055,18.579999923706055,15.418120384216309,0
2011-03-07,18.780000686645508,18.799999237060547,18.780000686645508,18.799999237060547,15.600688934326172,500
2011-03-08,18.530000686645508,19.040000915527344,18.530000686645508,19.040000915527344,15.79985237121582,2300
2011-03-09,18.75,18.75,18.5,18.5,15.351744651794434,2000
2011-03-10,18.489999771118164,18.489999771118164,18.479999542236328,18.479999542236328,15.34924030303955,3800
2011-03-11,18.450000762939453,18.469999313354492,18.450000762939453,18.450000762939453,15.32432746887207,1100
2011-03-14,18.350000381469727,18.459999084472656,18.200000762939453,18.459999084472656,15.332633972167969,1400
2011-03-15,18.559999465942383,18.559999465942383,18.559999465942383,18.559999465942383,15.415689468383789,200
2011-03-16,18.450000762939453,18.450000762939453,18.450000762939453,18.450000762939453,15.32432746887207,800
2011-03-17,18.459999084472656,18.459999084472656,18.459999084472656,18.459999084472656,15.332633972167969,100
2011-03-18,18.530000686645508,18.530000686645508,18.260000228881836,18.5,15.36586856842041,1000
2011-03-21,18.5,18.5,18.5,18.5,15.36586856842041,0
2011-03-22,18.489999771118164,18.5,18.489999771118164,18.5,15.36586856842041,300
2011-03-23,18.520000457763672,18.520000457763672,18.5,18.5,15.36586856842041,600
2011-03-24,18.520000457763672,18.520000457763672,18.520000457763672,18.520000457763672,15.382479667663574,400
2011-03-25,18.520000457763672,18.790000915527344,18.520000457763672,18.790000915527344,15.60673999786377,5700
2011-03-28,18.56999969482422,18.950000762939453,18.549999237060547,18.950000762939453,15.739622116088867,1600
2011-03-29,18.670000076293945,19.040000915527344,18.670000076293945,19.0,15.781148910522461,800
2011-03-30,19.0,19.0,19.0,19.0,15.781148910522461,0
2011-03-31,19.040000915527344,19.100000381469727,19.020000457763672,19.100000381469727,15.864217758178711,4200
2011-04-01,19.100000381469727,19.100000381469727,19.100000381469727,19.100000381469727,15.864217758178711,1200
2011-04-04,19.389999389648438,19.59000015258789,17.809999465942383,19.0,15.781148910522461,2100
2011-04-05,19.0,19.0,19.0,19.0,15.781148910522461,0
2011-04-06,19.0,19.0,19.0,19.0,15.781148910522461,0
2011-04-07,19.0,19.0,19.0,19.0,15.781148910522461,0
2011-04-08,19.0,19.0,19.0,19.0,15.781148910522461,0
2011-04-11,19.0,19.0,19.0,19.0,15.781148910522461,0
2011-04-12,19.0,19.0,19.0,19.0,15.795284271240234,0
2011-04-13,19.0,19.0,19.0,19.0,15.795284271240234,0
2011-04-14,19.0,19.0,19.0,19.0,15.795284271240234,0
2011-04-15,19.0,19.0,19.0,19.0,15.795284271240234,0
2011-04-18,19.0,19.0,19.0,19.0,15.795284271240234,0
2011-04-19,19.0,19.0,19.0,19.0,15.795284271240234,0
2011-04-20,18.8799991607666,18.8799991607666,18.459999084472656,18.459999084472656,15.346372604370117,600
2011-04-21,18.360000610351562,18.559999465942383,18.360000610351562,18.559999465942383,15.429496765136719,600
2011-04-25,18.559999465942383,18.559999465942383,18.559999465942383,18.559999465942383,15.429496765136719,0
2011-04-26,18.559999465942383,18.729999542236328,18.559999465942383,18.729999542236328,15.570818901062012,1900
2011-04-27,18.670000076293945,18.670000076293945,18.610000610351562,18.610000610351562,15.471063613891602,200
2011-04-28,18.579999923706055,18.610000610351562,18.579999923706055,18.610000610351562,15.471063613891602,500
2011-04-29,18.770000457763672,18.829999923706055,18.610000610351562,18.75,15.587459564208984,8200
2011-05-02,18.649999618530273,18.899999618530273,18.600000381469727,18.600000381469727,15.462752342224121,600
2011-05-03,18.600000381469727,18.600000381469727,18.600000381469727,18.600000381469727,15.462752342224121,0
2011-05-04,18.600000381469727,18.600000381469727,18.59000015258789,18.59000015258789,15.45443344116211,500
2011-05-05,18.59000015258789,18.59000015258789,18.59000015258789,18.59000015258789,15.45443344116211,0
2011-05-06,18.59000015258789,18.59000015258789,18.59000015258789,18.59000015258789,15.45443344116211,0
2011-05-09,18.59000015258789,18.59000015258789,18.59000015258789,18.59000015258789,15.45443344116211,0
2011-05-10,18.8700008392334,18.8700008392334,18.8700008392334,18.8700008392334,15.687214851379395,200
2011-05-11,18.8700008392334,18.8700008392334,18.8700008392334,18.8700008392334,15.700528144836426,0
2011-05-12,18.59000015258789,18.59000015258789,18.579999923706055,18.579999923706055,15.459236145019531,500
2011-05-13,18.75,18.860000610351562,18.75,18.860000610351562,15.692212104797363,600
2011-05-16,18.860000610351562,18.860000610351562,18.860000610351562,18.860000610351562,15.692212104797363,0
2011-05-17,18.860000610351562,18.860000610351562,18.860000610351562,18.860000610351562,15.692212104797363,0
2011-05-18,18.860000610351562,18.860000610351562,18.860000610351562,18.860000610351562,15.692212104797363,0
2011-05-19,18.860000610351562,18.860000610351562,18.860000610351562,18.860000610351562,15.692212104797363,0
2011-05-20,18.860000610351562,18.860000610351562,18.860000610351562,18.860000610351562,15.692212104797363,0
2011-05-23,18.350000381469727,18.780000686645508,18.350000381469727,18.780000686645508,15.625641822814941,3200
2011-05-24,18.520000457763672,18.770000457763672,18.40999984741211,18.770000457763672,15.617328643798828,600
2011-05-25,18.75,18.75,18.75,18.75,15.600677490234375,100
2011-05-26,18.75,18.75,18.75,18.75,15.600677490234375,0
2011-05-27,18.579999923706055,18.579999923706055,18.579999923706055,18.579999923706055,15.459236145019531,100
2011-05-31,18.670000076293945,18.670000076293945,18.670000076293945,18.670000076293945,15.53410816192627,100
2011-06-01,18.670000076293945,18.75,18.670000076293945,18.709999084472656,15.567401885986328,800
2011-06-02,18.709999084472656,18.709999084472656,18.700000762939453,18.700000762939453,15.559087753295898,1000
2011-06-03,18.59000015258789,18.850000381469727,18.59000015258789,18.850000381469727,15.683887481689453,1600
2011-06-06,18.850000381469727,18.850000381469727,18.850000381469727,18.850000381469727,15.683887481689453,0
2011-06-07,18.850000381469727,18.850000381469727,18.850000381469727,18.850000381469727,15.683887481689453,0
2011-06-08,18.75,18.889999389648438,18.75,18.850000381469727,15.683887481689453,1800
2011-06-09,18.850000381469727,18.850000381469727,18.850000381469727,18.850000381469727,15.683887481689453,0
2011-06-10,18.850000381469727,18.850000381469727,18.850000381469727,18.850000381469727,15.697209358215332,1600
2011-06-13,18.329999923706055,18.329999923706055,18.329999923706055,18.329999923706055,15.264179229736328,200
2011-06-14,18.329999923706055,18.329999923706055,18.329999923706055,18.329999923706055,15.264179229736328,0
2011-06-15,18.420000076293945,18.420000076293945,18.09000015258789,18.260000228881836,15.205890655517578,1000
2011-06-16,18.260000228881836,18.260000228881836,18.260000228881836,18.260000228881836,15.205890655517578,0
2011-06-17,18.260000228881836,18.450000762939453,18.25,18.450000762939453,15.364112854003906,1600
2011-06-20,18.450000762939453,18.450000762939453,18.450000762939453,18.450000762939453,15.364112854003906,0
2011-06-21,18.260000228881836,18.260000228881836,18.25,18.25,15.197566986083984,800
2011-06-22,18.350000381469727,18.5,18.350000381469727,18.350000381469727,15.280838012695312,600
2011-06-23,18.579999923706055,18.6299991607666,18.559999465942383,18.6299991607666,15.51401138305664,2200
2011-06-24,18.25,18.260000228881836,18.049999237060547,18.049999237060547,15.03101634979248,1000
2011-06-27,17.950000762939453,18.350000381469727,17.950000762939453,18.350000381469727,15.280838012695312,900
2011-06-28,18.350000381469727,18.350000381469727,18.350000381469727,18.350000381469727,15.280838012695312,0
2011-06-29,18.600000381469727,18.600000381469727,18.600000381469727,18.600000381469727,15.489027976989746,300
2011-06-30,18.549999237060547,18.549999237060547,18.549999237060547,18.549999237060547,15.447385787963867,3100
2011-07-01,18.489999771118164,18.5,18.489999771118164,18.5,15.405743598937988,500
2011-07-05,18.56999969482422,18.56999969482422,18.5,18.5,15.405743598937988,1500
2011-07-06,18.860000610351562,18.860000610351562,18.440000534057617,18.440000534057617,15.355780601501465,900
2011-07-07,18.34000015258789,18.549999237060547,18.299999237060547,18.549999237060547,15.447385787963867,1200
2011-07-08,18.549999237060547,18.549999237060547,18.549999237060547,18.549999237060547,15.447385787963867,0
2011-07-11,18.549999237060547,18.549999237060547,18.549999237060547,18.549999237060547,15.447385787963867,0
2011-07-12,18.549999237060547,18.549999237060547,18.549999237060547,18.549999237060547,15.460713386535645,0
2011-07-13,18.950000762939453,18.950000762939453,18.549999237060547,18.549999237060547,15.460713386535645,200
2011-07-14,18.549999237060547,18.549999237060547,18.549999237060547,18.549999237060547,15.460713386535645,0
2011-07-15,18.549999237060547,18.549999237060547,18.549999237060547,18.549999237060547,15.460713386535645,0
2011-07-18,18.549999237060547,18.549999237060547,18.549999237060547,18.549999237060547,15.460713386535645,0
2011-07-19,18.31999969482422,18.520000457763672,18.270000457763672,18.399999618530273,15.335697174072266,1600
2011-07-20,18.450000762939453,18.450000762939453,18.450000762939453,18.450000762939453,15.377368927001953,100
2011-07-21,18.459999084472656,18.459999084472656,18.450000762939453,18.450000762939453,15.377368927001953,1900
2011-07-22,18.450000762939453,18.469999313354492,18.450000762939453,18.469999313354492,15.39404296875,300
2011-07-25,18.469999313354492,18.469999313354492,18.469999313354492,18.469999313354492,15.39404296875,0
2011-07-26,18.450000762939453,18.450000762939453,18.450000762939453,18.450000762939453,15.377368927001953,600
2011-07-27,18.450000762939453,18.549999237060547,18.450000762939453,18.549999237060547,15.460713386535645,1100
2011-07-28,18.68000030517578,18.700000762939453,18.450000762939453,18.450000762939453,15.377368927001953,500
2011-07-29,18.479999542236328,18.479999542236328,18.170000076293945,18.200000762939453,15.1690092086792,800
2011-08-01,18.200000762939453,18.200000762939453,18.200000762939453,18.200000762939453,15.1690092086792,0
2011-08-02,18.200000762939453,18.200000762939453,18.200000762939453,18.200000762939453,15.1690092086792,0
2011-08-03,18.100000381469727,18.299999237060547,18.100000381469727,18.299999237060547,15.252358436584473,500
2011-08-04,18.559999465942383,18.559999465942383,18.3700008392334,18.3700008392334,15.310698509216309,400
2011-08-05,18.610000610351562,18.649999618530273,18.299999237060547,18.299999237060547,15.252358436584473,700
2011-08-08,18.299999237060547,18.299999237060547,18.299999237060547,18.299999237060547,15.252358436584473,200
2011-08-09,18.549999237060547,18.549999237060547,18.549999237060547,18.549999237060547,15.460713386535645,300
2011-08-10,18.010000228881836,18.010000228881836,16.790000915527344,17.260000228881836,14.397967338562012,2000
2011-08-11,17.520000457763672,17.520000457763672,17.030000686645508,17.25,14.389634132385254,4000
2011-08-12,17.06999969482422,17.5,17.06999969482422,17.5,14.598173141479492,800
2011-08-15,17.5,17.5,17.270000457763672,17.270000457763672,14.406315803527832,1300
2011-08-16,17.270000457763672,17.270000457763672,17.270000457763672,17.270000457763672,14.406315803527832,0
2011-08-17,17.530000686645508,18.739999771118164,17.530000686645508,18.219999313354492,15.198790550231934,2800
2011-08-18,18.030000686645508,18.030000686645508,17.40999984741211,17.40999984741211,14.523106575012207,1100
2011-08-19,17.6299991607666,17.6299991607666,17.31999969482422,17.489999771118164,14.589834213256836,1000
2011-08-22,17.260000228881836,17.260000228881836,17.260000228881836,17.260000228881836,14.397967338562012,100
2011-08-23,17.260000228881836,17.260000228881836,17.260000228881836,17.260000228881836,14.397967338562012,0
2011-08-24,17.260000228881836,17.260000228881836,17.260000228881836,17.260000228881836,14.397967338562012,300
2011-08-25,17.309999465942383,17.440000534057617,17.309999465942383,17.440000534057617,14.548129081726074,300
2011-08-26,17.559999465942383,17.600000381469727,17.450000762939453,17.450000762939453,14.556476593017578,500
2011-08-29,17.280000686645508,17.280000686645508,17.25,17.25,14.389634132385254,300
2011-08-30,17.25,17.25,17.25,17.25,14.389634132385254,700
2011-08-31,17.010000228881836,17.15999984741211,16.31999969482422,17.15999984741211,14.314554214477539,1900
2011-09-01,17.06999969482422,17.06999969482422,17.06999969482422,17.06999969482422,14.239479064941406,300
2011-09-02,17.329999923706055,17.34000015258789,17.25,17.25,14.389634132385254,800
2011-09-06,17.25,17.420000076293945,17.25,17.420000076293945,14.531445503234863,1100
2011-09-07,17.0,19.15999984741211,17.0,17.6299991607666,14.706624984741211,5200
2011-09-08,17.6299991607666,17.6299991607666,17.6299991607666,17.6299991607666,14.706624984741211,0
2011-09-09,17.649999618530273,17.649999618530273,17.649999618530273,17.649999618530273,14.723304748535156,100
2011-09-12,17.649999618530273,17.649999618530273,17.649999618530273,17.649999618530273,14.736665725708008,0
2011-09-13,17.559999465942383,17.559999465942383,17.520000457763672,17.520000457763672,14.628127098083496,200
2011-09-14,17.290000915527344,17.950000762939453,17.020000457763672,17.719999313354492,14.795111656188965,3300
2011-09-15,17.329999923706055,17.59000015258789,17.329999923706055,17.420000076293945,14.544631004333496,1000
2011-09-16,17.700000762939453,17.700000762939453,17.700000762939453,17.700000762939453,14.77840805053711,100
2011-09-19,17.440000534057617,17.440000534057617,17.440000534057617,17.440000534057617,14.561328887939453,200
2011-09-20,17.969999313354492,17.969999313354492,17.969999313354492,17.969999313354492,15.003844261169434,100
2011-09-21,17.729999542236328,17.940000534057617,17.600000381469727,17.600000381469727,14.694921493530273,1000
2011-09-22,17.860000610351562,17.860000610351562,17.5,17.5,14.611419677734375,2600
2011-09-23,17.5,17.5,17.5,17.5,14.611419677734375,0
2011-09-26,17.399999618530273,17.399999618530273,17.399999618530273,17.399999618530273,14.527929306030273,400
2011-09-27,17.549999237060547,17.549999237060547,17.540000915527344,17.540000915527344,14.644821166992188,200
2011-09-28,17.540000915527344,17.540000915527344,17.540000915527344,17.540000915527344,14.644821166992188,0
2011-09-29,17.540000915527344,17.540000915527344,17.540000915527344,17.540000915527344,14.644821166992188,0
2011-09-30,17.290000915527344,17.290000915527344,17.030000686645508,17.100000381469727,14.277450561523438,2600
2011-10-03,17.020000457763672,17.030000686645508,17.020000457763672,17.020000457763672,14.210662841796875,1900
2011-10-04,16.799999237060547,16.799999237060547,15.710000038146973,16.399999618530273,13.69299602508545,2200
2011-10-05,16.399999618530273,16.399999618530273,16.399999618530273,16.399999618530273,13.69299602508545,0
2011-10-06,16.5,16.5,16.5,16.5,13.776482582092285,500
2011-10-07,16.799999237060547,16.799999237060547,16.639999389648438,16.670000076293945,13.918431282043457,600
2011-10-10,16.920000076293945,16.920000076293945,16.25,16.459999084472656,13.743087768554688,1600
2011-10-11,16.700000762939453,16.75,16.700000762939453,16.75,13.985217094421387,1100
2011-10-12,16.920000076293945,16.93000030517578,16.440000534057617,16.440000534057617,13.7411527633667,400
2011-10-13,16.3700008392334,16.559999465942383,16.3700008392334,16.559999465942383,13.841448783874512,1600
2011-10-14,16.559999465942383,16.559999465942383,16.559999465942383,16.559999465942383,13.841448783874512,0
2011-10-17,16.459999084472656,16.799999237060547,16.420000076293945,16.799999237060547,14.04206371307373,800
2011-10-18,16.59000015258789,16.90999984741211,16.56999969482422,16.90999984741211,14.134003639221191,1400
2011-10-19,17.09000015258789,18.719999313354492,17.09000015258789,18.020000457763672,15.061774253845215,18100
2011-10-20,17.959999084472656,18.030000686645508,17.959999084472656,18.030000686645508,15.07013988494873,200
2011-10-21,17.899999618530273,18.1200008392334,17.899999618530273,18.1200008392334,15.145362854003906,1200
2011-10-24,18.1200008392334,18.1200008392334,18.1200008392334,18.1200008392334,15.145362854003906,0
2011-10-25,18.0,18.200000762939453,17.709999084472656,17.719999313354492,14.811023712158203,3700
2011-10-26,17.5,18.0,17.34000015258789,17.950000762939453,15.003271102905273,2200
2011-10-27,17.709999084472656,18.34000015258789,17.700000762939453,18.170000076293945,15.187154769897461,4700
2011-10-28,17.93000030517578,17.93000030517578,17.93000030517578,17.93000030517578,14.986546516418457,100
2011-10-31,17.440000534057617,17.440000534057617,17.440000534057617,17.440000534057617,14.576992988586426,100
2011-11-01,17.299999237060547,18.0,17.299999237060547,17.579999923706055,14.69400405883789,5000
2011-11-02,17.31999969482422,17.709999084472656,17.059999465942383,17.5,14.627137184143066,2300
2011-11-03,17.420000076293945,17.65999984741211,17.260000228881836,17.65999984741211,14.760875701904297,3300
2011-11-04,17.200000762939453,17.6200008392334,17.15999984741211,17.399999618530273,14.543553352355957,3500
2011-11-07,17.649999618530273,17.719999313354492,17.5,17.5,14.627137184143066,500
2011-11-08,17.5,17.5,17.5,17.5,14.627137184143066,0
2011-11-09,17.510000228881836,17.81999969482422,17.510000228881836,17.59000015258789,14.718352317810059,3200
2011-11-10,17.549999237060547,17.780000686645508,17.329999923706055,17.450000762939453,14.601208686828613,5200
2011-11-11,17.530000686645508,17.950000762939453,17.530000686645508,17.950000762939453,15.019572257995605,700
2011-11-14,17.600000381469727,17.860000610351562,17.600000381469727,17.760000228881836,14.86059284210205,1400
2011-11-15,17.760000228881836,17.760000228881836,17.760000228881836,17.760000228881836,14.86059284210205,0
2011-11-16,17.530000686645508,17.56999969482422,17.309999465942383,17.559999465942383,14.693243026733398,3500
2011-11-17,17.350000381469727,17.93000030517578,17.350000381469727,17.93000030517578,15.002833366394043,3200
2011-11-18,18.049999237060547,18.049999237060547,17.65999984741211,17.81999969482422,14.910799026489258,3800
2011-11-21,17.270000457763672,17.850000381469727,17.270000457763672,17.850000381469727,14.935905456542969,800
2011-11-22,17.850000381469727,17.850000381469727,17.850000381469727,17.850000381469727,14.935905456542969,0
2011-11-23,17.850000381469727,17.850000381469727,17.850000381469727,17.850000381469727,14.935905456542969,0
2011-11-25,17.829999923706055,17.899999618530273,17.829999923706055,17.899999618530273,14.977736473083496,600
2011-11-28,18.0,18.100000381469727,17.93000030517578,18.100000381469727,15.145087242126465,700
2011-11-29,17.809999465942383,17.809999465942383,17.780000686645508,17.790000915527344,14.885699272155762,2400
2011-11-30,17.600000381469727,18.350000381469727,17.600000381469727,18.350000381469727,15.354276657104492,14400
2011-12-01,18.110000610351562,18.110000610351562,18.110000610351562,18.110000610351562,15.153451919555664,200
2011-12-02,18.110000610351562,18.110000610351562,18.110000610351562,18.110000610351562,15.153451919555664,0
2011-12-05,18.5,18.5,17.920000076293945,17.920000076293945,14.994479179382324,600
2011-12-06,18.190000534057617,18.190000534057617,17.809999465942383,18.170000076293945,15.203662872314453,2000
2011-12-07,18.170000076293945,18.170000076293945,18.170000076293945,18.170000076293945,15.203662872314453,0
2011-12-08,18.420000076293945,18.420000076293945,17.899999618530273,17.899999618530273,14.977736473083496,800
2011-12-09,17.81999969482422,18.079999923706055,17.809999465942383,18.079999923706055,15.128351211547852,1700
2011-12-12,18.020000457763672,18.100000381469727,17.899999618530273,17.950000762939453,15.03620719909668,1000
2011-12-13,18.209999084472656,18.209999084472656,18.209999084472656,18.209999084472656,15.254007339477539,800
2011-12-14,17.979999542236328,17.979999542236328,17.639999389648438,17.889999389648438,14.985958099365234,2000
2011-12-15,17.700000762939453,17.959999084472656,17.700000762939453,17.959999084472656,15.044587135314941,3500
2011-12-16,17.739999771118164,17.860000610351562,17.739999771118164,17.860000610351562,14.960821151733398,800
2011-12-19,17.350000381469727,17.950000762939453,17.209999084472656,17.739999771118164,14.860301971435547,9600
2011-12-20,17.510000228881836,18.15999984741211,17.510000228881836,18.06999969482422,15.136735916137695,2900
2011-12-21,18.1200008392334,18.40999984741211,17.780000686645508,18.209999084472656,15.254007339477539,1900
2011-12-22,18.65999984741211,18.8799991607666,17.6200008392334,18.260000228881836,15.295886039733887,4200
2011-12-23,18.0,18.25,17.709999084472656,18.059999465942383,15.128344535827637,5400
2011-12-27,18.0,18.020000457763672,17.790000915527344,17.940000534057617,15.027832984924316,1900
2011-12-28,17.799999237060547,18.100000381469727,17.799999237060547,18.100000381469727,15.161859512329102,7200
2011-12-29,18.139999389648438,18.290000915527344,18.139999389648438,18.190000534057617,15.237245559692383,3500
2011-12-30,18.190000534057617,18.190000534057617,18.190000534057617,18.190000534057617,15.237245559692383,0
2012-01-03,17.850000381469727,18.110000610351562,17.850000381469727,18.110000610351562,15.170234680175781,900
2012-01-04,18.110000610351562,18.110000610351562,18.110000610351562,18.110000610351562,15.170234680175781,0
2012-01-05,18.049999237060547,18.639999389648438,18.049999237060547,18.639999389648438,15.614195823669434,6800
2012-01-06,18.690000534057617,18.690000534057617,18.31999969482422,18.469999313354492,15.471794128417969,5900
2012-01-09,18.34000015258789,18.43000030517578,18.260000228881836,18.399999618530273,15.413151741027832,2000
2012-01-10,18.75,18.75,18.059999465942383,18.649999618530273,15.622579574584961,5900
2012-01-11,18.700000762939453,18.700000762939453,18.389999389648438,18.399999618530273,15.431357383728027,2800
2012-01-12,18.06999969482422,18.420000076293945,18.06999969482422,18.200000762939453,15.263632774353027,1500
2012-01-13,18.579999923706055,18.579999923706055,18.549999237060547,18.549999237060547,15.55716609954834,600
2012-01-17,18.530000686645508,18.530000686645508,18.239999771118164,18.5,15.515228271484375,1500
2012-01-18,18.450000762939453,18.450000762939453,18.399999618530273,18.450000762939453,15.473298072814941,1900
2012-01-19,18.329999923706055,18.450000762939453,18.299999237060547,18.450000762939453,15.473298072814941,500
2012-01-20,18.450000762939453,18.450000762939453,18.450000762939453,18.450000762939453,15.473298072814941,0
2012-01-23,18.450000762939453,18.450000762939453,18.450000762939453,18.450000762939453,15.473298072814941,0
2012-01-24,18.31999969482422,18.450000762939453,18.31999969482422,18.450000762939453,15.473298072814941,400
2012-01-25,18.450000762939453,18.5,18.450000762939453,18.5,15.515228271484375,700
2012-01-26,18.5,18.5,18.5,18.5,15.515228271484375,0
2012-01-27,18.5,18.5,18.5,18.5,15.515228271484375,0
2012-01-30,18.5,18.5,18.5,18.5,15.515228271484375,0
2012-01-31,18.260000228881836,18.43000030517578,18.260000228881836,18.43000030517578,15.456527709960938,400
2012-02-01,18.600000381469727,18.600000381469727,18.5,18.5,15.515228271484375,900
2012-02-02,18.5,18.5,18.479999542236328,18.5,15.515228271484375,4700
2012-02-03,18.5,18.5,18.5,18.5,15.515228271484375,0
2012-02-06,18.989999771118164,18.989999771118164,18.8799991607666,18.899999618530273,15.850700378417969,1400
2012-02-07,18.899999618530273,18.899999618530273,18.899999618530273,18.899999618530273,15.850700378417969,100
2012-02-08,18.899999618530273,18.899999618530273,18.899999618530273,18.899999618530273,15.850700378417969,0
2012-02-09,18.850000381469727,18.850000381469727,18.850000381469727,18.850000381469727,15.808756828308105,500
2012-02-10,18.850000381469727,18.850000381469727,18.850000381469727,18.850000381469727,15.82723331451416,0
2012-02-13,18.850000381469727,18.850000381469727,18.850000381469727,18.850000381469727,15.82723331451416,0
2012-02-14,18.59000015258789,18.799999237060547,18.59000015258789,18.75,15.743263244628906,2500
2012-02-15,18.860000610351562,18.8799991607666,18.780000686645508,18.799999237060547,15.785247802734375,7100
2012-02-16,18.799999237060547,18.799999237060547,18.799999237060547,18.799999237060547,15.785247802734375,0
2012-02-17,18.59000015258789,18.59000015258789,18.59000015258789,18.59000015258789,15.60892391204834,900
2012-02-21,18.450000762939453,18.549999237060547,18.440000534057617,18.549999237060547,15.575340270996094,5000
2012-02-22,18.549999237060547,18.549999237060547,18.549999237060547,18.549999237060547,15.575340270996094,0
2012-02-23,18.549999237060547,18.549999237060547,18.549999237060547,18.549999237060547,15.575340270996094,0
2012-02-24,18.600000381469727,18.600000381469727,18.600000381469727,18.600000381469727,15.617324829101562,800
2012-02-27,18.40999984741211,18.40999984741211,18.399999618530273,18.399999618530273,15.449387550354004,1100
2012-02-28,18.75,18.84000015258789,18.719999313354492,18.84000015258789,15.818839073181152,2500
2012-02-29,18.5,18.84000015258789,18.5,18.84000015258789,15.818839073181152,800
2012-03-01,18.799999237060547,18.799999237060547,18.799999237060547,18.799999237060547,15.785247802734375,500
2012-03-02,18.799999237060547,18.799999237060547,18.799999237060547,18.799999237060547,15.785247802734375,0
2012-03-05,18.700000762939453,18.75,18.510000228881836,18.510000228881836,15.541755676269531,1400
2012-03-06,18.600000381469727,18.600000381469727,18.600000381469727,18.600000381469727,15.617324829101562,100
2012-03-07,18.579999923706055,18.579999923706055,18.559999465942383,18.559999465942383,15.583736419677734,700
2012-03-08,18.559999465942383,18.559999465942383,18.559999465942383,18.559999465942383,15.583736419677734,100
2012-03-09,18.709999084472656,18.709999084472656,18.709999084472656,18.709999084472656,15.709678649902344,200
2012-03-12,18.43000030517578,18.43000030517578,18.40999984741211,18.40999984741211,15.475162506103516,600
2012-03-13,18.40999984741211,18.40999984741211,18.40999984741211,18.40999984741211,15.475162506103516,0
2012-03-14,18.40999984741211,18.40999984741211,18.40999984741211,18.40999984741211,15.475162506103516,800
2012-03-15,18.40999984741211,18.40999984741211,18.40999984741211,18.40999984741211,15.475162506103516,0
2012-03-16,18.799999237060547,18.84000015258789,18.799999237060547,18.84000015258789,15.836616516113281,1200
2012-03-19,18.8700008392334,18.8799991607666,18.84000015258789,18.84000015258789,15.836616516113281,2500
2012-03-20,18.84000015258789,18.84000015258789,18.84000015258789,18.84000015258789,15.836616516113281,0
2012-03-21,18.84000015258789,18.84000015258789,18.84000015258789,18.84000015258789,15.836616516113281,0
2012-03-22,18.600000381469727,18.719999313354492,18.520000457763672,18.520000457763672,15.567625045776367,1600
2012-03-23,18.579999923706055,18.700000762939453,18.520000457763672,18.520000457763672,15.567625045776367,1700
2012-03-26,18.75,18.860000610351562,18.75,18.860000610351562,15.853432655334473,1600
2012-03-27,18.75,18.75,18.75,18.75,15.760958671569824,800
2012-03-28,18.540000915527344,18.799999237060547,18.520000457763672,18.709999084472656,15.727331161499023,4700
2012-03-29,18.700000762939453,18.8799991607666,18.700000762939453,18.8700008392334,15.861828804016113,1300
2012-03-30,18.6200008392334,18.6200008392334,18.530000686645508,18.530000686645508,15.576025009155273,1000
2012-04-02,18.56999969482422,18.670000076293945,18.530000686645508,18.600000381469727,15.634866714477539,700
2012-04-03,18.520000457763672,18.75,18.020000457763672,18.649999618530273,15.676896095275879,3100
2012-04-04,18.729999542236328,18.8799991607666,18.729999542236328,18.8799991607666,15.870229721069336,500
2012-04-05,18.790000915527344,18.8799991607666,18.700000762939453,18.8799991607666,15.870229721069336,1200
2012-04-09,18.610000610351562,18.899999618530273,18.510000228881836,18.700000762939453,15.718934059143066,2000
2012-04-10,18.700000762939453,18.700000762939453,18.700000762939453,18.700000762939453,15.718934059143066,0
2012-04-11,18.75,18.75,18.540000915527344,18.540000915527344,15.601126670837402,800
2012-04-12,18.540000915527344,18.540000915527344,18.540000915527344,18.540000915527344,15.601126670837402,0
2012-04-13,18.540000915527344,18.540000915527344,18.540000915527344,18.540000915527344,15.601126670837402,0
2012-04-16,18.540000915527344,18.540000915527344,18.540000915527344,18.540000915527344,15.601126670837402,0
2012-04-17,18.540000915527344,18.540000915527344,18.540000915527344,18.540000915527344,15.601126670837402,0
2012-04-18,18.270000457763672,18.399999618530273,18.270000457763672,18.399999618530273,15.483311653137207,1200
2012-04-19,18.40999984741211,18.40999984741211,18.40999984741211,18.40999984741211,15.491735458374023,100
2012-04-20,18.43000030517578,18.43000030517578,18.420000076293945,18.420000076293945,15.500144004821777,700
2012-04-23,18.420000076293945,18.420000076293945,18.420000076293945,18.420000076293945,15.500144004821777,0
2012-04-24,18.790000915527344,18.8700008392334,18.790000915527344,18.8700008392334,15.878812789916992,1500
2012-04-25,18.540000915527344,18.540000915527344,18.34000015258789,18.3700008392334,15.458072662353516,1800
2012-04-26,18.3700008392334,18.3700008392334,18.3700008392334,18.3700008392334,15.458072662353516,0
2012-04-27,18.3799991607666,18.3799991607666,18.3700008392334,18.3700008392334,15.458072662353516,1100
2012-04-30,18.3700008392334,18.3700008392334,18.3700008392334,18.3700008392334,15.458072662353516,0
2012-05-01,18.3799991607666,18.59000015258789,18.350000381469727,18.350000381469727,15.441242218017578,3600
2012-05-02,18.459999084472656,18.59000015258789,18.389999389648438,18.59000015258789,15.643197059631348,3200
2012-05-03,18.59000015258789,18.59000015258789,18.59000015258789,18.59000015258789,15.643197059631348,0
2012-05-04,18.59000015258789,18.59000015258789,18.59000015258789,18.59000015258789,15.643197059631348,0
2012-05-07,18.59000015258789,18.59000015258789,18.59000015258789,18.59000015258789,15.643197059631348,0
2012-05-08,18.510000228881836,18.59000015258789,18.510000228881836,18.520000457763672,15.584294319152832,700
2012-05-09,18.520000457763672,18.690000534057617,18.520000457763672,18.690000534057617,15.727344512939453,600
2012-05-10,18.399999618530273,18.399999618530273,18.399999618530273,18.399999618530273,15.499892234802246,200
2012-05-11,18.399999618530273,18.399999618530273,18.399999618530273,18.399999618530273,15.499892234802246,0
2012-05-14,18.399999618530273,18.399999618530273,18.399999618530273,18.399999618530273,15.499892234802246,0
2012-05-15,18.399999618530273,18.399999618530273,18.399999618530273,18.399999618530273,15.499892234802246,0
2012-05-16,18.5,18.5,18.5,18.5,15.584141731262207,1800
2012-05-17,18.5,18.5,18.5,18.5,15.584141731262207,0
2012-05-18,18.780000686645508,18.780000686645508,18.690000534057617,18.690000534057617,15.74419116973877,2000
2012-05-21,18.690000534057617,18.690000534057617,18.690000534057617,18.690000534057617,15.74419116973877,0
2012-05-22,18.68000030517578,18.68000030517578,18.68000030517578,18.68000030517578,15.735772132873535,700
2012-05-23,18.68000030517578,18.68000030517578,18.68000030517578,18.68000030517578,15.735772132873535,0
2012-05-24,18.799999237060547,18.799999237060547,18.799999237060547,18.799999237060547,15.83685302734375,300
2012-05-25,18.520000457763672,18.8799991607666,18.510000228881836,18.8799991607666,15.904247283935547,1800
2012-05-29,18.8799991607666,18.8799991607666,18.8799991607666,18.8799991607666,15.904247283935547,0
2012-05-30,18.809999465942383,18.809999465942383,18.75,18.75,15.794734954833984,900
2012-05-31,18.770000457763672,18.770000457763672,18.739999771118164,18.739999771118164,15.786314010620117,200
2012-06-01,18.739999771118164,18.799999237060547,18.700000762939453,18.799999237060547,15.83685302734375,1700
2012-06-04,18.799999237060547,18.799999237060547,18.799999237060547,18.799999237060547,15.83685302734375,0
2012-06-05,18.799999237060547,18.799999237060547,18.799999237060547,18.799999237060547,15.83685302734375,0
2012-06-06,18.799999237060547,18.799999237060547,18.799999237060547,18.799999237060547,15.83685302734375,0
2012-06-07,18.540000915527344,18.540000915527344,18.5,18.5,15.584141731262207,900
2012-06-08,18.75,18.75,18.75,18.75,15.794734954833984,100
2012-06-11,18.75,18.75,18.75,18.75,15.794734954833984,0
2012-06-12,18.510000228881836,18.68000030517578,18.469999313354492,18.670000076293945,15.744133949279785,1300
2012-06-13,18.56999969482422,18.690000534057617,18.56999969482422,18.690000534057617,15.76099967956543,1600
2012-06-14,18.540000915527344,18.610000610351562,18.540000915527344,18.610000610351562,15.693540573120117,800
2012-06-15,18.549999237060547,18.690000534057617,18.549999237060547,18.690000534057617,15.76099967956543,800
2012-06-18,18.579999923706055,18.65999984741211,18.579999923706055,18.600000381469727,15.68510627746582,900
2012-06-19,18.56999969482422,18.690000534057617,18.56999969482422,18.690000534057617,15.76099967956543,800
2012-06-20,18.690000534057617,18.690000534057617,18.690000534057617,18.690000534057617,15.76099967956543,0
2012-06-21,18.690000534057617,18.690000534057617,18.690000534057617,18.690000534057617,15.76099967956543,0
2012-06-22,18.549999237060547,18.700000762939453,18.549999237060547,18.700000762939453,15.76944637298584,900
2012-06-25,18.579999923706055,18.639999389648438,18.579999923706055,18.639999389648438,15.718841552734375,400
2012-06-26,18.760000228881836,18.989999771118164,18.59000015258789,18.899999618530273,15.93809986114502,2400
2012-06-27,18.899999618530273,18.899999618530273,18.770000457763672,18.889999389648438,15.929664611816406,800
2012-06-28,18.860000610351562,18.969999313354492,18.790000915527344,18.920000076293945,15.954962730407715,1700
2012-06-29,18.760000228881836,18.93000030517578,18.760000228881836,18.860000610351562,15.904367446899414,800
2012-07-02,19.100000381469727,19.100000381469727,19.100000381469727,19.100000381469727,16.106754302978516,800
2012-07-03,18.850000381469727,19.049999237060547,18.850000381469727,19.049999237060547,16.064590454101562,400
2012-07-05,19.049999237060547,19.049999237060547,19.049999237060547,19.049999237060547,16.064590454101562,0
2012-07-06,19.049999237060547,19.049999237060547,19.049999237060547,19.049999237060547,16.064590454101562,0
2012-07-09,19.06999969482422,19.290000915527344,19.06999969482422,19.25,16.23324966430664,5800
2012-07-10,19.25,19.440000534057617,19.25,19.440000534057617,16.39346694946289,2700
2012-07-11,19.440000534057617,19.440000534057617,19.440000534057617,19.440000534057617,16.41034698486328,0
2012-07-12,19.049999237060547,19.049999237060547,19.010000228881836,19.010000228881836,16.047372817993164,300
2012-07-13,19.010000228881836,19.010000228881836,19.010000228881836,19.010000228881836,16.047372817993164,0
2012-07-16,19.260000228881836,19.260000228881836,19.09000015258789,19.09000015258789,16.114900588989258,400
2012-07-17,19.260000228881836,19.260000228881836,19.260000228881836,19.260000228881836,16.258407592773438,100
2012-07-18,19.110000610351562,19.110000610351562,18.799999237060547,18.799999237060547,15.870099067687988,2800
2012-07-19,19.1299991607666,19.1299991607666,18.84000015258789,18.84000015258789,15.90385627746582,300
2012-07-20,18.719999313354492,19.100000381469727,18.709999084472656,18.860000610351562,15.920751571655273,7800
2012-07-23,18.860000610351562,18.860000610351562,18.860000610351562,18.860000610351562,15.920751571655273,0
2012-07-24,18.540000915527344,18.739999771118164,18.530000686645508,18.739999771118164,15.819443702697754,4200
2012-07-25,18.559999465942383,18.649999618530273,18.530000686645508,18.559999465942383,15.66749382019043,2600
2012-07-26,18.549999237060547,18.799999237060547,18.3799991607666,18.709999084472656,15.79412841796875,5000
2012-07-27,18.979999542236328,18.979999542236328,18.579999923706055,18.579999923706055,15.684382438659668,300
2012-07-30,18.579999923706055,18.579999923706055,18.579999923706055,18.579999923706055,15.684382438659668,0
2012-07-31,18.489999771118164,18.520000457763672,18.489999771118164,18.520000457763672,15.633739471435547,500
2012-08-01,18.520000457763672,18.520000457763672,18.520000457763672,18.520000457763672,15.633739471435547,0
2012-08-02,18.579999923706055,18.579999923706055,18.579999923706055,18.579999923706055,15.684382438659668,200
2012-08-03,18.65999984741211,18.719999313354492,18.350000381469727,18.530000686645508,15.642180442810059,2700
2012-08-06,18.600000381469727,18.600000381469727,18.329999923706055,18.360000610351562,15.498669624328613,900
2012-08-07,18.479999542236328,18.600000381469727,18.450000762939453,18.450000762939453,15.57463550567627,800
2012-08-08,18.469999313354492,18.610000610351562,18.469999313354492,18.5,15.616849899291992,1300
2012-08-09,18.440000534057617,18.450000762939453,18.440000534057617,18.450000762939453,15.57463550567627,200
2012-08-10,18.450000762939453,18.459999084472656,18.399999618530273,18.399999618530273,15.549285888671875,800
2012-08-13,18.399999618530273,18.399999618530273,18.399999618530273,18.399999618530273,15.549285888671875,300
2012-08-14,18.399999618530273,18.399999618530273,18.399999618530273,18.399999618530273,15.549285888671875,400
2012-08-15,18.399999618530273,18.399999618530273,18.399999618530273,18.399999618530273,15.549285888671875,0
2012-08-16,18.309999465942383,18.360000610351562,18.309999465942383,18.360000610351562,15.515488624572754,500
2012-08-17,18.360000610351562,18.360000610351562,18.360000610351562,18.360000610351562,15.515488624572754,0
2012-08-20,18.5,18.5,18.5,18.5,15.633798599243164,200
2012-08-21,18.309999465942383,18.5,18.309999465942383,18.5,15.633798599243164,900
2012-08-22,18.5,18.5,18.5,18.5,15.633798599243164,100
2012-08-23,18.690000534057617,18.700000762939453,18.690000534057617,18.700000762939453,15.802820205688477,500
2012-08-24,18.670000076293945,18.75,18.56999969482422,18.75,15.845065116882324,1000
2012-08-27,18.75,18.799999237060547,18.75,18.799999237060547,15.887321472167969,600
2012-08-28,18.719999313354492,18.719999313354492,18.280000686645508,18.31999969482422,15.481689453125,2200
2012-08-29,18.350000381469727,18.5,18.350000381469727,18.5,15.633798599243164,4800
2012-08-30,18.350000381469727,18.350000381469727,18.350000381469727,18.350000381469727,15.507033348083496,200
2012-08-31,18.3700008392334,18.3700008392334,18.329999923706055,18.329999923706055,15.490127563476562,1600
2012-09-04,18.350000381469727,18.469999313354492,18.139999389648438,18.469999313354492,15.608444213867188,5200
2012-09-05,18.030000686645508,18.389999389648438,18.030000686645508,18.329999923706055,15.490127563476562,1100
2012-09-06,18.450000762939453,18.450000762939453,18.350000381469727,18.350000381469727,15.507033348083496,1100
2012-09-07,18.350000381469727,18.350000381469727,18.350000381469727,18.350000381469727,15.507033348083496,0
2012-09-10,18.389999389648438,18.43000030517578,18.389999389648438,18.43000030517578,15.574639320373535,200
2012-09-11,18.399999618530273,18.59000015258789,18.399999618530273,18.510000228881836,15.64224910736084,2000
2012-09-12,18.510000228881836,18.549999237060547,18.200000762939453,18.549999237060547,15.692143440246582,700
2012-09-13,18.510000228881836,18.549999237060547,18.510000228881836,18.549999237060547,15.692143440246582,3200
2012-09-14,18.610000610351562,18.610000610351562,18.139999389648438,18.420000076293945,15.582185745239258,4100
2012-09-17,18.489999771118164,18.489999771118164,18.09000015258789,18.450000762939453,15.60755729675293,2600
2012-09-18,18.530000686645508,18.610000610351562,18.520000457763672,18.610000610351562,15.742910385131836,2600
2012-09-19,18.700000762939453,18.760000228881836,18.700000762939453,18.760000228881836,15.869797706604004,800
2012-09-20,18.81999969482422,18.81999969482422,18.81999969482422,18.81999969482422,15.920560836791992,100
2012-09-21,18.8700008392334,18.8799991607666,18.8700008392334,18.8799991607666,15.971322059631348,200
2012-09-24,18.270000457763672,18.8700008392334,18.260000228881836,18.8700008392334,15.962859153747559,900
2012-09-25,18.8700008392334,18.8700008392334,18.8700008392334,18.8700008392334,15.962859153747559,200
2012-09-26,18.8799991607666,18.8799991607666,18.8799991607666,18.8799991607666,15.971322059631348,400
2012-09-27,18.8799991607666,18.8799991607666,18.8799991607666,18.8799991607666,15.971322059631348,200
2012-09-28,18.350000381469727,18.350000381469727,18.350000381469727,18.350000381469727,15.522967338562012,100
2012-10-01,18.360000610351562,18.75,18.350000381469727,18.68000030517578,15.80212688446045,4200
2012-10-02,18.68000030517578,18.68000030517578,18.68000030517578,18.68000030517578,15.80212688446045,0
2012-10-03,18.84000015258789,18.8799991607666,18.700000762939453,18.8799991607666,15.971322059631348,2100
2012-10-04,18.8799991607666,18.8799991607666,18.8799991607666,18.8799991607666,15.971322059631348,500
2012-10-05,18.81999969482422,18.829999923706055,18.799999237060547,18.799999237060547,15.903645515441895,600
2012-10-08,18.799999237060547,18.799999237060547,18.799999237060547,18.799999237060547,15.903645515441895,0
2012-10-09,18.799999237060547,18.799999237060547,18.799999237060547,18.799999237060547,15.903645515441895,600
2012-10-10,18.799999237060547,18.799999237060547,18.799999237060547,18.799999237060547,15.919734001159668,0
2012-10-11,18.799999237060547,18.799999237060547,18.799999237060547,18.799999237060547,15.919734001159668,0
2012-10-12,18.799999237060547,18.8799991607666,18.799999237060547,18.8799991607666,15.987482070922852,600
2012-10-15,18.8799991607666,18.969999313354492,18.8799991607666,18.969999313354492,16.063682556152344,2800
2012-10-16,19.1299991607666,19.34000015258789,18.8799991607666,19.34000015258789,16.37700080871582,4900
2012-10-17,19.34000015258789,19.34000015258789,19.010000228881836,19.010000228881836,16.097558975219727,1600
2012-10-18,19.34000015258789,19.350000381469727,18.979999542236328,19.350000381469727,16.385469436645508,3400
2012-10-19,19.299999237060547,19.299999237060547,19.200000762939453,19.200000762939453,16.258445739746094,1500
2012-10-22,19.200000762939453,19.200000762939453,18.969999313354492,18.969999313354492,16.063682556152344,3300
2012-10-23,19.190000534057617,19.56999969482422,18.84000015258789,19.0,16.089094161987305,6500
2012-10-24,19.43000030517578,19.43000030517578,19.239999771118164,19.299999237060547,16.343124389648438,5200
2012-10-25,19.3799991607666,19.5,19.299999237060547,19.5,16.51248550415039,4200
2012-10-26,19.350000381469727,19.5,19.149999618530273,19.479999542236328,16.495553970336914,5200
2012-10-31,19.729999542236328,19.729999542236328,19.489999771118164,19.68000030517578,16.66490936279297,11700
2012-11-01,19.68000030517578,19.68000030517578,19.68000030517578,19.68000030517578,16.66490936279297,0
2012-11-02,19.049999237060547,19.65999984741211,19.049999237060547,19.65999984741211,16.647979736328125,1200
2012-11-05,19.65999984741211,19.65999984741211,19.049999237060547,19.049999237060547,16.131439208984375,3300
2012-11-06,19.010000228881836,19.190000534057617,19.0,19.139999389648438,16.207639694213867,1500
2012-11-07,19.079999923706055,19.450000762939453,19.079999923706055,19.100000381469727,16.17377281188965,900
2012-11-08,19.100000381469727,19.100000381469727,19.100000381469727,19.100000381469727,16.17377281188965,0
2012-11-09,19.0,19.0,19.0,19.0,16.104259490966797,100
2012-11-12,19.540000915527344,19.540000915527344,19.540000915527344,19.540000915527344,16.56196403503418,500
2012-11-13,19.540000915527344,19.540000915527344,19.540000915527344,19.540000915527344,16.56196403503418,0
2012-11-14,18.989999771118164,19.450000762939453,18.989999771118164,19.450000762939453,16.485687255859375,800
2012-11-15,19.450000762939453,19.450000762939453,19.450000762939453,19.450000762939453,16.485687255859375,0
2012-11-16,19.0,19.0,19.0,19.0,16.104259490966797,100
2012-11-19,18.860000610351562,18.860000610351562,18.799999237060547,18.799999237060547,15.934754371643066,500
2012-11-20,18.899999618530273,18.899999618530273,18.799999237060547,18.84000015258789,15.968647956848145,900
2012-11-21,18.84000015258789,18.899999618530273,18.799999237060547,18.799999237060547,15.934754371643066,1100
2012-11-23,18.799999237060547,18.799999237060547,18.799999237060547,18.799999237060547,15.934754371643066,0
2012-11-26,19.31999969482422,19.399999618530273,19.31999969482422,19.399999618530273,16.443302154541016,700
2012-11-27,19.360000610351562,19.360000610351562,19.360000610351562,19.360000610351562,16.409404754638672,200
2012-11-28,19.360000610351562,19.360000610351562,19.360000610351562,19.360000610351562,16.409404754638672,0
2012-11-29,19.360000610351562,19.360000610351562,19.360000610351562,19.360000610351562,16.409404754638672,0
2012-11-30,19.09000015258789,19.09000015258789,19.09000015258789,19.09000015258789,16.18055534362793,100
2012-12-03,19.09000015258789,19.09000015258789,19.09000015258789,19.09000015258789,16.18055534362793,0
2012-12-04,18.780000686645508,19.299999237060547,18.780000686645508,18.920000076293945,16.036455154418945,4100
2012-12-05,18.809999465942383,19.059999465942383,18.809999465942383,19.059999465942383,16.155120849609375,400
2012-12-06,18.829999923706055,19.0,18.829999923706055,19.0,16.104259490966797,200
2012-12-07,19.0,19.0,19.0,19.0,16.104259490966797,0
2012-12-10,19.09000015258789,19.450000762939453,19.09000015258789,19.420000076293945,16.46026039123535,1000
2012-12-11,19.200000762939453,19.290000915527344,19.200000762939453,19.290000915527344,16.350067138671875,400
2012-12-12,19.200000762939453,19.200000762939453,19.200000762939453,19.200000762939453,16.288143157958984,0
2012-12-13,19.1200008392334,19.1200008392334,19.1200008392334,19.1200008392334,16.220272064208984,200
2012-12-14,18.829999923706055,18.829999923706055,18.729999542236328,18.729999542236328,15.889418601989746,2400
2012-12-17,18.729999542236328,18.770000457763672,18.6200008392334,18.639999389648438,15.813061714172363,1400
2012-12-18,18.799999237060547,18.799999237060547,18.700000762939453,18.700000762939453,15.863970756530762,300
2012-12-19,18.639999389648438,18.639999389648438,18.6200008392334,18.6200008392334,15.796101570129395,700
2012-12-20,18.6200008392334,18.6200008392334,18.6200008392334,18.6200008392334,15.796101570129395,0
2012-12-21,18.440000534057617,18.440000534057617,18.440000534057617,18.440000534057617,15.643397331237793,800
2012-12-24,18.440000534057617,18.440000534057617,18.440000534057617,18.440000534057617,15.643397331237793,0
2012-12-26,18.440000534057617,18.450000762939453,18.280000686645508,18.280000686645508,15.50766658782959,1700
2012-12-27,18.34000015258789,18.34000015258789,18.270000457763672,18.280000686645508,15.50766658782959,2200
2012-12-28,18.25,18.25,18.25,18.25,15.482213020324707,700
2012-12-31,18.3700008392334,18.440000534057617,18.280000686645508,18.3799991607666,15.59249496459961,7000
2013-01-02,18.709999084472656,18.709999084472656,18.350000381469727,18.43000030517578,15.634915351867676,1200
2013-01-03,18.399999618530273,18.440000534057617,18.299999237060547,18.299999237060547,15.524628639221191,1700
2013-01-04,18.299999237060547,18.43000030517578,18.299999237060547,18.309999465942383,15.533125877380371,8400
2013-01-07,18.309999465942383,18.40999984741211,18.309999465942383,18.399999618530273,15.609460830688477,7500
2013-01-08,18.399999618530273,18.399999618530273,18.399999618530273,18.399999618530273,15.609460830688477,1500
2013-01-09,18.450000762939453,18.65999984741211,18.399999618530273,18.40999984741211,15.617958068847656,4900
2013-01-10,18.59000015258789,18.59000015258789,18.549999237060547,18.56999969482422,15.768242835998535,1200
2013-01-11,18.459999084472656,18.459999084472656,18.459999084472656,18.459999084472656,15.674848556518555,200
2013-01-14,18.639999389648438,18.729999542236328,18.549999237060547,18.729999542236328,15.904111862182617,4100
2013-01-15,18.489999771118164,18.68000030517578,18.489999771118164,18.670000076293945,15.853161811828613,1900
2013-01-16,18.709999084472656,18.709999084472656,18.540000915527344,18.6299991607666,15.819186210632324,2600
2013-01-17,18.65999984741211,18.969999313354492,18.559999465942383,18.559999465942383,15.759750366210938,4000
2013-01-18,18.639999389648438,18.959999084472656,18.6200008392334,18.639999389648438,15.827679634094238,4400
2013-01-22,18.649999618530273,18.8700008392334,18.56999969482422,18.56999969482422,15.768242835998535,5300
2013-01-23,18.610000610351562,18.760000228881836,18.56999969482422,18.739999771118164,15.912596702575684,6000
2013-01-24,18.579999923706055,18.969999313354492,18.579999923706055,18.780000686645508,15.946564674377441,1400
2013-01-25,18.790000915527344,19.1299991607666,18.790000915527344,18.979999542236328,16.11638832092285,5000
2013-01-28,19.100000381469727,19.100000381469727,18.979999542236328,19.100000381469727,16.21828842163086,4500
2013-01-29,19.100000381469727,19.100000381469727,19.100000381469727,19.100000381469727,16.21828842163086,0
2013-01-30,19.100000381469727,19.149999618530273,19.049999237060547,19.149999618530273,16.260740280151367,2700
2013-01-31,19.139999389648438,19.219999313354492,19.139999389648438,19.219999313354492,16.320171356201172,1500
2013-02-01,19.309999465942383,19.389999389648438,19.020000457763672,19.020000457763672,16.150358200073242,700
2013-02-04,19.079999923706055,19.469999313354492,19.079999923706055,19.3799991607666,16.456037521362305,1900
2013-02-05,19.489999771118164,19.489999771118164,19.3700008392334,19.420000076293945,16.490009307861328,2400
2013-02-06,19.450000762939453,19.5,19.399999618530273,19.459999084472656,16.523975372314453,5200
2013-02-07,19.670000076293945,19.719999313354492,19.600000381469727,19.600000381469727,16.642839431762695,4800
2013-02-08,19.719999313354492,19.739999771118164,19.510000228881836,19.729999542236328,16.75323486328125,2300
2013-02-11,19.65999984741211,19.799999237060547,19.639999389648438,19.799999237060547,16.812664031982422,4500
2013-02-12,19.889999389648438,19.889999389648438,19.889999389648438,19.889999389648438,16.903602600097656,1600
2013-02-13,19.889999389648438,19.889999389648438,19.84000015258789,19.84000015258789,16.861112594604492,2200
2013-02-14,19.93000030517578,19.93000030517578,19.770000457763672,19.770000457763672,16.801620483398438,400
2013-02-15,19.940000534057617,19.940000534057617,19.899999618530273,19.899999618530273,16.912105560302734,2500
2013-02-19,19.969999313354492,19.969999313354492,19.739999771118164,19.75,16.784624099731445,1500
2013-02-20,19.75,19.75,19.75,19.75,16.784624099731445,0
2013-02-21,19.969999313354492,19.969999313354492,19.829999923706055,19.8799991607666,16.89510726928711,1000
2013-02-22,19.8799991607666,19.8799991607666,19.8799991607666,19.8799991607666,16.89510726928711,0
2013-02-25,19.8799991607666,19.8799991607666,19.8799991607666,19.8799991607666,16.89510726928711,0
2013-02-26,19.65999984741211,19.690000534057617,19.649999618530273,19.690000534057617,16.733631134033203,700
2013-02-27,19.950000762939453,19.950000762939453,19.31999969482422,19.6200008392334,16.674144744873047,2100
2013-02-28,19.729999542236328,19.899999618530273,19.540000915527344,19.8799991607666,16.89510726928711,1100
2013-03-01,19.5,19.5,19.5,19.5,16.572154998779297,100
2013-03-04,19.31999969482422,19.520000457763672,19.31999969482422,19.31999969482422,16.41918182373047,500
2013-03-05,19.350000381469727,19.350000381469727,19.100000381469727,19.100000381469727,16.232219696044922,600
2013-03-06,19.510000228881836,19.510000228881836,19.510000228881836,19.510000228881836,16.580657958984375,400
2013-03-07,19.450000762939453,19.450000762939453,19.450000762939453,19.450000762939453,16.529661178588867,400
2013-03-08,19.510000228881836,19.549999237060547,19.510000228881836,19.540000915527344,16.606149673461914,1900
2013-03-11,19.540000915527344,19.540000915527344,19.540000915527344,19.540000915527344,16.606149673461914,0
2013-03-12,19.540000915527344,19.540000915527344,19.540000915527344,19.540000915527344,16.61975860595703,0
2013-03-13,19.8799991607666,19.920000076293945,19.8700008392334,19.8700008392334,16.900442123413086,1400
2013-03-14,19.90999984741211,19.90999984741211,19.90999984741211,19.90999984741211,16.934471130371094,100
2013-03-15,19.940000534057617,19.940000534057617,19.940000534057617,19.940000534057617,16.959985733032227,1000
2013-03-18,19.940000534057617,19.940000534057617,19.940000534057617,19.940000534057617,16.959985733032227,100
2013-03-19,19.84000015258789,19.84000015258789,19.84000015258789,19.84000015258789,16.874935150146484,100
2013-03-20,19.940000534057617,19.940000534057617,19.729999542236328,19.729999542236328,16.7813720703125,2000
2013-03-21,19.75,19.75,19.200000762939453,19.43000030517578,16.526206970214844,2500
2013-03-22,19.459999084472656,19.459999084472656,19.43000030517578,19.43000030517578,16.526206970214844,600
2013-03-25,19.309999465942383,19.65999984741211,19.239999771118164,19.459999084472656,16.55173110961914,1500
2013-03-26,19.030000686645508,19.43000030517578,19.030000686645508,19.389999389648438,16.49217414855957,1000
2013-03-27,19.100000381469727,19.440000534057617,19.100000381469727,19.440000534057617,16.534711837768555,2900
2013-03-28,19.43000030517578,19.450000762939453,19.350000381469727,19.450000762939453,16.5432071685791,600
2013-04-01,19.450000762939453,19.450000762939453,19.450000762939453,19.450000762939453,16.5432071685791,0
2013-04-02,19.229999542236328,19.229999542236328,19.200000762939453,19.200000762939453,16.33057403564453,600
2013-04-03,19.440000534057617,19.700000762939453,19.440000534057617,19.469999313354492,16.560226440429688,1700
2013-04-04,19.559999465942383,19.690000534057617,19.559999465942383,19.690000534057617,16.747350692749023,3100
2013-04-05,19.56999969482422,19.8799991607666,19.489999771118164,19.649999618530273,16.71332359313965,1100
2013-04-08,19.649999618530273,19.649999618530273,19.649999618530273,19.649999618530273,16.71332359313965,0
2013-04-09,19.649999618530273,19.649999618530273,19.649999618530273,19.649999618530273,16.71332359313965,0
2013-04-10,19.75,19.989999771118164,19.5,19.989999771118164,17.016372680664062,1800
2013-04-11,19.989999771118164,20.139999389648438,19.989999771118164,20.139999389648438,17.144060134887695,3900
2013-04-12,20.139999389648438,20.139999389648438,20.139999389648438,20.139999389648438,17.144060134887695,500
2013-04-15,20.139999389648438,20.139999389648438,20.139999389648438,20.139999389648438,17.144060134887695,0
2013-04-16,19.719999313354492,20.06999969482422,19.719999313354492,20.06999969482422,17.08446502685547,1500
2013-04-17,20.1299991607666,20.1299991607666,19.709999084472656,19.850000381469727,16.89719009399414,2300
2013-04-18,20.1299991607666,20.1299991607666,20.1299991607666,20.1299991607666,17.135543823242188,1300
2013-04-19,20.020000457763672,20.020000457763672,20.0,20.0,17.024879455566406,400
2013-04-22,20.110000610351562,20.110000610351562,20.110000610351562,20.110000610351562,17.118513107299805,200
2013-04-23,20.110000610351562,20.190000534057617,20.110000610351562,20.190000534057617,17.186620712280273,4300
2013-04-24,20.190000534057617,20.190000534057617,20.149999618530273,20.190000534057617,17.186620712280273,4400
2013-04-25,20.18000030517578,20.18000030517578,20.170000076293945,20.170000076293945,17.16958236694336,600
2013-04-26,20.190000534057617,20.190000534057617,20.190000534057617,20.190000534057617,17.186620712280273,100
2013-04-29,19.989999771118164,20.0,19.989999771118164,19.989999771118164,17.016372680664062,900
2013-04-30,19.809999465942383,19.809999465942383,19.809999465942383,19.809999465942383,16.863143920898438,200
2013-05-01,20.190000534057617,20.190000534057617,19.610000610351562,20.079999923706055,17.092981338500977,1600
2013-05-02,19.780000686645508,19.780000686645508,19.780000686645508,19.780000686645508,16.83760643005371,600
2013-05-03,19.729999542236328,20.149999618530273,19.729999542236328,20.149999618530273,17.152576446533203,1200
2013-05-06,20.149999618530273,20.149999618530273,20.149999618530273,20.149999618530273,17.152576446533203,0
2013-05-07,20.09000015258789,20.09000015258789,20.06999969482422,20.06999969482422,17.08446502685547,500
2013-05-08,20.079999923706055,20.139999389648438,20.079999923706055,20.139999389648438,17.144060134887695,400
2013-05-09,19.93000030517578,19.93000030517578,19.93000030517578,19.93000030517578,16.965299606323242,800
2013-05-10,20.190000534057617,20.190000534057617,20.190000534057617,20.190000534057617,17.200428009033203,200
2013-05-13,20.190000534057617,20.190000534057617,20.18000030517578,20.190000534057617,17.200428009033203,1100
2013-05-14,20.190000534057617,20.190000534057617,20.190000534057617,20.190000534057617,17.200428009033203,400
2013-05-15,20.18000030517578,20.18000030517578,20.18000030517578,20.18000030517578,17.191905975341797,300
2013-05-16,20.190000534057617,20.239999771118164,20.190000534057617,20.190000534057617,17.200428009033203,2200
2013-05-17,20.190000534057617,20.190000534057617,20.18000030517578,20.190000534057617,17.200428009033203,2200
2013-05-20,20.239999771118164,20.239999771118164,20.239999771118164,20.239999771118164,17.24302864074707,300
2013-05-21,20.139999389648438,20.139999389648438,20.139999389648438,20.139999389648438,17.1578369140625,200
2013-05-22,20.040000915527344,20.040000915527344,20.040000915527344,20.040000915527344,17.072633743286133,300
2013-05-23,20.040000915527344,20.040000915527344,20.040000915527344,20.040000915527344,17.072633743286133,0
2013-05-24,20.239999771118164,20.239999771118164,20.209999084472656,20.239999771118164,17.24302864074707,6400
2013-05-28,20.239999771118164,20.239999771118164,20.239999771118164,20.239999771118164,17.24302864074707,0
2013-05-29,20.239999771118164,20.239999771118164,20.239999771118164,20.239999771118164,17.24302864074707,0
2013-05-30,20.670000076293945,20.670000076293945,20.559999465942383,20.559999465942383,17.515634536743164,400
2013-05-31,20.700000762939453,20.700000762939453,20.700000762939453,20.700000762939453,17.634912490844727,500
2013-06-03,20.700000762939453,20.700000762939453,20.700000762939453,20.700000762939453,17.634912490844727,0
2013-06-04,21.5,21.5,21.5,21.5,18.316452026367188,200
2013-06-05,21.5,21.5,21.5,21.5,18.316452026367188,0
2013-06-06,20.670000076293945,20.670000076293945,20.229999542236328,20.440000534057617,17.41341209411621,800
2013-06-07,20.600000381469727,20.600000381469727,20.329999923706055,20.329999923706055,17.31969451904297,900
2013-06-10,20.329999923706055,20.329999923706055,20.329999923706055,20.329999923706055,17.31969451904297,0
2013-06-11,20.329999923706055,20.329999923706055,20.329999923706055,20.329999923706055,17.31969451904297,0
2013-06-12,20.329999923706055,20.329999923706055,20.329999923706055,20.329999923706055,17.333337783813477,0
2013-06-13,20.329999923706055,20.329999923706055,20.329999923706055,20.329999923706055,17.333337783813477,0
2013-06-14,20.600000381469727,20.600000381469727,20.579999923706055,20.600000381469727,17.563541412353516,600
2013-06-17,20.600000381469727,20.600000381469727,20.600000381469727,20.600000381469727,17.563541412353516,0
2013-06-18,20.600000381469727,20.600000381469727,20.600000381469727,20.600000381469727,17.563541412353516,0
2013-06-19,20.600000381469727,20.600000381469727,20.600000381469727,20.600000381469727,17.563541412353516,0
2013-06-20,20.600000381469727,20.600000381469727,20.600000381469727,20.600000381469727,17.563541412353516,0
2013-06-21,20.600000381469727,20.600000381469727,20.600000381469727,20.600000381469727,17.563541412353516,0
2013-06-24,20.600000381469727,20.600000381469727,20.600000381469727,20.600000381469727,17.563541412353516,0
2013-06-25,20.579999923706055,20.600000381469727,20.579999923706055,20.600000381469727,17.563541412353516,300
2013-06-26,20.299999237060547,20.309999465942383,20.280000686645508,20.280000686645508,17.290708541870117,600
2013-06-27,20.280000686645508,20.280000686645508,20.280000686645508,20.280000686645508,17.290708541870117,0
2013-06-28,20.280000686645508,20.280000686645508,20.280000686645508,20.280000686645508,17.290708541870117,0
2013-07-01,20.280000686645508,20.280000686645508,20.280000686645508,20.280000686645508,17.290708541870117,0
2013-07-02,20.280000686645508,20.280000686645508,20.280000686645508,20.280000686645508,17.290708541870117,0
2013-07-03,20.280000686645508,20.280000686645508,20.280000686645508,20.280000686645508,17.290708541870117,0
2013-07-05,19.81999969482422,19.81999969482422,19.81999969482422,19.81999969482422,16.89851951599121,200
2013-07-08,19.719999313354492,19.719999313354492,19.700000762939453,19.700000762939453,16.79620933532715,1200
2013-07-09,19.700000762939453,19.700000762939453,19.670000076293945,19.700000762939453,16.79620933532715,1100
2013-07-10,19.700000762939453,19.700000762939453,19.700000762939453,19.700000762939453,16.80986213684082,0
2013-07-11,19.709999084472656,19.709999084472656,19.700000762939453,19.700000762939453,16.80986213684082,600
2013-07-12,19.700000762939453,19.700000762939453,19.700000762939453,19.700000762939453,16.80986213684082,1100
2013-07-15,19.700000762939453,19.700000762939453,19.700000762939453,19.700000762939453,16.80986213684082,0
2013-07-16,19.700000762939453,19.700000762939453,19.440000534057617,19.440000534057617,16.587997436523438,2000
2013-07-17,19.690000534057617,19.690000534057617,19.670000076293945,19.690000534057617,16.801319122314453,1000
2013-07-18,19.700000762939453,19.700000762939453,19.700000762939453,19.700000762939453,16.80986213684082,200
2013-07-19,19.700000762939453,19.700000762939453,19.700000762939453,19.700000762939453,16.80986213684082,0
2013-07-22,19.700000762939453,19.700000762939453,19.700000762939453,19.700000762939453,16.80986213684082,0
2013-07-23,19.75,19.75,19.75,19.75,16.852514266967773,2000
2013-07-24,19.75,19.75,19.75,19.75,16.852514266967773,0
2013-07-25,19.75,19.75,19.75,19.75,16.852514266967773,0
2013-07-26,19.75,19.75,19.75,19.75,16.852514266967773,0
2013-07-29,19.75,19.75,19.75,19.75,16.852514266967773,300
2013-07-30,19.780000686645508,19.780000686645508,19.760000228881836,19.760000228881836,16.861055374145508,500
2013-07-31,19.75,19.770000457763672,19.75,19.770000457763672,16.869590759277344,3200
2013-08-01,19.770000457763672,19.770000457763672,19.770000457763672,19.770000457763672,16.869590759277344,0
2013-08-02,19.75,19.75,19.700000762939453,19.700000762939453,16.80986213684082,1200
2013-08-05,19.700000762939453,19.700000762939453,19.700000762939453,19.700000762939453,16.80986213684082,0
2013-08-06,19.850000381469727,19.850000381469727,19.850000381469727,19.850000381469727,16.937843322753906,200
2013-08-07,20.010000228881836,20.170000076293945,20.0,20.0,17.06583595275879,700
2013-08-08,19.780000686645508,19.780000686645508,19.649999618530273,19.649999618530273,16.767189025878906,800
2013-08-09,19.639999389648438,19.93000030517578,19.510000228881836,19.510000228881836,16.647727966308594,1600
2013-08-12,19.510000228881836,19.510000228881836,19.510000228881836,19.510000228881836,16.661388397216797,0
2013-08-13,19.510000228881836,19.510000228881836,19.510000228881836,19.510000228881836,16.661388397216797,0
2013-08-14,19.959999084472656,19.959999084472656,19.959999084472656,19.959999084472656,17.04568862915039,500
2013-08-15,20.0,20.0,20.0,20.0,17.079845428466797,300
2013-08-16,19.520000457763672,19.520000457763672,19.520000457763672,19.520000457763672,16.669933319091797,400
2013-08-19,19.520000457763672,19.520000457763672,19.520000457763672,19.520000457763672,16.669933319091797,0
2013-08-20,19.520000457763672,19.520000457763672,19.520000457763672,19.520000457763672,16.669933319091797,0
2013-08-21,19.520000457763672,19.520000457763672,19.520000457763672,19.520000457763672,16.669933319091797,0
2013-08-22,19.549999237060547,19.549999237060547,19.510000228881836,19.510000228881836,16.661388397216797,1500
2013-08-23,19.40999984741211,19.40999984741211,19.399999618530273,19.399999618530273,16.567453384399414,300
2013-08-26,19.399999618530273,19.399999618530273,19.399999618530273,19.399999618530273,16.567453384399414,800
2013-08-27,19.399999618530273,19.399999618530273,19.399999618530273,19.399999618530273,16.567453384399414,2600
2013-08-28,19.5,19.5,19.299999237060547,19.459999084472656,16.618688583374023,900
2013-08-29,19.719999313354492,19.719999313354492,19.719999313354492,19.719999313354492,16.840721130371094,200
2013-08-30,19.719999313354492,19.719999313354492,19.719999313354492,19.719999313354492,16.840721130371094,0
2013-09-03,19.329999923706055,19.329999923706055,19.299999237060547,19.299999237060547,16.482053756713867,1000
2013-09-04,19.299999237060547,19.299999237060547,19.299999237060547,19.299999237060547,16.482053756713867,0
2013-09-05,19.299999237060547,19.299999237060547,19.299999237060547,19.299999237060547,16.482053756713867,0
2013-09-06,19.299999237060547,19.299999237060547,19.299999237060547,19.299999237060547,16.482053756713867,0
2013-09-09,19.299999237060547,19.299999237060547,19.299999237060547,19.299999237060547,16.482053756713867,0
2013-09-10,19.31999969482422,19.31999969482422,19.299999237060547,19.299999237060547,16.482053756713867,1400
2013-09-11,19.299999237060547,19.299999237060547,19.299999237060547,19.299999237060547,16.49573516845703,300
2013-09-12,19.299999237060547,19.299999237060547,19.299999237060547,19.299999237060547,16.49573516845703,0
2013-09-13,19.299999237060547,19.299999237060547,19.299999237060547,19.299999237060547,16.49573516845703,0
2013-09-16,19.299999237060547,19.299999237060547,19.299999237060547,19.299999237060547,16.49573516845703,0
2013-09-17,19.200000762939453,19.200000762939453,19.200000762939453,19.200000762939453,16.410255432128906,800
2013-09-18,19.200000762939453,19.200000762939453,19.200000762939453,19.200000762939453,16.410255432128906,0
2013-09-19,19.200000762939453,19.200000762939453,19.100000381469727,19.100000381469727,16.324792861938477,1200
2013-09-20,19.59000015258789,19.59000015258789,19.450000762939453,19.450000762939453,16.623929977416992,1600
2013-09-23,19.450000762939453,19.450000762939453,19.450000762939453,19.450000762939453,16.623929977416992,0
2013-09-24,19.450000762939453,19.450000762939453,19.450000762939453,19.450000762939453,16.623929977416992,0
2013-09-25,19.450000762939453,19.450000762939453,19.450000762939453,19.450000762939453,16.623929977416992,0
2013-09-26,19.65999984741211,19.65999984741211,19.65999984741211,19.65999984741211,16.80341911315918,1000
2013-09-27,19.40999984741211,19.440000534057617,19.110000610351562,19.110000610351562,16.333332061767578,900
2013-09-30,19.110000610351562,19.110000610351562,19.110000610351562,19.110000610351562,16.333332061767578,0
2013-10-01,19.110000610351562,19.110000610351562,19.110000610351562,19.110000610351562,16.333332061767578,0
2013-10-02,19.139999389648438,19.139999389648438,19.110000610351562,19.110000610351562,16.333332061767578,700
2013-10-03,19.139999389648438,19.209999084472656,19.110000610351562,19.209999084472656,16.418800354003906,500
2013-10-04,19.1200008392334,19.139999389648438,19.110000610351562,19.110000610351562,16.333332061767578,900
2013-10-07,19.100000381469727,19.100000381469727,19.100000381469727,19.100000381469727,16.324792861938477,1000
2013-10-08,19.100000381469727,19.100000381469727,19.100000381469727,19.100000381469727,16.324792861938477,0
2013-10-09,19.110000610351562,19.1299991607666,19.100000381469727,19.100000381469727,16.33847999572754,3000
2013-10-10,19.100000381469727,19.100000381469727,19.100000381469727,19.100000381469727,16.33847999572754,0
2013-10-11,19.100000381469727,19.100000381469727,19.100000381469727,19.100000381469727,16.33847999572754,100
2013-10-14,19.100000381469727,19.100000381469727,19.0,19.0,16.252941131591797,3000
2013-10-15,19.0,19.0,19.0,19.0,16.252941131591797,0
2013-10-16,18.90999984741211,18.93000030517578,18.899999618530273,18.899999618530273,16.16739273071289,1900
2013-10-17,18.809999465942383,18.809999465942383,18.709999084472656,18.709999084472656,16.00486183166504,1600
2013-10-18,18.709999084472656,18.709999084472656,18.709999084472656,18.709999084472656,16.00486183166504,0
2013-10-21,18.709999084472656,18.709999084472656,18.709999084472656,18.709999084472656,16.00486183166504,0
2013-10-22,18.709999084472656,18.709999084472656,18.709999084472656,18.709999084472656,16.00486183166504,0
2013-10-23,18.709999084472656,18.709999084472656,18.709999084472656,18.709999084472656,16.00486183166504,0
2013-10-24,18.709999084472656,18.709999084472656,18.709999084472656,18.709999084472656,16.00486183166504,0
2013-10-25,19.010000228881836,19.010000228881836,19.010000228881836,19.010000228881836,16.261489868164062,1000
2013-10-28,18.770000457763672,18.799999237060547,18.75,18.799999237060547,16.08184051513672,1400
2013-10-29,18.75,18.75,18.75,18.75,16.039077758789062,500
2013-10-30,18.760000228881836,18.760000228881836,18.760000228881836,18.760000228881836,16.047636032104492,1300
2013-10-31,18.75,18.75,18.75,18.75,16.039077758789062,400
2013-11-01,18.75,18.75,18.75,18.75,16.039077758789062,0
2013-11-04,18.760000228881836,18.760000228881836,18.760000228881836,18.760000228881836,16.047636032104492,500
2013-11-05,18.760000228881836,18.760000228881836,18.760000228881836,18.760000228881836,16.047636032104492,0
2013-11-06,18.760000228881836,18.760000228881836,18.760000228881836,18.760000228881836,16.047636032104492,0
2013-11-07,18.75,18.799999237060547,18.75,18.799999237060547,16.08184051513672,900
2013-11-08,18.799999237060547,18.799999237060547,18.799999237060547,18.799999237060547,16.08184051513672,0
2013-11-11,18.709999084472656,18.709999084472656,18.610000610351562,18.610000610351562,15.919318199157715,1000
2013-11-12,18.799999237060547,18.799999237060547,18.700000762939453,18.700000762939453,16.009214401245117,300
2013-11-13,18.260000228881836,18.260000228881836,18.06999969482422,18.06999969482422,15.469866752624512,1100
2013-11-14,18.40999984741211,18.40999984741211,18.299999237060547,18.299999237060547,15.666769981384277,900
2013-11-15,18.309999465942383,18.309999465942383,18.309999465942383,18.309999465942383,15.675333023071289,700
2013-11-18,18.299999237060547,18.299999237060547,18.299999237060547,18.299999237060547,15.666769981384277,100
2013-11-19,18.8700008392334,18.8700008392334,18.8700008392334,18.8700008392334,16.154748916625977,100
2013-11-20,18.8700008392334,18.8700008392334,18.8700008392334,18.8700008392334,16.154748916625977,0
2013-11-21,18.90999984741211,18.90999984741211,18.90999984741211,18.90999984741211,16.188989639282227,600
2013-11-22,18.90999984741211,18.90999984741211,18.90999984741211,18.90999984741211,16.188989639282227,0
2013-11-25,18.309999465942383,18.31999969482422,18.299999237060547,18.299999237060547,15.666769981384277,1400
2013-11-26,18.260000228881836,18.260000228881836,18.190000534057617,18.200000762939453,15.581157684326172,9100
2013-11-27,18.200000762939453,18.219999313354492,18.200000762939453,18.219999313354492,15.59827709197998,1200
2013-11-29,18.209999084472656,18.219999313354492,18.209999084472656,18.209999084472656,15.58971881866455,2400
2013-12-02,18.209999084472656,18.209999084472656,18.110000610351562,18.200000762939453,15.581157684326172,4100
2013-12-03,18.100000381469727,18.1200008392334,18.030000686645508,18.100000381469727,15.495543479919434,13500
2013-12-04,18.030000686645508,18.170000076293945,18.030000686645508,18.100000381469727,15.495543479919434,1800
2013-12-05,18.100000381469727,18.100000381469727,18.100000381469727,18.100000381469727,15.495543479919434,0
2013-12-06,18.1200008392334,18.139999389648438,18.1200008392334,18.139999389648438,15.529794692993164,1500
2013-12-09,18.139999389648438,18.149999618530273,18.139999389648438,18.139999389648438,15.529794692993164,1000
2013-12-10,18.139999389648438,18.139999389648438,18.139999389648438,18.139999389648438,15.529794692993164,0
2013-12-11,18.200000762939453,18.200000762939453,18.100000381469727,18.100000381469727,15.508370399475098,1100
2013-12-12,18.1200008392334,18.1200008392334,18.1200008392334,18.1200008392334,15.525503158569336,500
2013-12-13,18.1200008392334,18.1200008392334,18.1200008392334,18.1200008392334,15.525503158569336,0
2013-12-16,18.1200008392334,18.1200008392334,18.1200008392334,18.1200008392334,15.525503158569336,0
2013-12-17,18.110000610351562,18.139999389648438,18.100000381469727,18.139999389648438,15.542647361755371,3500
2013-12-18,18.139999389648438,18.139999389648438,18.139999389648438,18.139999389648438,15.542647361755371,0
2013-12-19,18.110000610351562,18.149999618530273,18.110000610351562,18.149999618530273,15.551213264465332,600
2013-12-20,18.149999618530273,18.149999618530273,18.149999618530273,18.149999618530273,15.551213264465332,0
2013-12-23,18.170000076293945,18.170000076293945,18.170000076293945,18.170000076293945,15.568357467651367,500
2013-12-24,18.170000076293945,18.170000076293945,18.170000076293945,18.170000076293945,15.568357467651367,0
2013-12-26,18.260000228881836,18.350000381469727,18.260000228881836,18.350000381469727,15.722580909729004,800
2013-12-27,18.170000076293945,18.170000076293945,18.170000076293945,18.170000076293945,15.568357467651367,500
2013-12-30,18.139999389648438,18.139999389648438,18.1200008392334,18.1200008392334,15.525503158569336,1100
2013-12-31,18.139999389648438,18.139999389648438,18.1200008392334,18.1200008392334,15.525503158569336,2000
2014-01-02,18.1200008392334,18.1200008392334,18.1200008392334,18.1200008392334,15.525503158569336,0
2014-01-03,18.139999389648438,18.139999389648438,18.1200008392334,18.1200008392334,15.525503158569336,600
2014-01-06,18.1200008392334,18.1200008392334,18.1200008392334,18.1200008392334,15.525503158569336,0
2014-01-07,18.299999237060547,18.299999237060547,18.299999237060547,18.299999237060547,15.679737091064453,100
2014-01-08,18.299999237060547,18.299999237060547,18.299999237060547,18.299999237060547,15.679737091064453,2900
2014-01-09,18.299999237060547,18.299999237060547,18.299999237060547,18.299999237060547,15.679737091064453,0
2014-01-10,18.219999313354492,18.239999771118164,18.219999313354492,18.239999771118164,15.641145706176758,400
2014-01-13,18.239999771118164,18.239999771118164,18.239999771118164,18.239999771118164,15.641145706176758,0
2014-01-14,18.299999237060547,18.31999969482422,18.299999237060547,18.31999969482422,15.709754943847656,600
2014-01-15,18.299999237060547,18.299999237060547,18.299999237060547,18.299999237060547,15.692598342895508,600
2014-01-16,18.329999923706055,18.329999923706055,18.329999923706055,18.329999923706055,15.718324661254883,600
2014-01-17,18.309999465942383,18.309999465942383,18.299999237060547,18.299999237060547,15.692598342895508,5000
2014-01-21,18.360000610351562,18.360000610351562,18.329999923706055,18.329999923706055,15.718324661254883,300
2014-01-22,18.40999984741211,18.40999984741211,18.40999984741211,18.40999984741211,15.78692626953125,2000
2014-01-23,18.40999984741211,18.40999984741211,18.40999984741211,18.40999984741211,15.78692626953125,0
2014-01-24,18.309999465942383,18.329999923706055,18.309999465942383,18.329999923706055,15.718324661254883,800
2014-01-27,18.329999923706055,18.329999923706055,18.329999923706055,18.329999923706055,15.718324661254883,0
2014-01-28,18.40999984741211,18.40999984741211,18.40999984741211,18.40999984741211,15.78692626953125,400
2014-01-29,18.40999984741211,18.40999984741211,18.40999984741211,18.40999984741211,15.78692626953125,0
2014-01-30,18.559999465942383,18.559999465942383,18.540000915527344,18.540000915527344,15.898397445678711,500
2014-01-31,18.690000534057617,18.690000534057617,18.690000534057617,18.690000534057617,16.02701759338379,2100
2014-02-03,18.670000076293945,18.670000076293945,18.670000076293945,18.670000076293945,16.00988006591797,1100
2014-02-04,18.479999542236328,18.479999542236328,18.479999542236328,18.479999542236328,15.846952438354492,200
2014-02-05,18.440000534057617,18.440000534057617,18.440000534057617,18.440000534057617,15.812646865844727,500
2014-02-06,18.440000534057617,18.440000534057617,18.440000534057617,18.440000534057617,15.812646865844727,0
2014-02-07,18.43000030517578,18.43000030517578,18.43000030517578,18.43000030517578,15.8040771484375,200
2014-02-10,18.43000030517578,18.43000030517578,18.43000030517578,18.43000030517578,15.8040771484375,0
2014-02-11,18.43000030517578,18.43000030517578,18.43000030517578,18.43000030517578,15.8040771484375,700
2014-02-12,18.43000030517578,18.43000030517578,18.43000030517578,18.43000030517578,15.816948890686035,0
2014-02-13,18.43000030517578,18.43000030517578,18.43000030517578,18.43000030517578,15.816948890686035,0
2014-02-14,18.43000030517578,18.43000030517578,18.43000030517578,18.43000030517578,15.816948890686035,0
2014-02-18,18.43000030517578,18.43000030517578,18.43000030517578,18.43000030517578,15.816948890686035,0
2014-02-19,18.43000030517578,18.43000030517578,18.43000030517578,18.43000030517578,15.816948890686035,0
2014-02-20,18.43000030517578,18.43000030517578,18.43000030517578,18.43000030517578,15.816948890686035,0
2014-02-21,18.43000030517578,18.43000030517578,18.43000030517578,18.43000030517578,15.816948890686035,200
2014-02-24,18.43000030517578,18.43000030517578,18.43000030517578,18.43000030517578,15.816948890686035,0
2014-02-25,18.43000030517578,18.43000030517578,18.43000030517578,18.43000030517578,15.816948890686035,200
2014-02-26,18.43000030517578,18.43000030517578,18.43000030517578,18.43000030517578,15.816948890686035,0
2014-02-27,18.43000030517578,18.43000030517578,18.43000030517578,18.43000030517578,15.816948890686035,7200
2014-02-28,18.790000915527344,18.790000915527344,18.790000915527344,18.790000915527344,16.12590980529785,2700
2014-03-03,18.790000915527344,18.790000915527344,18.790000915527344,18.790000915527344,16.12590980529785,0
2014-03-04,18.690000534057617,18.709999084472656,18.670000076293945,18.709999084472656,16.057241439819336,800
2014-03-05,18.709999084472656,18.709999084472656,18.709999084472656,18.709999084472656,16.057241439819336,0
2014-03-06,18.719999313354492,18.719999313354492,18.719999313354492,18.719999313354492,16.065832138061523,500
2014-03-07,18.719999313354492,18.719999313354492,18.700000762939453,18.719999313354492,16.065832138061523,3500
2014-03-10,18.549999237060547,18.549999237060547,18.540000915527344,18.540000915527344,15.911347389221191,500
2014-03-11,18.6299991607666,18.649999618530273,18.6299991607666,18.649999618530273,16.005754470825195,500
2014-03-12,18.90999984741211,18.920000076293945,18.799999237060547,18.799999237060547,16.14747428894043,5100
2014-03-13,18.90999984741211,18.90999984741211,18.90999984741211,18.90999984741211,16.241960525512695,1400
2014-03-14,18.90999984741211,19.18000030517578,18.700000762939453,18.700000762939453,16.06158447265625,11000
2014-03-17,18.719999313354492,18.739999771118164,18.719999313354492,18.719999313354492,16.078765869140625,700
2014-03-18,18.719999313354492,18.719999313354492,18.719999313354492,18.719999313354492,16.078765869140625,0
2014-03-19,18.719999313354492,18.889999389648438,18.719999313354492,18.889999389648438,16.224777221679688,3400
2014-03-20,19.059999465942383,19.059999465942383,19.059999465942383,19.059999465942383,16.370790481567383,500
2014-03-21,18.969999313354492,18.969999313354492,18.969999313354492,18.969999313354492,16.29348373413086,300
2014-03-24,18.969999313354492,18.969999313354492,18.969999313354492,18.969999313354492,16.29348373413086,0
2014-03-25,18.760000228881836,19.149999618530273,18.760000228881836,19.149999618530273,16.448095321655273,800
2014-03-26,19.149999618530273,19.149999618530273,19.149999618530273,19.149999618530273,16.448095321655273,0
2014-03-27,18.760000228881836,18.780000686645508,18.760000228881836,18.760000228881836,16.11311912536621,7500
2014-03-28,18.760000228881836,18.760000228881836,18.760000228881836,18.760000228881836,16.11311912536621,0
2014-03-31,18.860000610351562,18.899999618530273,18.850000381469727,18.899999618530273,16.23336410522461,1500
2014-04-01,18.920000076293945,19.0,18.920000076293945,19.0,16.319252014160156,800
2014-04-02,19.0,19.0,19.0,19.0,16.319252014160156,0
2014-04-03,19.049999237060547,19.049999237060547,19.049999237060547,19.049999237060547,16.362207412719727,1300
2014-04-04,19.049999237060547,19.049999237060547,18.899999618530273,19.020000457763672,16.336442947387695,1500
2014-04-07,19.020000457763672,19.020000457763672,19.020000457763672,19.020000457763672,16.336442947387695,0
2014-04-08,19.010000228881836,19.040000915527344,19.0,19.0,16.319252014160156,1000
2014-04-09,19.0,19.0,19.0,19.0,16.319252014160156,100
2014-04-10,18.829999923706055,18.950000762939453,18.829999923706055,18.860000610351562,16.21181297302246,4900
2014-04-11,18.8799991607666,19.030000686645508,18.850000381469727,19.030000686645508,16.357934951782227,2100
2014-04-14,19.030000686645508,19.030000686645508,19.030000686645508,19.030000686645508,16.357934951782227,0
2014-04-15,19.030000686645508,19.030000686645508,19.030000686645508,19.030000686645508,16.357934951782227,0
2014-04-16,18.90999984741211,18.90999984741211,18.90999984741211,18.90999984741211,16.254789352416992,500
2014-04-17,18.90999984741211,18.90999984741211,18.90999984741211,18.90999984741211,16.254789352416992,0
2014-04-21,18.770000457763672,18.989999771118164,18.770000457763672,18.950000762939453,16.28917121887207,3600
2014-04-22,19.0,19.0,19.0,19.0,16.332151412963867,100
2014-04-23,18.90999984741211,18.90999984741211,18.90999984741211,18.90999984741211,16.254789352416992,1100
2014-04-24,18.899999618530273,19.0,18.899999618530273,18.899999618530273,16.246187210083008,1900
2014-04-25,18.860000610351562,18.989999771118164,18.860000610351562,18.989999771118164,16.323551177978516,800
2014-04-28,18.829999923706055,18.8700008392334,18.829999923706055,18.8700008392334,16.22040367126465,900
2014-04-29,18.8700008392334,18.8700008392334,18.8700008392334,18.8700008392334,16.22040367126465,0
2014-04-30,18.8700008392334,18.8700008392334,18.8700008392334,18.8700008392334,16.22040367126465,0
2014-05-01,18.959999084472656,19.0,18.940000534057617,19.0,16.332151412963867,1100
2014-05-02,19.0,19.0,19.0,19.0,16.332151412963867,0
2014-05-05,19.0,19.0,19.0,19.0,16.332151412963867,0
2014-05-06,18.959999084472656,18.959999084472656,18.959999084472656,18.959999084472656,16.297765731811523,400
2014-05-07,18.959999084472656,18.959999084472656,18.959999084472656,18.959999084472656,16.297765731811523,0
2014-05-08,19.149999618530273,19.149999618530273,18.969999313354492,18.969999313354492,16.306360244750977,6800
2014-05-09,19.100000381469727,19.100000381469727,19.06999969482422,19.06999969482422,16.39232063293457,1000
2014-05-12,19.06999969482422,19.06999969482422,19.06999969482422,19.06999969482422,16.40522003173828,0
2014-05-13,19.06999969482422,19.06999969482422,19.06999969482422,19.06999969482422,16.40522003173828,0
2014-05-14,19.06999969482422,19.06999969482422,19.06999969482422,19.06999969482422,16.40522003173828,0
2014-05-15,19.09000015258789,19.09000015258789,19.09000015258789,19.09000015258789,16.42242431640625,700
2014-05-16,19.059999465942383,19.059999465942383,19.040000915527344,19.059999465942383,16.39662742614746,1000
2014-05-19,19.059999465942383,19.059999465942383,19.059999465942383,19.059999465942383,16.39662742614746,0
2014-05-20,19.049999237060547,19.059999465942383,19.040000915527344,19.059999465942383,16.39662742614746,5800
2014-05-21,19.059999465942383,19.059999465942383,19.059999465942383,19.059999465942383,16.39662742614746,0
2014-05-22,19.059999465942383,19.059999465942383,19.059999465942383,19.059999465942383,16.39662742614746,0
2014-05-23,19.059999465942383,19.059999465942383,19.059999465942383,19.059999465942383,16.39662742614746,0
2014-05-27,19.059999465942383,19.059999465942383,19.059999465942383,19.059999465942383,16.39662742614746,0
2014-05-28,19.059999465942383,19.059999465942383,19.059999465942383,19.059999465942383,16.39662742614746,0
2014-05-29,19.0,19.100000381469727,18.899999618530273,19.049999237060547,16.388029098510742,3300
2014-05-30,19.049999237060547,19.049999237060547,19.049999237060547,19.049999237060547,16.388029098510742,0
2014-06-02,19.049999237060547,19.049999237060547,19.049999237060547,19.049999237060547,16.388029098510742,0
2014-06-03,19.190000534057617,19.209999084472656,19.190000534057617,19.209999084472656,16.525659561157227,2200
2014-06-04,19.209999084472656,19.209999084472656,19.209999084472656,19.209999084472656,16.525659561157227,0
2014-06-05,19.540000915527344,19.540000915527344,19.360000610351562,19.360000610351562,16.654706954956055,700
2014-06-06,19.270000457763672,19.270000457763672,19.270000457763672,19.270000457763672,16.577274322509766,300
2014-06-09,19.270000457763672,19.270000457763672,19.270000457763672,19.270000457763672,16.577274322509766,0
2014-06-10,19.1299991607666,19.200000762939453,19.1299991607666,19.200000762939453,16.517059326171875,600
2014-06-11,19.170000076293945,19.170000076293945,19.1299991607666,19.1299991607666,16.46969985961914,500
2014-06-12,19.1299991607666,19.1299991607666,19.1299991607666,19.1299991607666,16.46969985961914,0
2014-06-13,19.1299991607666,19.1299991607666,19.1299991607666,19.1299991607666,16.46969985961914,0
2014-06-16,19.1200008392334,19.1200008392334,19.1200008392334,19.1200008392334,16.461097717285156,800
2014-06-17,19.1299991607666,19.190000534057617,19.1299991607666,19.190000534057617,16.521360397338867,2800
2014-06-18,19.100000381469727,19.149999618530273,19.06999969482422,19.149999618530273,16.486923217773438,13400
2014-06-19,19.149999618530273,19.149999618530273,19.149999618530273,19.149999618530273,16.486923217773438,100
2014-06-20,19.1299991607666,19.1299991607666,19.1299991607666,19.1299991607666,16.46969985961914,100
2014-06-23,19.1299991607666,19.1299991607666,19.1299991607666,19.1299991607666,16.46969985961914,0
2014-06-24,19.1299991607666,19.1299991607666,19.1299991607666,19.1299991607666,16.46969985961914,0
2014-06-25,19.479999542236328,19.479999542236328,19.100000381469727,19.100000381469727,16.443883895874023,300
2014-06-26,19.1299991607666,19.149999618530273,19.1299991607666,19.149999618530273,16.486923217773438,700
2014-06-27,19.149999618530273,19.149999618530273,19.149999618530273,19.149999618530273,16.486923217773438,100
2014-06-30,19.1299991607666,19.1299991607666,19.1299991607666,19.1299991607666,16.46969985961914,300
2014-07-01,19.1299991607666,19.1299991607666,19.1299991607666,19.1299991607666,16.46969985961914,0
2014-07-02,19.1299991607666,19.1299991607666,19.1299991607666,19.1299991607666,16.46969985961914,0
2014-07-03,19.229999542236328,19.5,19.229999542236328,19.5,16.788257598876953,11300
2014-07-07,19.290000915527344,19.530000686645508,19.290000915527344,19.530000686645508,16.81407928466797,900
2014-07-08,19.530000686645508,19.530000686645508,19.530000686645508,19.530000686645508,16.81407928466797,0
2014-07-09,19.530000686645508,19.530000686645508,19.530000686645508,19.530000686645508,16.81407928466797,0
2014-07-10,19.530000686645508,19.530000686645508,19.530000686645508,19.530000686645508,16.827003479003906,0
2014-07-11,19.530000686645508,19.530000686645508,19.530000686645508,19.530000686645508,16.827003479003906,0
2014-07-14,19.360000610351562,19.360000610351562,19.360000610351562,19.360000610351562,16.680545806884766,700
2014-07-15,19.360000610351562,19.360000610351562,19.360000610351562,19.360000610351562,16.680545806884766,0
2014-07-16,19.3799991607666,19.459999084472656,19.3799991607666,19.459999084472656,16.766693115234375,500
2014-07-17,19.459999084472656,19.459999084472656,19.459999084472656,19.459999084472656,16.766693115234375,0
2014-07-18,19.5,19.5,19.399999618530273,19.399999618530273,16.71499252319336,600
2014-07-21,19.399999618530273,19.399999618530273,19.399999618530273,19.399999618530273,16.71499252319336,0
2014-07-22,19.399999618530273,19.399999618530273,19.399999618530273,19.399999618530273,16.71499252319336,0
2014-07-23,19.399999618530273,19.399999618530273,19.399999618530273,19.399999618530273,16.71499252319336,0
2014-07-24,19.3799991607666,19.40999984741211,19.3799991607666,19.40999984741211,16.723609924316406,600
2014-07-25,19.40999984741211,19.40999984741211,19.40999984741211,19.40999984741211,16.723609924316406,0
2014-07-28,19.350000381469727,19.350000381469727,19.329999923706055,19.329999923706055,16.654691696166992,400
2014-07-29,19.3700008392334,19.3700008392334,19.3700008392334,19.3700008392334,16.68915367126465,400
2014-07-30,19.329999923706055,19.329999923706055,19.31999969482422,19.31999969482422,16.646072387695312,900
2014-07-31,19.31999969482422,19.31999969482422,19.31999969482422,19.31999969482422,16.646072387695312,0
2014-08-01,19.31999969482422,19.31999969482422,19.31999969482422,19.31999969482422,16.646072387695312,0
2014-08-04,19.3700008392334,19.3700008392334,19.3700008392334,19.3700008392334,16.68915367126465,200
2014-08-05,19.3700008392334,19.3700008392334,19.3700008392334,19.3700008392334,16.68915367126465,0
2014-08-06,19.3700008392334,19.3700008392334,19.3700008392334,19.3700008392334,16.68915367126465,0
2014-08-07,19.3700008392334,19.3700008392334,19.3700008392334,19.3700008392334,16.68915367126465,0
2014-08-08,19.329999923706055,19.5,19.329999923706055,19.5,16.80115509033203,600
2014-08-11,19.5,19.5,19.5,19.5,16.80115509033203,100
2014-08-12,19.5,19.549999237060547,19.5,19.549999237060547,16.852886199951172,400
2014-08-13,19.3700008392334,19.5,19.350000381469727,19.5,16.809778213500977,1100
2014-08-14,19.5,19.510000228881836,19.5,19.510000228881836,16.81839942932129,1200
2014-08-15,19.5,19.5,19.3799991607666,19.5,16.809778213500977,500
2014-08-18,19.3700008392334,19.3700008392334,19.3700008392334,19.3700008392334,16.697711944580078,500
2014-08-19,19.520000457763672,21.6299991607666,19.479999542236328,19.5,16.809778213500977,4200
2014-08-20,19.899999618530273,20.100000381469727,19.860000610351562,20.0,17.240800857543945,4100
2014-08-21,20.0,20.0,19.899999618530273,19.899999618530273,17.15459632873535,700
2014-08-22,19.700000762939453,20.0,19.700000762939453,20.0,17.240800857543945,300
2014-08-25,20.0,20.1200008392334,20.0,20.1200008392334,17.344242095947266,1200
2014-08-26,20.09000015258789,20.09000015258789,20.09000015258789,20.09000015258789,17.318384170532227,500
2014-08-27,20.09000015258789,20.09000015258789,20.09000015258789,20.09000015258789,17.318384170532227,0
2014-08-28,20.3700008392334,20.3700008392334,20.100000381469727,20.200000762939453,17.413211822509766,3500
2014-08-29,20.200000762939453,20.200000762939453,20.200000762939453,20.200000762939453,17.413211822509766,0
2014-09-02,20.010000228881836,20.079999923706055,20.010000228881836,20.079999923706055,17.309768676757812,400
2014-09-03,20.079999923706055,20.079999923706055,20.079999923706055,20.079999923706055,17.309768676757812,0
2014-09-04,20.079999923706055,20.079999923706055,20.079999923706055,20.079999923706055,17.309768676757812,0
2014-09-05,20.1299991607666,20.25,20.010000228881836,20.1299991607666,17.352867126464844,6600
2014-09-08,20.149999618530273,20.239999771118164,20.149999618530273,20.190000534057617,17.40458869934082,3200
2014-09-09,20.1299991607666,20.1299991607666,20.1299991607666,20.1299991607666,17.352867126464844,100
2014-09-10,20.3700008392334,20.3700008392334,20.3700008392334,20.3700008392334,17.572851181030273,100
2014-09-11,20.3700008392334,20.3700008392334,20.3700008392334,20.3700008392334,17.572851181030273,0
2014-09-12,20.100000381469727,20.100000381469727,20.100000381469727,20.100000381469727,17.339923858642578,500
2014-09-15,20.100000381469727,20.100000381469727,20.100000381469727,20.100000381469727,17.339923858642578,0
2014-09-16,20.100000381469727,20.309999465942383,20.100000381469727,20.200000762939453,17.426197052001953,1000
2014-09-17,20.440000534057617,20.440000534057617,20.43000030517578,20.440000534057617,17.633243560791016,2300
2014-09-18,20.100000381469727,20.25,20.100000381469727,20.1200008392334,17.357177734375,1800
2014-09-19,20.110000610351562,20.219999313354492,20.110000610351562,20.200000762939453,17.426197052001953,3600
2014-09-22,20.200000762939453,20.200000762939453,20.200000762939453,20.200000762939453,17.426197052001953,0
2014-09-23,20.200000762939453,20.200000762939453,20.200000762939453,20.200000762939453,17.426197052001953,0
2014-09-24,20.110000610351562,20.280000686645508,20.110000610351562,20.280000686645508,17.495206832885742,800
2014-09-25,20.280000686645508,20.280000686645508,20.280000686645508,20.280000686645508,17.495206832885742,0
2014-09-26,20.110000610351562,20.15999984741211,20.110000610351562,20.110000610351562,17.34855079650879,2700
2014-09-29,20.110000610351562,20.110000610351562,20.110000610351562,20.110000610351562,17.34855079650879,0
2014-09-30,20.0,20.0,20.0,20.0,17.253658294677734,800
2014-10-01,20.0,20.0,20.0,20.0,17.253658294677734,300
2014-10-02,20.020000457763672,20.020000457763672,20.0,20.0,17.253658294677734,1000
2014-10-03,20.399999618530273,20.399999618530273,20.190000534057617,20.190000534057617,17.417566299438477,400
2014-10-06,20.0,20.43000030517578,19.979999542236328,19.979999542236328,17.236404418945312,1500
2014-10-07,19.979999542236328,19.979999542236328,19.979999542236328,19.979999542236328,17.236404418945312,0
2014-10-08,19.899999618530273,19.899999618530273,19.899999618530273,19.899999618530273,17.167387008666992,400
2014-10-09,19.899999618530273,19.899999618530273,19.899999618530273,19.899999618530273,17.180341720581055,0
2014-10-10,20.0,20.0,20.0,20.0,17.266666412353516,1100
2014-10-13,20.0,20.0,20.0,20.0,17.266666412353516,0
2014-10-14,20.0,20.0,19.899999618530273,19.899999618530273,17.180341720581055,2900
2014-10-15,19.899999618530273,20.079999923706055,19.899999618530273,20.079999923706055,17.335737228393555,800
2014-10-16,19.90999984741211,20.31999969482422,19.899999618530273,19.899999618530273,17.180341720581055,900
2014-10-17,20.3799991607666,20.3799991607666,20.200000762939453,20.200000762939453,17.4393367767334,800
2014-10-20,20.200000762939453,20.200000762939453,20.200000762939453,20.200000762939453,17.4393367767334,0
2014-10-21,20.100000381469727,20.100000381469727,19.899999618530273,19.899999618530273,17.180341720581055,600
2014-10-22,19.959999084472656,19.959999084472656,19.899999618530273,19.899999618530273,17.180341720581055,700
2014-10-23,19.899999618530273,19.899999618530273,19.899999618530273,19.899999618530273,17.180341720581055,0
2014-10-24,19.899999618530273,19.899999618530273,19.899999618530273,19.899999618530273,17.180341720581055,0
2014-10-27,19.899999618530273,19.899999618530273,19.899999618530273,19.899999618530273,17.180341720581055,0
2014-10-28,19.899999618530273,19.899999618530273,19.899999618530273,19.899999618530273,17.180341720581055,0
2014-10-29,19.899999618530273,19.899999618530273,19.899999618530273,19.899999618530273,17.180341720581055,0
2014-10-30,19.899999618530273,19.899999618530273,19.899999618530273,19.899999618530273,17.180341720581055,0
2014-10-31,19.90999984741211,20.110000610351562,19.899999618530273,20.110000610351562,17.361637115478516,1400
2014-11-03,19.8799991607666,19.899999618530273,19.799999237060547,19.899999618530273,17.180341720581055,2500
2014-11-04,19.899999618530273,19.899999618530273,19.899999618530273,19.899999618530273,17.180341720581055,0
2014-11-05,19.81999969482422,19.899999618530273,19.81999969482422,19.899999618530273,17.180341720581055,2000
2014-11-06,19.899999618530273,19.899999618530273,19.899999618530273,19.899999618530273,17.180341720581055,0
2014-11-07,19.81999969482422,19.81999969482422,19.81999969482422,19.81999969482422,17.11128044128418,600
2014-11-10,19.81999969482422,19.81999969482422,19.81999969482422,19.81999969482422,17.11128044128418,0
2014-11-11,19.84000015258789,19.84000015258789,19.81999969482422,19.81999969482422,17.11128044128418,600
2014-11-12,19.84000015258789,19.84000015258789,19.780000686645508,19.799999237060547,17.106943130493164,4700
2014-11-13,19.829999923706055,20.06999969482422,19.799999237060547,19.799999237060547,17.106943130493164,1800
2014-11-14,19.989999771118164,19.989999771118164,19.809999465942383,19.860000610351562,17.158788681030273,2000
2014-11-17,19.81999969482422,19.81999969482422,19.799999237060547,19.799999237060547,17.106943130493164,3700
2014-11-18,19.799999237060547,19.799999237060547,19.75,19.75,17.063745498657227,5400
2014-11-19,19.75,19.75,19.75,19.75,17.063745498657227,2000
2014-11-20,19.75,19.75,19.75,19.75,17.063745498657227,500
2014-11-21,19.799999237060547,19.799999237060547,19.799999237060547,19.799999237060547,17.106943130493164,300
2014-11-24,19.75,19.75,19.709999084472656,19.709999084472656,17.02919578552246,1400
2014-11-25,19.770000457763672,19.799999237060547,19.719999313354492,19.760000228881836,17.072391510009766,1300
2014-11-26,19.719999313354492,19.719999313354492,19.719999313354492,19.719999313354492,17.0378360748291,100
2014-11-28,19.719999313354492,19.719999313354492,19.719999313354492,19.719999313354492,17.0378360748291,0
2014-12-01,19.75,19.770000457763672,19.719999313354492,19.719999313354492,17.0378360748291,6200
2014-12-02,19.719999313354492,19.75,19.719999313354492,19.75,17.063745498657227,800
2014-12-03,19.719999313354492,19.809999465942383,19.719999313354492,19.809999465942383,17.115589141845703,5300
2014-12-04,19.799999237060547,19.799999237060547,19.799999237060547,19.799999237060547,17.106943130493164,2600
2014-12-05,19.889999389648438,19.889999389648438,19.809999465942383,19.809999465942383,17.115589141845703,1400
2014-12-08,19.799999237060547,19.799999237060547,19.799999237060547,19.799999237060547,17.106943130493164,400
2014-12-09,19.799999237060547,19.799999237060547,19.799999237060547,19.799999237060547,17.106943130493164,0
2014-12-10,19.860000610351562,20.1200008392334,19.850000381469727,19.950000762939453,17.249616622924805,3000
2014-12-11,19.979999542236328,19.979999542236328,19.979999542236328,19.979999542236328,17.27556037902832,600
2014-12-12,19.799999237060547,19.799999237060547,19.780000686645508,19.780000686645508,17.102636337280273,900
2014-12-15,19.799999237060547,20.18000030517578,19.780000686645508,19.780000686645508,17.102636337280273,2400
2014-12-16,19.780000686645508,19.780000686645508,19.780000686645508,19.780000686645508,17.102636337280273,0
2014-12-17,19.790000915527344,19.799999237060547,19.780000686645508,19.780000686645508,17.102636337280273,700
2014-12-18,19.780000686645508,19.850000381469727,19.780000686645508,19.850000381469727,17.163148880004883,1900
2014-12-19,19.850000381469727,19.850000381469727,19.850000381469727,19.850000381469727,17.163148880004883,0
2014-12-22,19.81999969482422,19.81999969482422,19.780000686645508,19.780000686645508,17.102636337280273,2600
2014-12-23,19.780000686645508,19.780000686645508,19.780000686645508,19.780000686645508,17.102636337280273,0
2014-12-24,19.780000686645508,19.780000686645508,19.780000686645508,19.780000686645508,17.102636337280273,0
2014-12-26,19.799999237060547,19.799999237060547,19.780000686645508,19.780000686645508,17.102636337280273,400
2014-12-29,19.780000686645508,20.1200008392334,19.709999084472656,20.1200008392334,17.396602630615234,3100
2014-12-30,20.100000381469727,20.110000610351562,19.75,19.75,17.07668113708496,4400
2014-12-31,19.8700008392334,19.8700008392334,19.770000457763672,19.770000457763672,17.09398651123047,600
2015-01-02,20.100000381469727,20.100000381469727,20.100000381469727,20.100000381469727,17.37931251525879,200
2015-01-05,20.1200008392334,20.1200008392334,20.1200008392334,20.1200008392334,17.396602630615234,100
2015-01-06,20.1200008392334,20.1200008392334,20.1200008392334,20.1200008392334,17.396602630615234,0
2015-01-07,20.1200008392334,20.1200008392334,20.1200008392334,20.1200008392334,17.396602630615234,0
2015-01-08,20.139999389648438,20.139999389648438,20.139999389648438,20.139999389648438,17.413908004760742,1500
2015-01-09,20.0,20.06999969482422,20.0,20.06999969482422,17.353374481201172,400
2015-01-12,20.06999969482422,20.06999969482422,20.06999969482422,20.06999969482422,17.36635398864746,0
2015-01-13,19.899999618530273,19.899999618530273,19.899999618530273,19.899999618530273,17.21925926208496,0
2015-01-14,19.899999618530273,19.899999618530273,19.899999618530273,19.899999618530273,17.21925926208496,0
2015-01-15,20.0,20.0,20.0,20.0,17.305784225463867,200
2015-01-16,19.940000534057617,20.200000762939453,19.899999618530273,19.899999618530273,17.21925926208496,5300
2015-01-20,20.0,20.0,19.899999618530273,19.899999618530273,17.21925926208496,700
2015-01-21,19.899999618530273,19.899999618530273,19.899999618530273,19.899999618530273,17.21925926208496,400
2015-01-22,19.899999618530273,19.899999618530273,19.899999618530273,19.899999618530273,17.21925926208496,0
2015-01-23,19.809999465942383,19.899999618530273,19.770000457763672,19.799999237060547,17.132722854614258,4200
2015-01-26,19.799999237060547,19.799999237060547,19.799999237060547,19.799999237060547,17.132722854614258,0
2015-01-27,19.780000686645508,19.780000686645508,19.760000228881836,19.760000228881836,17.098112106323242,500
2015-01-28,19.760000228881836,19.760000228881836,19.760000228881836,19.760000228881836,17.098112106323242,0
2015-01-29,19.760000228881836,19.760000228881836,19.760000228881836,19.760000228881836,17.098112106323242,300
2015-01-30,19.760000228881836,19.760000228881836,19.760000228881836,19.760000228881836,17.098112106323242,0
2015-02-02,20.3700008392334,20.3700008392334,19.979999542236328,20.0,17.305784225463867,3200
2015-02-03,19.81999969482422,19.81999969482422,19.81999969482422,19.81999969482422,17.150039672851562,400
2015-02-04,19.81999969482422,19.81999969482422,19.81999969482422,19.81999969482422,17.150039672851562,0
2015-02-05,19.81999969482422,20.0,19.81999969482422,19.829999923706055,17.158693313598633,2500
2015-02-06,19.780000686645508,19.829999923706055,19.780000686645508,19.780000686645508,17.115421295166016,4200
2015-02-09,19.799999237060547,19.829999923706055,19.799999237060547,19.799999237060547,17.132722854614258,1900
2015-02-10,19.829999923706055,19.829999923706055,19.799999237060547,19.799999237060547,17.132722854614258,200
2015-02-11,19.829999923706055,19.959999084472656,19.709999084472656,19.709999084472656,17.068645477294922,8000
2015-02-12,19.81999969482422,19.81999969482422,19.709999084472656,19.709999084472656,17.068645477294922,2100
2015-02-13,19.709999084472656,19.799999237060547,19.709999084472656,19.799999237060547,17.146577835083008,200
2015-02-17,19.799999237060547,19.799999237060547,19.799999237060547,19.799999237060547,17.146577835083008,0
2015-02-18,19.799999237060547,19.799999237060547,19.799999237060547,19.799999237060547,17.146577835083008,600
2015-02-19,19.799999237060547,19.799999237060547,19.799999237060547,19.799999237060547,17.146577835083008,0
2015-02-20,19.799999237060547,19.799999237060547,19.799999237060547,19.799999237060547,17.146577835083008,600
2015-02-23,19.799999237060547,19.799999237060547,19.729999542236328,19.729999542236328,17.085962295532227,1200
2015-02-24,19.729999542236328,19.729999542236328,19.729999542236328,19.729999542236328,17.085962295532227,0
2015-02-25,19.889999389648438,19.889999389648438,19.889999389648438,19.889999389648438,17.22452163696289,500
2015-02-26,19.889999389648438,19.889999389648438,19.889999389648438,19.889999389648438,17.22452163696289,900
2015-02-27,19.809999465942383,19.8799991607666,19.799999237060547,19.8799991607666,17.21586799621582,2000
2015-03-02,19.889999389648438,19.889999389648438,19.889999389648438,19.889999389648438,17.22452163696289,4100
2015-03-03,19.860000610351562,19.860000610351562,19.860000610351562,19.860000610351562,17.198537826538086,400
2015-03-04,19.860000610351562,19.860000610351562,19.860000610351562,19.860000610351562,17.198537826538086,0
2015-03-05,19.520000457763672,19.520000457763672,19.520000457763672,19.520000457763672,16.90410614013672,0
2015-03-06,19.3700008392334,19.3700008392334,19.3700008392334,19.3700008392334,16.774211883544922,0
2015-03-09,19.850000381469727,19.899999618530273,19.850000381469727,19.899999618530273,17.233182907104492,1500
2015-03-10,20.280000686645508,20.280000686645508,20.200000762939453,20.25,17.53628158569336,1600
2015-03-11,20.25,20.25,20.25,20.25,17.55014419555664,0
2015-03-12,19.84000015258789,19.84000015258789,19.84000015258789,19.84000015258789,17.194799423217773,0
2015-03-13,19.84000015258789,19.84000015258789,19.84000015258789,19.84000015258789,17.194799423217773,0
2015-03-16,19.829999923706055,19.84000015258789,19.829999923706055,19.84000015258789,17.194799423217773,1300
2015-03-17,19.84000015258789,19.84000015258789,19.84000015258789,19.84000015258789,17.194799423217773,0
2015-03-18,19.84000015258789,19.84000015258789,19.84000015258789,19.84000015258789,17.194799423217773,0
2015-03-19,19.8799991607666,19.8799991607666,19.8799991607666,19.8799991607666,17.229476928710938,700
2015-03-20,19.8799991607666,19.8799991607666,19.8799991607666,19.8799991607666,17.229476928710938,0
2015-03-23,20.020000457763672,20.020000457763672,19.829999923706055,19.829999923706055,17.186140060424805,2300
2015-03-24,19.829999923706055,19.829999923706055,19.829999923706055,19.829999923706055,17.186140060424805,0
2015-03-25,19.829999923706055,19.829999923706055,19.829999923706055,19.829999923706055,17.186140060424805,900
2015-03-26,19.829999923706055,19.829999923706055,19.829999923706055,19.829999923706055,17.186140060424805,400
2015-03-27,19.829999923706055,19.829999923706055,19.829999923706055,19.829999923706055,17.186140060424805,0
2015-03-30,19.829999923706055,19.829999923706055,19.829999923706055,19.829999923706055,17.186140060424805,800
2015-03-31,19.829999923706055,19.829999923706055,19.829999923706055,19.829999923706055,17.186140060424805,300
2015-04-01,19.829999923706055,19.829999923706055,19.829999923706055,19.829999923706055,17.186140060424805,0
2015-04-02,19.829999923706055,19.829999923706055,19.829999923706055,19.829999923706055,17.186140060424805,0
2015-04-06,19.829999923706055,19.829999923706055,19.829999923706055,19.829999923706055,17.186140060424805,0
2015-04-07,19.829999923706055,19.829999923706055,19.829999923706055,19.829999923706055,17.186140060424805,0
2015-04-08,19.829999923706055,19.829999923706055,19.799999237060547,19.799999237060547,17.160140991210938,1300
2015-04-09,19.799999237060547,19.799999237060547,19.799999237060547,19.799999237060547,17.160140991210938,0
2015-04-10,20.309999465942383,20.309999465942383,19.889999389648438,19.899999618530273,17.388198852539062,5800
2015-04-13,19.899999618530273,20.15999984741211,19.899999618530273,20.15999984741211,17.615385055541992,2400
2015-04-14,19.899999618530273,20.260000228881836,19.899999618530273,20.260000228881836,17.702754974365234,600
2015-04-15,19.950000762939453,19.959999084472656,19.899999618530273,19.950000762939453,17.431888580322266,3900
2015-04-16,19.899999618530273,20.309999465942383,19.799999237060547,20.0,17.475570678710938,5000
2015-04-17,20.239999771118164,20.34000015258789,20.239999771118164,20.34000015258789,17.77265739440918,1500
2015-04-20,19.81999969482422,19.899999618530273,19.799999237060547,19.899999618530273,17.388198852539062,1900
2015-04-21,19.899999618530273,19.899999618530273,19.899999618530273,19.899999618530273,17.388198852539062,0
2015-04-22,20.100000381469727,20.100000381469727,20.100000381469727,20.100000381469727,17.562950134277344,100
2015-04-23,20.610000610351562,20.610000610351562,20.25,20.25,17.694013595581055,400
2015-04-24,19.829999923706055,19.90999984741211,19.809999465942383,19.899999618530273,17.388198852539062,3300
2015-04-27,20.0,20.420000076293945,20.0,20.420000076293945,17.84256362915039,1000
2015-04-28,19.950000762939453,19.950000762939453,19.950000762939453,19.950000762939453,17.431888580322266,100
2015-04-29,19.950000762939453,19.950000762939453,19.950000762939453,19.950000762939453,17.431888580322266,0
2015-04-30,20.110000610351562,20.270000457763672,20.110000610351562,20.270000457763672,17.711498260498047,1400
2015-05-01,20.149999618530273,20.149999618530273,20.149999618530273,20.149999618530273,17.606647491455078,100
2015-05-04,20.149999618530273,20.149999618530273,20.149999618530273,20.149999618530273,17.606647491455078,300
2015-05-05,20.09000015258789,20.149999618530273,20.09000015258789,20.139999389648438,17.5979061126709,4200
2015-05-06,19.959999084472656,19.959999084472656,19.950000762939453,19.950000762939453,17.431888580322266,1900
2015-05-07,19.950000762939453,19.950000762939453,19.950000762939453,19.950000762939453,17.431888580322266,0
2015-05-08,20.139999389648438,20.18000030517578,20.139999389648438,20.149999618530273,17.606647491455078,2600
2015-05-11,20.049999237060547,20.049999237060547,20.049999237060547,20.049999237060547,17.519268035888672,800
2015-05-12,20.049999237060547,20.049999237060547,20.049999237060547,20.049999237060547,17.53325843811035,0
2015-05-13,20.049999237060547,20.049999237060547,20.049999237060547,20.049999237060547,17.53325843811035,0
2015-05-14,20.389999389648438,20.389999389648438,20.100000381469727,20.100000381469727,17.57697868347168,1400
2015-05-15,20.100000381469727,20.100000381469727,20.100000381469727,20.100000381469727,17.57697868347168,0
2015-05-18,20.100000381469727,20.100000381469727,19.889999389648438,19.959999084472656,17.454547882080078,1900
2015-05-19,20.3799991607666,20.3799991607666,19.8700008392334,20.0,17.489526748657227,3900
2015-05-20,20.700000762939453,20.700000762939453,19.969999313354492,20.100000381469727,17.57697868347168,2000
2015-05-21,20.010000228881836,20.399999618530273,20.010000228881836,20.399999618530273,17.839319229125977,800
2015-05-22,20.399999618530273,20.399999618530273,20.399999618530273,20.399999618530273,17.839319229125977,0
2015-05-26,20.399999618530273,20.399999618530273,20.399999618530273,20.399999618530273,17.839319229125977,0
2015-05-27,20.399999618530273,20.399999618530273,20.399999618530273,20.399999618530273,17.839319229125977,0
2015-05-28,20.399999618530273,20.399999618530273,20.399999618530273,20.399999618530273,17.839319229125977,0
2015-05-29,20.399999618530273,20.399999618530273,20.399999618530273,20.399999618530273,17.839319229125977,0
2015-06-01,20.399999618530273,20.399999618530273,20.399999618530273,20.399999618530273,17.839319229125977,0
2015-06-02,20.399999618530273,20.399999618530273,20.399999618530273,20.399999618530273,17.839319229125977,0
2015-06-03,20.229999542236328,20.229999542236328,20.229999542236328,20.229999542236328,17.69066619873047,200
2015-06-04,20.25,20.25,20.25,20.25,17.708145141601562,100
2015-06-05,20.100000381469727,20.149999618530273,20.100000381469727,20.149999618530273,17.62070655822754,1100
2015-06-08,20.149999618530273,20.149999618530273,20.149999618530273,20.149999618530273,17.62070655822754,0
2015-06-09,20.040000915527344,20.040000915527344,20.040000915527344,20.040000915527344,17.52451515197754,1000
2015-06-10,20.030000686645508,20.030000686645508,20.0,20.0,17.503503799438477,3600
2015-06-11,20.06999969482422,20.299999237060547,20.06999969482422,20.270000457763672,17.739805221557617,5400
2015-06-12,20.329999923706055,20.440000534057617,20.329999923706055,20.389999389648438,17.844823837280273,1300
2015-06-15,20.31999969482422,20.389999389648438,20.31999969482422,20.389999389648438,17.844823837280273,700
2015-06-16,20.389999389648438,20.389999389648438,20.389999389648438,20.389999389648438,17.844823837280273,0
2015-06-17,20.280000686645508,20.280000686645508,20.280000686645508,20.280000686645508,17.748558044433594,100
2015-06-18,20.280000686645508,20.280000686645508,20.280000686645508,20.280000686645508,17.748558044433594,0
2015-06-19,20.3799991607666,20.3799991607666,20.299999237060547,20.299999237060547,17.76605224609375,200
2015-06-22,20.299999237060547,20.299999237060547,20.299999237060547,20.299999237060547,17.76605224609375,0
2015-06-23,20.34000015258789,20.34000015258789,20.34000015258789,20.34000015258789,17.80106544494629,600
2015-06-24,20.34000015258789,20.34000015258789,20.34000015258789,20.34000015258789,17.80106544494629,0
2015-06-25,20.34000015258789,20.34000015258789,20.34000015258789,20.34000015258789,17.80106544494629,0
2015-06-26,20.350000381469727,20.350000381469727,20.350000381469727,20.350000381469727,17.809816360473633,600
2015-06-29,20.350000381469727,20.350000381469727,20.350000381469727,20.350000381469727,17.809816360473633,0
2015-06-30,20.350000381469727,20.350000381469727,20.350000381469727,20.350000381469727,17.809816360473633,0
2015-07-01,20.350000381469727,20.350000381469727,20.350000381469727,20.350000381469727,17.809816360473633,0
2015-07-02,20.350000381469727,20.350000381469727,20.350000381469727,20.350000381469727,17.809816360473633,0
2015-07-06,20.270000457763672,20.270000457763672,20.270000457763672,20.270000457763672,17.739805221557617,400
2015-07-07,20.270000457763672,20.270000457763672,20.270000457763672,20.270000457763672,17.739805221557617,0
2015-07-08,20.270000457763672,20.270000457763672,20.270000457763672,20.270000457763672,17.739805221557617,0
2015-07-09,20.270000457763672,20.270000457763672,20.270000457763672,20.270000457763672,17.739805221557617,100
2015-07-10,20.270000457763672,20.270000457763672,20.270000457763672,20.270000457763672,17.753820419311523,0
2015-07-13,20.270000457763672,20.270000457763672,20.270000457763672,20.270000457763672,17.753820419311523,0
2015-07-14,20.309999465942383,20.309999465942383,20.309999465942383,20.309999465942383,17.788850784301758,200
2015-07-15,20.270000457763672,20.270000457763672,20.270000457763672,20.270000457763672,17.753820419311523,500
2015-07-16,20.350000381469727,20.350000381469727,20.350000381469727,20.350000381469727,17.82388687133789,300
2015-07-17,20.350000381469727,20.350000381469727,20.350000381469727,20.350000381469727,17.82388687133789,0
2015-07-20,20.350000381469727,20.350000381469727,20.350000381469727,20.350000381469727,17.82388687133789,0
2015-07-21,20.350000381469727,20.350000381469727,20.350000381469727,20.350000381469727,17.82388687133789,0
2015-07-22,20.350000381469727,20.350000381469727,20.350000381469727,20.350000381469727,17.82388687133789,0
2015-07-23,20.270000457763672,20.270000457763672,20.020000457763672,20.09000015258789,17.59615707397461,5800
2015-07-24,20.020000457763672,20.1200008392334,20.020000457763672,20.1200008392334,17.622438430786133,700
2015-07-27,20.1200008392334,20.1200008392334,20.1200008392334,20.1200008392334,17.622438430786133,0
2015-07-28,20.020000457763672,20.020000457763672,20.020000457763672,20.020000457763672,17.53485107421875,1200
2015-07-29,20.020000457763672,20.020000457763672,20.020000457763672,20.020000457763672,17.53485107421875,0
2015-07-30,20.020000457763672,20.020000457763672,20.020000457763672,20.020000457763672,17.53485107421875,0
2015-07-31,20.020000457763672,20.020000457763672,20.020000457763672,20.020000457763672,17.53485107421875,0
2015-08-03,20.020000457763672,20.020000457763672,20.020000457763672,20.020000457763672,17.53485107421875,0
2015-08-04,20.350000381469727,20.3700008392334,20.350000381469727,20.3700008392334,17.841400146484375,5000
2015-08-05,20.389999389648438,20.389999389648438,20.389999389648438,20.389999389648438,17.858922958374023,5000
2015-08-06,20.389999389648438,20.389999389648438,20.389999389648438,20.389999389648438,17.858922958374023,0
2015-08-07,20.399999618530273,20.399999618530273,20.200000762939453,20.200000762939453,17.6925048828125,400
2015-08-10,20.200000762939453,20.200000762939453,20.200000762939453,20.200000762939453,17.6925048828125,700
2015-08-11,20.200000762939453,20.200000762939453,20.200000762939453,20.200000762939453,17.6925048828125,0
2015-08-12,20.18000030517578,20.190000534057617,20.18000030517578,20.18000030517578,17.68899917602539,1500
2015-08-13,20.18000030517578,20.18000030517578,20.18000030517578,20.18000030517578,17.68899917602539,0
2015-08-14,20.18000030517578,20.18000030517578,20.18000030517578,20.18000030517578,17.68899917602539,0
2015-08-17,20.010000228881836,20.010000228881836,20.010000228881836,20.010000228881836,17.539987564086914,100
2015-08-18,20.010000228881836,20.010000228881836,20.010000228881836,20.010000228881836,17.539987564086914,0
2015-08-19,20.010000228881836,20.010000228881836,20.010000228881836,20.010000228881836,17.539987564086914,0
2015-08-20,20.010000228881836,20.010000228881836,20.010000228881836,20.010000228881836,17.539987564086914,0
2015-08-21,20.200000762939453,20.200000762939453,20.200000762939453,20.200000762939453,17.706527709960938,100
2015-08-24,20.010000228881836,20.010000228881836,20.010000228881836,20.010000228881836,17.539987564086914,200
2015-08-25,20.010000228881836,20.010000228881836,20.010000228881836,20.010000228881836,17.539987564086914,0
2015-08-26,20.100000381469727,20.100000381469727,20.0,20.079999923706055,17.60134506225586,900
2015-08-27,20.079999923706055,20.079999923706055,20.079999923706055,20.079999923706055,17.60134506225586,0
2015-08-28,20.0,20.0,19.790000915527344,19.790000915527344,17.347143173217773,1600
2015-08-31,19.860000610351562,19.860000610351562,19.860000610351562,19.860000610351562,17.408504486083984,300
2015-09-01,20.040000915527344,20.040000915527344,19.979999542236328,20.0,17.531219482421875,2100
2015-09-02,19.829999923706055,19.860000610351562,19.829999923706055,19.860000610351562,17.408504486083984,300
2015-09-03,19.860000610351562,19.860000610351562,19.860000610351562,19.860000610351562,17.408504486083984,0
2015-09-04,20.010000228881836,20.010000228881836,19.979999542236328,19.979999542236328,17.513690948486328,700
2015-09-08,19.979999542236328,19.979999542236328,19.979999542236328,19.979999542236328,17.513690948486328,0
2015-09-09,19.979999542236328,19.979999542236328,19.979999542236328,19.979999542236328,17.513690948486328,0
2015-09-10,19.989999771118164,20.0,19.899999618530273,19.899999618530273,17.458415985107422,600
2015-09-11,19.899999618530273,19.899999618530273,19.899999618530273,19.899999618530273,17.458415985107422,0
2015-09-14,19.899999618530273,19.899999618530273,19.899999618530273,19.899999618530273,17.458415985107422,0
2015-09-15,19.899999618530273,19.899999618530273,19.899999618530273,19.899999618530273,17.458415985107422,0
2015-09-16,19.950000762939453,20.0,19.950000762939453,20.0,17.546152114868164,2000
2015-09-17,20.0,20.0,20.0,20.0,17.546152114868164,0
2015-09-18,19.959999084472656,19.959999084472656,19.959999084472656,19.959999084472656,17.511049270629883,100
2015-09-21,19.959999084472656,19.959999084472656,19.860000610351562,19.860000610351562,17.423330307006836,10400
2015-09-22,19.940000534057617,19.979999542236328,19.940000534057617,19.979999542236328,17.52860450744629,1200
2015-09-23,19.979999542236328,19.979999542236328,19.979999542236328,19.979999542236328,17.52860450744629,0
2015-09-24,19.860000610351562,19.860000610351562,19.860000610351562,19.860000610351562,17.423330307006836,400
2015-09-25,19.860000610351562,19.860000610351562,19.860000610351562,19.860000610351562,17.423330307006836,0
2015-09-28,19.860000610351562,19.860000610351562,19.860000610351562,19.860000610351562,17.423330307006836,0
2015-09-29,19.860000610351562,19.860000610351562,19.860000610351562,19.860000610351562,17.423330307006836,0
2015-09-30,19.860000610351562,19.90999984741211,19.860000610351562,19.90999984741211,17.467191696166992,800
2015-10-01,19.90999984741211,19.90999984741211,19.90999984741211,19.90999984741211,17.467191696166992,0
2015-10-02,19.8700008392334,19.959999084472656,19.860000610351562,19.860000610351562,17.423330307006836,700
2015-10-05,19.860000610351562,19.860000610351562,19.860000610351562,19.860000610351562,17.423330307006836,0
2015-10-06,19.860000610351562,19.860000610351562,19.860000610351562,19.860000610351562,17.423330307006836,0
2015-10-07,19.860000610351562,19.860000610351562,19.860000610351562,19.860000610351562,17.423330307006836,0
2015-10-08,19.860000610351562,19.860000610351562,19.860000610351562,19.860000610351562,17.423330307006836,0
2015-10-09,19.899999618530273,19.899999618530273,19.899999618530273,19.899999618530273,17.47337532043457,400
2015-10-12,19.899999618530273,19.899999618530273,19.899999618530273,19.899999618530273,17.47337532043457,0
2015-10-13,19.860000610351562,20.1200008392334,19.860000610351562,20.1200008392334,17.666549682617188,2600
2015-10-14,19.90999984741211,19.93000030517578,19.860000610351562,19.860000610351562,17.438251495361328,1800
2015-10-15,19.860000610351562,19.860000610351562,19.860000610351562,19.860000610351562,17.438251495361328,0
2015-10-16,19.860000610351562,19.860000610351562,19.860000610351562,19.860000610351562,17.438251495361328,0
2015-10-19,19.860000610351562,19.860000610351562,19.860000610351562,19.860000610351562,17.438251495361328,0
2015-10-20,19.860000610351562,19.860000610351562,19.860000610351562,19.860000610351562,17.438251495361328,0
2015-10-21,19.860000610351562,20.0,19.850000381469727,20.0,17.561185836791992,6900
2015-10-22,20.0,20.0,20.0,20.0,17.561185836791992,0
2015-10-23,20.0,20.0,20.0,20.0,17.561185836791992,0
2015-10-26,20.0,20.0,20.0,20.0,17.561185836791992,0
2015-10-27,19.940000534057617,19.950000762939453,19.940000534057617,19.950000762939453,17.51727867126465,1200
2015-10-28,19.950000762939453,19.950000762939453,19.920000076293945,19.920000076293945,17.49093246459961,400
2015-10-29,19.8799991607666,19.90999984741211,19.850000381469727,19.850000381469727,17.429471969604492,900
2015-10-30,19.850000381469727,19.850000381469727,19.850000381469727,19.850000381469727,17.429471969604492,0
2015-11-02,19.850000381469727,19.850000381469727,19.850000381469727,19.850000381469727,17.429471969604492,0
2015-11-03,19.850000381469727,19.850000381469727,19.850000381469727,19.850000381469727,17.429471969604492,0
2015-11-04,19.850000381469727,19.850000381469727,19.850000381469727,19.850000381469727,17.429471969604492,0
2015-11-05,20.0,20.0,20.0,20.0,17.561185836791992,1300
2015-11-06,19.860000610351562,19.860000610351562,19.860000610351562,19.860000610351562,17.438251495361328,200
2015-11-09,19.860000610351562,19.860000610351562,19.850000381469727,19.850000381469727,17.429471969604492,400
2015-11-10,19.860000610351562,19.860000610351562,19.860000610351562,19.860000610351562,17.453203201293945,200
2015-11-11,19.860000610351562,19.860000610351562,19.860000610351562,19.860000610351562,17.453203201293945,0
2015-11-12,19.860000610351562,19.860000610351562,19.860000610351562,19.860000610351562,17.453203201293945,0
2015-11-13,19.860000610351562,19.860000610351562,19.860000610351562,19.860000610351562,17.453203201293945,0
2015-11-16,19.860000610351562,19.860000610351562,19.860000610351562,19.860000610351562,17.453203201293945,0
2015-11-17,20.0,20.0,19.989999771118164,19.989999771118164,17.56744956970215,200
2015-11-18,19.860000610351562,19.969999313354492,19.860000610351562,19.959999084472656,17.54108428955078,4400
2015-11-19,19.950000762939453,20.0,19.950000762939453,20.0,17.57623863220215,700
2015-11-20,20.0,20.0,20.0,20.0,17.57623863220215,0
2015-11-23,20.100000381469727,20.100000381469727,20.100000381469727,20.100000381469727,17.66411781311035,400
2015-11-24,20.100000381469727,20.100000381469727,20.100000381469727,20.100000381469727,17.66411781311035,0
2015-11-25,20.100000381469727,20.329999923706055,20.100000381469727,20.329999923706055,17.866239547729492,2800
2015-11-27,20.329999923706055,20.329999923706055,20.329999923706055,20.329999923706055,17.866239547729492,0
2015-11-30,20.329999923706055,20.329999923706055,20.329999923706055,20.329999923706055,17.866239547729492,0
2015-12-01,20.329999923706055,20.329999923706055,20.329999923706055,20.329999923706055,17.866239547729492,0
2015-12-02,20.329999923706055,20.329999923706055,20.329999923706055,20.329999923706055,17.866239547729492,0
2015-12-03,20.299999237060547,20.299999237060547,20.299999237060547,20.299999237060547,17.83987045288086,300
2015-12-04,20.299999237060547,20.299999237060547,20.299999237060547,20.299999237060547,17.83987045288086,0
2015-12-07,20.299999237060547,20.299999237060547,20.299999237060547,20.299999237060547,17.83987045288086,0
2015-12-08,20.299999237060547,20.299999237060547,20.299999237060547,20.299999237060547,17.83987045288086,0
2015-12-09,20.299999237060547,20.299999237060547,20.299999237060547,20.299999237060547,17.83987045288086,0
2015-12-10,20.299999237060547,20.299999237060547,20.299999237060547,20.299999237060547,17.8557071685791,0
2015-12-11,20.209999084472656,20.209999084472656,20.0,20.0,17.591833114624023,2000
2015-12-14,20.0,20.0,20.0,20.0,17.591833114624023,0
2015-12-15,20.0,20.0,20.0,20.0,17.591833114624023,0
2015-12-16,20.049999237060547,20.049999237060547,20.0,20.0,17.591833114624023,1200
2015-12-17,20.0,20.0,20.0,20.0,17.591833114624023,0
2015-12-18,20.0,20.0,20.0,20.0,17.591833114624023,0
2015-12-21,20.0,20.0,20.0,20.0,17.591833114624023,200
2015-12-22,20.100000381469727,20.270000457763672,20.059999465942383,20.149999618530273,17.723770141601562,13700
2015-12-23,20.149999618530273,20.149999618530273,20.149999618530273,20.149999618530273,17.723770141601562,0
2015-12-24,20.149999618530273,20.149999618530273,20.149999618530273,20.149999618530273,17.723770141601562,0
2015-12-28,20.149999618530273,20.149999618530273,20.149999618530273,20.149999618530273,17.723770141601562,0
2015-12-29,20.149999618530273,20.149999618530273,20.149999618530273,20.149999618530273,17.723770141601562,0
2015-12-30,20.149999618530273,20.149999618530273,20.149999618530273,20.149999618530273,17.723770141601562,0
2015-12-31,20.149999618530273,20.149999618530273,20.149999618530273,20.149999618530273,17.723770141601562,300
2016-01-04,20.0,20.1299991607666,20.0,20.030000686645508,17.618221282958984,4200
2016-01-05,20.0,20.0,19.850000381469727,19.8799991607666,17.486282348632812,6200
2016-01-06,19.8799991607666,19.8799991607666,19.8799991607666,19.8799991607666,17.486282348632812,0
2016-01-07,19.8799991607666,19.8799991607666,19.8799991607666,19.8799991607666,17.486282348632812,0
2016-01-08,19.8799991607666,19.8799991607666,19.8799991607666,19.8799991607666,17.486282348632812,0
2016-01-11,19.8799991607666,19.8799991607666,19.8799991607666,19.8799991607666,17.486282348632812,0
2016-01-12,20.020000457763672,20.020000457763672,19.90999984741211,19.90999984741211,17.53118896484375,300
2016-01-13,19.90999984741211,19.90999984741211,19.90999984741211,19.90999984741211,17.53118896484375,0
2016-01-14,19.90999984741211,19.90999984741211,19.90999984741211,19.90999984741211,17.53118896484375,0
2016-01-15,19.90999984741211,19.90999984741211,19.90999984741211,19.90999984741211,17.53118896484375,0
2016-01-19,19.950000762939453,20.18000030517578,19.940000534057617,20.079999923706055,17.68087387084961,28400
2016-01-20,20.079999923706055,20.079999923706055,20.079999923706055,20.079999923706055,17.68087387084961,0
2016-01-21,20.079999923706055,20.079999923706055,20.079999923706055,20.079999923706055,17.68087387084961,0
2016-01-22,20.079999923706055,20.079999923706055,20.079999923706055,20.079999923706055,17.68087387084961,0
2016-01-25,20.219999313354492,20.219999313354492,20.219999313354492,20.219999313354492,17.804141998291016,1200
2016-01-26,20.270000457763672,20.270000457763672,19.969999313354492,20.229999542236328,17.812952041625977,7600
2016-01-27,19.93000030517578,19.93000030517578,19.920000076293945,19.920000076293945,17.53999137878418,500
2016-01-28,20.0,20.0,20.0,20.0,17.610435485839844,100
2016-01-29,20.0,20.0,20.0,20.0,17.610435485839844,0
2016-02-01,20.020000457763672,20.18000030517578,20.0,20.0,17.610435485839844,600
2016-02-02,20.0,20.0,20.0,20.0,17.610435485839844,0
2016-02-03,20.0,20.0,20.0,20.0,17.610435485839844,0
2016-02-04,20.09000015258789,20.399999618530273,20.09000015258789,20.149999618530273,17.742509841918945,53400
2016-02-05,20.100000381469727,20.450000762939453,20.020000457763672,20.020000457763672,17.628042221069336,32300
2016-02-08,20.020000457763672,20.020000457763672,20.020000457763672,20.020000457763672,17.628042221069336,0
2016-02-09,20.020000457763672,20.020000457763672,20.020000457763672,20.020000457763672,17.628042221069336,0
2016-02-10,20.270000457763672,20.489999771118164,20.270000457763672,20.489999771118164,18.062639236450195,700
2016-02-11,20.489999771118164,20.489999771118164,20.489999771118164,20.489999771118164,18.062639236450195,0
2016-02-12,20.229999542236328,20.239999771118164,20.020000457763672,20.239999771118164,17.84225845336914,800
2016-02-16,20.239999771118164,20.239999771118164,20.239999771118164,20.239999771118164,17.84225845336914,500
2016-02-17,20.100000381469727,20.100000381469727,20.100000381469727,20.100000381469727,17.718841552734375,100
2016-02-18,20.239999771118164,20.239999771118164,20.239999771118164,20.239999771118164,17.84225845336914,4000
2016-02-19,20.239999771118164,20.239999771118164,20.239999771118164,20.239999771118164,17.84225845336914,0
2016-02-22,20.239999771118164,20.239999771118164,20.239999771118164,20.239999771118164,17.84225845336914,0
2016-02-23,20.239999771118164,20.239999771118164,20.239999771118164,20.239999771118164,17.84225845336914,0
2016-02-24,20.239999771118164,20.239999771118164,20.239999771118164,20.239999771118164,17.84225845336914,0
2016-02-25,20.139999389648438,20.489999771118164,20.100000381469727,20.100000381469727,17.718841552734375,400
2016-02-26,20.100000381469727,20.100000381469727,20.100000381469727,20.100000381469727,17.718841552734375,0
2016-02-29,20.260000228881836,20.260000228881836,20.100000381469727,20.100000381469727,17.718841552734375,1200
2016-03-01,20.100000381469727,20.100000381469727,20.100000381469727,20.100000381469727,17.718841552734375,0
2016-03-02,20.25,20.25,20.25,20.25,17.851076126098633,700
2016-03-03,20.25,20.25,20.25,20.25,17.851076126098633,0
2016-03-04,20.25,20.25,20.25,20.25,17.851076126098633,0
2016-03-07,20.25,20.25,20.25,20.25,17.851076126098633,0
2016-03-08,20.25,20.25,20.25,20.25,17.851076126098633,0
2016-03-09,20.25,20.25,20.25,20.25,17.851076126098633,0
2016-03-10,20.200000762939453,20.200000762939453,20.200000762939453,20.200000762939453,17.82724380493164,1400
2016-03-11,20.25,20.25,20.100000381469727,20.100000381469727,17.738990783691406,6200
2016-03-14,20.100000381469727,20.100000381469727,20.100000381469727,20.100000381469727,17.738990783691406,0
2016-03-15,20.100000381469727,20.100000381469727,20.100000381469727,20.100000381469727,17.738990783691406,0
2016-03-16,20.100000381469727,20.100000381469727,20.100000381469727,20.100000381469727,17.738990783691406,0
2016-03-17,20.010000228881836,20.010000228881836,20.010000228881836,20.010000228881836,17.659564971923828,1200
2016-03-18,20.25,20.25,20.25,20.25,17.871376037597656,400
2016-03-21,20.25,20.25,20.25,20.25,17.871376037597656,0
2016-03-22,20.25,20.25,20.25,20.25,17.871376037597656,1000
2016-03-23,20.25,20.25,20.25,20.25,17.871376037597656,0
2016-03-24,20.25,20.25,20.25,20.25,17.871376037597656,0
2016-03-28,20.25,20.25,20.25,20.25,17.871376037597656,0
2016-03-29,20.229999542236328,20.25,20.209999084472656,20.25,17.871376037597656,6300
2016-03-30,20.25,20.25,20.25,20.25,17.871376037597656,0
2016-03-31,20.25,20.25,20.25,20.25,17.871376037597656,0
2016-04-01,20.25,20.25,20.25,20.25,17.871376037597656,0
2016-04-04,20.25,20.25,20.25,20.25,17.871376037597656,0
2016-04-05,20.229999542236328,20.25,20.229999542236328,20.25,17.871376037597656,2300
2016-04-06,20.25,20.25,20.25,20.25,17.871376037597656,0
2016-04-07,20.200000762939453,20.200000762939453,20.200000762939453,20.200000762939453,17.82724380493164,1000
2016-04-08,20.200000762939453,20.200000762939453,20.200000762939453,20.200000762939453,17.82724380493164,0
2016-04-11,20.200000762939453,20.200000762939453,20.200000762939453,20.200000762939453,17.82724380493164,0
2016-04-12,20.200000762939453,20.200000762939453,20.200000762939453,20.200000762939453,17.84844970703125,0
2016-04-13,20.489999771118164,20.489999771118164,20.489999771118164,20.489999771118164,18.10468292236328,800
2016-04-14,20.459999084472656,20.489999771118164,20.459999084472656,20.479999542236328,18.095853805541992,1200
2016-04-15,20.479999542236328,20.479999542236328,20.479999542236328,20.479999542236328,18.095853805541992,0
2016-04-18,20.479999542236328,20.479999542236328,20.479999542236328,20.479999542236328,18.095853805541992,0
2016-04-19,20.479999542236328,20.479999542236328,20.479999542236328,20.479999542236328,18.095853805541992,0
2016-04-20,20.280000686645508,20.489999771118164,20.280000686645508,20.489999771118164,18.10468292236328,1300
2016-04-21,20.299999237060547,20.299999237060547,20.299999237060547,20.299999237060547,17.93680191040039,3000
2016-04-22,20.299999237060547,20.299999237060547,20.299999237060547,20.299999237060547,17.93680191040039,300
2016-04-25,20.299999237060547,20.299999237060547,20.299999237060547,20.299999237060547,17.93680191040039,0
2016-04-26,20.31999969482422,20.31999969482422,20.31999969482422,20.31999969482422,17.95448112487793,100
2016-04-27,20.280000686645508,20.280000686645508,20.25,20.25,17.89263343811035,1900
2016-04-28,20.25,20.25,20.25,20.25,17.89263343811035,0
2016-04-29,20.25,20.25,20.25,20.25,17.89263343811035,0
2016-05-02,20.280000686645508,20.280000686645508,20.280000686645508,20.280000686645508,17.919130325317383,100
2016-05-03,20.280000686645508,20.280000686645508,20.280000686645508,20.280000686645508,17.919130325317383,0
2016-05-04,20.280000686645508,20.280000686645508,20.280000686645508,20.280000686645508,17.919130325317383,0
2016-05-05,20.280000686645508,20.280000686645508,20.280000686645508,20.280000686645508,17.919130325317383,0
2016-05-06,20.200000762939453,20.200000762939453,20.200000762939453,20.200000762939453,17.84844970703125,600
2016-05-09,20.200000762939453,20.200000762939453,20.200000762939453,20.200000762939453,17.84844970703125,100
2016-05-10,20.200000762939453,20.200000762939453,20.200000762939453,20.200000762939453,17.84844970703125,0
2016-05-11,20.200000762939453,20.200000762939453,20.200000762939453,20.200000762939453,17.869680404663086,0
2016-05-12,20.200000762939453,20.200000762939453,20.200000762939453,20.200000762939453,17.869680404663086,0
2016-05-13,20.200000762939453,20.200000762939453,20.200000762939453,20.200000762939453,17.869680404663086,0
2016-05-16,20.200000762939453,20.200000762939453,20.200000762939453,20.200000762939453,17.869680404663086,0
2016-05-17,20.469999313354492,20.469999313354492,20.469999313354492,20.469999313354492,18.108530044555664,100
2016-05-18,20.469999313354492,20.469999313354492,20.469999313354492,20.469999313354492,18.108530044555664,0
2016-05-19,20.469999313354492,20.469999313354492,20.469999313354492,20.469999313354492,18.108530044555664,0
2016-05-20,20.270000457763672,20.43000030517578,20.200000762939453,20.200000762939453,17.869680404663086,2100
2016-05-23,20.200000762939453,20.200000762939453,20.200000762939453,20.200000762939453,17.869680404663086,0
2016-05-24,20.25,20.25,20.200000762939453,20.200000762939453,17.869680404663086,500
2016-05-25,20.200000762939453,20.200000762939453,20.200000762939453,20.200000762939453,17.869680404663086,0
2016-05-26,20.200000762939453,20.299999237060547,20.200000762939453,20.299999237060547,17.958139419555664,1400
2016-05-27,20.299999237060547,20.299999237060547,20.299999237060547,20.299999237060547,17.958139419555664,1000
2016-05-31,20.299999237060547,20.299999237060547,20.299999237060547,20.299999237060547,17.958139419555664,0
2016-06-01,20.299999237060547,20.299999237060547,20.299999237060547,20.299999237060547,17.958139419555664,0
2016-06-02,20.200000762939453,20.299999237060547,20.18000030517578,20.299999237060547,17.958139419555664,1600
2016-06-03,20.299999237060547,20.299999237060547,20.100000381469727,20.100000381469727,17.781213760375977,3200
2016-06-06,20.299999237060547,20.299999237060547,20.299999237060547,20.299999237060547,17.958139419555664,200
2016-06-07,20.299999237060547,20.299999237060547,20.190000534057617,20.229999542236328,17.896217346191406,1800
2016-06-08,20.1200008392334,20.1200008392334,20.100000381469727,20.100000381469727,17.781213760375977,1400
2016-06-09,20.290000915527344,20.290000915527344,20.290000915527344,20.290000915527344,17.94930076599121,100
2016-06-10,20.100000381469727,20.100000381469727,20.100000381469727,20.100000381469727,17.8013973236084,100
2016-06-13,20.100000381469727,20.100000381469727,20.100000381469727,20.100000381469727,17.8013973236084,200
2016-06-14,20.100000381469727,20.329999923706055,20.100000381469727,20.31999969482422,17.996240615844727,1100
2016-06-15,20.25,20.75,20.010000228881836,20.100000381469727,17.8013973236084,57400
2016-06-16,20.100000381469727,20.690000534057617,20.100000381469727,20.139999389648438,17.836824417114258,13100
2016-06-17,20.15999984741211,20.489999771118164,19.950000762939453,20.190000534057617,17.881105422973633,23300
2016-06-20,20.399999618530273,20.459999084472656,20.209999084472656,20.299999237060547,17.97852325439453,54800
2016-06-21,20.3700008392334,20.399999618530273,20.360000610351562,20.360000610351562,18.03166389465332,500
2016-06-22,20.399999618530273,20.43000030517578,20.079999923706055,20.079999923706055,17.78367805480957,23500
2016-06-23,20.209999084472656,20.450000762939453,20.049999237060547,20.049999237060547,17.757116317749023,12800
2016-06-24,20.059999465942383,20.059999465942383,20.040000915527344,20.040000915527344,17.74826431274414,600
2016-06-27,20.270000457763672,20.299999237060547,20.059999465942383,20.06999969482422,17.77482795715332,7300
2016-06-28,20.06999969482422,20.440000534057617,20.06999969482422,20.079999923706055,17.78367805480957,1200
2016-06-29,20.229999542236328,20.3700008392334,20.059999465942383,20.100000381469727,17.8013973236084,8500
2016-06-30,20.06999969482422,20.290000915527344,20.059999465942383,20.290000915527344,17.96967124938965,500
2016-07-01,20.329999923706055,20.329999923706055,20.100000381469727,20.15999984741211,17.85453987121582,600
2016-07-05,20.280000686645508,20.280000686645508,20.149999618530273,20.18000030517578,17.872249603271484,400
2016-07-06,20.3799991607666,20.440000534057617,20.299999237060547,20.440000534057617,18.102516174316406,1100
2016-07-07,20.270000457763672,20.3799991607666,20.18000030517578,20.299999237060547,17.97852325439453,2800
2016-07-08,20.469999313354492,20.469999313354492,20.25,20.299999237060547,17.97852325439453,1000
2016-07-11,20.200000762939453,20.459999084472656,20.200000762939453,20.360000610351562,18.03166389465332,3900
2016-07-12,20.350000381469727,20.350000381469727,20.239999771118164,20.239999771118164,17.946544647216797,1000
2016-07-13,20.479999542236328,20.479999542236328,20.15999984741211,20.270000457763672,17.973146438598633,2200
2016-07-14,20.299999237060547,20.43000030517578,20.25,20.43000030517578,18.115009307861328,1300
2016-07-15,20.3799991607666,20.389999389648438,20.209999084472656,20.260000228881836,17.96427345275879,1200
2016-07-18,20.40999984741211,20.40999984741211,20.25,20.270000457763672,17.973146438598633,1100
2016-07-19,20.350000381469727,20.440000534057617,20.190000534057617,20.200000762939453,17.911075592041016,4400
2016-07-20,20.450000762939453,20.450000762939453,20.190000534057617,20.260000228881836,17.96427345275879,4000
2016-07-21,20.3700008392334,20.510000228881836,20.200000762939453,20.270000457763672,17.973146438598633,2600
2016-07-22,20.3799991607666,20.3799991607666,20.219999313354492,20.270000457763672,17.973146438598633,3500
2016-07-25,20.479999542236328,20.479999542236328,20.229999542236328,20.34000015258789,18.03521728515625,1100
2016-07-26,20.309999465942383,20.5,20.299999237060547,20.309999465942383,18.00861358642578,2400
2016-07-27,20.209999084472656,20.350000381469727,20.209999084472656,20.260000228881836,17.96427345275879,800
2016-07-28,20.479999542236328,20.479999542236328,20.209999084472656,20.399999618530273,18.088409423828125,2600
2016-07-29,20.360000610351562,20.389999389648438,20.25,20.299999237060547,17.999740600585938,4100
2016-08-01,20.18000030517578,20.34000015258789,20.139999389648438,20.34000015258789,18.03521728515625,700
2016-08-02,20.600000381469727,20.600000381469727,20.600000381469727,20.600000381469727,18.2657470703125,900
2016-08-03,20.3799991607666,20.3799991607666,20.200000762939453,20.299999237060547,17.999740600585938,500
2016-08-04,20.540000915527344,20.540000915527344,20.34000015258789,20.34000015258789,18.03521728515625,700
2016-08-05,20.34000015258789,20.34000015258789,20.34000015258789,20.34000015258789,18.03521728515625,0
2016-08-08,20.34000015258789,20.34000015258789,20.34000015258789,20.34000015258789,18.03521728515625,0
2016-08-09,20.43000030517578,20.450000762939453,20.31999969482422,20.350000381469727,18.044082641601562,3200
2016-08-10,20.389999389648438,20.43000030517578,20.329999923706055,20.350000381469727,18.044082641601562,2200
2016-08-11,20.459999084472656,20.489999771118164,20.309999465942383,20.40999984741211,18.09728240966797,2400
2016-08-12,20.459999084472656,20.549999237060547,20.270000457763672,20.549999237060547,18.221416473388672,2200
2016-08-15,20.479999542236328,20.510000228881836,20.329999923706055,20.440000534057617,18.123878479003906,700
2016-08-16,20.5,20.510000228881836,20.329999923706055,20.350000381469727,18.044082641601562,3400
2016-08-17,20.510000228881836,20.510000228881836,20.360000610351562,20.459999084472656,18.141616821289062,2000
2016-08-18,20.40999984741211,20.530000686645508,20.40999984741211,20.530000686645508,18.203685760498047,700
2016-08-19,20.479999542236328,20.540000915527344,20.309999465942383,20.540000915527344,18.212553024291992,400
2016-08-22,20.540000915527344,20.540000915527344,20.540000915527344,20.540000915527344,18.212553024291992,0
2016-08-23,20.31999969482422,20.350000381469727,20.31999969482422,20.350000381469727,18.044082641601562,4400
2016-08-24,20.450000762939453,20.450000762939453,20.389999389648438,20.399999618530273,18.088409423828125,700
2016-08-25,20.389999389648438,20.450000762939453,20.389999389648438,20.420000076293945,18.10615348815918,5500
2016-08-26,20.489999771118164,20.489999771118164,20.260000228881836,20.3799991607666,18.0706729888916,2100
2016-08-29,20.360000610351562,20.40999984741211,20.360000610351562,20.40999984741211,18.09728240966797,1600
2016-08-30,20.639999389648438,21.670000076293945,20.639999389648438,20.979999542236328,18.602693557739258,3200
2016-08-31,20.920000076293945,20.920000076293945,20.40999984741211,20.649999618530273,18.310081481933594,1400
2016-09-01,20.809999465942383,20.81999969482422,20.559999465942383,20.729999542236328,18.381027221679688,1800
2016-09-02,20.559999465942383,20.770000457763672,20.559999465942383,20.719999313354492,18.372154235839844,3200
2016-09-06,20.760000228881836,20.889999389648438,20.5,20.5,18.17708396911621,3100
2016-09-07,20.790000915527344,20.799999237060547,20.6299991607666,20.799999237060547,18.443092346191406,1200
2016-09-08,20.65999984741211,20.790000915527344,20.56999969482422,20.649999618530273,18.310081481933594,1500
2016-09-09,20.84000015258789,20.84000015258789,20.579999923706055,20.770000457763672,18.416484832763672,1200
2016-09-12,20.760000228881836,20.760000228881836,20.489999771118164,20.700000762939453,18.378313064575195,1600
2016-09-13,20.600000381469727,20.68000030517578,20.579999923706055,20.579999923706055,18.271770477294922,1400
2016-09-14,20.829999923706055,20.829999923706055,20.59000015258789,20.729999542236328,18.404949188232422,1400
2016-09-15,20.670000076293945,20.81999969482422,20.6200008392334,20.68000030517578,18.360551834106445,1100
2016-09-16,20.809999465942383,20.809999465942383,20.6200008392334,20.709999084472656,18.387182235717773,1400
2016-09-19,20.68000030517578,20.829999923706055,20.639999389648438,20.739999771118164,18.4138240814209,1900
2016-09-20,20.790000915527344,20.790000915527344,20.65999984741211,20.75,18.422704696655273,2000
2016-09-21,20.959999084472656,20.989999771118164,20.649999618530273,20.790000915527344,18.45821762084961,3900
2016-09-22,20.739999771118164,21.0,20.739999771118164,20.860000610351562,18.520366668701172,4600
2016-09-23,20.8799991607666,20.940000534057617,20.65999984741211,20.829999923706055,18.493728637695312,1600
2016-09-26,20.780000686645508,20.920000076293945,20.65999984741211,20.799999237060547,18.46709632873535,3000
2016-09-27,20.889999389648438,20.93000030517578,20.510000228881836,20.770000457763672,18.440460205078125,3100
2016-09-28,20.979999542236328,20.979999542236328,20.540000915527344,20.760000228881836,18.43157386779785,4800
2016-09-29,20.760000228881836,20.760000228881836,20.760000228881836,20.760000228881836,18.43157386779785,0
2016-09-30,21.030000686645508,21.059999465942383,21.020000457763672,21.059999465942383,18.69793128967285,500
2016-10-03,21.059999465942383,21.059999465942383,21.059999465942383,21.059999465942383,18.69793128967285,0
2016-10-04,21.0,21.0,20.989999771118164,20.989999771118164,18.635780334472656,400
2016-10-05,20.969999313354492,20.969999313354492,20.969999313354492,20.969999313354492,18.618026733398438,200
2016-10-06,20.969999313354492,20.969999313354492,20.969999313354492,20.969999313354492,18.618026733398438,0
2016-10-07,20.549999237060547,20.770000457763672,20.239999771118164,20.290000915527344,18.014293670654297,3900
2016-10-10,20.290000915527344,20.290000915527344,20.290000915527344,20.290000915527344,18.014293670654297,0
2016-10-11,20.299999237060547,20.299999237060547,20.209999084472656,20.209999084472656,17.943267822265625,500
2016-10-12,20.399999618530273,20.540000915527344,20.260000228881836,20.260000228881836,18.01261329650879,2600
2016-10-13,20.229999542236328,20.229999542236328,20.15999984741211,20.170000076293945,17.932598114013672,1800
2016-10-14,20.170000076293945,20.170000076293945,20.170000076293945,20.170000076293945,17.932598114013672,700
2016-10-17,20.170000076293945,20.170000076293945,20.170000076293945,20.170000076293945,17.932598114013672,0
2016-10-18,20.170000076293945,20.170000076293945,19.799999237060547,20.1200008392334,17.888147354125977,16400
2016-10-19,20.1200008392334,20.1200008392334,20.1200008392334,20.1200008392334,17.888147354125977,0
2016-10-20,19.90999984741211,20.15999984741211,19.90999984741211,20.15999984741211,17.9237060546875,2700
2016-10-21,20.15999984741211,20.15999984741211,20.15999984741211,20.15999984741211,17.9237060546875,0
2016-10-24,20.010000228881836,20.010000228881836,20.0,20.0,17.781452178955078,4500
2016-10-25,20.1200008392334,20.1200008392334,20.020000457763672,20.100000381469727,17.870359420776367,11900
2016-10-26,20.049999237060547,20.1200008392334,20.049999237060547,20.110000610351562,17.879249572753906,2000
2016-10-27,20.020000457763672,20.049999237060547,20.0,20.049999237060547,17.82590675354004,16000
2016-10-28,19.940000534057617,19.940000534057617,19.940000534057617,19.940000534057617,17.728113174438477,1200
2016-10-31,20.079999923706055,20.100000381469727,19.93000030517578,20.100000381469727,17.870359420776367,2200
2016-11-01,20.170000076293945,20.219999313354492,20.059999465942383,20.219999313354492,17.977048873901367,1700
2016-11-02,20.350000381469727,20.350000381469727,20.350000381469727,20.350000381469727,18.092632293701172,500
2016-11-03,20.350000381469727,20.350000381469727,20.350000381469727,20.350000381469727,18.092632293701172,0
2016-11-04,20.350000381469727,20.350000381469727,20.350000381469727,20.350000381469727,18.092632293701172,0
2016-11-07,20.350000381469727,20.350000381469727,20.350000381469727,20.350000381469727,18.092632293701172,0
2016-11-08,20.350000381469727,20.350000381469727,20.350000381469727,20.350000381469727,18.092632293701172,0
2016-11-09,20.31999969482422,20.31999969482422,20.31999969482422,20.31999969482422,18.091737747192383,100
2016-11-10,20.31999969482422,20.31999969482422,20.31999969482422,20.31999969482422,18.091737747192383,0
2016-11-11,19.979999542236328,20.0,19.940000534057617,19.940000534057617,17.753414154052734,2000
2016-11-14,19.940000534057617,19.940000534057617,19.940000534057617,19.940000534057617,17.753414154052734,0
2016-11-15,20.100000381469727,20.100000381469727,20.100000381469727,20.100000381469727,17.895858764648438,500
2016-11-16,20.100000381469727,20.100000381469727,20.100000381469727,20.100000381469727,17.895858764648438,0
2016-11-17,20.100000381469727,20.100000381469727,20.079999923706055,20.079999923706055,17.878063201904297,1700
2016-11-18,20.079999923706055,20.079999923706055,20.079999923706055,20.079999923706055,17.878063201904297,0
2016-11-21,20.079999923706055,20.079999923706055,20.079999923706055,20.079999923706055,17.878063201904297,0
2016-11-22,20.079999923706055,20.079999923706055,20.079999923706055,20.079999923706055,17.878063201904297,0
2016-11-23,20.079999923706055,20.079999923706055,20.079999923706055,20.079999923706055,17.878063201904297,0
2016-11-25,20.079999923706055,20.079999923706055,20.079999923706055,20.079999923706055,17.878063201904297,0
2016-11-28,20.079999923706055,20.079999923706055,20.079999923706055,20.079999923706055,17.878063201904297,0
2016-11-29,20.110000610351562,20.110000610351562,20.110000610351562,20.110000610351562,17.90477180480957,600
2016-11-30,20.110000610351562,20.110000610351562,20.110000610351562,20.110000610351562,17.90477180480957,0
2016-12-01,20.139999389648438,20.139999389648438,20.139999389648438,20.139999389648438,17.93148422241211,100
2016-12-02,20.139999389648438,20.139999389648438,20.139999389648438,20.139999389648438,17.93148422241211,0
2016-12-05,20.139999389648438,20.139999389648438,20.139999389648438,20.139999389648438,17.93148422241211,0
2016-12-06,20.139999389648438,20.139999389648438,20.139999389648438,20.139999389648438,17.93148422241211,0
2016-12-07,19.950000762939453,20.0,19.90999984741211,20.0,17.80682945251465,1400
2016-12-08,20.0,20.0,20.0,20.0,17.80682945251465,0
2016-12-09,19.899999618530273,19.899999618530273,19.899999618530273,19.899999618530273,17.71779441833496,200
2016-12-12,19.93000030517578,19.940000534057617,19.920000076293945,19.920000076293945,17.761491775512695,400
2016-12-13,19.969999313354492,19.969999313354492,19.850000381469727,19.850000381469727,17.699073791503906,11400
2016-12-14,19.889999389648438,19.889999389648438,19.889999389648438,19.889999389648438,17.73473358154297,700
2016-12-15,19.860000610351562,19.8700008392334,19.860000610351562,19.860000610351562,17.707988739013672,600
2016-12-16,19.860000610351562,19.860000610351562,19.860000610351562,19.860000610351562,17.707988739013672,0
2016-12-19,19.860000610351562,19.860000610351562,19.860000610351562,19.860000610351562,17.707988739013672,200
2016-12-20,20.020000457763672,20.020000457763672,20.020000457763672,20.020000457763672,17.85065460205078,1200
2016-12-21,20.020000457763672,20.020000457763672,20.020000457763672,20.020000457763672,17.85065460205078,0
2016-12-22,20.020000457763672,20.030000686645508,19.950000762939453,20.020000457763672,17.85065460205078,6700
2016-12-23,20.0,20.030000686645508,19.950000762939453,20.030000686645508,17.85956382751465,14300
2016-12-27,20.030000686645508,20.030000686645508,20.030000686645508,20.030000686645508,17.85956382751465,0
2016-12-28,20.0,20.0,20.0,20.0,17.832822799682617,100
2016-12-29,20.0,20.0,20.0,20.0,17.832822799682617,0
2016-12-30,20.0,20.0,20.0,20.0,17.832822799682617,0
2017-01-03,20.0,20.0,20.0,20.0,17.832822799682617,0
2017-01-04,20.360000610351562,20.360000610351562,20.360000610351562,20.360000610351562,18.1538143157959,300
2017-01-05,20.360000610351562,20.360000610351562,20.360000610351562,20.360000610351562,18.1538143157959,0
2017-01-06,20.420000076293945,20.639999389648438,20.40999984741211,20.549999237060547,18.323223114013672,1900
2017-01-09,20.649999618530273,20.899999618530273,20.5,20.860000610351562,18.599632263183594,4400
2017-01-10,20.959999084472656,21.899999618530273,20.959999084472656,21.899999618530273,19.52693748474121,1000
2017-01-11,21.899999618530273,21.899999618530273,21.899999618530273,21.899999618530273,19.553722381591797,0
2017-01-12,20.950000762939453,21.350000381469727,20.950000762939453,21.309999465942383,19.026933670043945,6800
2017-01-13,21.5,21.5,21.450000762939453,21.450000762939453,19.151931762695312,2500
2017-01-17,21.540000915527344,21.6200008392334,21.540000915527344,21.600000381469727,19.285863876342773,1000
2017-01-18,21.600000381469727,21.600000381469727,21.600000381469727,21.600000381469727,19.285863876342773,0
2017-01-19,21.450000762939453,21.469999313354492,21.450000762939453,21.450000762939453,19.151931762695312,2000
2017-01-20,21.450000762939453,21.450000762939453,21.450000762939453,21.450000762939453,19.151931762695312,0
2017-01-23,21.450000762939453,21.450000762939453,21.450000762939453,21.450000762939453,19.151931762695312,0
2017-01-24,21.5,21.5,21.5,21.5,19.196578979492188,100
2017-01-25,21.399999618530273,21.510000228881836,21.350000381469727,21.399999618530273,19.10729217529297,2900
2017-01-26,21.399999618530273,21.479999542236328,21.389999389648438,21.389999389648438,19.098365783691406,6200
2017-01-27,21.399999618530273,21.399999618530273,21.399999618530273,21.399999618530273,19.10729217529297,100
2017-01-30,21.600000381469727,21.600000381469727,21.600000381469727,21.600000381469727,19.285863876342773,100
2017-01-31,21.549999237060547,21.549999237060547,21.549999237060547,21.549999237060547,19.2412166595459,200
2017-02-01,21.649999618530273,21.649999618530273,21.420000076293945,21.420000076293945,19.125152587890625,1400
2017-02-02,21.420000076293945,21.420000076293945,21.420000076293945,21.420000076293945,19.125152587890625,0
2017-02-03,21.450000762939453,21.510000228881836,21.450000762939453,21.450000762939453,19.151931762695312,600
2017-02-06,21.450000762939453,21.450000762939453,21.450000762939453,21.450000762939453,19.151931762695312,0
2017-02-07,21.450000762939453,21.450000762939453,21.450000762939453,21.450000762939453,19.151931762695312,1300
2017-02-08,21.450000762939453,21.450000762939453,21.34000015258789,21.3700008392334,19.080501556396484,2900
2017-02-09,21.3700008392334,21.3700008392334,21.3700008392334,21.3700008392334,19.080501556396484,0
2017-02-10,21.34000015258789,21.34000015258789,21.34000015258789,21.34000015258789,19.082290649414062,100
2017-02-13,21.450000762939453,21.450000762939453,21.40999984741211,21.40999984741211,19.144887924194336,400
2017-02-14,21.5,21.5,21.5,21.5,19.225370407104492,700
2017-02-15,21.5,21.5,21.5,21.5,19.225370407104492,2100
2017-02-16,21.5,21.5,21.5,21.5,19.225370407104492,800
2017-02-17,21.450000762939453,21.450000762939453,21.450000762939453,21.450000762939453,19.18065643310547,200
2017-02-21,21.530000686645508,21.530000686645508,21.530000686645508,21.530000686645508,19.252187728881836,100
2017-02-22,21.850000381469727,21.8799991607666,21.68000030517578,21.8799991607666,19.565162658691406,700
2017-02-23,21.510000228881836,21.75,21.510000228881836,21.75,19.44891929626465,600
2017-02-24,21.75,21.75,21.75,21.75,19.44891929626465,100
2017-02-27,21.739999771118164,21.75,21.520000457763672,21.559999465942383,19.27901840209961,2300
2017-02-28,21.559999465942383,21.559999465942383,21.559999465942383,21.559999465942383,19.27901840209961,0
2017-03-01,21.799999237060547,21.799999237060547,21.799999237060547,21.799999237060547,19.49363136291504,100
2017-03-02,21.799999237060547,21.799999237060547,21.799999237060547,21.799999237060547,19.49363136291504,0
2017-03-03,21.799999237060547,21.799999237060547,21.799999237060547,21.799999237060547,19.49363136291504,0
2017-03-06,21.799999237060547,21.799999237060547,21.600000381469727,21.6299991607666,19.34160614013672,600
2017-03-07,21.6299991607666,21.6299991607666,21.6299991607666,21.6299991607666,19.34160614013672,0
2017-03-08,21.6299991607666,21.6299991607666,21.6299991607666,21.6299991607666,19.34160614013672,0
2017-03-09,21.6299991607666,21.6299991607666,21.6299991607666,21.6299991607666,19.34160614013672,0
2017-03-10,21.6299991607666,21.6299991607666,21.6299991607666,21.6299991607666,19.370262145996094,0
2017-03-13,21.559999465942383,21.559999465942383,21.559999465942383,21.559999465942383,19.30758285522461,200
2017-03-14,21.559999465942383,21.559999465942383,21.559999465942383,21.559999465942383,19.30758285522461,0
2017-03-15,21.579999923706055,21.579999923706055,21.530000686645508,21.530000686645508,19.28071403503418,700
2017-03-16,21.530000686645508,21.530000686645508,21.459999084472656,21.459999084472656,19.218032836914062,1300
2017-03-17,21.459999084472656,21.459999084472656,21.459999084472656,21.459999084472656,19.218032836914062,100
2017-03-20,21.459999084472656,21.459999084472656,21.459999084472656,21.459999084472656,19.218032836914062,0
2017-03-21,21.459999084472656,21.459999084472656,21.459999084472656,21.459999084472656,19.218032836914062,0
2017-03-22,21.790000915527344,21.790000915527344,21.790000915527344,21.790000915527344,19.5135555267334,100
2017-03-23,21.770000457763672,21.799999237060547,21.770000457763672,21.799999237060547,19.522512435913086,500
2017-03-24,21.799999237060547,21.799999237060547,21.799999237060547,21.799999237060547,19.522512435913086,1700
2017-03-27,21.639999389648438,21.639999389648438,21.639999389648438,21.639999389648438,19.379226684570312,100
2017-03-28,21.639999389648438,21.639999389648438,21.639999389648438,21.639999389648438,19.379226684570312,0
2017-03-29,21.639999389648438,21.639999389648438,21.639999389648438,21.639999389648438,19.379226684570312,0
2017-03-30,21.549999237060547,21.610000610351562,21.549999237060547,21.610000610351562,19.35236358642578,800
2017-03-31,21.799999237060547,21.799999237060547,21.799999237060547,21.799999237060547,19.522512435913086,200
2017-04-03,21.799999237060547,21.799999237060547,21.799999237060547,21.799999237060547,19.522512435913086,0
2017-04-04,21.799999237060547,21.799999237060547,21.799999237060547,21.799999237060547,19.522512435913086,0
2017-04-05,21.799999237060547,21.799999237060547,21.799999237060547,21.799999237060547,19.522512435913086,0
2017-04-06,21.799999237060547,21.799999237060547,21.799999237060547,21.799999237060547,19.522512435913086,0
2017-04-07,21.799999237060547,21.799999237060547,21.799999237060547,21.799999237060547,19.522512435913086,0
2017-04-10,21.950000762939453,21.950000762939453,21.950000762939453,21.950000762939453,19.65683364868164,200
2017-04-11,21.950000762939453,21.950000762939453,21.950000762939453,21.950000762939453,19.687328338623047,0
2017-04-12,21.75,21.75,21.610000610351562,21.709999084472656,19.472074508666992,500
2017-04-13,21.709999084472656,21.709999084472656,21.709999084472656,21.709999084472656,19.472074508666992,0
2017-04-17,21.969999313354492,21.969999313354492,21.969999313354492,21.969999313354492,19.70526885986328,100
2017-04-18,21.969999313354492,22.0,21.969999313354492,22.0,19.7321834564209,500
2017-04-19,21.84000015258789,21.84000015258789,21.799999237060547,21.799999237060547,19.55279541015625,1100
2017-04-20,21.799999237060547,21.799999237060547,21.799999237060547,21.799999237060547,19.55279541015625,100
2017-04-21,21.799999237060547,21.799999237060547,21.799999237060547,21.799999237060547,19.55279541015625,3000
2017-04-24,21.75,22.229999542236328,21.75,22.229999542236328,19.9384708404541,2700
2017-04-25,22.100000381469727,22.100000381469727,22.0,22.0,19.7321834564209,8600
2017-04-26,22.0,22.0,22.0,22.0,19.7321834564209,0
2017-04-27,22.329999923706055,22.329999923706055,22.329999923706055,22.329999923706055,20.028160095214844,200
2017-04-28,22.329999923706055,22.329999923706055,22.0,22.31999969482422,20.01919174194336,1100
2017-05-01,22.329999923706055,22.329999923706055,22.299999237060547,22.299999237060547,20.001256942749023,200
2017-05-02,22.299999237060547,22.299999237060547,22.299999237060547,22.299999237060547,20.001256942749023,0
2017-05-03,22.31999969482422,22.31999969482422,22.31999969482422,22.31999969482422,20.01919174194336,100
2017-05-04,22.31999969482422,22.31999969482422,22.31999969482422,22.31999969482422,20.01919174194336,0
2017-05-05,22.329999923706055,22.329999923706055,22.329999923706055,22.329999923706055,20.028160095214844,100
2017-05-08,22.329999923706055,22.329999923706055,22.329999923706055,22.329999923706055,20.028160095214844,0
2017-05-09,22.329999923706055,22.329999923706055,22.329999923706055,22.329999923706055,20.028160095214844,0
2017-05-10,22.329999923706055,22.329999923706055,22.329999923706055,22.329999923706055,20.028160095214844,100
2017-05-11,22.329999923706055,22.329999923706055,22.329999923706055,22.329999923706055,20.028160095214844,0
2017-05-12,22.329999923706055,22.329999923706055,22.329999923706055,22.329999923706055,20.028160095214844,0
2017-05-15,22.329999923706055,22.329999923706055,22.329999923706055,22.329999923706055,20.028160095214844,100
2017-05-16,22.329999923706055,22.329999923706055,22.329999923706055,22.329999923706055,20.028160095214844,0
2017-05-17,22.100000381469727,22.100000381469727,22.100000381469727,22.100000381469727,19.82187271118164,2400
2017-05-18,22.100000381469727,22.100000381469727,22.100000381469727,22.100000381469727,19.82187271118164,0
2017-05-19,22.100000381469727,22.100000381469727,22.100000381469727,22.100000381469727,19.82187271118164,0
2017-05-22,22.100000381469727,22.100000381469727,22.100000381469727,22.100000381469727,19.82187271118164,0
2017-05-23,22.100000381469727,22.100000381469727,22.100000381469727,22.100000381469727,19.82187271118164,0
2017-05-24,22.100000381469727,22.100000381469727,22.100000381469727,22.100000381469727,19.82187271118164,0
2017-05-25,21.920000076293945,21.940000534057617,21.920000076293945,21.940000534057617,19.678361892700195,3000
2017-05-26,21.920000076293945,21.920000076293945,21.920000076293945,21.920000076293945,19.66042709350586,100
2017-05-30,21.920000076293945,21.920000076293945,21.920000076293945,21.920000076293945,19.66042709350586,0
2017-05-31,21.920000076293945,21.920000076293945,21.920000076293945,21.920000076293945,19.66042709350586,0
2017-06-01,21.920000076293945,21.920000076293945,21.920000076293945,21.920000076293945,19.66042709350586,0
2017-06-02,21.920000076293945,21.920000076293945,21.920000076293945,21.920000076293945,19.66042709350586,0
2017-06-05,21.920000076293945,21.920000076293945,21.920000076293945,21.920000076293945,19.66042709350586,0
2017-06-06,21.920000076293945,21.920000076293945,21.920000076293945,21.920000076293945,19.66042709350586,0
2017-06-07,21.920000076293945,21.920000076293945,21.920000076293945,21.920000076293945,19.66042709350586,0
2017-06-08,21.920000076293945,21.920000076293945,21.920000076293945,21.920000076293945,19.66042709350586,0
2017-06-09,21.920000076293945,21.920000076293945,21.920000076293945,21.920000076293945,19.66042709350586,0
2017-06-12,21.920000076293945,21.920000076293945,21.920000076293945,21.920000076293945,19.691865921020508,0
2017-06-13,21.920000076293945,21.920000076293945,21.920000076293945,21.920000076293945,19.691865921020508,0
2017-06-14,21.920000076293945,21.920000076293945,21.920000076293945,21.920000076293945,19.691865921020508,0
2017-06-15,21.920000076293945,21.920000076293945,21.920000076293945,21.920000076293945,19.691865921020508,0
2017-06-16,21.920000076293945,21.920000076293945,21.920000076293945,21.920000076293945,19.691865921020508,200
2017-06-19,21.920000076293945,21.920000076293945,21.920000076293945,21.920000076293945,19.691865921020508,0
2017-06-20,21.920000076293945,21.920000076293945,21.920000076293945,21.920000076293945,19.691865921020508,0
2017-06-21,21.920000076293945,21.950000762939453,21.920000076293945,21.950000762939453,19.718812942504883,900
2017-06-22,21.950000762939453,21.950000762939453,21.950000762939453,21.950000762939453,19.718812942504883,0
2017-06-23,21.920000076293945,21.959999084472656,21.899999618530273,21.959999084472656,19.727800369262695,2900
2017-06-26,21.959999084472656,21.959999084472656,21.959999084472656,21.959999084472656,19.727800369262695,0
2017-06-27,21.959999084472656,21.959999084472656,21.959999084472656,21.959999084472656,19.727800369262695,0
2017-06-28,21.959999084472656,21.959999084472656,21.959999084472656,21.959999084472656,19.727800369262695,0
2017-06-29,21.959999084472656,21.959999084472656,21.959999084472656,21.959999084472656,19.727800369262695,0
2017-06-30,21.989999771118164,21.989999771118164,21.989999771118164,21.989999771118164,19.75475311279297,600
2017-07-03,21.989999771118164,21.989999771118164,21.989999771118164,21.989999771118164,19.75475311279297,0
2017-07-05,21.8799991607666,21.8799991607666,21.8799991607666,21.8799991607666,19.65593147277832,100
2017-07-06,21.8799991607666,21.8799991607666,21.8799991607666,21.8799991607666,19.65593147277832,0
2017-07-07,21.8799991607666,21.8799991607666,21.8799991607666,21.8799991607666,19.65593147277832,0
2017-07-10,21.8799991607666,21.8799991607666,21.8799991607666,21.8799991607666,19.65593147277832,100
2017-07-11,21.8799991607666,21.8799991607666,21.8799991607666,21.8799991607666,19.65593147277832,600
2017-07-12,21.8799991607666,21.8799991607666,21.8799991607666,21.8799991607666,19.688325881958008,0
2017-07-13,21.8799991607666,21.8799991607666,21.8799991607666,21.8799991607666,19.688325881958008,0
2017-07-14,21.8799991607666,21.8799991607666,21.8799991607666,21.8799991607666,19.688325881958008,0
2017-07-17,22.100000381469727,22.100000381469727,22.100000381469727,22.100000381469727,19.88629150390625,100
2017-07-18,22.100000381469727,22.100000381469727,22.100000381469727,22.100000381469727,19.88629150390625,0
2017-07-19,22.100000381469727,22.100000381469727,22.100000381469727,22.100000381469727,19.88629150390625,0
2017-07-20,21.889999389648438,21.889999389648438,21.889999389648438,21.889999389648438,19.697324752807617,100
2017-07-21,21.8799991607666,21.8799991607666,21.719999313354492,21.719999313354492,19.544349670410156,1100
2017-07-24,21.75,21.75,21.75,21.75,19.571348190307617,100
2017-07-25,22.100000381469727,22.100000381469727,22.100000381469727,22.100000381469727,19.88629150390625,100
2017-07-26,22.100000381469727,22.100000381469727,22.100000381469727,22.100000381469727,19.88629150390625,0
2017-07-27,22.100000381469727,22.100000381469727,22.100000381469727,22.100000381469727,19.88629150390625,0
2017-07-28,22.100000381469727,22.100000381469727,22.100000381469727,22.100000381469727,19.88629150390625,0
2017-07-31,22.100000381469727,22.100000381469727,22.100000381469727,22.100000381469727,19.88629150390625,0
2017-08-01,22.100000381469727,22.100000381469727,22.100000381469727,22.100000381469727,19.88629150390625,0
2017-08-02,22.100000381469727,22.100000381469727,22.100000381469727,22.100000381469727,19.88629150390625,0
2017-08-03,22.100000381469727,22.100000381469727,22.100000381469727,22.100000381469727,19.88629150390625,0
2017-08-04,22.100000381469727,22.100000381469727,22.100000381469727,22.100000381469727,19.88629150390625,0
2017-08-07,22.100000381469727,22.100000381469727,22.100000381469727,22.100000381469727,19.88629150390625,0
2017-08-08,22.100000381469727,22.100000381469727,22.100000381469727,22.100000381469727,19.88629150390625,0
2017-08-09,22.100000381469727,22.100000381469727,22.100000381469727,22.100000381469727,19.88629150390625,0
2017-08-10,22.100000381469727,22.100000381469727,22.100000381469727,22.100000381469727,19.920547485351562,0
2017-08-11,22.100000381469727,22.100000381469727,22.100000381469727,22.100000381469727,19.920547485351562,0
2017-08-14,22.100000381469727,22.100000381469727,22.100000381469727,22.100000381469727,19.920547485351562,0
2017-08-15,21.75,21.75,21.739999771118164,21.75,19.605058670043945,300
2017-08-16,21.739999771118164,21.739999771118164,21.739999771118164,21.739999771118164,19.59604835510254,200
2017-08-17,21.739999771118164,21.739999771118164,21.739999771118164,21.739999771118164,19.59604835510254,0
2017-08-18,21.739999771118164,21.739999771118164,21.739999771118164,21.739999771118164,19.59604835510254,0
2017-08-21,21.739999771118164,21.739999771118164,21.739999771118164,21.739999771118164,19.59604835510254,0
2017-08-22,21.739999771118164,21.739999771118164,21.739999771118164,21.739999771118164,19.59604835510254,0
2017-08-23,21.739999771118164,21.739999771118164,21.739999771118164,21.739999771118164,19.59604835510254,0
2017-08-24,21.739999771118164,21.739999771118164,21.739999771118164,21.739999771118164,19.59604835510254,0
2017-08-25,21.739999771118164,21.739999771118164,21.739999771118164,21.739999771118164,19.59604835510254,0
2017-08-28,21.739999771118164,21.739999771118164,21.739999771118164,21.739999771118164,19.59604835510254,0
2017-08-29,21.739999771118164,21.739999771118164,21.739999771118164,21.739999771118164,19.59604835510254,0
2017-08-30,21.729999542236328,21.780000686645508,21.729999542236328,21.780000686645508,19.63210678100586,3400
2017-08-31,21.780000686645508,21.780000686645508,21.780000686645508,21.780000686645508,19.63210678100586,0
2017-09-01,21.920000076293945,21.920000076293945,21.920000076293945,21.920000076293945,19.75829315185547,200
2017-09-05,21.920000076293945,21.920000076293945,21.920000076293945,21.920000076293945,19.75829315185547,0
2017-09-06,21.920000076293945,21.920000076293945,21.920000076293945,21.920000076293945,19.75829315185547,0
2017-09-07,21.920000076293945,21.920000076293945,21.920000076293945,21.920000076293945,19.75829315185547,0
2017-09-08,21.920000076293945,21.920000076293945,21.920000076293945,21.920000076293945,19.75829315185547,300
2017-09-11,21.920000076293945,21.920000076293945,21.920000076293945,21.920000076293945,19.75829315185547,0
2017-09-12,21.920000076293945,21.920000076293945,21.920000076293945,21.920000076293945,19.75829315185547,0
2017-09-13,21.920000076293945,21.920000076293945,21.920000076293945,21.920000076293945,19.792604446411133,0
2017-09-14,21.920000076293945,21.920000076293945,21.920000076293945,21.920000076293945,19.792604446411133,0
2017-09-15,21.809999465942383,21.809999465942383,21.780000686645508,21.780000686645508,19.66619300842285,400
2017-09-18,21.780000686645508,21.780000686645508,21.780000686645508,21.780000686645508,19.66619300842285,0
2017-09-19,21.780000686645508,21.81999969482422,21.770000457763672,21.81999969482422,19.702308654785156,1200
2017-09-20,21.81999969482422,21.81999969482422,21.81999969482422,21.81999969482422,19.702308654785156,0
2017-09-21,21.81999969482422,21.81999969482422,21.81999969482422,21.81999969482422,19.702308654785156,0
2017-09-22,21.81999969482422,21.81999969482422,21.81999969482422,21.81999969482422,19.702308654785156,0
2017-09-25,21.809999465942383,21.81999969482422,21.809999465942383,21.81999969482422,19.702308654785156,1500
2017-09-26,21.790000915527344,21.809999465942383,21.790000915527344,21.799999237060547,19.68425178527832,500
2017-09-27,22.020000457763672,22.020000457763672,22.0,22.0,19.86484718322754,1000
2017-09-28,22.0,22.100000381469727,22.0,22.100000381469727,19.955141067504883,400
2017-09-29,22.100000381469727,22.100000381469727,22.100000381469727,22.100000381469727,19.955141067504883,0
2017-10-02,22.100000381469727,22.100000381469727,22.100000381469727,22.100000381469727,19.955141067504883,0
2017-10-03,22.100000381469727,22.100000381469727,22.100000381469727,22.100000381469727,19.955141067504883,0
2017-10-04,22.100000381469727,22.100000381469727,22.100000381469727,22.100000381469727,19.955141067504883,0
2017-10-05,22.0,22.0,22.0,22.0,19.86484718322754,100
2017-10-06,22.0,22.0,22.0,22.0,19.86484718322754,0
2017-10-09,22.0,22.0,22.0,22.0,19.86484718322754,0
2017-10-10,22.0,22.0,22.0,22.0,19.86484718322754,0
2017-10-11,22.0,22.0,22.0,22.0,19.86484718322754,200
2017-10-12,21.959999084472656,21.959999084472656,21.770000457763672,21.84000015258789,19.75449562072754,1300
2017-10-13,21.84000015258789,21.84000015258789,21.799999237060547,21.799999237060547,19.71830940246582,200
2017-10-16,21.799999237060547,21.799999237060547,21.799999237060547,21.799999237060547,19.71830940246582,0
2017-10-17,21.799999237060547,21.799999237060547,21.799999237060547,21.799999237060547,19.71830940246582,0
2017-10-18,21.770000457763672,21.770000457763672,21.770000457763672,21.770000457763672,19.691173553466797,100
2017-10-19,21.899999618530273,21.899999618530273,21.899999618530273,21.899999618530273,19.808761596679688,200
2017-10-20,22.100000381469727,22.149999618530273,22.100000381469727,22.149999618530273,20.03489112854004,400
2017-10-23,22.149999618530273,22.149999618530273,22.149999618530273,22.149999618530273,20.03489112854004,0
2017-10-24,22.149999618530273,22.149999618530273,22.149999618530273,22.149999618530273,20.03489112854004,0
2017-10-25,21.780000686645508,21.780000686645508,21.780000686645508,21.780000686645508,19.700220108032227,100
2017-10-26,21.780000686645508,21.780000686645508,21.780000686645508,21.780000686645508,19.700220108032227,0
2017-10-27,21.770000457763672,22.0,21.770000457763672,22.0,19.899219512939453,300
2017-10-30,22.200000762939453,22.200000762939453,22.200000762939453,22.200000762939453,20.08011817932129,4000
2017-10-31,21.799999237060547,21.860000610351562,21.799999237060547,21.860000610351562,19.772579193115234,400
2017-11-01,21.860000610351562,21.860000610351562,21.860000610351562,21.860000610351562,19.772579193115234,0
2017-11-02,21.860000610351562,21.860000610351562,21.860000610351562,21.860000610351562,19.772579193115234,0
2017-11-03,21.860000610351562,21.860000610351562,21.860000610351562,21.860000610351562,19.772579193115234,0
2017-11-06,21.860000610351562,21.860000610351562,21.860000610351562,21.860000610351562,19.772579193115234,0
2017-11-07,21.860000610351562,21.860000610351562,21.860000610351562,21.860000610351562,19.772579193115234,0
2017-11-08,21.860000610351562,21.860000610351562,21.860000610351562,21.860000610351562,19.772579193115234,0
2017-11-09,21.860000610351562,21.860000610351562,21.860000610351562,21.860000610351562,19.772579193115234,0
2017-11-10,21.860000610351562,21.860000610351562,21.860000610351562,21.860000610351562,19.772579193115234,0
2017-11-13,21.860000610351562,21.860000610351562,21.860000610351562,21.860000610351562,19.807920455932617,0
2017-11-14,21.860000610351562,21.860000610351562,21.860000610351562,21.860000610351562,19.807920455932617,0
2017-11-15,21.860000610351562,21.860000610351562,21.860000610351562,21.860000610351562,19.807920455932617,0
2017-11-16,22.450000762939453,22.459999084472656,22.049999237060547,22.049999237060547,19.98008155822754,1400
2017-11-17,22.049999237060547,22.049999237060547,22.049999237060547,22.049999237060547,19.98008155822754,0
2017-11-20,22.049999237060547,22.049999237060547,22.049999237060547,22.049999237060547,19.98008155822754,0
2017-11-21,22.18000030517578,22.18000030517578,22.18000030517578,22.18000030517578,20.097883224487305,200
2017-11-22,22.18000030517578,22.18000030517578,22.18000030517578,22.18000030517578,20.097883224487305,0
2017-11-24,22.18000030517578,22.18000030517578,22.18000030517578,22.18000030517578,20.097883224487305,0
2017-11-27,22.18000030517578,22.18000030517578,22.18000030517578,22.18000030517578,20.097883224487305,0
2017-11-28,22.18000030517578,22.18000030517578,22.18000030517578,22.18000030517578,20.097883224487305,0
2017-11-29,22.18000030517578,22.18000030517578,22.18000030517578,22.18000030517578,20.097883224487305,0
2017-11-30,22.18000030517578,22.18000030517578,22.18000030517578,22.18000030517578,20.097883224487305,0
2017-12-01,22.18000030517578,22.18000030517578,22.18000030517578,22.18000030517578,20.097883224487305,0
2017-12-04,21.799999237060547,22.0,21.799999237060547,22.0,19.934778213500977,900
2017-12-05,22.3799991607666,22.3799991607666,22.350000381469727,22.350000381469727,20.251920700073242,200
2017-12-06,22.350000381469727,22.350000381469727,22.350000381469727,22.350000381469727,20.251920700073242,0
2017-12-07,22.350000381469727,22.350000381469727,22.350000381469727,22.350000381469727,20.251920700073242,0
2017-12-08,22.350000381469727,22.350000381469727,22.350000381469727,22.350000381469727,20.251920700073242,0
2017-12-11,22.350000381469727,22.350000381469727,22.350000381469727,22.350000381469727,20.251920700073242,0
2017-12-12,22.350000381469727,22.350000381469727,22.350000381469727,22.350000381469727,20.251920700073242,0
2017-12-13,22.350000381469727,22.350000381469727,22.350000381469727,22.350000381469727,20.288227081298828,0
2017-12-14,22.25,22.25,22.25,22.25,20.19745445251465,500
2017-12-15,22.25,22.25,22.25,22.25,20.19745445251465,0
2017-12-18,22.25,22.25,22.25,22.25,20.19745445251465,0
2017-12-19,22.059999465942383,22.5,22.059999465942383,22.25,20.19745445251465,4500
2017-12-20,22.200000762939453,22.200000762939453,22.200000762939453,22.200000762939453,20.152070999145508,100
2017-12-21,22.200000762939453,22.200000762939453,22.200000762939453,22.200000762939453,20.152070999145508,0
2017-12-22,22.389999389648438,22.5,22.389999389648438,22.5,20.424400329589844,200
2017-12-26,22.5,22.5,22.5,22.5,20.424400329589844,0
2017-12-27,22.25,22.25,22.25,22.25,20.19745445251465,100
2017-12-28,22.25,22.25,22.25,22.25,20.19745445251465,0
2017-12-29,22.25,22.25,22.25,22.25,20.19745445251465,0
2018-01-02,22.15999984741211,22.15999984741211,22.15999984741211,22.15999984741211,20.11575698852539,100
2018-01-03,22.43000030517578,22.43000030517578,22.43000030517578,22.43000030517578,20.360851287841797,200
2018-01-04,22.0,22.100000381469727,21.93000030517578,22.0,19.970516204833984,2700
2018-01-05,22.1299991607666,22.280000686645508,22.1299991607666,22.280000686645508,20.224685668945312,600
2018-01-08,22.270000457763672,22.270000457763672,22.270000457763672,22.270000457763672,20.215614318847656,100
2018-01-09,21.950000762939453,21.950000762939453,21.950000762939453,21.950000762939453,19.925128936767578,300
2018-01-10,21.950000762939453,21.950000762939453,21.950000762939453,21.950000762939453,19.925128936767578,0
2018-01-11,21.950000762939453,21.950000762939453,21.950000762939453,21.950000762939453,19.96515655517578,0
2018-01-12,21.950000762939453,21.950000762939453,21.950000762939453,21.950000762939453,19.96515655517578,0
2018-01-16,21.950000762939453,21.950000762939453,21.950000762939453,21.950000762939453,19.96515655517578,0
2018-01-17,21.950000762939453,21.950000762939453,21.950000762939453,21.950000762939453,19.96515655517578,0
2018-01-18,22.399999618530273,22.399999618530273,22.399999618530273,22.399999618530273,20.374462127685547,400
2018-01-19,22.5,22.5,22.5,22.5,20.46541976928711,1500
2018-01-22,22.5,22.5,22.5,22.5,20.46541976928711,0
2018-01-23,22.5,22.5,22.5,22.5,20.46541976928711,0
2018-01-24,22.5,22.5,22.5,22.5,20.46541976928711,0
2018-01-25,22.5,22.5,22.5,22.5,20.46541976928711,0
2018-01-26,22.5,22.5,22.5,22.5,20.46541976928711,0
2018-01-29,22.5,22.5,22.5,22.5,20.46541976928711,100
2018-01-30,22.1200008392334,22.1200008392334,22.020000457763672,22.020000457763672,20.028825759887695,1000
2018-01-31,22.020000457763672,22.020000457763672,22.020000457763672,22.020000457763672,20.028825759887695,0
2018-02-01,22.020000457763672,22.020000457763672,22.020000457763672,22.020000457763672,20.028825759887695,0
2018-02-02,22.350000381469727,22.399999618530273,22.350000381469727,22.350000381469727,20.328989028930664,2400
2018-02-05,22.350000381469727,22.350000381469727,22.350000381469727,22.350000381469727,20.328989028930664,0
2018-02-06,22.020000457763672,22.020000457763672,22.020000457763672,22.020000457763672,20.028825759887695,100
2018-02-07,22.020000457763672,22.020000457763672,22.020000457763672,22.020000457763672,20.028825759887695,0
2018-02-08,22.350000381469727,22.350000381469727,22.350000381469727,22.350000381469727,20.328989028930664,100
2018-02-09,22.350000381469727,22.350000381469727,22.200000762939453,22.200000762939453,20.192546844482422,1400
2018-02-12,22.200000762939453,22.200000762939453,22.09000015258789,22.09000015258789,20.092498779296875,500
2018-02-13,22.1299991607666,22.1299991607666,22.1299991607666,22.1299991607666,20.17088508605957,200
2018-02-14,22.200000762939453,22.200000762939453,22.200000762939453,22.200000762939453,20.23468589782715,1300
2018-02-15,22.020000457763672,22.030000686645508,21.899999618530273,21.989999771118164,20.04327392578125,2000
2018-02-16,21.989999771118164,21.989999771118164,21.989999771118164,21.989999771118164,20.04327392578125,0
2018-02-20,22.0,22.0,22.0,22.0,20.05238914489746,300
2018-02-21,22.34000015258789,22.34000015258789,22.0,22.0,20.05238914489746,600
2018-02-22,22.200000762939453,22.200000762939453,22.200000762939453,22.200000762939453,20.23468589782715,800
2018-02-23,22.200000762939453,22.200000762939453,22.200000762939453,22.200000762939453,20.23468589782715,0
2018-02-26,22.200000762939453,22.200000762939453,22.200000762939453,22.200000762939453,20.23468589782715,0
2018-02-27,22.200000762939453,22.200000762939453,22.200000762939453,22.200000762939453,20.23468589782715,0
2018-02-28,22.030000686645508,22.049999237060547,21.959999084472656,22.040000915527344,20.088850021362305,7500
2018-03-01,22.040000915527344,22.040000915527344,22.040000915527344,22.040000915527344,20.088850021362305,0
2018-03-02,22.040000915527344,22.040000915527344,22.040000915527344,22.040000915527344,20.088850021362305,0
2018-03-05,22.25,22.25,22.25,22.25,20.280258178710938,1100
2018-03-06,22.25,22.25,22.25,22.25,20.280258178710938,400
2018-03-07,22.350000381469727,22.350000381469727,22.350000381469727,22.350000381469727,20.37140655517578,1000
2018-03-08,22.350000381469727,22.350000381469727,22.350000381469727,22.350000381469727,20.37140655517578,0
2018-03-09,22.350000381469727,22.350000381469727,22.350000381469727,22.350000381469727,20.37140655517578,0
2018-03-12,22.350000381469727,22.350000381469727,22.350000381469727,22.350000381469727,20.37140655517578,0
2018-03-13,22.350000381469727,22.350000381469727,22.350000381469727,22.350000381469727,20.416166305541992,0
2018-03-14,22.350000381469727,22.350000381469727,22.350000381469727,22.350000381469727,20.416166305541992,0
2018-03-15,22.350000381469727,22.350000381469727,22.350000381469727,22.350000381469727,20.416166305541992,0
2018-03-16,22.350000381469727,22.350000381469727,22.350000381469727,22.350000381469727,20.416166305541992,0
2018-03-19,22.350000381469727,22.350000381469727,22.350000381469727,22.350000381469727,20.416166305541992,0
2018-03-20,22.309999465942383,22.309999465942383,22.309999465942383,22.309999465942383,20.379621505737305,200
2018-03-21,22.350000381469727,22.5,22.350000381469727,22.5,20.553186416625977,3100
2018-03-22,22.290000915527344,22.290000915527344,22.290000915527344,22.290000915527344,20.361360549926758,300
2018-03-23,22.049999237060547,22.049999237060547,22.049999237060547,22.049999237060547,20.142122268676758,300
2018-03-26,22.079999923706055,22.079999923706055,22.059999465942383,22.059999465942383,20.151260375976562,300
2018-03-27,22.059999465942383,22.059999465942383,22.059999465942383,22.059999465942383,20.151260375976562,0
2018-03-28,22.059999465942383,22.059999465942383,22.059999465942383,22.059999465942383,20.151260375976562,0
2018-03-29,22.059999465942383,22.059999465942383,22.059999465942383,22.059999465942383,20.151260375976562,0
2018-04-02,22.489999771118164,22.489999771118164,22.489999771118164,22.489999771118164,20.54404640197754,200
2018-04-03,22.489999771118164,22.489999771118164,22.489999771118164,22.489999771118164,20.54404640197754,0
2018-04-04,22.489999771118164,22.489999771118164,22.489999771118164,22.489999771118164,20.54404640197754,0
2018-04-05,22.489999771118164,22.489999771118164,22.489999771118164,22.489999771118164,20.54404640197754,0
2018-04-06,22.489999771118164,22.489999771118164,22.489999771118164,22.489999771118164,20.54404640197754,0
2018-04-09,22.489999771118164,22.489999771118164,22.489999771118164,22.489999771118164,20.54404640197754,0
2018-04-10,22.489999771118164,22.489999771118164,22.489999771118164,22.489999771118164,20.54404640197754,0
2018-04-11,22.489999771118164,22.489999771118164,22.489999771118164,22.489999771118164,20.54404640197754,0
2018-04-12,22.489999771118164,22.489999771118164,22.489999771118164,22.489999771118164,20.594409942626953,0
2018-04-13,22.489999771118164,22.489999771118164,22.489999771118164,22.489999771118164,20.594409942626953,0
2018-04-16,22.489999771118164,22.489999771118164,22.489999771118164,22.489999771118164,20.594409942626953,0
2018-04-17,22.489999771118164,22.489999771118164,22.489999771118164,22.489999771118164,20.594409942626953,0
2018-04-18,22.489999771118164,22.489999771118164,22.489999771118164,22.489999771118164,20.594409942626953,0
2018-04-19,22.489999771118164,22.489999771118164,22.489999771118164,22.489999771118164,20.594409942626953,0
2018-04-20,22.489999771118164,22.489999771118164,22.489999771118164,22.489999771118164,20.594409942626953,0
2018-04-23,22.489999771118164,22.489999771118164,22.489999771118164,22.489999771118164,20.594409942626953,0
2018-04-24,22.8700008392334,22.8700008392334,22.149999618530273,22.149999618530273,20.2830753326416,5500
2018-04-25,22.149999618530273,22.149999618530273,22.149999618530273,22.149999618530273,20.2830753326416,0
2018-04-26,22.149999618530273,22.149999618530273,22.149999618530273,22.149999618530273,20.2830753326416,0
2018-04-27,22.149999618530273,22.149999618530273,22.149999618530273,22.149999618530273,20.2830753326416,0
2018-04-30,22.8700008392334,22.8700008392334,22.15999984741211,22.15999984741211,20.2922306060791,4600
2018-05-01,22.600000381469727,22.899999618530273,22.600000381469727,22.8799991607666,20.951539993286133,5600
2018-05-02,22.6299991607666,22.6299991607666,22.610000610351562,22.610000610351562,20.704299926757812,1100
2018-05-03,22.610000610351562,22.610000610351562,22.610000610351562,22.610000610351562,20.704299926757812,0
2018-05-04,22.850000381469727,22.850000381469727,22.549999237060547,22.549999237060547,20.64936065673828,200
2018-05-07,22.899999618530273,22.899999618530273,22.899999618530273,22.899999618530273,20.96985626220703,700
2018-05-08,22.899999618530273,22.899999618530273,22.899999618530273,22.899999618530273,20.96985626220703,900
2018-05-09,22.899999618530273,22.899999618530273,22.899999618530273,22.899999618530273,20.96985626220703,100
2018-05-10,22.899999618530273,22.899999618530273,22.899999618530273,22.899999618530273,20.96985626220703,0
2018-05-11,22.899999618530273,22.899999618530273,22.899999618530273,22.899999618530273,21.024024963378906,0
2018-05-14,22.899999618530273,22.899999618530273,22.899999618530273,22.899999618530273,21.024024963378906,100
2018-05-15,22.899999618530273,22.899999618530273,22.899999618530273,22.899999618530273,21.024024963378906,200
2018-05-16,22.899999618530273,22.899999618530273,22.899999618530273,22.899999618530273,21.024024963378906,0
2018-05-17,22.559999465942383,22.799999237060547,22.559999465942383,22.799999237060547,20.932220458984375,200
2018-05-18,22.799999237060547,22.799999237060547,22.799999237060547,22.799999237060547,20.932220458984375,0
2018-05-21,22.899999618530273,22.899999618530273,22.899999618530273,22.899999618530273,21.024024963378906,100
2018-05-22,22.899999618530273,22.899999618530273,22.899999618530273,22.899999618530273,21.024024963378906,0
2018-05-23,22.899999618530273,22.899999618530273,22.899999618530273,22.899999618530273,21.024024963378906,0
2018-05-24,22.899999618530273,22.899999618530273,22.899999618530273,22.899999618530273,21.024024963378906,0
2018-05-25,22.899999618530273,22.899999618530273,22.899999618530273,22.899999618530273,21.024024963378906,0
2018-05-29,22.899999618530273,22.899999618530273,22.790000915527344,22.790000915527344,20.92304039001465,2200
2018-05-30,22.790000915527344,22.790000915527344,22.790000915527344,22.790000915527344,20.92304039001465,0
2018-05-31,22.790000915527344,22.790000915527344,22.790000915527344,22.790000915527344,20.92304039001465,0
2018-06-01,22.790000915527344,22.790000915527344,22.790000915527344,22.790000915527344,20.92304039001465,0
2018-06-04,22.899999618530273,22.989999771118164,22.899999618530273,22.989999771118164,21.106653213500977,1100
2018-06-05,23.1200008392334,23.1200008392334,23.1200008392334,23.1200008392334,21.226001739501953,100
2018-06-06,23.1200008392334,23.1200008392334,23.1200008392334,23.1200008392334,21.226001739501953,0
2018-06-07,23.06999969482422,23.170000076293945,23.030000686645508,23.170000076293945,21.27190589904785,3500
2018-06-08,23.170000076293945,23.170000076293945,23.170000076293945,23.170000076293945,21.27190589904785,0
2018-06-11,23.170000076293945,23.170000076293945,23.170000076293945,23.170000076293945,21.27190589904785,0
2018-06-12,23.170000076293945,23.170000076293945,23.170000076293945,23.170000076293945,21.27190589904785,0
2018-06-13,23.170000076293945,23.170000076293945,23.170000076293945,23.170000076293945,21.326208114624023,0
2018-06-14,23.170000076293945,23.170000076293945,23.170000076293945,23.170000076293945,21.326208114624023,0
2018-06-15,23.149999618530273,23.149999618530273,23.149999618530273,23.149999618530273,21.30780601501465,100
2018-06-18,23.149999618530273,23.149999618530273,23.149999618530273,23.149999618530273,21.30780601501465,0
2018-06-19,23.149999618530273,23.149999618530273,23.149999618530273,23.149999618530273,21.30780601501465,0
2018-06-20,23.139999389648438,23.170000076293945,22.950000762939453,23.15999984741211,21.317007064819336,2500
2018-06-21,22.68000030517578,22.729999542236328,22.68000030517578,22.729999542236328,20.921228408813477,600
2018-06-22,22.729999542236328,22.729999542236328,22.729999542236328,22.729999542236328,20.921228408813477,0
2018-06-25,22.639999389648438,23.010000228881836,22.600000381469727,23.010000228881836,21.17894172668457,1800
2018-06-26,23.010000228881836,23.010000228881836,23.010000228881836,23.010000228881836,21.17894172668457,0
2018-06-27,23.010000228881836,23.010000228881836,23.010000228881836,23.010000228881836,21.17894172668457,0
2018-06-28,23.010000228881836,23.010000228881836,23.010000228881836,23.010000228881836,21.17894172668457,0
2018-06-29,23.010000228881836,23.010000228881836,23.010000228881836,23.010000228881836,21.17894172668457,0
2018-07-02,22.90999984741211,22.90999984741211,22.90999984741211,22.90999984741211,21.08690643310547,100
2018-07-03,22.90999984741211,22.90999984741211,22.90999984741211,22.90999984741211,21.08690643310547,0
2018-07-05,22.90999984741211,22.90999984741211,22.90999984741211,22.90999984741211,21.08690643310547,0
2018-07-06,23.0,23.0,22.950000762939453,22.950000762939453,21.123720169067383,600
2018-07-09,22.950000762939453,22.950000762939453,22.950000762939453,22.950000762939453,21.123720169067383,0
2018-07-10,22.950000762939453,22.950000762939453,22.950000762939453,22.950000762939453,21.123720169067383,0
2018-07-11,22.950000762939453,22.950000762939453,22.950000762939453,22.950000762939453,21.123720169067383,0
2018-07-12,22.93000030517578,22.93000030517578,22.65999984741211,22.68000030517578,20.92900848388672,900
2018-07-13,22.68000030517578,22.68000030517578,22.68000030517578,22.68000030517578,20.92900848388672,0
2018-07-16,23.360000610351562,23.360000610351562,23.360000610351562,23.360000610351562,21.556507110595703,100
2018-07-17,22.889999389648438,22.940000534057617,22.649999618530273,22.649999618530273,20.901325225830078,900
2018-07-18,22.649999618530273,22.649999618530273,22.649999618530273,22.649999618530273,20.901325225830078,0
2018-07-19,22.690000534057617,22.700000762939453,22.690000534057617,22.700000762939453,20.947465896606445,1100
2018-07-20,22.700000762939453,22.700000762939453,22.700000762939453,22.700000762939453,20.947465896606445,0
2018-07-23,23.0,23.0,23.0,23.0,21.224302291870117,200
2018-07-24,23.0,23.0,23.0,23.0,21.224302291870117,0
2018-07-25,23.0,23.170000076293945,22.6299991607666,22.6299991607666,20.882869720458984,300
2018-07-26,22.6299991607666,22.6299991607666,22.6299991607666,22.6299991607666,20.882869720458984,0
2018-07-27,22.600000381469727,22.700000762939453,22.600000381469727,22.700000762939453,20.947465896606445,300
2018-07-30,22.700000762939453,22.700000762939453,22.700000762939453,22.700000762939453,20.947465896606445,0
2018-07-31,22.700000762939453,22.700000762939453,22.700000762939453,22.700000762939453,20.947465896606445,0
2018-08-01,22.700000762939453,22.700000762939453,22.700000762939453,22.700000762939453,20.947465896606445,0
2018-08-02,22.610000610351562,22.799999237060547,22.610000610351562,22.799999237060547,21.039737701416016,400
2018-08-03,22.649999618530273,22.649999618530273,22.649999618530273,22.649999618530273,20.901325225830078,100
2018-08-06,22.850000381469727,22.850000381469727,22.850000381469727,22.850000381469727,21.08588218688965,700
2018-08-07,22.600000381469727,22.600000381469727,22.600000381469727,22.600000381469727,20.85518455505371,200
2018-08-08,22.600000381469727,22.600000381469727,22.600000381469727,22.600000381469727,20.85518455505371,0
2018-08-09,22.600000381469727,22.600000381469727,22.600000381469727,22.600000381469727,20.85518455505371,0
2018-08-10,22.600000381469727,22.600000381469727,22.600000381469727,22.600000381469727,20.85518455505371,0
2018-08-13,22.600000381469727,22.600000381469727,22.600000381469727,22.600000381469727,20.909774780273438,0
2018-08-14,22.600000381469727,22.600000381469727,22.600000381469727,22.600000381469727,20.909774780273438,0
2018-08-15,23.34000015258789,23.34000015258789,23.34000015258789,23.34000015258789,21.594430923461914,100
2018-08-16,22.770000457763672,22.8700008392334,22.690000534057617,22.799999237060547,21.094816207885742,1600
2018-08-17,22.690000534057617,23.079999923706055,22.690000534057617,23.079999923706055,21.35387420654297,1700
2018-08-20,23.079999923706055,23.079999923706055,23.079999923706055,23.079999923706055,21.35387420654297,0
2018-08-21,22.799999237060547,22.799999237060547,22.780000686645508,22.780000686645508,21.07630729675293,1400
2018-08-22,22.889999389648438,22.899999618530273,22.84000015258789,22.899999618530273,21.187334060668945,7200
2018-08-23,22.75,22.75,22.75,22.75,21.048553466796875,500
2018-08-24,22.75,22.75,22.75,22.75,21.048553466796875,0
2018-08-27,22.75,22.75,22.75,22.75,21.048553466796875,0
2018-08-28,23.149999618530273,23.34000015258789,23.149999618530273,23.34000015258789,21.594430923461914,400
2018-08-29,23.34000015258789,23.34000015258789,23.34000015258789,23.34000015258789,21.594430923461914,0
2018-08-30,23.34000015258789,23.34000015258789,23.34000015258789,23.34000015258789,21.594430923461914,0
2018-08-31,23.34000015258789,23.34000015258789,23.34000015258789,23.34000015258789,21.594430923461914,0
2018-09-04,23.34000015258789,23.34000015258789,23.34000015258789,23.34000015258789,21.594430923461914,0
2018-09-05,23.34000015258789,23.34000015258789,23.34000015258789,23.34000015258789,21.594430923461914,0
2018-09-06,23.34000015258789,23.34000015258789,23.34000015258789,23.34000015258789,21.594430923461914,0
2018-09-07,23.34000015258789,23.34000015258789,23.34000015258789,23.34000015258789,21.594430923461914,0
2018-09-10,23.34000015258789,23.34000015258789,23.34000015258789,23.34000015258789,21.594430923461914,0
2018-09-11,23.34000015258789,23.34000015258789,23.34000015258789,23.34000015258789,21.594430923461914,100
2018-09-12,23.34000015258789,23.34000015258789,23.34000015258789,23.34000015258789,21.594430923461914,0
2018-09-13,23.34000015258789,23.34000015258789,23.34000015258789,23.34000015258789,21.649154663085938,0
2018-09-14,23.3700008392334,23.3700008392334,23.3700008392334,23.3700008392334,21.676979064941406,900
2018-09-17,23.299999237060547,23.479999542236328,23.219999313354492,23.469999313354492,21.769739151000977,2300
2018-09-18,23.420000076293945,23.489999771118164,23.420000076293945,23.489999771118164,21.78828239440918,2400
2018-09-19,23.489999771118164,23.489999771118164,23.489999771118164,23.489999771118164,21.78828239440918,100
2018-09-20,23.489999771118164,23.489999771118164,23.299999237060547,23.299999237060547,21.612049102783203,400
2018-09-21,23.489999771118164,23.489999771118164,23.489999771118164,23.489999771118164,21.78828239440918,200
2018-09-24,23.25,23.3700008392334,23.25,23.25,21.565673828125,1800
2018-09-25,23.25,23.25,23.25,23.25,21.565673828125,200
2018-09-26,23.489999771118164,23.489999771118164,23.40999984741211,23.40999984741211,21.71408462524414,1800
2018-09-27,23.420000076293945,23.420000076293945,23.420000076293945,23.420000076293945,21.723356246948242,100
2018-09-28,23.489999771118164,23.489999771118164,23.489999771118164,23.489999771118164,21.78828239440918,300
2018-10-01,23.489999771118164,23.489999771118164,23.219999313354492,23.219999313354492,21.5378475189209,1200
2018-10-02,23.010000228881836,23.489999771118164,23.010000228881836,23.489999771118164,21.78828239440918,300
2018-10-03,23.489999771118164,23.489999771118164,23.489999771118164,23.489999771118164,21.78828239440918,0
2018-10-04,23.489999771118164,23.489999771118164,23.489999771118164,23.489999771118164,21.78828239440918,0
2018-10-05,23.489999771118164,23.489999771118164,23.489999771118164,23.489999771118164,21.78828239440918,100
2018-10-08,23.489999771118164,23.489999771118164,23.489999771118164,23.489999771118164,21.78828239440918,100
2018-10-09,23.489999771118164,23.489999771118164,23.489999771118164,23.489999771118164,21.78828239440918,0
2018-10-10,23.06999969482422,23.06999969482422,23.06999969482422,23.06999969482422,21.398712158203125,100
2018-10-11,23.06999969482422,23.06999969482422,23.06999969482422,23.06999969482422,21.45357894897461,0
2018-10-12,23.030000686645508,23.030000686645508,23.030000686645508,23.030000686645508,21.416379928588867,100
2018-10-15,23.030000686645508,23.030000686645508,23.030000686645508,23.030000686645508,21.416379928588867,0
2018-10-16,23.270000457763672,23.270000457763672,23.270000457763672,23.270000457763672,21.639570236206055,400
2018-10-17,23.030000686645508,23.030000686645508,23.030000686645508,23.030000686645508,21.416379928588867,100
2018-10-18,23.030000686645508,23.030000686645508,23.030000686645508,23.030000686645508,21.416379928588867,0
2018-10-19,23.030000686645508,23.030000686645508,22.799999237060547,22.809999465942383,21.2117977142334,2800
2018-10-22,22.639999389648438,23.0,22.639999389648438,23.0,21.38848114013672,1400
2018-10-23,22.649999618530273,22.93000030517578,22.649999618530273,22.93000030517578,21.323389053344727,1900
2018-10-24,22.93000030517578,22.93000030517578,22.93000030517578,22.93000030517578,21.323389053344727,600
2018-10-25,22.93000030517578,22.93000030517578,22.93000030517578,22.93000030517578,21.323389053344727,0
2018-10-26,22.889999389648438,22.889999389648438,22.889999389648438,22.889999389648438,21.286191940307617,100
2018-10-29,22.799999237060547,22.799999237060547,22.799999237060547,22.799999237060547,21.202497482299805,300
2018-10-30,22.799999237060547,22.799999237060547,22.799999237060547,22.799999237060547,21.202497482299805,100
2018-10-31,22.799999237060547,22.799999237060547,22.799999237060547,22.799999237060547,21.202497482299805,0
2018-11-01,22.799999237060547,22.799999237060547,22.799999237060547,22.799999237060547,21.202497482299805,0
2018-11-02,22.799999237060547,22.799999237060547,22.799999237060547,22.799999237060547,21.202497482299805,0
2018-11-05,22.690000534057617,22.75,22.68000030517578,22.75,21.156003952026367,600
2018-11-06,22.75,22.75,22.75,22.75,21.156003952026367,100
2018-11-07,22.75,22.75,22.75,22.75,21.156003952026367,0
2018-11-08,22.75,22.75,22.75,22.75,21.156003952026367,500
2018-11-09,22.670000076293945,22.670000076293945,22.670000076293945,22.670000076293945,21.081605911254883,100
2018-11-12,22.670000076293945,22.670000076293945,22.670000076293945,22.670000076293945,21.081605911254883,600
2018-11-13,22.670000076293945,22.670000076293945,22.670000076293945,22.670000076293945,21.138484954833984,0
2018-11-14,22.670000076293945,22.670000076293945,22.670000076293945,22.670000076293945,21.138484954833984,0
2018-11-15,22.670000076293945,22.670000076293945,22.610000610351562,22.610000610351562,21.082536697387695,100
2018-11-16,22.670000076293945,22.670000076293945,22.670000076293945,22.670000076293945,21.138484954833984,200
2018-11-19,22.670000076293945,22.780000686645508,22.670000076293945,22.780000686645508,21.24105453491211,300
2018-11-20,23.139999389648438,23.139999389648438,23.139999389648438,23.139999389648438,21.576738357543945,200
2018-11-21,23.139999389648438,23.139999389648438,23.139999389648438,23.139999389648438,21.576738357543945,0
2018-11-23,23.139999389648438,23.139999389648438,23.139999389648438,23.139999389648438,21.576738357543945,0
2018-11-26,23.139999389648438,23.139999389648438,23.139999389648438,23.139999389648438,21.576738357543945,0
2018-11-27,22.670000076293945,22.670000076293945,22.670000076293945,22.670000076293945,21.138484954833984,1200
2018-11-28,22.670000076293945,22.670000076293945,22.670000076293945,22.670000076293945,21.138484954833984,0
2018-11-29,22.670000076293945,22.670000076293945,22.670000076293945,22.670000076293945,21.138484954833984,1000
2018-11-30,22.670000076293945,22.670000076293945,22.670000076293945,22.670000076293945,21.138484954833984,0
2018-12-03,22.690000534057617,22.690000534057617,22.670000076293945,22.690000534057617,21.15713882446289,400
2018-12-04,22.670000076293945,22.670000076293945,22.670000076293945,22.670000076293945,21.138484954833984,100
2018-12-06,22.670000076293945,22.670000076293945,22.670000076293945,22.670000076293945,21.138484954833984,0
2018-12-07,22.600000381469727,22.600000381469727,22.600000381469727,22.600000381469727,21.07321548461914,1000
2018-12-10,22.559999465942383,22.579999923706055,22.559999465942383,22.579999923706055,21.054563522338867,300
2018-12-11,22.579999923706055,22.579999923706055,22.579999923706055,22.579999923706055,21.054563522338867,0
2018-12-12,22.559999465942383,22.579999923706055,22.559999465942383,22.579999923706055,21.054563522338867,800
2018-12-13,22.579999923706055,22.579999923706055,22.579999923706055,22.579999923706055,21.115352630615234,0
2018-12-14,22.579999923706055,22.579999923706055,22.579999923706055,22.579999923706055,21.115352630615234,0
2018-12-17,22.559999465942383,22.84000015258789,22.559999465942383,22.559999465942383,21.096643447875977,2900
2018-12-18,22.559999465942383,22.639999389648438,22.559999465942383,22.559999465942383,21.096643447875977,1100
2018-12-19,22.559999465942383,22.559999465942383,22.559999465942383,22.559999465942383,21.096643447875977,0
2018-12-20,22.559999465942383,22.559999465942383,22.559999465942383,22.559999465942383,21.096643447875977,200
2018-12-21,22.559999465942383,22.559999465942383,22.559999465942383,22.559999465942383,21.096643447875977,200
2018-12-24,22.559999465942383,22.559999465942383,22.559999465942383,22.559999465942383,21.096643447875977,0
2018-12-26,22.559999465942383,22.559999465942383,22.559999465942383,22.559999465942383,21.096643447875977,0
2018-12-27,22.559999465942383,22.559999465942383,22.559999465942383,22.559999465942383,21.096643447875977,100
2018-12-28,22.559999465942383,22.559999465942383,22.559999465942383,22.559999465942383,21.096643447875977,0
2018-12-31,22.559999465942383,22.559999465942383,22.559999465942383,22.559999465942383,21.096643447875977,0
2019-01-02,22.559999465942383,22.559999465942383,22.559999465942383,22.559999465942383,21.096643447875977,100
2019-01-03,22.559999465942383,22.579999923706055,22.559999465942383,22.579999923706055,21.115352630615234,1200
2019-01-04,22.65999984741211,22.65999984741211,22.65999984741211,22.65999984741211,21.190160751342773,100
2019-01-07,22.579999923706055,22.579999923706055,22.559999465942383,22.559999465942383,21.096643447875977,2400
2019-01-08,22.559999465942383,22.559999465942383,22.559999465942383,22.559999465942383,21.096643447875977,300
2019-01-09,22.559999465942383,22.559999465942383,22.559999465942383,22.559999465942383,21.096643447875977,0
2019-01-10,22.559999465942383,22.559999465942383,22.559999465942383,22.559999465942383,21.096643447875977,100
2019-01-11,22.559999465942383,22.559999465942383,22.549999237060547,22.549999237060547,21.15199089050293,1100
2019-01-14,22.549999237060547,22.549999237060547,22.549999237060547,22.549999237060547,21.15199089050293,0
2019-01-15,22.559999465942383,22.559999465942383,22.559999465942383,22.559999465942383,21.16136932373047,100
2019-01-16,22.559999465942383,22.559999465942383,22.559999465942383,22.559999465942383,21.16136932373047,100
2019-01-17,22.559999465942383,22.559999465942383,22.559999465942383,22.559999465942383,21.16136932373047,100
2019-01-18,22.559999465942383,22.559999465942383,22.559999465942383,22.559999465942383,21.16136932373047,100
2019-01-22,22.899999618530273,22.899999618530273,22.899999618530273,22.899999618530273,21.480289459228516,100
2019-01-23,22.899999618530273,22.899999618530273,22.899999618530273,22.899999618530273,21.480289459228516,0
2019-01-24,22.899999618530273,22.899999618530273,22.899999618530273,22.899999618530273,21.480289459228516,0
2019-01-25,22.899999618530273,22.899999618530273,22.899999618530273,22.899999618530273,21.480289459228516,0
2019-01-28,22.899999618530273,22.899999618530273,22.899999618530273,22.899999618530273,21.480289459228516,0
2019-01-29,22.899999618530273,22.899999618530273,22.899999618530273,22.899999618530273,21.480289459228516,0
2019-01-30,23.0,23.0,23.0,23.0,21.574092864990234,100
2019-01-31,23.0,23.0,23.0,23.0,21.574092864990234,0
2019-02-01,23.0,23.0,23.0,23.0,21.574092864990234,1300
2019-02-04,23.0,23.0,23.0,23.0,21.574092864990234,0
2019-02-05,23.0,23.0,23.0,23.0,21.574092864990234,0
2019-02-06,23.059999465942383,23.100000381469727,23.049999237060547,23.100000381469727,21.667892456054688,6200
2019-02-07,23.299999237060547,23.299999237060547,23.030000686645508,23.149999618530273,21.71479034423828,5000
2019-02-08,23.020000457763672,23.270000457763672,23.020000457763672,23.270000457763672,21.827348709106445,1800
2019-02-11,23.299999237060547,23.299999237060547,23.299999237060547,23.299999237060547,21.85549545288086,200
2019-02-12,23.299999237060547,23.299999237060547,23.299999237060547,23.299999237060547,21.85549545288086,0
2019-02-13,23.280000686645508,23.299999237060547,23.190000534057617,23.190000534057617,21.81597900390625,1900
2019-02-14,23.0,23.0,23.0,23.0,21.637243270874023,1200
2019-02-15,23.100000381469727,23.31999969482422,23.0,23.06999969482422,21.70309066772461,1800
2019-02-19,23.149999618530273,23.149999618530273,23.149999618530273,23.149999618530273,21.778350830078125,200
2019-02-20,23.149999618530273,23.229999542236328,23.149999618530273,23.229999542236328,21.85361099243164,700
2019-02-21,23.350000381469727,23.350000381469727,23.350000381469727,23.350000381469727,21.966506958007812,500
2019-02-22,23.049999237060547,23.049999237060547,23.049999237060547,23.049999237060547,21.68427276611328,200
2019-02-25,23.049999237060547,23.049999237060547,23.049999237060547,23.049999237060547,21.68427276611328,0
2019-02-26,23.049999237060547,23.049999237060547,23.049999237060547,23.049999237060547,21.68427276611328,0
2019-02-27,23.049999237060547,23.049999237060547,23.049999237060547,23.049999237060547,21.68427276611328,0
2019-02-28,23.049999237060547,23.049999237060547,23.049999237060547,23.049999237060547,21.68427276611328,0
2019-03-01,23.049999237060547,23.049999237060547,23.049999237060547,23.049999237060547,21.68427276611328,100
2019-03-04,23.049999237060547,23.049999237060547,23.049999237060547,23.049999237060547,21.68427276611328,0
2019-03-05,23.049999237060547,23.049999237060547,23.049999237060547,23.049999237060547,21.68427276611328,500
2019-03-06,23.049999237060547,23.329999923706055,23.049999237060547,23.329999923706055,21.94768714904785,3200
2019-03-07,23.18000030517578,23.190000534057617,23.149999618530273,23.149999618530273,21.778350830078125,8400
2019-03-08,23.229999542236328,23.229999542236328,23.229999542236328,23.229999542236328,21.85361099243164,100
2019-03-11,23.309999465942383,23.5,23.25,23.5,22.107614517211914,2100
2019-03-12,23.100000381469727,23.389999389648438,23.100000381469727,23.389999389648438,22.00412940979004,500
2019-03-13,23.299999237060547,23.5,23.299999237060547,23.299999237060547,22.55890464782715,2900
2019-03-14,23.3799991607666,23.399999618530273,23.299999237060547,23.350000381469727,22.607318878173828,3500
2019-03-15,23.5,23.5,23.030000686645508,23.219999313354492,22.48145294189453,5700
2019-03-18,23.350000381469727,23.350000381469727,23.049999237060547,23.049999237060547,22.316858291625977,400
2019-03-19,23.049999237060547,23.31999969482422,23.049999237060547,23.31999969482422,22.578271865844727,400
2019-03-20,23.06999969482422,23.079999923706055,23.059999465942383,23.059999465942383,22.3265380859375,700
2019-03-21,23.079999923706055,23.229999542236328,23.079999923706055,23.170000076293945,22.433042526245117,400
2019-03-22,23.079999923706055,23.31999969482422,23.030000686645508,23.079999923706055,22.345901489257812,4800
2019-03-25,23.030000686645508,23.479999542236328,23.030000686645508,23.200000762939453,22.462087631225586,4500
2019-03-26,23.209999084472656,23.399999618530273,23.030000686645508,23.399999618530273,22.65572738647461,800
2019-03-27,23.030000686645508,23.030000686645508,23.030000686645508,23.030000686645508,22.297494888305664,500
2019-03-28,23.229999542236328,23.229999542236328,23.229999542236328,23.229999542236328,22.491134643554688,400
2019-03-29,23.059999465942383,23.190000534057617,23.030000686645508,23.190000534057617,22.452404022216797,1600
2019-04-01,23.18000030517578,23.18000030517578,23.030000686645508,23.09000015258789,22.3555850982666,800
2019-04-02,23.079999923706055,23.079999923706055,23.049999237060547,23.049999237060547,22.316858291625977,1100
2019-04-03,23.049999237060547,23.049999237060547,23.049999237060547,23.049999237060547,22.316858291625977,0
2019-04-04,23.049999237060547,23.049999237060547,23.049999237060547,23.049999237060547,22.316858291625977,0
2019-04-05,23.049999237060547,23.049999237060547,23.049999237060547,23.049999237060547,22.316858291625977,0
2019-04-08,23.100000381469727,23.100000381469727,23.100000381469727,23.100000381469727,22.365264892578125,100
2019-04-09,23.09000015258789,23.09000015258789,23.09000015258789,23.09000015258789,22.3555850982666,400
2019-04-10,23.010000228881836,23.110000610351562,23.010000228881836,23.110000610351562,22.374954223632812,3000
2019-04-11,23.010000228881836,23.010000228881836,23.010000228881836,23.010000228881836,22.340970993041992,700
2019-04-12,23.010000228881836,23.010000228881836,23.010000228881836,23.010000228881836,22.340970993041992,0
2019-04-15,23.100000381469727,23.100000381469727,23.100000381469727,23.100000381469727,22.4283447265625,200
2019-04-16,23.010000228881836,23.040000915527344,23.010000228881836,23.010000228881836,22.340970993041992,1400
2019-04-17,23.010000228881836,23.010000228881836,23.010000228881836,23.010000228881836,22.340970993041992,200
2019-04-18,23.010000228881836,23.049999237060547,23.010000228881836,23.049999237060547,22.379806518554688,1600
2019-04-22,23.049999237060547,23.049999237060547,23.049999237060547,23.049999237060547,22.379806518554688,0
2019-04-23,23.040000915527344,23.100000381469727,23.010000228881836,23.100000381469727,22.4283447265625,5300
2019-04-24,23.100000381469727,23.100000381469727,23.06999969482422,23.06999969482422,22.39922523498535,800
2019-04-25,23.06999969482422,23.06999969482422,23.06999969482422,23.06999969482422,22.39922523498535,0
2019-04-26,23.079999923706055,23.079999923706055,23.079999923706055,23.079999923706055,22.4089298248291,1300
2019-04-29,23.079999923706055,23.079999923706055,23.079999923706055,23.079999923706055,22.4089298248291,100
2019-04-30,23.030000686645508,23.030000686645508,23.030000686645508,23.030000686645508,22.36038589477539,1000
2019-05-01,23.030000686645508,23.030000686645508,23.030000686645508,23.030000686645508,22.36038589477539,0
2019-05-02,23.030000686645508,23.030000686645508,23.030000686645508,23.030000686645508,22.36038589477539,0
2019-05-03,23.030000686645508,23.030000686645508,23.030000686645508,23.030000686645508,22.36038589477539,0
2019-05-06,23.030000686645508,23.030000686645508,23.030000686645508,23.030000686645508,22.36038589477539,0
2019-05-07,23.030000686645508,23.030000686645508,23.030000686645508,23.030000686645508,22.36038589477539,0
2019-05-08,23.110000610351562,23.110000610351562,23.110000610351562,23.110000610351562,22.438064575195312,300
2019-05-09,23.110000610351562,23.110000610351562,23.110000610351562,23.110000610351562,22.438064575195312,0
2019-05-10,23.020000457763672,23.020000457763672,23.020000457763672,23.020000457763672,22.350677490234375,2000
2019-05-13,23.020000457763672,23.110000610351562,23.020000457763672,23.110000610351562,22.50160026550293,300
2019-05-14,23.110000610351562,23.1200008392334,23.110000610351562,23.1200008392334,22.511333465576172,1000
2019-05-15,23.1200008392334,23.1200008392334,23.059999465942383,23.059999465942383,22.452909469604492,700
2019-05-16,23.020000457763672,23.049999237060547,23.020000457763672,23.020000457763672,22.413965225219727,1900
2019-05-17,23.040000915527344,23.040000915527344,23.020000457763672,23.040000915527344,22.433439254760742,1800
2019-05-20,23.040000915527344,23.040000915527344,23.040000915527344,23.040000915527344,22.433439254760742,0
2019-05-21,23.040000915527344,23.040000915527344,23.040000915527344,23.040000915527344,22.433439254760742,0
2019-05-22,23.049999237060547,23.049999237060547,23.049999237060547,23.049999237060547,22.44317626953125,200
2019-05-23,23.049999237060547,23.049999237060547,23.049999237060547,23.049999237060547,22.44317626953125,0
2019-05-24,23.049999237060547,23.049999237060547,23.049999237060547,23.049999237060547,22.44317626953125,0
2019-05-28,23.049999237060547,23.049999237060547,23.049999237060547,23.049999237060547,22.44317626953125,0
2019-05-29,23.049999237060547,23.049999237060547,23.049999237060547,23.049999237060547,22.44317626953125,0
2019-05-30,23.049999237060547,23.049999237060547,23.049999237060547,23.049999237060547,22.44317626953125,600
2019-05-31,23.049999237060547,23.049999237060547,23.049999237060547,23.049999237060547,22.44317626953125,0
2019-06-03,23.09000015258789,23.09000015258789,23.09000015258789,23.09000015258789,22.48212242126465,200
2019-06-04,23.09000015258789,23.09000015258789,23.09000015258789,23.09000015258789,22.48212242126465,0
2019-06-05,23.059999465942383,23.059999465942383,22.979999542236328,23.0,22.394493103027344,6700
2019-06-06,22.979999542236328,23.0,22.979999542236328,23.0,22.394493103027344,900
2019-06-07,23.0,23.010000228881836,22.969999313354492,22.969999313354492,22.36528205871582,1600
2019-06-10,22.979999542236328,22.979999542236328,22.979999542236328,22.979999542236328,22.375017166137695,300
2019-06-11,22.979999542236328,22.979999542236328,22.979999542236328,22.979999542236328,22.375017166137695,0
2019-06-12,22.979999542236328,22.979999542236328,22.979999542236328,22.979999542236328,22.375017166137695,0
2019-06-13,22.979999542236328,22.979999542236328,22.979999542236328,22.979999542236328,22.436527252197266,0
2019-06-14,22.979999542236328,22.979999542236328,22.979999542236328,22.979999542236328,22.436527252197266,0
2019-06-17,23.5,23.5,23.5,23.5,22.944231033325195,100
2019-06-18,23.06999969482422,23.06999969482422,23.06999969482422,23.06999969482422,22.524398803710938,300
2019-06-19,23.06999969482422,23.06999969482422,23.06999969482422,23.06999969482422,22.524398803710938,0
2019-06-20,23.100000381469727,23.100000381469727,23.100000381469727,23.100000381469727,22.553691864013672,100
2019-06-21,23.149999618530273,23.149999618530273,23.149999618530273,23.149999618530273,22.602506637573242,400
2019-06-24,23.149999618530273,23.149999618530273,23.149999618530273,23.149999618530273,22.602506637573242,0
2019-06-25,23.149999618530273,23.149999618530273,23.149999618530273,23.149999618530273,22.602506637573242,0
2019-06-26,23.149999618530273,23.149999618530273,23.149999618530273,23.149999618530273,22.602506637573242,0
2019-06-27,23.149999618530273,23.149999618530273,23.149999618530273,23.149999618530273,22.602506637573242,0
2019-06-28,23.149999618530273,23.149999618530273,23.149999618530273,23.149999618530273,22.602506637573242,0
2019-07-01,23.149999618530273,23.149999618530273,23.149999618530273,23.149999618530273,22.602506637573242,0
2019-07-02,23.200000762939453,23.299999237060547,23.030000686645508,23.299999237060547,22.748960494995117,3000
2019-07-03,23.299999237060547,23.299999237060547,23.299999237060547,23.299999237060547,22.748960494995117,0
2019-07-05,23.170000076293945,23.170000076293945,23.170000076293945,23.170000076293945,22.622039794921875,100
2019-07-08,23.059999465942383,23.100000381469727,23.049999237060547,23.100000381469727,22.553691864013672,5300
2019-07-09,23.049999237060547,23.100000381469727,23.020000457763672,23.100000381469727,22.553691864013672,3200
2019-07-10,23.100000381469727,23.100000381469727,23.100000381469727,23.100000381469727,22.553691864013672,0
2019-07-11,23.100000381469727,23.100000381469727,23.100000381469727,23.100000381469727,22.613407135009766,0
2019-07-12,23.100000381469727,23.100000381469727,23.100000381469727,23.100000381469727,22.613407135009766,0
2019-07-15,23.049999237060547,23.049999237060547,23.049999237060547,23.049999237060547,22.5644588470459,300
2019-07-16,23.049999237060547,23.049999237060547,23.049999237060547,23.049999237060547,22.5644588470459,0
2019-07-17,22.979999542236328,23.049999237060547,22.979999542236328,23.049999237060547,22.5644588470459,1300
2019-07-18,23.049999237060547,23.049999237060547,23.049999237060547,23.049999237060547,22.5644588470459,0
2019-07-19,23.049999237060547,23.049999237060547,23.049999237060547,23.049999237060547,22.5644588470459,0
2019-07-22,23.049999237060547,23.049999237060547,23.049999237060547,23.049999237060547,22.5644588470459,0
2019-07-23,23.049999237060547,23.049999237060547,23.049999237060547,23.049999237060547,22.5644588470459,0
2019-07-24,23.049999237060547,23.049999237060547,23.049999237060547,23.049999237060547,22.5644588470459,0
2019-07-25,23.049999237060547,23.049999237060547,23.049999237060547,23.049999237060547,22.5644588470459,0
2019-07-26,23.049999237060547,23.049999237060547,23.049999237060547,23.049999237060547,22.5644588470459,0
2019-07-29,23.049999237060547,23.049999237060547,23.049999237060547,23.049999237060547,22.5644588470459,100
2019-07-30,23.049999237060547,23.049999237060547,23.049999237060547,23.049999237060547,22.5644588470459,0
2019-07-31,23.049999237060547,23.049999237060547,23.049999237060547,23.049999237060547,22.5644588470459,100
2019-08-01,23.049999237060547,23.049999237060547,23.049999237060547,23.049999237060547,22.5644588470459,100
2019-08-02,22.979999542236328,23.010000228881836,22.969999313354492,23.0,22.515514373779297,2300
2019-08-05,22.969999313354492,22.969999313354492,22.969999313354492,22.969999313354492,22.486143112182617,100
2019-08-06,22.969999313354492,22.969999313354492,22.969999313354492,22.969999313354492,22.486143112182617,100
2019-08-07,22.969999313354492,22.969999313354492,22.969999313354492,22.969999313354492,22.486143112182617,100
2019-08-08,22.969999313354492,22.969999313354492,22.969999313354492,22.969999313354492,22.486143112182617,0
2019-08-09,22.969999313354492,22.969999313354492,22.969999313354492,22.969999313354492,22.486143112182617,100
2019-08-12,22.969999313354492,22.969999313354492,22.969999313354492,22.969999313354492,22.486143112182617,100
2019-08-13,23.170000076293945,23.170000076293945,22.90999984741211,23.100000381469727,22.670650482177734,1200
2019-08-14,22.8700008392334,22.8700008392334,22.8700008392334,22.8700008392334,22.44492530822754,600
2019-08-15,23.100000381469727,23.100000381469727,23.100000381469727,23.100000381469727,22.670650482177734,200
2019-08-16,23.100000381469727,23.100000381469727,23.100000381469727,23.100000381469727,22.670650482177734,0
2019-08-19,22.559999465942383,23.100000381469727,22.559999465942383,22.799999237060547,22.376224517822266,600
2019-08-20,22.799999237060547,22.799999237060547,22.799999237060547,22.799999237060547,22.376224517822266,0
2019-08-21,22.799999237060547,22.799999237060547,22.799999237060547,22.799999237060547,22.376224517822266,0
2019-08-22,22.799999237060547,22.799999237060547,22.799999237060547,22.799999237060547,22.376224517822266,0
2019-08-23,22.700000762939453,22.940000534057617,22.700000762939453,22.700000762939453,22.27808380126953,1100
2019-08-26,22.700000762939453,22.700000762939453,22.700000762939453,22.700000762939453,22.27808380126953,0
2019-08-27,22.700000762939453,22.700000762939453,22.700000762939453,22.700000762939453,22.27808380126953,0
2019-08-28,22.700000762939453,22.700000762939453,22.700000762939453,22.700000762939453,22.27808380126953,0
2019-08-29,22.700000762939453,22.700000762939453,22.700000762939453,22.700000762939453,22.27808380126953,0
2019-08-30,23.170000076293945,23.170000076293945,23.170000076293945,23.170000076293945,22.739349365234375,200
2019-09-03,23.170000076293945,23.170000076293945,23.170000076293945,23.170000076293945,22.739349365234375,0
2019-09-04,23.170000076293945,23.170000076293945,23.170000076293945,23.170000076293945,22.739349365234375,0
2019-09-05,23.170000076293945,23.170000076293945,23.170000076293945,23.170000076293945,22.739349365234375,0
2019-09-06,23.170000076293945,23.170000076293945,23.170000076293945,23.170000076293945,22.739349365234375,0
2019-09-09,23.170000076293945,23.170000076293945,23.170000076293945,23.170000076293945,22.739349365234375,0
2019-09-10,23.170000076293945,23.170000076293945,23.170000076293945,23.170000076293945,22.739349365234375,0
2019-09-11,23.170000076293945,23.170000076293945,23.170000076293945,23.170000076293945,22.739349365234375,0
2019-09-12,23.059999465942383,23.059999465942383,23.059999465942383,23.059999465942383,22.740333557128906,0
2019-09-13,23.059999465942383,23.059999465942383,23.059999465942383,23.059999465942383,22.740333557128906,0
2019-09-16,23.170000076293945,23.170000076293945,23.170000076293945,23.170000076293945,22.84880828857422,100
2019-09-17,23.170000076293945,23.170000076293945,23.170000076293945,23.170000076293945,22.84880828857422,0
2019-09-18,22.799999237060547,23.170000076293945,22.799999237060547,23.0,22.681167602539062,300
2019-09-19,23.0,23.0,23.0,23.0,22.681167602539062,0
2019-09-20,23.0,23.0,23.0,23.0,22.681167602539062,0
2019-09-23,23.0,23.0,23.0,23.0,22.681167602539062,0
2019-09-24,23.0,23.0,23.0,23.0,22.681167602539062,0
2019-09-25,23.0,23.0,23.0,23.0,22.681167602539062,0
2019-09-26,23.0,23.0,23.0,23.0,22.681167602539062,500
2019-09-27,22.920000076293945,23.030000686645508,22.920000076293945,23.030000686645508,22.710750579833984,1500
2019-09-30,23.030000686645508,23.030000686645508,23.030000686645508,23.030000686645508,22.710750579833984,0
2019-10-01,23.030000686645508,23.030000686645508,23.030000686645508,23.030000686645508,22.710750579833984,100
2019-10-02,23.030000686645508,23.030000686645508,23.030000686645508,23.030000686645508,22.710750579833984,0
2019-10-03,23.030000686645508,23.030000686645508,23.030000686645508,23.030000686645508,22.710750579833984,0
2019-10-04,23.030000686645508,23.030000686645508,23.030000686645508,23.030000686645508,22.710750579833984,0
2019-10-07,23.079999923706055,23.079999923706055,23.079999923706055,23.079999923706055,22.760055541992188,300
2019-10-08,23.280000686645508,23.280000686645508,23.280000686645508,23.280000686645508,22.957286834716797,100
2019-10-09,23.280000686645508,23.280000686645508,23.280000686645508,23.280000686645508,22.957286834716797,0
2019-10-10,23.280000686645508,23.280000686645508,23.280000686645508,23.280000686645508,23.01165008544922,100
2019-10-11,23.280000686645508,23.280000686645508,23.280000686645508,23.280000686645508,23.01165008544922,0
2019-10-14,23.280000686645508,23.280000686645508,23.280000686645508,23.280000686645508,23.01165008544922,100
2019-10-15,23.280000686645508,23.280000686645508,22.760000228881836,23.0,22.734880447387695,600
2019-10-16,23.0,23.0,23.0,23.0,22.734880447387695,0
2019-10-17,23.0,23.0,23.0,23.0,22.734880447387695,100
2019-10-18,23.0,23.0,23.0,23.0,22.734880447387695,0
2019-10-21,23.940000534057617,23.940000534057617,23.940000534057617,23.940000534057617,23.664043426513672,200
2019-10-22,23.940000534057617,23.940000534057617,23.940000534057617,23.940000534057617,23.664043426513672,0
2019-10-23,23.940000534057617,23.940000534057617,23.940000534057617,23.940000534057617,23.664043426513672,0
2019-10-24,23.139999389648438,23.139999389648438,23.06999969482422,23.139999389648438,22.87326431274414,2200
2019-10-25,23.139999389648438,23.139999389648438,23.139999389648438,23.139999389648438,22.87326431274414,0
2019-10-28,23.139999389648438,23.139999389648438,23.139999389648438,23.139999389648438,22.87326431274414,0
2019-10-29,23.139999389648438,23.139999389648438,23.139999389648438,23.139999389648438,22.87326431274414,0
2019-10-30,23.139999389648438,23.139999389648438,23.139999389648438,23.139999389648438,22.87326431274414,0
2019-10-31,23.649999618530273,23.649999618530273,23.649999618530273,23.649999618530273,23.37738609313965,200
2019-11-01,23.649999618530273,23.649999618530273,23.649999618530273,23.649999618530273,23.37738609313965,0
2019-11-04,23.649999618530273,23.649999618530273,23.649999618530273,23.649999618530273,23.37738609313965,0
2019-11-05,23.649999618530273,23.649999618530273,23.649999618530273,23.649999618530273,23.37738609313965,0
2019-11-06,23.649999618530273,23.649999618530273,23.649999618530273,23.649999618530273,23.37738609313965,0
2019-11-07,23.649999618530273,23.649999618530273,23.649999618530273,23.649999618530273,23.37738609313965,0
2019-11-08,23.649999618530273,23.649999618530273,23.649999618530273,23.649999618530273,23.37738609313965,0
2019-11-11,23.34000015258789,23.549999237060547,23.31999969482422,23.31999969482422,23.051189422607422,1500
2019-11-12,23.350000381469727,23.399999618530273,23.350000381469727,23.399999618530273,23.130266189575195,300
2019-11-13,23.399999618530273,23.399999618530273,23.399999618530273,23.399999618530273,23.181779861450195,0
2019-11-14,23.399999618530273,23.399999618530273,23.399999618530273,23.399999618530273,23.181779861450195,0
2019-11-15,24.0,24.0,24.0,24.0,23.776185989379883,100
2019-11-18,24.0,24.0,24.0,24.0,23.776185989379883,100
2019-11-19,23.260000228881836,23.610000610351562,23.260000228881836,23.610000610351562,23.38982391357422,300
2019-11-20,23.280000686645508,23.280000686645508,23.280000686645508,23.280000686645508,23.06290054321289,300
2019-11-21,23.280000686645508,23.280000686645508,23.280000686645508,23.280000686645508,23.06290054321289,0
2019-11-22,23.280000686645508,23.280000686645508,23.280000686645508,23.280000686645508,23.06290054321289,100
2019-11-25,23.280000686645508,23.280000686645508,23.280000686645508,23.280000686645508,23.06290054321289,0
2019-11-26,23.5,23.5,23.5,23.5,23.280851364135742,400
2019-11-27,23.5,23.5,23.5,23.5,23.280851364135742,0
2019-11-29,23.5,23.5,23.5,23.5,23.280851364135742,0
2019-12-02,23.950000762939453,23.950000762939453,23.950000762939453,23.950000762939453,23.726655960083008,300
2019-12-03,23.950000762939453,23.950000762939453,23.950000762939453,23.950000762939453,23.726655960083008,0
2019-12-04,23.440000534057617,23.530000686645508,23.309999465942383,23.43000030517578,23.211503982543945,2000
2019-12-05,23.600000381469727,23.600000381469727,23.31999969482422,23.389999389648438,23.171875,1300
2019-12-06,23.389999389648438,23.389999389648438,23.389999389648438,23.389999389648438,23.171875,0
2019-12-09,23.600000381469727,23.600000381469727,23.600000381469727,23.600000381469727,23.379919052124023,200
2019-12-10,23.600000381469727,23.600000381469727,23.600000381469727,23.600000381469727,23.379919052124023,0
2019-12-11,23.600000381469727,23.600000381469727,23.600000381469727,23.600000381469727,23.379919052124023,100
2019-12-12,23.280000686645508,23.399999618530273,23.280000686645508,23.399999618530273,23.231000900268555,500
2019-12-13,23.399999618530273,23.399999618530273,23.399999618530273,23.399999618530273,23.231000900268555,0
2019-12-16,23.940000534057617,23.940000534057617,23.940000534057617,23.940000534057617,23.767101287841797,100
2019-12-17,23.940000534057617,23.940000534057617,23.940000534057617,23.940000534057617,23.767101287841797,0
2019-12-18,23.940000534057617,23.940000534057617,23.940000534057617,23.940000534057617,23.767101287841797,0
2019-12-19,23.940000534057617,23.940000534057617,23.940000534057617,23.940000534057617,23.767101287841797,0
2019-12-20,23.329999923706055,23.450000762939453,23.329999923706055,23.450000762939453,23.2806396484375,300
2019-12-23,23.450000762939453,23.450000762939453,23.450000762939453,23.450000762939453,23.2806396484375,0
2019-12-24,23.5,23.5,23.5,23.5,23.330278396606445,200
2019-12-26,23.5,23.5,23.5,23.5,23.330278396606445,0
2019-12-27,23.75,23.75,23.5,23.5,23.330278396606445,500
2019-12-30,23.5,23.5,23.5,23.5,23.330278396606445,0
2019-12-31,23.5,23.5,23.5,23.5,23.330278396606445,0
2020-01-02,23.5,23.5,23.5,23.5,23.330278396606445,0
2020-01-03,23.5,23.5,23.5,23.5,23.330278396606445,0
2020-01-06,23.5,23.5,23.5,23.5,23.330278396606445,0
2020-01-07,24.0,24.0,24.0,24.0,23.82666778564453,100
2020-01-08,24.0,24.0,24.0,24.0,23.82666778564453,0
2020-01-09,23.809999465942383,23.809999465942383,23.809999465942383,23.809999465942383,23.63804054260254,100
2020-01-10,23.809999465942383,23.809999465942383,23.809999465942383,23.809999465942383,23.63804054260254,0
2020-01-13,23.809999465942383,23.809999465942383,23.809999465942383,23.809999465942383,23.63804054260254,0
2020-01-14,23.809999465942383,23.809999465942383,23.809999465942383,23.809999465942383,23.63804054260254,0
2020-01-15,23.989999771118164,23.989999771118164,23.5,23.579999923706055,23.409700393676758,500
2020-01-16,23.450000762939453,23.450000762939453,23.450000762939453,23.450000762939453,23.2806396484375,200
2020-01-17,23.600000381469727,23.600000381469727,23.5,23.5,23.330278396606445,1200
2020-01-21,23.5,23.639999389648438,23.5,23.6200008392334,23.449413299560547,1100
2020-01-22,23.6200008392334,23.6200008392334,23.6200008392334,23.6200008392334,23.449413299560547,0
2020-01-23,23.6200008392334,23.6200008392334,23.6200008392334,23.6200008392334,23.449413299560547,0
2020-01-24,23.6200008392334,23.6200008392334,23.6200008392334,23.6200008392334,23.449413299560547,0
2020-01-27,23.75,23.75,23.75,23.75,23.578474044799805,200
2020-01-28,23.75,23.75,23.75,23.75,23.578474044799805,1100
2020-01-29,23.75,23.75,23.639999389648438,23.639999389648438,23.469266891479492,1700
2020-01-30,23.639999389648438,23.639999389648438,23.639999389648438,23.639999389648438,23.469266891479492,0
2020-01-31,23.639999389648438,23.639999389648438,23.549999237060547,23.549999237060547,23.37991714477539,1700
2020-02-03,23.649999618530273,23.649999618530273,23.649999618530273,23.649999618530273,23.47919464111328,200
2020-02-04,23.75,23.799999237060547,23.75,23.780000686645508,23.608257293701172,3900
2020-02-05,23.799999237060547,23.84000015258789,23.799999237060547,23.84000015258789,23.667823791503906,400
2020-02-06,23.81999969482422,23.81999969482422,23.81999969482422,23.81999969482422,23.647968292236328,300
2020-02-07,23.719999313354492,23.770000457763672,23.719999313354492,23.770000457763672,23.59832763671875,600
2020-02-10,23.979999542236328,23.979999542236328,23.979999542236328,23.979999542236328,23.806812286376953,500
2020-02-11,23.979999542236328,23.979999542236328,23.979999542236328,23.979999542236328,23.806812286376953,0
2020-02-12,23.969999313354492,23.969999313354492,23.709999084472656,23.8799991607666,23.707534790039062,400
2020-02-13,23.979999542236328,23.979999542236328,23.979999542236328,23.979999542236328,23.806812286376953,300
2020-02-14,23.979999542236328,23.979999542236328,23.979999542236328,23.979999542236328,23.806812286376953,0
2020-02-18,23.979999542236328,23.979999542236328,23.979999542236328,23.979999542236328,23.806812286376953,400
2020-02-19,23.979999542236328,23.979999542236328,23.979999542236328,23.979999542236328,23.806812286376953,400
2020-02-20,23.979999542236328,23.979999542236328,23.719999313354492,23.799999237060547,23.628110885620117,2200
2020-02-21,23.969999313354492,23.969999313354492,23.829999923706055,23.829999923706055,23.657894134521484,800
2020-02-24,23.670000076293945,23.670000076293945,23.670000076293945,23.670000076293945,23.499052047729492,400
2020-02-25,23.579999923706055,23.579999923706055,23.579999923706055,23.579999923706055,23.409700393676758,400
2020-02-26,23.850000381469727,23.860000610351562,23.75,23.75,23.578474044799805,1200
2020-02-27,23.459999084472656,23.469999313354492,23.459999084472656,23.469999313354492,23.300495147705078,1100
2020-02-28,23.600000381469727,23.600000381469727,23.600000381469727,23.600000381469727,23.4295597076416,400
2020-03-02,23.450000762939453,23.6299991607666,23.420000076293945,23.6299991607666,23.459339141845703,3400
2020-03-03,23.950000762939453,23.950000762939453,23.950000762939453,23.950000762939453,23.777029037475586,300
2020-03-04,23.440000534057617,23.700000762939453,23.440000534057617,23.700000762939453,23.528833389282227,4200
2020-03-05,23.700000762939453,23.700000762939453,23.700000762939453,23.700000762939453,23.528833389282227,0
2020-03-06,23.65999984741211,23.65999984741211,23.399999618530273,23.56999969482422,23.39977264404297,600
2020-03-09,23.399999618530273,23.489999771118164,23.399999618530273,23.399999618530273,23.231000900268555,900
2020-03-10,23.399999618530273,23.399999618530273,23.399999618530273,23.399999618530273,23.231000900268555,0
2020-03-11,23.399999618530273,23.399999618530273,23.399999618530273,23.399999618530273,23.231000900268555,0
2020-03-12,23.1299991607666,23.3799991607666,23.1299991607666,23.3799991607666,23.256864547729492,200
2020-03-13,23.3799991607666,23.3799991607666,23.3799991607666,23.3799991607666,23.256864547729492,0
2020-03-16,22.3700008392334,23.219999313354492,21.030000686645508,21.06999969482422,20.959030151367188,2200
2020-03-17,21.200000762939453,21.84000015258789,21.200000762939453,21.84000015258789,21.7249755859375,3800
2020-03-18,21.84000015258789,21.84000015258789,21.84000015258789,21.84000015258789,21.7249755859375,0
2020-03-19,21.100000381469727,21.809999465942383,21.100000381469727,21.790000915527344,21.67523956298828,800
2020-03-20,21.299999237060547,21.299999237060547,20.899999618530273,20.899999618530273,20.78992462158203,7400
2020-03-23,20.850000381469727,20.850000381469727,20.850000381469727,20.850000381469727,20.740190505981445,2000
2020-03-24,20.850000381469727,20.850000381469727,20.850000381469727,20.850000381469727,20.740190505981445,0
2020-03-25,20.850000381469727,20.850000381469727,20.850000381469727,20.850000381469727,20.740190505981445,0
2020-03-26,22.780000686645508,22.780000686645508,22.5,22.5,22.381498336791992,400
2020-03-27,21.0,21.110000610351562,21.0,21.110000610351562,20.998821258544922,1500
2020-03-30,21.110000610351562,21.110000610351562,21.110000610351562,21.110000610351562,20.998821258544922,0
2020-03-31,21.149999618530273,21.149999618530273,21.030000686645508,21.049999237060547,20.93913459777832,500
2020-04-01,21.049999237060547,21.049999237060547,21.049999237060547,21.049999237060547,20.93913459777832,0
2020-04-02,21.049999237060547,21.049999237060547,21.049999237060547,21.049999237060547,20.93913459777832,0
2020-04-03,20.950000762939453,21.270000457763672,20.8799991607666,20.8799991607666,20.770030975341797,5500
2020-04-06,20.8799991607666,20.8799991607666,20.8799991607666,20.8799991607666,20.770030975341797,0
2020-04-07,21.200000762939453,21.200000762939453,20.020000457763672,20.600000381469727,20.491506576538086,2900
2020-04-08,21.0,21.0,21.0,21.0,20.889400482177734,2000
2020-04-09,21.149999618530273,21.149999618530273,21.0,21.110000610351562,20.998821258544922,700
2020-04-13,21.399999618530273,21.399999618530273,21.399999618530273,21.399999618530273,21.31354331970215,500
2020-04-14,21.600000381469727,21.600000381469727,21.489999771118164,21.489999771118164,21.403181076049805,400
2020-04-15,21.700000762939453,21.700000762939453,21.399999618530273,21.399999618530273,21.31354331970215,200
2020-04-16,20.950000762939453,21.0,20.899999618530273,21.0,20.915159225463867,400
2020-04-17,21.0,21.5,21.0,21.299999237060547,21.213947296142578,14800
2020-04-20,21.299999237060547,21.299999237060547,21.299999237060547,21.299999237060547,21.213947296142578,0
2020-04-21,21.65999984741211,21.65999984741211,21.489999771118164,21.489999771118164,21.403181076049805,700
2020-04-22,21.489999771118164,21.489999771118164,21.489999771118164,21.489999771118164,21.403181076049805,0
2020-04-23,21.489999771118164,21.489999771118164,21.489999771118164,21.489999771118164,21.403181076049805,0
2020-04-24,21.149999618530273,21.530000686645508,21.149999618530273,21.530000686645508,21.443017959594727,500
2020-04-27,21.530000686645508,21.530000686645508,21.530000686645508,21.530000686645508,21.443017959594727,0
2020-04-28,21.530000686645508,21.530000686645508,21.530000686645508,21.530000686645508,21.443017959594727,0
2020-04-29,21.530000686645508,21.530000686645508,21.530000686645508,21.530000686645508,21.443017959594727,0
2020-04-30,21.530000686645508,21.530000686645508,21.530000686645508,21.530000686645508,21.443017959594727,0
2020-05-01,21.5,21.5,21.5,21.5,21.41314125061035,1000
2020-05-04,21.5,21.5,21.5,21.5,21.41314125061035,0
2020-05-05,21.5,21.5,21.5,21.5,21.41314125061035,0
2020-05-06,21.5,21.5,21.5,21.5,21.41314125061035,0
2020-05-07,21.700000762939453,21.700000762939453,21.649999618530273,21.700000762939453,21.61233139038086,1700
2020-05-08,21.600000381469727,21.700000762939453,21.600000381469727,21.700000762939453,21.61233139038086,700
2020-05-11,21.719999313354492,21.719999313354492,21.719999313354492,21.719999313354492,21.632251739501953,100
2020-05-12,21.5,21.5,21.5,21.5,21.41314125061035,500
2020-05-13,22.0,22.0,22.0,22.0,21.9478702545166,3700
2020-05-14,21.739999771118164,21.739999771118164,21.739999771118164,21.739999771118164,21.688486099243164,100
2020-05-15,21.889999389648438,21.889999389648438,21.520000457763672,21.520000457763672,21.46900749206543,1300
2020-05-18,21.520000457763672,21.520000457763672,21.520000457763672,21.520000457763672,21.46900749206543,0
2020-05-19,21.5,21.5,21.5,21.5,21.449052810668945,100
2020-05-20,21.5,21.5,21.5,21.5,21.449052810668945,0
2020-05-21,21.5,21.5,21.5,21.5,21.449052810668945,0
2020-05-22,21.5,21.5,21.5,21.5,21.449052810668945,0
2020-05-26,21.5,21.5,21.5,21.5,21.449052810668945,200
2020-05-27,21.5,21.5,21.5,21.5,21.449052810668945,0
2020-05-28,21.5,21.5,21.5,21.5,21.449052810668945,0
2020-05-29,21.5,21.5,21.5,21.5,21.449052810668945,0
2020-06-01,21.5,21.5,21.5,21.5,21.449052810668945,0
2020-06-02,21.5,21.5,21.5,21.5,21.449052810668945,0
2020-06-03,21.649999618530273,21.760000228881836,21.649999618530273,21.760000228881836,21.708436965942383,1000
2020-06-04,21.760000228881836,21.760000228881836,21.760000228881836,21.760000228881836,21.708436965942383,0
2020-06-05,21.760000228881836,21.760000228881836,21.760000228881836,21.760000228881836,21.708436965942383,0
2020-06-08,21.760000228881836,21.760000228881836,21.760000228881836,21.760000228881836,21.708436965942383,0
2020-06-09,21.760000228881836,21.760000228881836,21.760000228881836,21.760000228881836,21.708436965942383,0
2020-06-10,21.690000534057617,21.719999313354492,21.649999618530273,21.670000076293945,21.618650436401367,2200
2020-06-11,21.729999542236328,21.950000762939453,21.729999542236328,21.950000762939453,21.917205810546875,200
2020-06-12,21.299999237060547,21.450000762939453,21.299999237060547,21.3799991607666,21.348054885864258,5400
2020-06-15,21.3799991607666,21.3799991607666,21.3799991607666,21.3799991607666,21.348054885864258,0
2020-06-16,21.799999237060547,21.799999237060547,21.780000686645508,21.780000686645508,21.747459411621094,300
2020-06-17,21.799999237060547,21.860000610351562,21.799999237060547,21.860000610351562,21.82733917236328,1100
2020-06-18,22.0,22.0,21.959999084472656,21.959999084472656,21.92719078063965,200
2020-06-19,21.959999084472656,21.959999084472656,21.959999084472656,21.959999084472656,21.92719078063965,0
2020-06-22,21.959999084472656,21.959999084472656,21.959999084472656,21.959999084472656,21.92719078063965,0
2020-06-23,21.959999084472656,21.959999084472656,21.959999084472656,21.959999084472656,21.92719078063965,0
2020-06-24,22.0,22.0,22.0,22.0,21.967130661010742,100
2020-06-25,22.0,22.0,22.0,22.0,21.967130661010742,0
2020-06-26,22.0,22.0,22.0,22.0,21.967130661010742,0
2020-06-29,22.0,22.0,22.0,22.0,21.967130661010742,0
2020-06-30,22.0,22.0,22.0,22.0,21.967130661010742,100
2020-07-01,22.0,22.0,22.0,22.0,21.967130661010742,0
2020-07-02,22.0,22.0,22.0,22.0,21.967130661010742,0
2020-07-06,21.549999237060547,21.549999237060547,21.549999237060547,21.549999237060547,21.51780128479004,200
2020-07-07,21.549999237060547,22.0,21.549999237060547,22.0,21.967130661010742,400
2020-07-08,22.0,22.0,21.780000686645508,21.780000686645508,21.747459411621094,400
2020-07-09,21.780000686645508,21.780000686645508,21.780000686645508,21.780000686645508,21.747459411621094,0
2020-07-10,21.700000762939453,21.739999771118164,21.700000762939453,21.739999771118164,21.70751953125,500
2020-07-13,21.739999771118164,21.739999771118164,21.739999771118164,21.739999771118164,21.724506378173828,0
2020-07-14,21.739999771118164,21.739999771118164,21.739999771118164,21.739999771118164,21.724506378173828,0
2020-07-15,22.0,22.0,22.0,22.0,21.98432159423828,100
2020-07-16,22.0,22.0,22.0,22.0,21.98432159423828,0
2020-07-17,22.0,22.0,22.0,22.0,21.98432159423828,0
2020-07-20,22.0,22.0,22.0,22.0,21.98432159423828,0
2020-07-21,22.0,22.0,22.0,22.0,21.98432159423828,0
2020-07-22,22.0,22.0,22.0,22.0,21.98432159423828,0
2020-07-23,22.0,22.0,22.0,22.0,21.98432159423828,0
2020-07-24,22.0,22.0,22.0,22.0,21.98432159423828,0
2020-07-27,22.0,22.0,22.0,22.0,21.98432159423828,0
2020-07-28,22.0,22.0,22.0,22.0,21.98432159423828,0
2020-07-29,22.0,22.0,22.0,22.0,21.98432159423828,0
2020-07-30,21.600000381469727,21.600000381469727,21.600000381469727,21.600000381469727,21.584606170654297,100
2020-07-31,21.600000381469727,21.600000381469727,21.600000381469727,21.600000381469727,21.584606170654297,0
2020-08-03,21.75,21.75,21.75,21.75,21.734498977661133,100
2020-08-04,21.75,21.75,21.75,21.75,21.734498977661133,0
2020-08-05,21.950000762939453,22.0,21.950000762939453,22.0,21.98432159423828,1000
2020-08-06,22.0,22.0,22.0,22.0,21.98432159423828,0
2020-08-07,21.950000762939453,22.0,21.950000762939453,22.0,21.98432159423828,1900
2020-08-10,22.149999618530273,22.350000381469727,22.0,22.350000381469727,22.33407211303711,4600
2020-08-11,22.350000381469727,22.350000381469727,22.350000381469727,22.350000381469727,22.33407211303711,0
2020-08-12,22.450000762939453,22.469999313354492,22.34000015258789,22.450000762939453,22.43400001525879,14300
2020-08-13,22.469999313354492,22.489999771118164,22.469999313354492,22.469999313354492,22.469999313354492,15100
2020-08-14,22.489999771118164,22.489999771118164,22.489999771118164,22.489999771118164,22.489999771118164,1100
2020-08-17,22.489999771118164,22.489999771118164,22.489999771118164,22.489999771118164,22.489999771118164,1900
2020-08-18,22.489999771118164,22.5,22.450000762939453,22.450000762939453,22.450000762939453,4000
2020-08-19,22.43000030517578,22.5,22.43000030517578,22.5,22.5,1000
2020-08-20,22.5,22.5,22.5,22.5,22.5,1400
2020-08-21,22.5,22.690000534057617,22.5,22.690000534057617,22.690000534057617,1800
2020-08-24,22.700000762939453,22.700000762939453,22.700000762939453,22.700000762939453,22.700000762939453,300
2020-08-25,22.520000457763672,23.0,22.520000457763672,22.8799991607666,22.8799991607666,1300
2020-08-26,23.059999465942383,23.059999465942383,23.0,23.049999237060547,23.049999237060547,600
2020-08-27,23.049999237060547,23.049999237060547,23.049999237060547,23.049999237060547,23.049999237060547,0
2020-08-28,23.049999237060547,23.049999237060547,23.049999237060547,23.049999237060547,23.049999237060547,0
2020-08-31,23.0,23.0,23.0,23.0,23.0,900
2020-09-01,23.0,23.0,23.0,23.0,23.0,1000
