Date,Open,High,Low,Close,Adj Close,Volume
1997-06-18,16.0,16.0,15.0,16.0,13.960102081298828,54400
1997-06-19,16.5,16.75,16.0,16.5,14.396353721618652,102500
1997-06-20,16.25,16.25,16.25,16.25,14.178228378295898,2200
1997-06-23,16.125,16.125,16.0,16.125,14.069164276123047,24800
1997-06-24,16.125,16.125,16.125,16.125,14.069164276123047,0
1997-06-25,15.625,16.5,15.625,15.625,13.632912635803223,24000
1997-06-26,14.25,15.5,14.0,14.25,12.433215141296387,30900
1997-06-27,14.25,14.25,14.25,14.25,12.433215141296387,5000
1997-06-30,14.25,14.25,14.25,14.25,12.433215141296387,0
1997-07-01,14.25,14.25,14.25,14.25,12.433215141296387,1100
1997-07-02,14.75,14.75,14.5,14.75,12.869466781616211,2500
1997-07-03,15.0,15.0,14.5,15.0,13.087594032287598,10000
1997-07-07,15.0,15.25,14.625,15.0,13.087594032287598,217300
1997-07-08,17.5,17.625,14.875,17.5,15.268860816955566,143700
1997-07-09,16.25,17.5,15.5,16.25,14.178228378295898,41800
1997-07-10,16.25,16.25,15.5,16.25,14.178228378295898,9300
1997-07-11,15.8125,16.25,15.5,15.8125,13.796509742736816,25400
1997-07-14,16.25,16.25,15.75,16.25,14.178228378295898,140700
1997-07-15,16.0,16.375,16.0,16.0,13.960102081298828,15200
1997-07-16,16.0,16.0,16.0,16.0,13.960102081298828,3600
1997-07-17,16.125,16.25,16.0,16.125,14.069164276123047,77500
1997-07-18,16.25,16.25,16.0,16.25,14.178228378295898,19800
1997-07-21,16.125,16.25,16.125,16.125,14.069164276123047,8800
1997-07-22,16.375,16.375,16.125,16.375,14.287291526794434,80300
1997-07-23,16.125,16.375,16.125,16.125,14.069164276123047,78300
1997-07-24,16.125,16.25,16.0,16.125,14.069164276123047,74200
1997-07-25,16.375,16.375,16.125,16.375,14.287291526794434,19600
1997-07-28,16.125,16.25,16.125,16.125,14.069164276123047,29200
1997-07-29,16.125,16.25,16.125,16.125,14.069164276123047,24600
1997-07-30,16.375,16.375,16.0,16.375,14.287291526794434,63600
1997-07-31,16.0,16.375,16.0,16.0,13.960102081298828,900
1997-08-01,16.0,16.0,15.9375,16.0,13.960102081298828,20000
1997-08-04,16.0,16.0,16.0,16.0,13.960102081298828,1100
1997-08-05,16.375,16.375,16.0,16.375,14.287291526794434,3400
1997-08-06,16.375,16.375,16.0,16.375,14.287291526794434,6400
1997-08-07,16.0,16.375,16.0,16.0,13.960102081298828,3200
1997-08-08,16.0625,16.125,16.0,16.0625,14.014632225036621,24600
1997-08-11,15.875,16.0,15.875,15.875,13.85103702545166,17500
1997-08-12,16.0,16.0625,15.875,16.0,13.960102081298828,64700
1997-08-13,15.875,16.171875,15.875,16.125,14.069164276123047,13900
1997-08-14,16.0,16.125,15.875,15.875,13.85103702545166,18900
1997-08-15,16.046875,16.125,15.875,16.046875,14.000999450683594,10500
1997-08-18,16.125,16.125,16.0,16.125,14.069164276123047,11200
1997-08-19,16.046875,16.125,16.046875,16.046875,14.000999450683594,27300
1997-08-20,16.0,16.0,16.0,16.0,13.960102081298828,2200
1997-08-21,17.25,17.25,16.25,17.25,15.050736427307129,8400
1997-08-22,17.625,17.625,17.0,17.625,15.377925872802734,3700
1997-08-25,17.75,17.75,16.75,17.75,15.486987113952637,4200
1997-08-26,17.75,17.75,17.75,17.75,15.486987113952637,300
1997-08-27,17.75,17.75,17.75,17.75,15.486987113952637,0
1997-08-28,17.75,17.75,17.75,17.75,15.486987113952637,3100
1997-08-29,17.5,17.75,17.375,17.5,15.268860816955566,12800
1997-09-02,17.375,17.625,17.375,17.375,15.159794807434082,26800
1997-09-03,17.5,18.296875,17.5,17.5,15.268860816955566,37100
1997-09-04,18.125,18.125,17.375,18.125,15.814173698425293,4600
1997-09-05,18.25,18.25,17.625,18.25,15.923238754272461,26700
1997-09-08,18.25,20.75,18.25,20.75,18.104507446289062,29500
1997-09-09,19.75,20.25,18.625,19.75,17.23200035095215,11000
1997-09-10,19.75,19.875,18.625,19.75,17.23200035095215,10800
1997-09-11,19.75,19.75,19.75,19.75,17.23200035095215,2900
1997-09-12,19.375,19.5,18.75,19.375,16.904808044433594,14900
1997-09-15,19.328125,19.75,19.328125,19.328125,16.863908767700195,7400
1997-09-16,18.75,19.875,18.75,19.875,17.341062545776367,400
1997-09-17,18.875,19.0,18.875,18.875,16.468555450439453,4300
1997-09-18,17.375,18.75,17.375,17.375,15.159794807434082,8400
1997-09-19,17.0,18.0,17.0,18.0,15.705113410949707,1600
1997-09-22,18.0,18.0,17.0,18.0,15.705113410949707,8200
1997-09-23,17.75,18.125,17.25,17.75,15.486987113952637,4700
1997-09-24,17.5,17.5,16.875,17.5,15.268860816955566,800
1997-09-25,16.875,17.125,16.875,16.875,14.723543167114258,9400
1997-09-26,16.875,16.875,16.25,16.875,14.723543167114258,25700
1997-09-29,16.25,16.25,15.5,16.25,14.178228378295898,63700
1997-09-30,17.125,17.125,15.75,17.125,14.941671371459961,17600
1997-10-01,17.125,17.125,16.5,17.125,14.941671371459961,3200
1997-10-02,17.0,17.125,16.625,17.0,14.832609176635742,12600
1997-10-03,16.5,17.125,16.5,16.5,14.396353721618652,1000
1997-10-06,16.5,16.5,16.5,16.5,14.396353721618652,0
1997-10-07,16.5,16.5,16.5,16.5,14.396353721618652,200
1997-10-08,16.5,16.5,16.5,16.5,14.396353721618652,0
1997-10-09,16.5,16.75,16.5,16.5,14.396353721618652,8000
1997-10-10,16.5,16.5,16.25,16.5,14.396353721618652,800
1997-10-13,16.75,16.75,16.5,16.75,14.614479064941406,6000
1997-10-14,16.25,16.25,16.25,16.25,14.178228378295898,1700
1997-10-15,16.25,16.25,16.25,16.25,14.178228378295898,5200
1997-10-16,16.25,16.25,16.25,16.25,14.178228378295898,9300
1997-10-17,16.25,16.25,16.25,16.25,14.178228378295898,0
1997-10-20,15.75,16.0,15.5,15.75,13.741973876953125,22500
1997-10-21,15.5,15.875,15.5,15.5,13.523847579956055,26300
1997-10-22,15.5,15.5,15.5,15.5,13.523847579956055,200
1997-10-23,15.125,15.875,15.125,15.125,13.196657180786133,1300
1997-10-24,15.125,15.125,15.125,15.125,13.196657180786133,200
1997-10-27,15.125,15.125,15.125,15.125,13.196657180786133,500
1997-10-28,15.125,15.125,14.5,14.5,12.651339530944824,900
1997-10-29,15.0,15.25,15.0,15.0,13.087594032287598,7600
1997-10-30,14.625,14.625,14.5,14.625,12.760403633117676,6200
1997-10-31,14.375,14.625,14.375,14.375,12.542278289794922,2000
1997-11-03,14.625,14.625,14.625,14.625,12.760403633117676,100
1997-11-04,14.625,14.625,14.25,14.625,12.760403633117676,1500
1997-11-05,14.5,14.5,14.25,14.5,12.651339530944824,300
1997-11-06,14.25,14.375,14.25,14.25,12.433215141296387,4900
1997-11-07,14.125,14.25,14.125,14.125,12.324151992797852,700
1997-11-10,14.0,14.25,14.0,14.0,12.215088844299316,4500
1997-11-11,12.875,14.0,12.875,12.875,11.23351764678955,22600
1997-11-12,13.5,13.5,12.875,13.5,11.77883529663086,46500
1997-11-13,13.875,13.875,13.375,13.875,12.106025695800781,13400
1997-11-14,13.875,14.0,13.625,13.875,12.106025695800781,10200
1997-11-17,13.875,14.0,13.75,13.875,12.106025695800781,56600
1997-11-18,13.875,13.875,13.75,13.875,12.106025695800781,4300
1997-11-19,14.0,14.0,14.0,14.0,12.215088844299316,1500
1997-11-20,14.25,14.25,13.5,14.25,12.433215141296387,1400
1997-11-21,14.75,14.75,14.5,14.75,12.869466781616211,1900
1997-11-24,14.75,14.75,14.75,14.75,12.869466781616211,400
1997-11-25,14.75,14.75,14.625,14.75,12.869466781616211,800
1997-11-26,14.75,14.75,14.75,14.75,12.869466781616211,800
1997-11-28,15.0,15.0,15.0,15.0,13.087594032287598,400
1997-12-01,14.75,14.75,14.75,14.75,12.869466781616211,400
1997-12-02,14.75,14.75,14.75,14.75,12.869466781616211,100
1997-12-03,15.5,15.5,15.5,15.5,13.523847579956055,700
1997-12-04,15.625,15.625,15.375,15.625,13.632912635803223,900
1997-12-05,15.375,15.375,15.375,15.375,13.41478443145752,100
1997-12-08,15.375,15.375,15.375,15.375,13.41478443145752,400
1997-12-09,16.0,16.0,15.375,16.0,13.960102081298828,900
1997-12-10,16.0,16.0,15.375,16.0,13.960102081298828,1800
1997-12-11,16.0,16.0,16.0,16.0,13.960102081298828,0
1997-12-12,16.0,16.0,15.375,16.0,13.960102081298828,1200
1997-12-15,16.0,16.0,15.375,16.0,13.960102081298828,1000
1997-12-16,16.0,16.0,16.0,16.0,13.960102081298828,0
1997-12-17,16.0,16.0,16.0,16.0,13.960102081298828,0
1997-12-18,16.0,16.0,16.0,16.0,13.960102081298828,0
1997-12-19,15.375,16.046875,15.375,15.375,13.41478443145752,16800
1997-12-22,15.375,15.375,15.375,15.375,13.41478443145752,200
1997-12-23,15.375,15.375,15.375,15.375,13.41478443145752,0
1997-12-24,15.375,15.375,15.375,15.375,13.41478443145752,1700
1997-12-26,15.375,15.375,15.375,15.375,13.41478443145752,0
1997-12-29,15.375,15.375,15.375,15.375,13.41478443145752,500
1997-12-30,15.421875,15.421875,15.421875,15.421875,13.455683708190918,900
1997-12-31,15.5,15.5,15.125,15.5,13.523847579956055,30400
1998-01-02,14.875,15.125,14.875,14.875,12.978531837463379,3800
1998-01-05,14.5,14.875,14.5,14.5,12.651339530944824,2500
1998-01-06,14.125,14.5,14.125,14.125,12.324151992797852,23800
1998-01-07,14.0,14.125,13.875,14.0,12.215088844299316,13200
1998-01-08,13.875,14.5,13.875,13.875,12.106025695800781,7000
1998-01-09,13.875,13.875,13.875,13.875,12.106025695800781,4800
1998-01-12,13.875,13.875,13.25,13.875,12.106025695800781,2700
1998-01-13,14.125,14.125,14.125,14.125,12.324151992797852,1500
1998-01-14,13.875,13.875,13.25,13.875,12.106025695800781,5400
1998-01-15,13.875,13.875,13.875,13.875,12.106025695800781,0
1998-01-16,13.875,13.875,13.875,13.875,12.106025695800781,0
1998-01-20,14.046875,14.25,14.0,14.046875,12.255989074707031,18700
1998-01-21,14.25,14.375,13.875,14.25,12.433215141296387,300
1998-01-22,14.25,14.25,14.25,14.25,12.433215141296387,0
1998-01-23,13.875,14.0,13.875,13.875,12.106025695800781,3000
1998-01-26,13.875,13.875,13.875,13.875,12.106025695800781,800
1998-01-27,14.0,14.125,14.0,14.0,12.215088844299316,1400
1998-01-28,14.0,14.0,14.0,14.0,12.215088844299316,0
1998-01-29,13.875,13.875,13.625,13.875,12.106025695800781,1200
1998-01-30,14.0,14.0,13.875,14.0,12.215088844299316,1900
1998-02-02,14.0,14.125,14.0,14.0,12.215088844299316,400
1998-02-03,13.75,13.75,13.75,13.75,11.996960639953613,100
1998-02-04,13.75,13.75,13.75,13.75,11.996960639953613,0
1998-02-05,13.75,13.75,13.75,13.75,11.996960639953613,100
1998-02-06,14.0,14.0,13.625,14.0,12.215088844299316,700
1998-02-09,13.625,14.0,13.5,13.625,11.887898445129395,6000
1998-02-10,13.0,13.0,12.0,13.0,11.342581748962402,17500
1998-02-11,12.75,12.875,12.75,12.75,11.124456405639648,900
1998-02-12,13.125,13.125,13.0,13.125,11.45164680480957,7000
1998-02-13,13.125,13.125,13.125,13.125,11.45164680480957,0
1998-02-17,13.5,13.5,13.5,13.5,11.77883529663086,300
1998-02-18,13.5,13.5,13.5,13.5,11.77883529663086,0
1998-02-19,12.75,13.75,12.5,12.75,11.124456405639648,49100
1998-02-20,13.0,13.0,13.0,13.0,11.342581748962402,1500
1998-02-23,13.5,13.5,13.5,13.5,11.77883529663086,200
1998-02-24,13.5,13.5,13.5,13.5,11.77883529663086,0
1998-02-25,13.75,13.75,13.75,13.75,11.996960639953613,2000
1998-02-26,13.375,13.375,13.125,13.375,11.669771194458008,1200
1998-02-27,13.375,13.375,13.375,13.375,11.669771194458008,0
1998-03-02,13.375,13.375,13.375,13.375,11.669771194458008,0
1998-03-03,13.046875,13.125,13.046875,13.046875,11.383480072021484,400
1998-03-04,13.25,13.25,13.0,13.25,11.560708999633789,300
1998-03-05,13.0,13.0,13.0,13.0,11.342581748962402,100
1998-03-06,13.5,13.5,13.0,13.5,11.77883529663086,5400
1998-03-09,13.5,13.5,13.5,13.5,11.77883529663086,0
1998-03-10,13.25,13.25,12.546875,13.25,11.560708999633789,7700
1998-03-11,12.625,13.5,12.625,12.625,11.015392303466797,700
1998-03-12,13.0,13.0,13.0,13.0,11.342581748962402,600
1998-03-13,13.625,13.625,13.625,13.625,11.887898445129395,500
1998-03-16,14.5,14.5,14.0,14.5,12.651339530944824,15900
1998-03-17,14.5,14.5,14.5,14.5,12.651339530944824,0
1998-03-18,15.0,15.0,14.875,15.0,13.087594032287598,3000
1998-03-19,14.25,14.25,14.125,14.25,12.433215141296387,1400
1998-03-20,14.875,14.875,14.375,14.875,12.978531837463379,1600
1998-03-23,14.875,14.875,14.375,14.875,12.978531837463379,700
1998-03-24,14.875,14.875,14.25,14.875,12.978531837463379,3000
1998-03-25,14.5,14.5,14.5,14.5,12.651339530944824,200
1998-03-26,14.375,14.375,14.375,14.375,12.542278289794922,100
1998-03-27,14.375,14.75,14.375,14.375,12.542278289794922,700
1998-03-30,14.375,15.0,14.375,14.375,12.542278289794922,800
1998-03-31,14.375,14.375,14.375,14.375,12.542278289794922,0
1998-04-01,14.375,15.0,14.375,14.375,12.542278289794922,20400
1998-04-02,16.0,16.0,15.625,16.0,13.960102081298828,6000
1998-04-03,16.0,16.0,16.0,16.0,13.960102081298828,0
1998-04-06,15.375,15.5,15.0,15.375,13.41478443145752,1200
1998-04-07,15.125,15.125,15.125,15.125,13.196657180786133,200
1998-04-08,15.125,15.125,15.125,15.125,13.196657180786133,0
1998-04-09,15.5,15.5,15.5,15.5,13.523847579956055,200
1998-04-13,15.5,15.5,15.25,15.5,13.523847579956055,3400
1998-04-14,15.5,15.5,15.5,15.5,13.523847579956055,0
1998-04-15,15.5,15.5,15.5,15.5,13.523847579956055,300
1998-04-16,15.25,15.25,15.25,15.25,13.3057222366333,300
1998-04-17,15.25,15.25,15.25,15.25,13.3057222366333,0
1998-04-20,15.5,15.5,15.25,15.5,13.523847579956055,1100
1998-04-21,15.5,15.5,15.5,15.5,13.523847579956055,0
1998-04-22,15.375,15.625,15.375,15.375,13.41478443145752,11100
1998-04-23,15.375,15.375,15.375,15.375,13.41478443145752,0
1998-04-24,16.5,16.5,16.5,16.5,14.396353721618652,500
1998-04-27,16.5,16.5,16.5,16.5,14.396353721618652,0
1998-04-28,15.25,15.375,15.25,15.375,13.41478443145752,300
1998-04-29,15.625,16.0,15.625,16.0,13.960102081298828,1600
1998-04-30,16.0,16.0,16.0,16.0,13.960102081298828,0
1998-05-01,16.5,16.5,16.421875,16.421875,14.3281888961792,4100
1998-05-04,16.5,17.0,16.5,16.5,14.396353721618652,1100
1998-05-05,16.421875,16.875,16.421875,16.875,14.723543167114258,1500
1998-05-06,16.5,16.875,16.5,16.875,14.723543167114258,2500
1998-05-07,16.75,17.0,16.75,17.0,14.832609176635742,6000
1998-05-08,17.0,17.0,17.0,17.0,14.832609176635742,0
1998-05-11,16.5,18.375,16.5,18.375,16.032302856445312,7200
1998-05-12,17.0,18.5,17.0,18.5,16.141366958618164,700
1998-05-13,18.5,18.5,18.5,18.5,16.141366958618164,300
1998-05-14,19.25,19.25,18.5,19.0,16.57762336730957,5700
1998-05-15,18.5,18.5,17.75,18.5,16.141366958618164,2100
1998-05-18,18.5,18.5,18.5,18.5,16.141366958618164,0
1998-05-19,17.5,18.0,17.5,18.0,15.705113410949707,300
1998-05-20,17.0,17.0,17.0,17.0,14.832609176635742,100
1998-05-21,17.0,17.0,17.0,17.0,14.832609176635742,0
1998-05-22,16.75,17.375,16.75,16.75,14.614479064941406,1200
1998-05-26,18.25,18.25,16.0,16.375,14.287291526794434,8700
1998-05-27,15.5,16.5,15.5,16.5,14.396353721618652,2600
1998-05-28,15.5,16.5,15.5,16.0,13.960102081298828,1000
1998-05-29,15.5,16.0,14.0,16.0,13.960102081298828,19900
1998-06-01,16.171875,16.171875,16.171875,16.171875,14.110062599182129,400
1998-06-02,16.171875,16.171875,16.171875,16.171875,14.110062599182129,0
1998-06-03,17.0,17.0,17.0,17.0,14.832609176635742,1400
1998-06-04,17.0,17.0,17.0,17.0,14.832609176635742,0
1998-06-05,15.0,16.25,15.0,16.25,14.178228378295898,10800
1998-06-08,16.0,16.25,16.0,16.25,14.178228378295898,3600
1998-06-09,16.0,16.0,16.0,16.0,13.960102081298828,300
1998-06-10,16.5,16.5,16.0,16.5,14.396353721618652,500
1998-06-11,16.5,16.5,16.5,16.5,14.396353721618652,0
1998-06-12,16.5,16.5,16.5,16.5,14.396353721618652,0
1998-06-15,16.0,16.0,16.0,16.0,13.960102081298828,200
1998-06-16,15.0,15.0,15.0,15.0,13.087594032287598,100
1998-06-17,16.0,16.0,15.0,16.0,13.960102081298828,1700
1998-06-18,16.75,16.75,15.75,15.75,13.741973876953125,1100
1998-06-19,15.75,15.75,15.75,15.75,13.741973876953125,0
1998-06-22,15.75,15.75,15.75,15.75,13.741973876953125,0
1998-06-23,15.75,15.75,15.75,15.75,13.741973876953125,0
1998-06-24,15.0,15.0,15.0,15.0,13.087594032287598,300
1998-06-25,15.0,16.75,15.0,16.75,14.614479064941406,1000
1998-06-26,16.75,16.75,16.75,16.75,14.614479064941406,1700
1998-06-29,16.25,16.25,16.25,16.25,14.178228378295898,900
1998-06-30,17.5,17.5,17.5,17.5,15.268860816955566,200
1998-07-01,17.5,17.5,17.5,17.5,15.268860816955566,0
1998-07-02,16.25,17.0,14.75,17.0,14.832609176635742,1600
1998-07-06,17.0,17.0,17.0,17.0,14.832609176635742,200
1998-07-07,17.5,17.75,17.5,17.75,15.486987113952637,4100
1998-07-08,18.0,18.0,18.0,18.0,15.705113410949707,500
1998-07-09,18.5,18.5,18.5,18.5,16.141366958618164,2000
1998-07-10,17.0,18.5,17.0,18.5,16.141366958618164,2300
1998-07-13,18.5,18.5,18.5,18.5,16.141366958618164,0
1998-07-14,18.5,18.5,18.0,18.0,15.705113410949707,1000
1998-07-15,18.0,18.0,18.0,18.0,15.705113410949707,0
1998-07-16,17.0,18.0,16.5,18.0,15.705113410949707,9000
1998-07-17,16.5,16.5,15.25,16.0,13.960102081298828,19200
1998-07-20,15.0,17.375,15.0,17.375,15.159794807434082,3500
1998-07-21,15.25,16.0,15.25,16.0,13.960102081298828,1400
1998-07-22,16.0,16.0,16.0,16.0,13.960102081298828,0
1998-07-23,15.046875,15.75,15.046875,15.75,13.741973876953125,1200
1998-07-24,15.5,15.5,15.0,15.0,13.087594032287598,1100
1998-07-27,15.0,15.0,14.875,14.875,12.978531837463379,2900
1998-07-28,15.0,15.0,14.75,14.75,12.869466781616211,1800
1998-07-29,14.5,14.5,14.5,14.5,12.651339530944824,700
1998-07-30,14.0,14.25,13.75,14.25,12.433215141296387,1300
1998-07-31,13.5,13.5,13.5,13.5,11.77883529663086,200
1998-08-03,13.0,13.0,12.125,12.125,10.579137802124023,8200
1998-08-04,12.0,12.0,11.875,11.875,10.361010551452637,14300
1998-08-05,11.5,13.0,11.5,12.0,10.470076560974121,3200
1998-08-06,11.5,13.0,11.5,13.0,11.342581748962402,4500
1998-08-07,12.0,13.0,12.0,13.0,11.342581748962402,400
1998-08-10,13.0,13.0,12.5,12.5,10.906330108642578,900
1998-08-11,11.0,12.0,11.0,12.0,10.470076560974121,3000
1998-08-12,12.125,12.125,12.125,12.125,10.579137802124023,3000
1998-08-13,11.75,11.75,11.75,11.75,10.25195026397705,200
1998-08-14,12.0,12.0,12.0,12.0,10.470076560974121,600
1998-08-17,13.0,13.0,13.0,13.0,11.342581748962402,1000
1998-08-18,12.0,12.0,12.0,12.0,10.470076560974121,100
1998-08-19,13.921875,14.0,13.5,13.5,11.77883529663086,4300
1998-08-20,12.0,14.0,12.0,14.0,12.215088844299316,600
1998-08-21,14.0,14.0,14.0,14.0,12.215088844299316,0
1998-08-24,13.0,13.0,13.0,13.0,11.342581748962402,800
1998-08-25,13.0,13.0,13.0,13.0,11.342581748962402,100
1998-08-26,12.0,12.0,12.0,12.0,10.470076560974121,100
1998-08-27,12.0,12.0,12.0,12.0,10.470076560974121,0
1998-08-28,12.0,12.0,12.0,12.0,10.470076560974121,0
1998-08-31,11.875,12.75,11.875,11.875,10.361010551452637,5600
1998-09-01,12.0,12.0,12.0,12.0,10.470076560974121,300
1998-09-02,12.0,12.0,12.0,12.0,10.470076560974121,0
1998-09-03,12.0,12.0,12.0,12.0,10.470076560974121,5000
1998-09-04,12.0,12.0,12.0,12.0,10.470076560974121,200
1998-09-08,13.0,13.0,13.0,13.0,11.342581748962402,700
1998-09-09,13.0,13.0,13.0,13.0,11.342581748962402,0
1998-09-10,13.0,13.0,13.0,13.0,11.342581748962402,0
1998-09-11,12.875,12.875,12.875,12.875,11.23351764678955,500
1998-09-14,12.5,12.5,12.5,12.5,10.906330108642578,300
1998-09-15,12.5,12.5,12.5,12.5,10.906330108642578,200
1998-09-16,13.0,13.0,13.0,13.0,11.342581748962402,200
1998-09-17,12.5,12.875,12.5,12.875,11.23351764678955,500
1998-09-18,12.875,12.875,12.875,12.875,11.23351764678955,600
1998-09-21,12.875,12.875,12.875,12.875,11.23351764678955,0
1998-09-22,12.125,12.125,12.125,12.125,10.579137802124023,200
1998-09-23,12.875,12.875,12.875,12.875,11.23351764678955,100
1998-09-24,12.875,12.875,12.875,12.875,11.23351764678955,200
1998-09-25,12.0,12.0,12.0,12.0,10.470076560974121,300
1998-09-28,12.0,12.0,12.0,12.0,10.470076560974121,0
1998-09-29,11.75,12.0,11.75,12.0,10.470076560974121,5000
1998-09-30,11.046875,11.046875,11.046875,11.046875,9.638467788696289,400
1998-10-01,11.046875,11.046875,11.046875,11.046875,9.638467788696289,0
1998-10-02,11.046875,11.046875,11.046875,11.046875,9.638467788696289,0
1998-10-05,11.046875,11.25,11.046875,11.25,9.815694808959961,1000
1998-10-06,11.25,11.25,11.25,11.25,9.815694808959961,0
1998-10-07,11.5,11.5,11.5,11.5,10.03382396697998,200
1998-10-08,11.5,11.5,11.5,11.5,10.03382396697998,0
1998-10-09,11.5,11.5,11.5,11.5,10.03382396697998,0
1998-10-12,11.5,11.5,11.5,11.5,10.03382396697998,0
1998-10-13,11.5,11.5,11.5,11.5,10.03382396697998,0
1998-10-14,14.0,14.0,14.0,14.0,12.215088844299316,200
1998-10-15,14.0,14.0,14.0,14.0,12.215088844299316,0
1998-10-16,11.546875,12.0,11.546875,12.0,10.470076560974121,1100
1998-10-19,13.875,13.875,13.875,13.875,12.106025695800781,1400
1998-10-20,13.546875,13.546875,13.546875,13.546875,11.819735527038574,400
1998-10-21,14.0,15.0,14.0,15.0,13.087594032287598,1200
1998-10-22,13.578125,14.5,13.578125,14.5,12.651339530944824,800
1998-10-23,14.0,14.0,14.0,14.0,12.215088844299316,4500
1998-10-26,14.0,14.0,14.0,14.0,12.215088844299316,0
1998-10-27,13.25,13.375,13.25,13.375,11.669771194458008,1800
1998-10-28,13.375,13.375,13.375,13.375,11.669771194458008,0
1998-10-29,13.375,13.375,13.0,13.0,11.342581748962402,2700
1998-10-30,13.0,13.0,13.0,13.0,11.342581748962402,8000
1998-11-02,13.0,13.125,13.0,13.125,11.45164680480957,7000
1998-11-03,13.0,13.0,13.0,13.0,11.342581748962402,200
1998-11-04,13.0,13.0,13.0,13.0,11.342581748962402,0
1998-11-05,13.046875,13.046875,12.75,12.75,11.124456405639648,800
1998-11-06,13.0,13.296875,12.75,12.75,11.124456405639648,5300
1998-11-09,12.5,12.5,12.5,12.5,10.906330108642578,800
1998-11-10,12.5,12.5,12.5,12.5,10.906330108642578,0
1998-11-11,12.5,12.5,12.5,12.5,10.906330108642578,0
1998-11-12,12.5,12.5,12.5,12.5,10.906330108642578,0
1998-11-13,12.5,12.5,12.5,12.5,10.906330108642578,0
1998-11-16,12.75,12.75,12.75,12.75,11.124456405639648,1000
1998-11-17,12.75,12.75,12.75,12.75,11.124456405639648,0
1998-11-18,12.5,12.5,12.0,12.25,10.688200950622559,3200
1998-11-19,11.75,12.0,11.125,12.0,10.470076560974121,6600
1998-11-20,12.0,12.0,12.0,12.0,10.470076560974121,0
1998-11-23,12.5,12.75,12.25,12.25,10.688200950622559,700
1998-11-24,13.0,13.0,12.625,12.625,11.015392303466797,300
1998-11-25,12.625,12.75,12.625,12.75,11.124456405639648,1600
1998-11-27,12.75,12.75,12.75,12.75,11.124456405639648,500
1998-11-30,12.625,13.5,12.625,12.75,11.124456405639648,900
1998-12-01,12.75,12.75,12.75,12.75,11.124456405639648,100
1998-12-02,12.75,12.75,12.75,12.75,11.124456405639648,0
1998-12-03,12.75,12.75,12.75,12.75,11.124456405639648,0
1998-12-04,13.25,13.25,12.75,12.75,11.124456405639648,200
1998-12-07,12.75,12.75,12.75,12.75,11.124456405639648,0
1998-12-08,12.75,13.25,12.75,13.0,11.342581748962402,500
1998-12-09,13.25,13.25,13.25,13.25,11.560708999633789,400
1998-12-10,13.25,13.25,13.25,13.25,11.560708999633789,400
1998-12-11,13.25,13.25,13.25,13.25,11.560708999633789,0
1998-12-14,13.75,13.75,13.75,13.75,11.996960639953613,100
1998-12-15,13.75,13.75,13.75,13.75,11.996960639953613,0
1998-12-16,13.75,13.75,13.75,13.75,11.996960639953613,0
1998-12-17,13.25,13.25,13.25,13.25,11.560708999633789,1000
1998-12-18,13.375,13.375,13.0,13.0,11.342581748962402,1900
1998-12-21,13.0,13.0,13.0,13.0,11.342581748962402,100
1998-12-22,13.0,13.0,13.0,13.0,11.342581748962402,0
1998-12-23,13.0,13.0,13.0,13.0,11.342581748962402,400
1998-12-24,13.0,13.125,12.875,13.125,11.45164680480957,1300
1998-12-28,13.0,13.046875,13.0,13.046875,11.383480072021484,3100
1998-12-29,12.625,13.0,12.625,13.0,11.342581748962402,1400
1998-12-30,12.875,13.046875,12.5,13.0,11.342581748962402,3100
1998-12-31,12.75,13.0,11.046875,12.75,11.124456405639648,106800
1999-01-04,12.75,12.75,12.75,12.75,11.124456405639648,0
1999-01-05,13.125,13.125,13.125,13.125,11.45164680480957,900
1999-01-06,13.0,13.0,13.0,13.0,11.342581748962402,700
1999-01-07,13.0,13.0,13.0,13.0,11.342581748962402,0
1999-01-08,13.0,13.0,13.0,13.0,11.342581748962402,0
1999-01-11,13.0,13.0,13.0,13.0,11.342581748962402,0
1999-01-12,13.5,13.5,13.5,13.5,11.77883529663086,400
1999-01-13,13.25,13.25,13.0,13.0,11.342581748962402,800
1999-01-14,13.0,13.0,13.0,13.0,11.342581748962402,0
1999-01-15,13.5,13.5,13.5,13.5,11.77883529663086,100
1999-01-19,13.0,13.046875,12.625,13.0,11.342581748962402,1700
1999-01-20,11.75,11.921875,11.5,11.921875,10.401910781860352,500
1999-01-21,11.375,12.25,11.375,12.25,10.688200950622559,6100
1999-01-22,11.25,11.25,11.25,11.25,9.815694808959961,200
1999-01-25,11.5,11.5,11.0,11.125,9.706631660461426,26400
1999-01-26,11.125,11.5,10.75,10.75,9.37944221496582,36800
1999-01-27,11.0,11.0,10.671875,10.875,9.488505363464355,21400
1999-01-28,10.875,10.875,10.875,10.875,9.488505363464355,4500
1999-01-29,10.375,11.0,10.296875,10.375,9.052253723144531,31600
1999-02-01,10.25,10.25,10.25,10.25,8.943188667297363,500
1999-02-02,10.046875,10.375,10.0,10.0,8.72506332397461,8700
1999-02-03,10.75,10.75,10.75,10.75,9.37944221496582,200
1999-02-04,9.796875,9.796875,9.796875,9.796875,8.547834396362305,29000
1999-02-05,9.75,10.375,9.75,10.0,8.72506332397461,6200
1999-02-08,10.0,10.0,10.0,10.0,8.72506332397461,0
1999-02-09,10.375,10.375,10.375,10.375,9.052253723144531,1000
1999-02-10,10.375,10.375,10.375,10.375,9.052253723144531,1000
1999-02-11,10.0,10.0,10.0,10.0,8.72506332397461,100
1999-02-12,10.75,10.75,10.5,10.5,9.161316871643066,2100
1999-02-16,10.5,10.5,10.5,10.5,9.161316871643066,0
1999-02-17,10.546875,10.546875,10.546875,10.546875,9.202217102050781,300
1999-02-18,10.546875,10.625,10.546875,10.625,9.270379066467285,1600
1999-02-19,10.625,10.625,10.625,10.625,9.270379066467285,0
1999-02-22,10.0,11.0,10.0,11.0,9.597567558288574,4400
1999-02-23,10.0,10.25,10.0,10.25,8.943188667297363,4100
1999-02-24,10.25,10.25,10.25,10.25,8.943188667297363,0
1999-02-25,10.25,10.25,10.25,10.25,8.943188667297363,0
1999-02-26,10.25,10.25,10.25,10.25,8.943188667297363,0
1999-03-01,10.25,10.25,10.25,10.25,8.943188667297363,0
1999-03-02,9.625,9.625,9.625,9.625,8.397872924804688,100
1999-03-03,9.625,9.625,9.625,9.625,8.397872924804688,0
1999-03-04,9.625,9.625,9.625,9.625,8.397872924804688,0
1999-03-05,11.0,11.0,9.625,9.625,8.397872924804688,2000
1999-03-08,10.0,10.0,10.0,10.0,8.72506332397461,100
1999-03-09,10.0,10.0,10.0,10.0,8.72506332397461,0
1999-03-10,9.875,11.0,9.0,11.0,9.597567558288574,4800
1999-03-11,11.0,11.0,11.0,11.0,9.597567558288574,0
1999-03-12,11.0,11.0,11.0,11.0,9.597567558288574,0
1999-03-15,9.5,10.0,9.5,10.0,8.72506332397461,800
1999-03-16,9.125,9.125,9.125,9.125,7.9616193771362305,200
1999-03-17,9.125,9.125,9.125,9.125,7.9616193771362305,0
1999-03-18,9.125,9.125,9.125,9.125,7.9616193771362305,0
1999-03-19,9.125,9.125,9.125,9.125,7.9616193771362305,0
1999-03-22,9.1875,9.75,9.1875,9.75,8.506937980651855,1200
1999-03-23,9.375,10.5,9.25,10.5,9.161316871643066,1200
1999-03-24,10.0,10.0,9.25,9.75,8.506937980651855,1800
1999-03-25,9.75,9.75,9.125,9.125,7.9616193771362305,300
1999-03-26,9.5,9.5,9.125,9.125,7.9616193771362305,1600
1999-03-29,9.4375,9.4375,9.4375,9.4375,8.234277725219727,2000
1999-03-30,9.4375,9.4375,9.4375,9.4375,8.234277725219727,0
1999-03-31,9.0,9.25,9.0,9.25,8.070683479309082,4500
1999-04-01,9.25,9.25,8.0,8.5,7.416304588317871,13600
1999-04-05,8.75,8.75,8.75,8.75,7.634430408477783,300
1999-04-06,8.875,9.25,8.875,9.25,8.070683479309082,2300
1999-04-07,9.25,9.25,9.25,9.25,8.070683479309082,1400
1999-04-08,9.25,9.5,9.25,9.5,8.288811683654785,700
1999-04-09,9.25,9.25,9.25,9.25,8.070683479309082,900
1999-04-12,9.25,10.125,9.25,10.125,8.834127426147461,3000
1999-04-13,9.75,10.0,9.75,10.0,8.72506332397461,500
1999-04-14,9.75,9.875,9.625,9.625,8.397872924804688,6500
1999-04-15,9.625,9.625,9.625,9.625,8.397872924804688,0
1999-04-16,10.625,10.625,10.625,10.625,9.270379066467285,100
1999-04-19,10.625,10.625,10.625,10.625,9.270379066467285,0
1999-04-20,10.625,10.625,10.625,10.625,9.270379066467285,0
1999-04-21,10.625,10.625,10.625,10.625,9.270379066467285,0
1999-04-22,10.625,10.625,10.625,10.625,9.270379066467285,0
1999-04-23,10.625,10.625,10.625,10.625,9.270379066467285,0
1999-04-26,11.0,11.0,10.5,10.5,9.161316871643066,3300
1999-04-27,10.5,11.0,10.5,11.0,9.597567558288574,600
1999-04-28,10.5,10.5,10.5,10.5,9.161316871643066,500
1999-04-29,10.5,10.5,10.375,10.5,9.161316871643066,5500
1999-04-30,10.75,11.0,10.75,11.0,9.597567558288574,1900
1999-05-03,11.5,13.0,11.5,12.75,11.124456405639648,4300
1999-05-04,12.0,12.375,11.875,12.0,10.470076560974121,9200
1999-05-05,13.0,13.0,12.25,12.25,10.688200950622559,1600
1999-05-06,13.0,13.25,12.875,13.0,11.342581748962402,6100
1999-05-07,13.0,13.0,13.0,13.0,11.342581748962402,2000
1999-05-10,13.25,13.25,13.0,13.0,11.342581748962402,2400
1999-05-11,13.125,13.125,12.5,12.5,10.906330108642578,800
1999-05-12,13.0,13.0,12.25,12.25,10.688200950622559,700
1999-05-13,12.875,12.875,11.625,12.375,10.797266960144043,2500
1999-05-14,12.375,13.125,12.375,13.125,11.45164680480957,2000
1999-05-17,13.125,13.125,12.5,12.5,10.906330108642578,1500
1999-05-18,12.5,12.875,12.5,12.625,11.015392303466797,1000
1999-05-19,12.625,12.625,12.375,12.375,10.797266960144043,2800
1999-05-20,12.625,12.625,11.5,12.625,11.015392303466797,2600
1999-05-21,12.625,12.625,12.625,12.625,11.015392303466797,1000
1999-05-24,12.625,12.625,12.3125,12.3125,10.7427339553833,1300
1999-05-25,12.25,12.4375,12.25,12.375,10.797266960144043,1500
1999-05-26,12.125,12.25,12.0,12.25,10.688200950622559,4400
1999-05-27,11.625,11.625,11.0,11.5,10.03382396697998,1200
1999-05-28,12.0,12.0,10.875,10.875,9.488505363464355,2700
1999-06-01,11.625,12.125,11.25,11.25,9.815694808959961,400
1999-06-02,11.25,11.25,11.25,11.25,9.815694808959961,0
1999-06-03,10.875,10.875,10.875,10.875,9.488505363464355,400
1999-06-04,10.875,10.875,10.875,10.875,9.488505363464355,0
1999-06-07,11.75,11.75,11.75,11.75,10.25195026397705,2400
1999-06-08,10.625,10.625,10.625,10.625,9.270379066467285,200
1999-06-09,10.625,11.0,10.625,11.0,9.597567558288574,800
1999-06-10,11.0,11.0,11.0,11.0,9.597567558288574,0
1999-06-11,10.875,10.875,10.875,10.875,9.488505363464355,900
1999-06-14,11.3125,11.3125,10.625,10.625,9.270379066467285,900
1999-06-15,11.0,11.25,11.0,11.25,9.815694808959961,4500
1999-06-16,11.25,11.25,11.25,11.25,9.815694808959961,0
1999-06-17,11.5,11.5,11.5,11.5,10.03382396697998,1200
1999-06-18,11.8125,12.0,11.8125,12.0,10.470076560974121,1400
1999-06-21,12.25,12.25,11.625,12.25,10.688200950622559,2900
1999-06-22,12.0,12.0,12.0,12.0,10.470076560974121,1100
1999-06-23,11.5,11.5,11.5,11.5,10.03382396697998,7800
1999-06-24,11.5,11.5,11.5,11.5,10.03382396697998,0
1999-06-25,11.5,11.5,11.5,11.5,10.03382396697998,0
1999-06-28,11.5,11.5,11.5,11.5,10.03382396697998,0
1999-06-29,12.5,12.5,12.5,12.5,10.906330108642578,500
1999-06-30,12.5,12.5,12.5,12.5,10.906330108642578,0
1999-07-01,12.5,12.5,12.5,12.5,10.906330108642578,0
1999-07-02,12.5,12.5,12.5,12.5,10.906330108642578,0
1999-07-06,12.5,12.5,12.5,12.5,10.906330108642578,0
1999-07-07,11.8125,11.8125,11.8125,11.8125,10.306479454040527,100
1999-07-08,11.0,11.0,11.0,11.0,9.597567558288574,200
1999-07-09,11.0,11.0,11.0,11.0,9.597567558288574,500
1999-07-12,11.5,11.5,11.0,11.0,9.597567558288574,1800
1999-07-13,11.0,11.0,11.0,11.0,9.597567558288574,0
1999-07-14,11.25,11.25,11.25,11.25,9.815694808959961,400
1999-07-15,11.25,11.25,11.25,11.25,9.815694808959961,1100
1999-07-16,11.25,11.25,11.25,11.25,9.815694808959961,0
1999-07-19,11.25,11.25,11.25,11.25,9.815694808959961,0
1999-07-20,11.25,11.25,11.125,11.25,9.815694808959961,15000
1999-07-21,11.25,11.25,11.25,11.25,9.815694808959961,8900
1999-07-22,11.25,11.25,11.25,11.25,9.815694808959961,0
1999-07-23,11.25,11.25,11.25,11.25,9.815694808959961,0
1999-07-26,11.25,11.25,11.25,11.25,9.815694808959961,0
1999-07-27,11.75,11.75,11.75,11.75,10.25195026397705,700
1999-07-28,11.0,11.0,11.0,11.0,9.597567558288574,600
1999-07-29,11.0,11.0,11.0,11.0,9.597567558288574,1600
1999-07-30,11.0,11.0,11.0,11.0,9.597567558288574,0
1999-08-02,11.75,11.75,11.75,11.75,10.25195026397705,100
1999-08-03,11.0,11.0,11.0,11.0,9.597567558288574,400
1999-08-04,11.0,11.0,11.0,11.0,9.597567558288574,0
1999-08-05,11.0,11.0,11.0,11.0,9.597567558288574,0
1999-08-06,11.0,11.0,11.0,11.0,9.597567558288574,0
1999-08-09,11.0,11.0,11.0,11.0,9.597567558288574,200
1999-08-10,11.125,11.125,11.125,11.125,9.706631660461426,200
1999-08-11,11.0,11.0,11.0,11.0,9.597567558288574,100
1999-08-12,11.25,11.25,11.25,11.25,9.815694808959961,100
1999-08-13,11.25,11.25,11.25,11.25,9.815694808959961,0
1999-08-16,11.25,11.25,11.25,11.25,9.815694808959961,0
1999-08-17,11.25,11.25,11.25,11.25,9.815694808959961,0
1999-08-18,11.25,11.25,11.25,11.25,9.815694808959961,0
1999-08-19,11.0,11.0,11.0,11.0,9.597567558288574,1000
1999-08-20,11.0625,11.0625,11.0625,11.0625,9.652101516723633,200
1999-08-23,11.0625,11.0625,11.0625,11.0625,9.652101516723633,0
1999-08-24,11.0625,11.0625,11.0625,11.0625,9.652101516723633,200
1999-08-25,11.0625,11.0625,11.0625,11.0625,9.652101516723633,0
1999-08-26,11.0625,11.0625,11.0,11.0,9.597567558288574,3000
1999-08-27,11.0,11.0,11.0,11.0,9.597567558288574,400
1999-08-30,11.25,11.25,11.0,11.0,9.597567558288574,1300
1999-08-31,11.125,11.25,11.125,11.25,9.815694808959961,5400
1999-09-01,11.5,11.5,11.0,11.0,9.597567558288574,11200
1999-09-02,11.0,11.0,11.0,11.0,9.597567558288574,0
1999-09-03,11.0,11.0,11.0,11.0,9.597567558288574,0
1999-09-07,11.0,11.0,11.0,11.0,9.597567558288574,0
1999-09-08,11.0,11.0,11.0,11.0,9.597567558288574,500
1999-09-09,11.0,11.0,11.0,11.0,9.597567558288574,0
1999-09-10,11.0,11.0,11.0,11.0,9.597567558288574,0
1999-09-13,11.0,11.0,11.0,11.0,9.597567558288574,700
1999-09-14,11.25,11.25,11.25,11.25,9.815694808959961,3000
1999-09-15,11.5,11.5,11.5,11.5,10.03382396697998,1100
1999-09-16,11.5,11.5,11.5,11.5,10.03382396697998,0
1999-09-17,11.5,11.5,11.5,11.5,10.03382396697998,0
1999-09-20,11.5,11.5,11.5,11.5,10.03382396697998,0
1999-09-21,11.0,11.5,11.0,11.0,9.597567558288574,12000
1999-09-22,11.875,11.875,11.0,11.0,9.597567558288574,15600
1999-09-23,11.0,11.0,11.0,11.0,9.597567558288574,0
1999-09-24,11.0625,11.5,11.0625,11.5,10.03382396697998,800
1999-09-27,11.5,11.5,11.5,11.5,10.03382396697998,300
1999-09-28,11.5,11.5,11.5,11.5,10.03382396697998,200
1999-09-29,11.5,11.5,10.5,10.5,9.161316871643066,22800
1999-09-30,11.0,11.0,10.75,10.8125,9.433976173400879,69500
1999-10-01,11.0,11.0,10.875,10.875,9.488505363464355,4800
1999-10-04,10.625,10.875,10.625,10.625,9.270379066467285,6000
1999-10-05,10.625,10.625,10.625,10.625,9.270379066467285,5300
1999-10-06,10.625,10.75,10.5625,10.625,9.270379066467285,11400
1999-10-07,10.875,11.0,10.875,11.0,9.597567558288574,1700
1999-10-08,11.0,11.0,11.0,11.0,9.597567558288574,0
1999-10-11,11.625,11.625,11.625,11.625,10.142889022827148,2000
1999-10-12,11.0,11.0,11.0,11.0,9.597567558288574,200
1999-10-13,11.0,11.125,11.0,11.125,9.706631660461426,17600
1999-10-14,11.125,11.125,11.125,11.125,9.706631660461426,0
1999-10-15,11.0,11.0,11.0,11.0,9.597567558288574,1000
1999-10-18,11.0,11.0,11.0,11.0,9.597567558288574,0
1999-10-19,11.0,11.0625,11.0,11.0,9.597567558288574,2100
1999-10-20,11.0,11.0,11.0,11.0,9.597567558288574,1100
1999-10-21,11.0,11.0,11.0,11.0,9.597567558288574,0
1999-10-22,11.0,11.0,11.0,11.0,9.597567558288574,200
1999-10-25,11.25,11.25,11.25,11.25,9.815694808959961,100
1999-10-26,11.25,11.25,11.25,11.25,9.815694808959961,500
1999-10-27,11.25,11.25,11.25,11.25,9.815694808959961,0
1999-10-28,11.0,11.0,11.0,11.0,9.597567558288574,600
1999-10-29,11.0,11.0,11.0,11.0,9.597567558288574,0
1999-11-01,11.0,11.0,11.0,11.0,9.597567558288574,0
1999-11-02,11.0,11.0,11.0,11.0,9.597567558288574,0
1999-11-03,11.0625,11.5,11.0625,11.5,10.03382396697998,3000
1999-11-04,11.5,11.5,10.875,10.875,9.488505363464355,2100
1999-11-05,10.875,10.875,10.875,10.875,9.488505363464355,0
1999-11-08,10.875,10.875,10.875,10.875,9.488505363464355,0
1999-11-09,11.0,11.0,11.0,11.0,9.597567558288574,100
1999-11-10,11.0,11.0,11.0,11.0,9.597567558288574,0
1999-11-11,11.0625,11.0625,11.0,11.0,9.597567558288574,21300
1999-11-12,11.0,11.0,11.0,11.0,9.597567558288574,1000
1999-11-15,11.0,11.125,10.875,11.0,9.597567558288574,13100
1999-11-16,10.875,10.875,10.875,10.875,9.488505363464355,1500
1999-11-17,11.0,11.3125,10.875,10.875,9.488505363464355,3100
1999-11-18,10.75,10.75,10.75,10.75,9.37944221496582,2200
1999-11-19,10.875,11.0,10.875,11.0,9.597567558288574,4300
1999-11-22,10.75,10.875,10.75,10.75,9.37944221496582,2100
1999-11-23,10.875,10.875,10.5,10.5,9.161316871643066,2200
1999-11-24,10.5,10.5,10.5,10.5,9.161316871643066,500
1999-11-26,10.875,11.0,10.875,11.0,9.597567558288574,5200
1999-11-29,11.0,11.0,11.0,11.0,9.597567558288574,0
1999-11-30,10.75,10.75,10.75,10.75,9.37944221496582,700
1999-12-01,10.8125,10.875,10.75,10.75,9.37944221496582,5900
1999-12-02,10.75,10.75,10.75,10.75,9.37944221496582,200
1999-12-03,10.875,10.875,10.75,10.75,9.37944221496582,2500
1999-12-06,10.625,10.625,10.625,10.625,9.270379066467285,400
1999-12-07,10.625,10.6875,9.75,9.875,8.616000175476074,3300
1999-12-08,9.875,10.5,9.75,10.25,8.943188667297363,11000
1999-12-09,10.125,12.0,10.0,12.0,10.470076560974121,3100
1999-12-10,12.0,12.0,12.0,12.0,10.470076560974121,3200
1999-12-13,12.0,12.0,12.0,12.0,10.470076560974121,2900
1999-12-14,12.0,12.0,12.0,12.0,10.470076560974121,500
1999-12-15,12.0,12.0,11.625,11.625,10.142889022827148,2000
1999-12-16,11.625,11.625,11.625,11.625,10.142889022827148,0
1999-12-17,11.625,11.625,11.625,11.625,10.142889022827148,0
1999-12-20,10.75,10.75,10.75,10.75,9.37944221496582,1400
1999-12-21,11.0,11.0,11.0,11.0,9.597567558288574,3200
1999-12-22,11.0,11.5,11.0,11.5,10.03382396697998,700
1999-12-23,11.0625,11.0625,11.0625,11.0625,9.652101516723633,300
1999-12-27,11.0625,12.375,11.0625,12.375,10.797266960144043,300
1999-12-28,11.0625,11.125,10.75,11.125,9.706631660461426,4900
1999-12-29,11.125,11.125,11.125,11.125,9.706631660461426,0
1999-12-30,11.5,11.5,11.5,11.5,10.03382396697998,1600
1999-12-31,11.5,11.5,11.5,11.5,10.03382396697998,100
2000-01-03,11.5,11.5,11.5,11.5,10.03382396697998,100
2000-01-04,11.25,11.25,11.25,11.25,9.815694808959961,100
2000-01-05,11.25,11.25,11.25,11.25,9.815694808959961,100
2000-01-06,11.25,11.25,11.25,11.25,9.815694808959961,0
2000-01-07,11.25,11.25,11.25,11.25,9.815694808959961,0
2000-01-10,11.25,11.25,11.25,11.25,9.815694808959961,600
2000-01-11,11.5,11.5,10.5,11.0,9.597567558288574,10200
2000-01-12,11.0,11.0,11.0,11.0,9.597567558288574,0
2000-01-13,11.0,11.0,11.0,11.0,9.597567558288574,0
2000-01-14,11.0,11.0,11.0,11.0,9.597567558288574,0
2000-01-18,10.5,11.5,10.5,11.5,10.03382396697998,1100
2000-01-19,11.5,11.5,11.5,11.5,10.03382396697998,0
2000-01-20,10.5,11.75,10.5,11.75,10.25195026397705,400
2000-01-21,11.3125,11.3125,11.0,11.0,9.597567558288574,300
2000-01-24,11.0,11.0,10.125,10.4375,9.106782913208008,16900
2000-01-25,10.5,10.5,10.5,10.5,9.161316871643066,5000
2000-01-26,10.5,10.5,10.5,10.5,9.161316871643066,500
2000-01-27,10.375,10.375,10.375,10.375,9.052253723144531,1000
2000-01-28,9.875,10.0,9.875,9.875,8.616000175476074,500
2000-01-31,9.875,9.875,9.875,9.875,8.616000175476074,0
2000-02-01,10.0,10.375,10.0,10.375,9.052253723144531,3100
2000-02-02,10.375,10.375,10.375,10.375,9.052253723144531,2000
2000-02-03,10.375,10.375,10.375,10.375,9.052253723144531,2400
2000-02-04,10.375,10.375,10.375,10.375,9.052253723144531,0
2000-02-07,10.375,10.375,10.375,10.375,9.052253723144531,0
2000-02-08,10.375,10.375,10.375,10.375,9.052253723144531,100
2000-02-09,10.375,10.5,10.375,10.5,9.161316871643066,5500
2000-02-10,10.375,10.375,10.0,10.125,8.834127426147461,9000
2000-02-11,10.375,10.375,10.375,10.375,9.052253723144531,1400
2000-02-14,10.375,10.375,10.375,10.375,9.052253723144531,0
2000-02-15,10.375,10.375,10.375,10.375,9.052253723144531,1400
2000-02-16,10.375,10.875,10.375,10.875,9.488505363464355,600
2000-02-17,10.875,10.875,10.875,10.875,9.488505363464355,200
2000-02-18,10.875,10.875,10.375,10.375,9.052253723144531,1100
2000-02-22,10.375,10.375,10.375,10.375,9.052253723144531,2000
2000-02-23,10.375,10.375,10.375,10.375,9.052253723144531,3000
2000-02-24,10.375,10.375,10.375,10.375,9.052253723144531,0
2000-02-25,10.375,10.375,10.375,10.375,9.052253723144531,0
2000-02-28,10.5,10.875,10.5,10.875,9.488505363464355,400
2000-02-29,10.875,10.875,10.875,10.875,9.488505363464355,0
2000-03-01,10.375,10.5625,10.375,10.5625,9.215846061706543,6400
2000-03-02,10.5625,10.5625,10.5625,10.5625,9.215846061706543,0
2000-03-03,10.5625,10.5625,10.5625,10.5625,9.215846061706543,0
2000-03-06,10.5625,10.5625,10.5625,10.5625,9.215846061706543,0
2000-03-07,10.75,10.75,10.375,10.375,9.052253723144531,4000
2000-03-08,10.75,10.75,10.375,10.375,9.052253723144531,5000
2000-03-09,10.375,10.375,10.375,10.375,9.052253723144531,3500
2000-03-10,10.375,11.125,10.375,11.125,9.706631660461426,3000
2000-03-13,11.125,11.125,11.125,11.125,9.706631660461426,0
2000-03-14,11.125,11.125,11.125,11.125,9.706631660461426,0
2000-03-15,10.5,11.0,10.5,11.0,9.597567558288574,400
2000-03-16,10.9375,11.125,10.9375,11.125,9.706631660461426,700
2000-03-17,11.125,11.125,11.125,11.125,9.706631660461426,0
2000-03-20,11.0625,11.625,10.5,11.625,10.142889022827148,500
2000-03-21,11.625,11.625,11.625,11.625,10.142889022827148,0
2000-03-22,11.625,11.625,11.625,11.625,10.142889022827148,0
2000-03-23,12.125,12.25,12.125,12.25,10.688200950622559,200
2000-03-24,12.0,12.25,12.0,12.0,10.470076560974121,4900
2000-03-27,12.0,12.0,12.0,12.0,10.470076560974121,600
2000-03-28,12.25,12.25,12.25,12.25,10.688200950622559,100
2000-03-29,11.5,11.5,11.5,11.5,10.03382396697998,100
2000-03-30,11.0,11.5,11.0,11.5,10.03382396697998,300
2000-03-31,11.0,11.0,11.0,11.0,9.597567558288574,800
2000-04-03,11.625,11.625,11.0,11.0,9.597567558288574,1200
2000-04-04,10.5,10.5,10.5,10.5,9.161316871643066,3000
2000-04-05,10.5,10.5,10.5,10.5,9.161316871643066,0
2000-04-06,10.5,10.5,10.5,10.5,9.161316871643066,0
2000-04-07,10.5,10.5,10.5,10.5,9.161316871643066,0
2000-04-10,10.5,10.5,10.5,10.5,9.161316871643066,600
2000-04-11,10.5,10.5,10.5,10.5,9.161316871643066,0
2000-04-12,10.5,10.5,10.5,10.5,9.161316871643066,200
2000-04-13,10.75,10.875,10.75,10.875,9.488505363464355,1100
2000-04-14,10.875,10.875,10.0,10.0,8.72506332397461,1100
2000-04-17,10.5,10.5,10.5,10.5,9.161316871643066,700
2000-04-18,11.5,11.5,11.5,11.5,10.03382396697998,5000
2000-04-19,11.0,11.5,11.0,11.25,9.815694808959961,1400
2000-04-20,11.5,11.5,11.5,11.5,10.03382396697998,100
2000-04-24,11.125,11.125,11.125,11.125,9.706631660461426,100
2000-04-25,10.5,10.5,10.5,10.5,9.161316871643066,1800
2000-04-26,11.125,11.625,11.125,11.625,10.142889022827148,11700
2000-04-27,11.625,11.625,11.625,11.625,10.142889022827148,0
2000-04-28,10.625,12.75,10.625,12.375,10.797266960144043,2400
2000-05-01,12.375,12.375,12.375,12.375,10.797266960144043,0
2000-05-02,12.375,12.375,12.0,12.375,10.797266960144043,3500
2000-05-03,11.0,12.375,11.0,12.375,10.797266960144043,6700
2000-05-04,12.375,12.375,12.375,12.375,10.797266960144043,0
2000-05-05,12.375,12.375,12.375,12.375,10.797266960144043,0
2000-05-08,12.375,12.375,12.375,12.375,10.797266960144043,0
2000-05-09,12.375,12.375,12.375,12.375,10.797266960144043,0
2000-05-10,11.0,11.0,11.0,11.0,9.597567558288574,200
2000-05-11,11.0,11.0,11.0,11.0,9.597567558288574,0
2000-05-12,11.0,11.0,11.0,11.0,9.597567558288574,1000
2000-05-15,11.0,11.0,11.0,11.0,9.597567558288574,0
2000-05-16,13.0,13.0,13.0,13.0,11.342581748962402,3900
2000-05-17,13.0,13.0,13.0,13.0,11.342581748962402,0
2000-05-18,12.046875,12.5,11.125,12.5,10.906330108642578,2300
2000-05-19,11.75,11.75,11.75,11.75,10.25195026397705,300
2000-05-22,12.9375,13.0,12.9375,13.0,11.342581748962402,600
2000-05-23,13.5,14.0,13.5,13.75,11.996960639953613,6300
2000-05-24,13.75,13.75,13.75,13.75,11.996960639953613,0
2000-05-25,13.0,13.0,12.5,12.5,10.906330108642578,2900
2000-05-26,12.5,12.5,12.5,12.5,10.906330108642578,0
2000-05-30,12.5,12.5,12.5,12.5,10.906330108642578,0
2000-05-31,12.5,12.5,12.5,12.5,10.906330108642578,0
2000-06-01,13.0,13.0,11.5,11.5,10.03382396697998,4500
2000-06-02,11.5,11.5,11.5,11.5,10.03382396697998,400
2000-06-05,11.5,11.5,11.5,11.5,10.03382396697998,0
2000-06-06,11.5,11.5,11.5,11.5,10.03382396697998,0
2000-06-07,11.5,11.5,11.5,11.5,10.03382396697998,0
2000-06-08,11.5,11.5,11.5,11.5,10.03382396697998,0
2000-06-09,11.5,11.5,11.5,11.5,10.03382396697998,0
2000-06-12,11.75,11.75,11.75,11.75,10.25195026397705,1800
2000-06-13,11.625,11.625,11.625,11.625,10.142889022827148,200
2000-06-14,11.625,11.625,11.625,11.625,10.142889022827148,0
2000-06-15,11.625,11.625,11.625,11.625,10.142889022827148,0
2000-06-16,11.625,11.625,11.625,11.625,10.142889022827148,0
2000-06-19,11.625,11.625,11.625,11.625,10.142889022827148,0
2000-06-20,11.625,11.625,11.625,11.625,10.142889022827148,0
2000-06-21,11.625,11.625,11.625,11.625,10.142889022827148,0
2000-06-22,11.625,11.625,11.625,11.625,10.142889022827148,0
2000-06-23,11.625,11.625,11.625,11.625,10.142889022827148,100
2000-06-26,12.5,12.5,11.625,11.625,10.142889022827148,3700
2000-06-27,11.625,11.625,11.625,11.625,10.142889022827148,1500
2000-06-28,11.625,11.625,11.625,11.625,10.142889022827148,1300
2000-06-29,11.625,11.625,11.625,11.625,10.142889022827148,900
2000-06-30,11.625,11.625,11.625,11.625,10.142889022827148,0
2000-07-03,11.625,11.625,11.5,11.5,10.03382396697998,1600
2000-07-05,11.5,11.5,11.5,11.5,10.03382396697998,1200
2000-07-06,11.5,11.5,11.5,11.5,10.03382396697998,0
2000-07-07,12.0,12.0,12.0,12.0,10.470076560974121,1600
2000-07-10,11.5625,11.5625,11.5625,11.5625,10.08835220336914,200
2000-07-11,11.5,11.5,11.5,11.5,10.03382396697998,3800
2000-07-12,11.5625,12.03125,11.5,11.5,10.03382396697998,20900
2000-07-13,11.375,11.625,11.1875,11.625,10.142889022827148,1800
2000-07-14,11.5,11.75,11.5,11.75,10.25195026397705,900
2000-07-17,11.3125,11.3125,11.3125,11.3125,9.870226860046387,400
2000-07-18,11.3125,11.3125,11.3125,11.3125,9.870226860046387,0
2000-07-19,11.3125,11.3125,11.3125,11.3125,9.870226860046387,0
2000-07-20,11.0,11.0,11.0,11.0,9.597567558288574,600
2000-07-21,12.0,12.0,12.0,12.0,10.470076560974121,100
2000-07-24,12.5,12.875,12.5,12.875,11.23351764678955,1100
2000-07-25,12.875,12.875,12.875,12.875,11.23351764678955,0
2000-07-26,12.875,12.875,12.875,12.875,11.23351764678955,300
2000-07-27,12.875,12.875,12.875,12.875,11.23351764678955,0
2000-07-28,12.875,12.875,12.875,12.875,11.23351764678955,0
2000-07-31,12.875,12.875,12.875,12.875,11.23351764678955,0
2000-08-01,12.875,12.875,12.875,12.875,11.23351764678955,0
2000-08-02,11.1875,11.375,11.1875,11.375,9.924759864807129,2500
2000-08-03,11.375,11.375,11.375,11.375,9.924759864807129,0
2000-08-04,11.375,11.375,11.375,11.375,9.924759864807129,0
2000-08-07,11.375,11.375,11.375,11.375,9.924759864807129,0
2000-08-08,11.8125,11.8125,11.75,11.75,10.25195026397705,1100
2000-08-09,11.75,11.75,11.75,11.75,10.25195026397705,0
2000-08-10,11.75,11.75,11.75,11.75,10.25195026397705,0
2000-08-11,11.8125,11.8125,11.8125,11.8125,10.306479454040527,200
2000-08-14,11.8125,11.8125,11.8125,11.8125,10.306479454040527,0
2000-08-15,11.8125,11.8125,11.8125,11.8125,10.306479454040527,0
2000-08-16,11.8125,11.8125,11.8125,11.8125,10.306479454040527,0
2000-08-17,11.8125,11.8125,11.8125,11.8125,10.306479454040527,0
2000-08-18,12.875,13.0,12.875,13.0,11.342581748962402,900
2000-08-21,13.0,13.0,13.0,13.0,11.342581748962402,0
2000-08-22,13.0,13.0,13.0,13.0,11.342581748962402,100
2000-08-23,13.0,13.0,13.0,13.0,11.342581748962402,400
2000-08-24,13.0,13.0,13.0,13.0,11.342581748962402,0
2000-08-25,13.0,13.0,13.0,13.0,11.342581748962402,0
2000-08-28,13.0,13.0,13.0,13.0,11.342581748962402,900
2000-08-29,12.0,12.0,12.0,12.0,10.470076560974121,100
2000-08-30,12.0,12.0,12.0,12.0,10.470076560974121,200
2000-08-31,12.0,12.0,12.0,12.0,10.470076560974121,0
2000-09-01,12.0,12.0,12.0,12.0,10.470076560974121,400
2000-09-05,12.0,12.0,12.0,12.0,10.470076560974121,0
2000-09-06,14.0,14.0,14.0,14.0,12.215088844299316,200
2000-09-07,14.0,14.0,14.0,14.0,12.215088844299316,0
2000-09-08,12.03125,13.0,12.0,12.0,10.470076560974121,1700
2000-09-11,11.8125,14.0,11.8125,14.0,12.215088844299316,7500
2000-09-12,11.90625,13.875,11.90625,13.875,12.106025695800781,5500
2000-09-13,13.0,13.5,12.0,13.5,11.77883529663086,5100
2000-09-14,12.0,13.5,11.375,11.375,9.924759864807129,9600
2000-09-15,12.625,13.5,11.75,11.75,10.25195026397705,2300
2000-09-18,12.0,12.0,11.5,11.5,10.03382396697998,10800
2000-09-19,11.59375,12.25,11.59375,12.0,10.470076560974121,2500
2000-09-20,11.625,11.625,11.625,11.625,10.142889022827148,500
2000-09-21,11.625,11.625,11.625,11.625,10.142889022827148,2200
2000-09-22,11.5,11.5625,11.375,11.5625,10.08835220336914,3300
2000-09-25,11.5625,11.5625,11.5625,11.5625,10.08835220336914,0
2000-09-26,11.75,13.25,11.75,12.5,10.906330108642578,1500
2000-09-27,13.25,14.125,12.0,12.0,10.470076560974121,3600
2000-09-28,12.0,12.0,12.0,12.0,10.470076560974121,1000
2000-09-29,12.0,12.0,12.0,12.0,10.470076560974121,0
2000-10-02,12.0,12.0,12.0,12.0,10.470076560974121,0
2000-10-03,14.0,14.0,13.875,14.0,12.215088844299316,2200
2000-10-04,14.0,14.0,14.0,14.0,12.215088844299316,0
2000-10-05,14.0,14.0,14.0,14.0,12.215088844299316,0
2000-10-06,14.0,14.0,14.0,14.0,12.215088844299316,0
2000-10-09,14.0,14.0,14.0,14.0,12.215088844299316,0
2000-10-10,14.0,14.0,14.0,14.0,12.215088844299316,0
2000-10-11,14.0,14.75,14.0,14.75,12.869466781616211,2300
2000-10-12,14.75,14.75,14.75,14.75,12.869466781616211,600
2000-10-13,12.5,12.5,12.5,12.5,10.906330108642578,400
2000-10-16,12.5,12.5,12.5,12.5,10.906330108642578,0
2000-10-17,12.5,12.5,12.5,12.5,10.906330108642578,0
2000-10-18,12.5,12.5,12.5,12.5,10.906330108642578,0
2000-10-19,12.5,12.5,12.5,12.5,10.906330108642578,0
2000-10-20,12.5,12.5,12.5,12.5,10.906330108642578,0
2000-10-23,12.5,12.5,12.5,12.5,10.906330108642578,0
2000-10-24,12.5,12.5,12.5,12.5,10.906330108642578,0
2000-10-25,12.75,13.0,12.75,13.0,11.342581748962402,300
2000-10-26,13.0,13.0,13.0,13.0,11.342581748962402,500
2000-10-27,13.5,13.5,13.5,13.5,11.77883529663086,700
2000-10-30,13.5,13.5,13.5,13.5,11.77883529663086,300
2000-10-31,14.125,14.125,14.125,14.125,12.324151992797852,100
2000-11-01,14.5,14.5,14.5,14.5,12.651339530944824,3200
2000-11-02,13.125,13.125,13.125,13.125,11.45164680480957,100
2000-11-03,13.125,13.125,13.125,13.125,11.45164680480957,0
2000-11-06,14.5,14.5,14.5,14.5,12.651339530944824,3800
2000-11-07,14.5,14.5,14.5,14.5,12.651339530944824,0
2000-11-08,14.5,14.5,14.5,14.5,12.651339530944824,0
2000-11-09,13.125,15.0,13.125,15.0,13.087594032287598,1900
2000-11-10,15.0,15.0,14.5,14.5,12.651339530944824,3700
2000-11-13,14.5,14.5,14.5,14.5,12.651339530944824,0
2000-11-14,13.5,13.5,13.25,13.25,11.560708999633789,1800
2000-11-15,13.25,13.25,12.5,12.5,10.906330108642578,3300
2000-11-16,12.75,12.75,12.75,12.75,11.124456405639648,2000
2000-11-17,12.75,12.75,12.75,12.75,11.124456405639648,0
2000-11-20,12.5,12.5,12.5,12.5,10.906330108642578,1200
2000-11-21,12.5,12.5,12.5,12.5,10.906330108642578,0
2000-11-22,12.5,12.5,12.5,12.5,10.906330108642578,0
2000-11-24,12.390625,12.390625,12.390625,12.390625,10.810900688171387,700
2000-11-27,12.75,12.75,12.0,12.0,10.470076560974121,2900
2000-11-28,13.0,13.0,13.0,13.0,11.342581748962402,400
2000-11-29,13.0,13.0,13.0,13.0,11.342581748962402,0
2000-11-30,13.875,14.125,13.25,13.25,11.560708999633789,2600
2000-12-01,13.25,13.25,13.25,13.25,11.560708999633789,0
2000-12-04,12.25,12.25,12.25,12.25,10.688200950622559,700
2000-12-05,13.5,13.875,12.375,13.875,12.106025695800781,3000
2000-12-06,12.25,12.25,12.25,12.25,10.688200950622559,3000
2000-12-07,12.25,12.25,12.25,12.25,10.688200950622559,0
2000-12-08,12.5,12.5,12.5,12.5,10.906330108642578,600
2000-12-11,12.5,12.5,12.0,12.0,10.470076560974121,3000
2000-12-12,12.0,12.0,12.0,12.0,10.470076560974121,100
2000-12-13,12.0,12.0,12.0,12.0,10.470076560974121,0
2000-12-14,12.0,12.0,12.0,12.0,10.470076560974121,600
2000-12-15,12.25,12.25,12.25,12.25,10.688200950622559,1000
2000-12-18,12.25,12.25,12.25,12.25,10.688200950622559,1300
2000-12-19,12.25,12.25,11.75,11.75,10.25195026397705,500
2000-12-20,11.6875,11.6875,11.6875,11.6875,10.197415351867676,600
2000-12-21,11.703125,11.703125,11.703125,11.703125,10.211050987243652,200
2000-12-22,11.703125,11.703125,11.703125,11.703125,10.211050987243652,0
2000-12-26,12.0,12.0,11.6875,11.6875,10.197415351867676,1100
2000-12-27,11.6875,11.6875,11.625,11.625,10.142889022827148,2800
2000-12-28,11.125,11.125,11.125,11.125,9.706631660461426,1500
2000-12-29,11.5,11.5,11.5,11.5,10.03382396697998,200
2001-01-02,11.5,11.5,11.5,11.5,10.03382396697998,0
2001-01-03,11.515625,11.515625,11.515625,11.515625,10.047455787658691,100
2001-01-04,12.0,12.0,12.0,12.0,10.470076560974121,1400
2001-01-05,12.0,12.0,12.0,12.0,10.470076560974121,0
2001-01-08,12.0,12.0,12.0,12.0,10.470076560974121,0
2001-01-09,12.0,12.0,12.0,12.0,10.470076560974121,0
2001-01-10,12.125,12.125,12.125,12.125,10.579137802124023,1600
2001-01-11,12.375,12.375,12.375,12.375,10.797266960144043,200
2001-01-12,12.375,12.375,12.375,12.375,10.797266960144043,0
2001-01-16,12.375,12.375,12.375,12.375,10.797266960144043,0
2001-01-17,12.75,12.75,12.75,12.75,11.124456405639648,2900
2001-01-18,12.75,12.75,12.75,12.75,11.124456405639648,0
2001-01-19,12.75,12.75,12.75,12.75,11.124456405639648,0
2001-01-22,12.8125,12.8125,12.8125,12.8125,11.178987503051758,200
2001-01-23,12.8125,12.8125,12.8125,12.8125,11.178987503051758,200
2001-01-24,12.375,12.375,12.375,12.375,10.797266960144043,200
2001-01-25,12.375,12.375,12.375,12.375,10.797266960144043,0
2001-01-26,12.375,12.375,12.375,12.375,10.797266960144043,0
2001-01-29,12.375,12.375,12.375,12.375,10.797266960144043,0
2001-01-30,12.375,12.375,12.375,12.375,10.797266960144043,0
2001-01-31,12.375,12.375,12.375,12.375,10.797266960144043,0
2001-02-01,12.875,13.75,12.875,12.9375,11.288052558898926,2000
2001-02-02,12.9375,12.9375,12.9375,12.9375,11.288052558898926,0
2001-02-05,12.9375,12.9375,12.9375,12.9375,11.288052558898926,0
2001-02-06,12.9375,12.9375,12.9375,12.9375,11.288052558898926,100
2001-02-07,12.9375,12.9375,12.75,12.75,11.124456405639648,2000
2001-02-08,12.5,12.5,12.5,12.5,10.906330108642578,1400
2001-02-09,12.625,12.625,12.625,12.625,11.015392303466797,800
2001-02-12,12.625,14.125,12.625,13.0,11.342581748962402,1500
2001-02-13,14.0,14.0,13.9375,13.9375,12.160558700561523,5300
2001-02-14,13.25,13.25,13.25,13.25,11.560708999633789,100
2001-02-15,13.25,13.25,13.25,13.25,11.560708999633789,500
2001-02-16,13.25,13.25,12.5,12.5,10.906330108642578,400
2001-02-20,12.109375,15.0,12.0,15.0,13.087594032287598,20700
2001-02-21,13.5,13.5,12.625,12.6875,11.069924354553223,2000
2001-02-22,14.0,14.0,14.0,14.0,12.215088844299316,1100
2001-02-23,12.75,12.8125,12.75,12.8125,11.178987503051758,1200
2001-02-26,13.015625,13.25,13.015625,13.25,11.560708999633789,300
2001-02-27,13.25,15.0,13.25,14.75,12.869466781616211,1300
2001-02-28,14.75,14.75,13.5,13.5,11.77883529663086,700
2001-03-01,13.5,13.5,13.5,13.5,11.77883529663086,0
2001-03-02,13.5,13.5,13.5,13.5,11.77883529663086,0
2001-03-05,14.0,14.0,14.0,14.0,12.215088844299316,100
2001-03-06,13.515625,14.6875,13.515625,14.0,12.215088844299316,17400
2001-03-07,14.5,14.5,14.5,14.5,12.651339530944824,1000
2001-03-08,14.5,14.5,14.5,14.5,12.651339530944824,0
2001-03-09,14.5,14.5,14.5,14.5,12.651339530944824,0
2001-03-12,14.5,14.5625,13.625,13.625,11.887898445129395,6600
2001-03-13,13.5,13.5,13.25,13.5,11.77883529663086,3100
2001-03-14,13.75,13.75,13.75,13.75,11.996960639953613,500
2001-03-15,13.75,13.75,13.75,13.75,11.996960639953613,0
2001-03-16,13.75,13.75,13.75,13.75,11.996960639953613,0
2001-03-19,13.75,13.75,13.75,13.75,11.996960639953613,0
2001-03-20,14.484375,14.484375,14.484375,14.484375,12.637709617614746,300
2001-03-21,14.484375,14.484375,14.484375,14.484375,12.637709617614746,0
2001-03-22,13.0,13.0,12.9375,12.9375,11.288052558898926,800
2001-03-23,14.5,14.5,14.5,14.5,12.651339530944824,200
2001-03-26,14.5,14.5,14.5,14.5,12.651339530944824,0
2001-03-27,14.5,16.5,14.5,16.5,14.396353721618652,11300
2001-03-28,15.375,15.375,14.375,14.375,12.542278289794922,900
2001-03-29,14.75,17.125,14.75,17.125,14.941671371459961,3300
2001-03-30,17.75,19.0,17.125,18.5,16.141366958618164,57600
2001-04-02,18.015625,18.015625,17.0,17.75,15.486987113952637,1400
2001-04-03,17.125,17.125,17.125,17.125,14.941671371459961,300
2001-04-04,16.5,16.625,16.25,16.25,14.178228378295898,5100
2001-04-05,16.25,16.25,16.25,16.25,14.178228378295898,0
2001-04-06,16.0,16.0,15.75,15.75,13.741973876953125,600
2001-04-09,17.5,17.5,16.75,16.75,14.614479064941406,1200
2001-04-10,16.75,16.75,16.75,16.75,14.614479064941406,300
2001-04-11,16.75,16.75,16.75,16.75,14.614479064941406,0
2001-04-12,16.75,16.75,16.75,16.75,14.614479064941406,0
2001-04-16,16.989999771118164,16.989999771118164,16.989999771118164,16.989999771118164,14.823883056640625,1400
2001-04-17,16.75,16.75,16.75,16.75,14.614479064941406,4300
2001-04-18,16.75,16.75,16.75,16.75,14.614479064941406,0
2001-04-19,16.6200008392334,16.6200008392334,15.130000114440918,15.130000114440918,13.20102310180664,500
2001-04-20,16.610000610351562,16.68000030517578,16.610000610351562,16.68000030517578,14.553403854370117,1700
2001-04-23,15.800000190734863,15.800000190734863,15.800000190734863,15.800000190734863,13.785601615905762,2000
2001-04-24,15.800000190734863,15.800000190734863,15.800000190734863,15.800000190734863,13.785601615905762,0
2001-04-25,15.75,16.75,15.75,16.75,14.614479064941406,1400
2001-04-26,17.18000030517578,17.18000030517578,17.18000030517578,17.18000030517578,14.989656448364258,300
2001-04-27,17.299999237060547,17.75,17.25,17.75,15.486987113952637,13200
2001-04-30,17.75,18.0,17.75,17.860000610351562,15.582965850830078,3700
2001-05-01,17.860000610351562,17.860000610351562,17.860000610351562,17.860000610351562,15.582965850830078,0
2001-05-02,18.0,18.0,18.0,18.0,15.705113410949707,100
2001-05-03,18.100000381469727,18.100000381469727,17.8700008392334,17.8700008392334,15.591689109802246,4700
2001-05-04,17.799999237060547,18.049999237060547,17.799999237060547,18.0,15.705113410949707,2600
2001-05-07,18.0,18.0,18.0,18.0,15.705113410949707,0
2001-05-08,17.989999771118164,18.0,17.989999771118164,18.0,15.705113410949707,1500
2001-05-09,18.0,18.0,18.0,18.0,15.705113410949707,0
2001-05-10,17.5,18.0,17.5,18.0,15.705113410949707,4400
2001-05-11,17.5,17.5,17.5,17.5,15.268860816955566,100
2001-05-14,18.0,18.0,18.0,18.0,15.705113410949707,100
2001-05-15,17.989999771118164,17.989999771118164,17.989999771118164,17.989999771118164,15.69638729095459,100
2001-05-16,17.5,17.5,17.5,17.5,15.268860816955566,400
2001-05-17,17.75,18.0,17.75,18.0,15.705113410949707,9500
2001-05-18,18.399999618530273,18.399999618530273,18.399999618530273,18.399999618530273,16.054119110107422,1000
2001-05-21,18.399999618530273,18.399999618530273,18.399999618530273,18.399999618530273,16.054119110107422,0
2001-05-22,18.399999618530273,18.399999618530273,18.399999618530273,18.399999618530273,16.054119110107422,0
2001-05-23,18.600000381469727,18.600000381469727,18.600000381469727,18.600000381469727,16.22861671447754,800
2001-05-24,17.850000381469727,17.850000381469727,17.850000381469727,17.850000381469727,15.574239730834961,300
2001-05-25,18.5,18.600000381469727,17.18000030517578,17.18000030517578,14.989656448364258,800
2001-05-29,17.18000030517578,17.18000030517578,17.18000030517578,17.18000030517578,14.989656448364258,0
2001-05-30,18.0,19.0,18.0,18.850000381469727,16.446739196777344,5100
2001-05-31,18.850000381469727,18.850000381469727,18.850000381469727,18.850000381469727,16.446739196777344,0
2001-06-01,17.520000457763672,17.520000457763672,17.520000457763672,17.520000457763672,15.286312103271484,100
2001-06-04,17.520000457763672,17.520000457763672,17.520000457763672,17.520000457763672,15.286312103271484,0
2001-06-05,17.520000457763672,17.520000457763672,17.520000457763672,17.520000457763672,15.286312103271484,0
2001-06-06,17.5,17.5,17.5,17.5,15.268860816955566,500
2001-06-07,17.5,17.5,17.5,17.5,15.268860816955566,0
2001-06-08,17.75,18.0,17.75,18.0,15.705113410949707,1200
2001-06-11,18.0,18.0,18.0,18.0,15.705113410949707,0
2001-06-12,18.079999923706055,18.079999923706055,18.079999923706055,18.079999923706055,15.774917602539062,100
2001-06-13,18.079999923706055,18.079999923706055,17.5,17.5,15.268860816955566,900
2001-06-14,17.5,17.5,17.5,17.5,15.268860816955566,0
2001-06-15,17.8799991607666,17.8799991607666,17.8799991607666,17.8799991607666,15.60041332244873,100
2001-06-18,18.0,18.0,18.0,18.0,15.705113410949707,800
2001-06-19,18.0,18.0,18.0,18.0,15.705113410949707,0
2001-06-20,17.0,17.0,17.0,17.0,14.832609176635742,300
2001-06-21,17.0,17.0,17.0,17.0,14.832609176635742,0
2001-06-22,17.0,17.0,17.0,17.0,14.832609176635742,0
2001-06-25,17.0,17.0,17.0,17.0,14.832609176635742,400
2001-06-26,17.0,17.0,16.149999618530273,16.149999618530273,14.090975761413574,600
2001-06-27,17.010000228881836,17.010000228881836,17.0,17.0,14.832609176635742,2000
2001-06-28,17.0,17.0,17.0,17.0,14.832609176635742,0
2001-06-29,17.0,17.0,17.0,17.0,14.832609176635742,0
2001-07-02,17.280000686645508,18.0,17.280000686645508,18.0,15.705113410949707,1300
2001-07-03,18.0,18.0,18.0,18.0,15.705113410949707,0
2001-07-05,18.0,18.0,18.0,18.0,15.705113410949707,0
2001-07-06,17.25,17.25,17.25,17.25,15.050736427307129,100
2001-07-09,17.25,17.25,17.25,17.25,15.050736427307129,0
2001-07-10,17.25,17.25,17.25,17.25,15.050736427307129,0
2001-07-11,17.25,17.25,17.25,17.25,15.050736427307129,100
2001-07-12,15.979999542236328,18.0,15.859999656677246,18.0,15.705113410949707,600
2001-07-13,18.0,18.0,18.0,18.0,15.705113410949707,0
2001-07-16,18.0,18.0,18.0,18.0,15.705113410949707,0
2001-07-17,18.0,18.0,18.0,18.0,15.705113410949707,0
2001-07-18,18.0,18.0,18.0,18.0,15.705113410949707,0
2001-07-19,18.0,18.0,18.0,18.0,15.705113410949707,0
2001-07-20,18.0,18.0,18.0,18.0,15.705113410949707,0
2001-07-23,18.0,18.0,18.0,18.0,15.705113410949707,0
2001-07-24,18.0,18.0,18.0,18.0,15.705113410949707,0
2001-07-25,18.0,18.0,18.0,18.0,15.705113410949707,0
2001-07-26,18.0,18.0,18.0,18.0,15.705113410949707,0
2001-07-27,16.110000610351562,16.110000610351562,16.110000610351562,16.110000610351562,14.056076049804688,200
2001-07-30,17.25,17.989999771118164,17.25,17.989999771118164,15.69638729095459,800
2001-07-31,17.989999771118164,17.989999771118164,17.989999771118164,17.989999771118164,15.69638729095459,0
2001-08-01,17.989999771118164,17.989999771118164,17.989999771118164,17.989999771118164,15.69638729095459,0
2001-08-02,17.989999771118164,17.989999771118164,17.989999771118164,17.989999771118164,15.69638729095459,0
2001-08-03,16.1200008392334,16.1200008392334,16.1200008392334,16.1200008392334,14.064802169799805,500
2001-08-06,16.200000762939453,16.200000762939453,16.200000762939453,16.200000762939453,14.134603500366211,300
2001-08-07,16.100000381469727,16.100000381469727,16.100000381469727,16.100000381469727,14.047354698181152,200
2001-08-08,16.100000381469727,16.100000381469727,16.100000381469727,16.100000381469727,14.047354698181152,0
2001-08-09,16.100000381469727,16.100000381469727,16.100000381469727,16.100000381469727,14.047354698181152,0
2001-08-10,16.100000381469727,16.100000381469727,16.100000381469727,16.100000381469727,14.047354698181152,0
2001-08-13,16.100000381469727,16.100000381469727,16.100000381469727,16.100000381469727,14.047354698181152,0
2001-08-14,16.100000381469727,16.100000381469727,16.100000381469727,16.100000381469727,14.047354698181152,0
2001-08-15,16.100000381469727,16.100000381469727,16.100000381469727,16.100000381469727,14.047354698181152,0
2001-08-16,16.100000381469727,16.100000381469727,16.100000381469727,16.100000381469727,14.047354698181152,0
2001-08-17,16.100000381469727,16.100000381469727,16.100000381469727,16.100000381469727,14.047354698181152,0
2001-08-20,16.100000381469727,16.100000381469727,16.100000381469727,16.100000381469727,14.047354698181152,0
2001-08-21,15.0,15.0,15.0,15.0,13.087594032287598,100
2001-08-22,15.0,15.0,15.0,15.0,13.087594032287598,0
2001-08-23,15.0,15.0,15.0,15.0,13.087594032287598,0
2001-08-24,15.739999771118164,15.739999771118164,15.739999771118164,15.739999771118164,13.733251571655273,100
2001-08-27,15.739999771118164,16.100000381469727,15.739999771118164,16.100000381469727,14.047354698181152,300
2001-08-28,15.0,15.0,15.0,15.0,13.087594032287598,100
2001-08-29,15.0,15.0,15.0,15.0,13.087594032287598,0
2001-08-30,15.0,15.0,15.0,15.0,13.087594032287598,0
2001-08-31,15.0,15.0,15.0,15.0,13.087594032287598,0
2001-09-04,15.0,15.0,15.0,15.0,13.087594032287598,0
2001-09-05,15.0,15.0,15.0,15.0,13.087594032287598,0
2001-09-06,16.850000381469727,16.850000381469727,16.850000381469727,16.850000381469727,14.701732635498047,100
2001-09-07,16.850000381469727,16.850000381469727,16.850000381469727,16.850000381469727,14.701732635498047,0
2001-09-10,16.850000381469727,16.850000381469727,16.850000381469727,16.850000381469727,14.701732635498047,0
2001-09-17,15.510000228881836,15.510000228881836,13.989999771118164,13.989999771118164,12.206364631652832,2000
2001-09-18,14.0,14.0,11.75,12.75,11.124456405639648,8000
2001-09-19,12.100000381469727,12.699999809265137,12.0,12.600000381469727,10.993579864501953,2200
2001-09-20,12.600000381469727,12.600000381469727,12.600000381469727,12.600000381469727,10.993579864501953,0
2001-09-21,12.699999809265137,13.0,12.699999809265137,13.0,11.342581748962402,500
2001-09-24,13.0,13.0,13.0,13.0,11.342581748962402,0
2001-09-25,12.199999809265137,12.199999809265137,12.199999809265137,12.199999809265137,10.64457893371582,500
2001-09-26,12.199999809265137,12.25,12.140000343322754,12.140000343322754,10.5922269821167,3000
2001-09-27,12.100000381469727,12.100000381469727,11.890000343322754,12.0,10.470076560974121,3200
2001-09-28,12.0,12.420000076293945,12.0,12.420000076293945,10.836527824401855,3200
2001-10-01,12.420000076293945,13.0,12.420000076293945,13.0,11.342581748962402,200
2001-10-02,13.0,13.75,13.0,13.25,11.560708999633789,1100
2001-10-03,13.25,13.800000190734863,13.25,13.75,11.996960639953613,1700
2001-10-04,13.699999809265137,14.75,13.699999809265137,14.119999885559082,12.319788932800293,3500
2001-10-05,14.119999885559082,14.119999885559082,14.119999885559082,14.119999885559082,12.319788932800293,0
2001-10-08,14.119999885559082,14.119999885559082,14.119999885559082,14.119999885559082,12.319788932800293,0
2001-10-09,14.0,14.050000190734863,14.0,14.039999961853027,12.249988555908203,12200
2001-10-10,13.949999809265137,14.399999618530273,13.949999809265137,14.399999618530273,12.564090728759766,6200
2001-10-11,14.350000381469727,14.449999809265137,14.180000305175781,14.449999809265137,12.60771369934082,6900
2001-10-12,14.470000267028809,14.550000190734863,14.470000267028809,14.550000190734863,12.694964408874512,3700
2001-10-15,14.5,14.680000305175781,13.5,13.5,11.77883529663086,5800
2001-10-16,13.5,14.850000381469727,13.5,14.5,12.651339530944824,1800
2001-10-17,14.5,14.5,14.5,14.5,12.651339530944824,0
2001-10-18,13.5,14.5,13.25,14.5,12.651339530944824,3800
2001-10-19,13.5,13.5,13.25,13.25,11.560708999633789,900
2001-10-22,14.0,14.0,13.5,13.5,11.77883529663086,4100
2001-10-23,13.5,13.75,12.039999961853027,12.5,10.906330108642578,2100
2001-10-24,12.5,12.5,12.5,12.5,10.906330108642578,0
2001-10-25,12.100000381469727,12.100000381469727,12.100000381469727,12.100000381469727,10.557327270507812,100
2001-10-26,12.100000381469727,12.100000381469727,12.100000381469727,12.100000381469727,10.557327270507812,0
2001-10-29,12.199999809265137,12.199999809265137,12.199999809265137,12.199999809265137,10.64457893371582,100
2001-10-30,12.899999618530273,12.899999618530273,12.899999618530273,12.899999618530273,11.255331993103027,100
2001-10-31,12.75,13.390000343322754,12.75,13.390000343322754,11.682861328125,400
2001-11-01,13.399999618530273,13.649999618530273,12.390000343322754,12.430000305175781,10.845251083374023,4300
2001-11-02,12.300000190734863,12.430000305175781,12.050000190734863,12.050000190734863,10.513702392578125,3100
2001-11-05,12.050000190734863,12.050000190734863,12.050000190734863,12.050000190734863,10.513702392578125,0
2001-11-06,12.100000381469727,12.100000381469727,12.100000381469727,12.100000381469727,10.557327270507812,100
2001-11-07,12.100000381469727,12.100000381469727,12.100000381469727,12.100000381469727,10.557327270507812,100
2001-11-08,12.039999961853027,12.039999961853027,12.039999961853027,12.039999961853027,10.504977226257324,200
2001-11-09,12.039999961853027,12.039999961853027,12.039999961853027,12.039999961853027,10.504977226257324,200
2001-11-12,13.0,13.0,12.75,12.75,11.124456405639648,3100
2001-11-13,13.0,13.0,13.0,13.0,11.342581748962402,100
2001-11-14,13.0,13.0,13.0,13.0,11.342581748962402,0
2001-11-15,12.199999809265137,12.279999732971191,12.199999809265137,12.279999732971191,10.714376449584961,1100
2001-11-16,12.300000190734863,12.300000190734863,12.300000190734863,12.300000190734863,10.731827735900879,600
2001-11-19,13.680000305175781,13.930000305175781,13.0,13.0,11.342581748962402,4100
2001-11-20,13.0,13.0,13.0,13.0,11.342581748962402,0
2001-11-21,13.800000190734863,13.800000190734863,13.399999618530273,13.399999618530273,11.691583633422852,200
2001-11-23,13.399999618530273,13.399999618530273,13.399999618530273,13.399999618530273,11.691583633422852,0
2001-11-26,13.399999618530273,13.399999618530273,13.399999618530273,13.399999618530273,11.691583633422852,0
2001-11-27,14.050000190734863,14.050000190734863,14.050000190734863,14.050000190734863,12.258713722229004,100
2001-11-28,12.899999618530273,12.899999618530273,12.899999618530273,12.899999618530273,11.255331993103027,100
2001-11-29,12.899999618530273,12.899999618530273,12.899999618530273,12.899999618530273,11.255331993103027,0
2001-11-30,12.899999618530273,12.899999618530273,12.899999618530273,12.899999618530273,11.255331993103027,0
2001-12-03,12.899999618530273,12.899999618530273,12.600000381469727,12.600000381469727,10.993579864501953,1400
2001-12-04,12.600000381469727,12.600000381469727,12.600000381469727,12.600000381469727,10.993579864501953,0
2001-12-05,12.649999618530273,12.649999618530273,12.520000457763672,12.5600004196167,10.958680152893066,300
2001-12-06,13.0,13.0,13.0,13.0,11.342581748962402,200
2001-12-07,12.600000381469727,12.800000190734863,12.600000381469727,12.800000190734863,11.16808032989502,3100
2001-12-10,14.0,14.5,13.600000381469727,13.600000381469727,11.86608600616455,800
2001-12-11,13.600000381469727,13.600000381469727,13.600000381469727,13.600000381469727,11.86608600616455,0
2001-12-12,13.600000381469727,13.600000381469727,13.600000381469727,13.600000381469727,11.86608600616455,0
2001-12-13,13.25,13.600000381469727,13.25,13.600000381469727,11.86608600616455,800
2001-12-14,13.020000457763672,13.020000457763672,13.0,13.0,11.342581748962402,700
2001-12-17,13.0,13.399999618530273,12.90999984741211,13.399999618530273,11.691583633422852,9000
2001-12-18,13.100000381469727,13.25,13.100000381469727,13.25,11.560708999633789,6000
2001-12-19,13.100000381469727,13.140000343322754,13.100000381469727,13.140000343322754,11.464731216430664,1000
2001-12-20,13.100000381469727,13.5,13.100000381469727,13.5,11.77883529663086,400
2001-12-21,13.199999809265137,13.550000190734863,13.199999809265137,13.550000190734863,11.822460174560547,3300
2001-12-24,13.550000190734863,13.550000190734863,13.550000190734863,13.550000190734863,11.822460174560547,0
2001-12-26,13.550000190734863,14.289999961853027,13.550000190734863,14.0,12.215088844299316,2100
2001-12-27,13.8100004196167,13.850000381469727,13.8100004196167,13.850000381469727,12.084213256835938,3000
2001-12-28,13.819999694824219,13.819999694824219,13.819999694824219,13.819999694824219,12.058038711547852,200
2001-12-31,13.819999694824219,13.819999694824219,13.609999656677246,13.609999656677246,11.874812126159668,300
2002-01-02,13.550000190734863,14.300000190734863,13.550000190734863,14.300000190734863,12.476839065551758,300
2002-01-03,14.010000228881836,14.300000190734863,14.010000228881836,14.300000190734863,12.476839065551758,14200
2002-01-04,14.5,14.5,14.5,14.5,12.651339530944824,400
2002-01-07,15.0,15.25,14.989999771118164,15.25,13.3057222366333,4200
2002-01-08,15.25,15.25,15.25,15.25,13.3057222366333,100
2002-01-09,15.739999771118164,15.739999771118164,15.739999771118164,15.739999771118164,13.733251571655273,100
2002-01-10,15.75,15.75,15.229999542236328,15.300000190734863,13.349346160888672,2900
2002-01-11,14.75,14.75,14.75,14.75,12.869466781616211,700
2002-01-14,15.699999809265137,15.699999809265137,15.699999809265137,15.699999809265137,13.698348045349121,100
2002-01-15,14.75,14.75,13.25,14.130000114440918,12.328514099121094,12800
2002-01-16,15.0,16.489999771118164,15.0,16.350000381469727,14.265477180480957,13400
2002-01-17,16.350000381469727,16.350000381469727,16.350000381469727,16.350000381469727,14.265477180480957,0
2002-01-18,15.899999618530273,15.899999618530273,15.25,15.25,13.3057222366333,200
2002-01-22,15.0,15.0,15.0,15.0,13.087594032287598,300
2002-01-23,14.0,14.520000457763672,13.399999618530273,13.399999618530273,11.691583633422852,1500
2002-01-24,14.239999771118164,14.239999771118164,14.239999771118164,14.239999771118164,12.424491882324219,100
2002-01-25,14.239999771118164,14.239999771118164,14.239999771118164,14.239999771118164,12.424491882324219,0
2002-01-28,14.239999771118164,14.789999961853027,14.239999771118164,14.789999961853027,12.904367446899414,500
2002-01-29,14.789999961853027,14.789999961853027,14.789999961853027,14.789999961853027,12.904367446899414,0
2002-01-30,14.789999961853027,14.789999961853027,14.789999961853027,14.789999961853027,12.904367446899414,0
2002-01-31,14.960000038146973,14.960000038146973,14.140000343322754,14.899999618530273,13.000345230102539,8400
2002-02-01,15.0,15.0,15.0,15.0,13.087594032287598,2000
2002-02-04,14.8100004196167,15.0,14.8100004196167,15.0,13.087594032287598,2700
2002-02-05,14.800000190734863,14.800000190734863,14.0,14.0,12.215088844299316,47000
2002-02-06,14.0,14.050000190734863,14.0,14.050000190734863,12.258713722229004,6600
2002-02-07,14.050000190734863,14.050000190734863,14.050000190734863,14.050000190734863,12.258713722229004,0
2002-02-08,14.050000190734863,14.050000190734863,14.050000190734863,14.050000190734863,12.258713722229004,0
2002-02-11,14.050000190734863,14.050000190734863,14.050000190734863,14.050000190734863,12.258713722229004,0
2002-02-12,14.25,14.25,14.25,14.25,12.433215141296387,100
2002-02-13,14.25,14.25,14.25,14.25,12.433215141296387,0
2002-02-14,14.300000190734863,14.350000381469727,14.300000190734863,14.350000381469727,12.520467758178711,22200
2002-02-15,14.5,14.5,14.5,14.5,12.651339530944824,1000
2002-02-19,14.5,14.5,14.5,14.5,12.651339530944824,0
2002-02-20,14.5,14.5,14.5,14.5,12.651339530944824,0
2002-02-21,14.5,14.5,14.5,14.5,12.651339530944824,300
2002-02-22,14.5,14.5,14.5,14.5,12.651339530944824,0
2002-02-25,13.75,13.75,13.75,13.75,11.996960639953613,300
2002-02-26,13.75,13.75,13.75,13.75,11.996960639953613,0
2002-02-27,14.899999618530273,15.0,14.899999618530273,15.0,13.087594032287598,3200
2002-02-28,14.319999694824219,14.899999618530273,14.319999694824219,14.899999618530273,13.000345230102539,300
2002-03-01,14.899999618530273,14.899999618530273,14.899999618530273,14.899999618530273,13.000345230102539,0
2002-03-04,14.899999618530273,14.899999618530273,14.899999618530273,14.899999618530273,13.000345230102539,500
2002-03-05,14.899999618530273,14.899999618530273,14.899999618530273,14.899999618530273,13.000345230102539,0
2002-03-06,14.899999618530273,15.25,14.890000343322754,15.180000305175781,13.244646072387695,12100
2002-03-07,15.479999542236328,15.479999542236328,15.25,15.25,13.3057222366333,1200
2002-03-08,15.25,15.25,15.25,15.25,13.3057222366333,0
2002-03-11,15.329999923706055,15.329999923706055,15.329999923706055,15.329999923706055,13.375521659851074,200
2002-03-12,15.329999923706055,15.329999923706055,15.329999923706055,15.329999923706055,13.375521659851074,0
2002-03-13,15.210000038146973,15.5,14.8100004196167,15.5,13.523847579956055,400
2002-03-14,15.5,15.5,15.5,15.5,13.523847579956055,0
2002-03-15,15.5,15.5,15.5,15.5,13.523847579956055,0
2002-03-18,13.75,15.149999618530273,13.75,15.149999618530273,13.218469619750977,1100
2002-03-19,15.149999618530273,15.149999618530273,15.149999618530273,15.149999618530273,13.218469619750977,0
2002-03-20,15.149999618530273,15.149999618530273,15.149999618530273,15.149999618530273,13.218469619750977,1000
2002-03-21,15.149999618530273,15.149999618530273,15.149999618530273,15.149999618530273,13.218469619750977,0
2002-03-22,15.149999618530273,15.399999618530273,14.75,15.399999618530273,13.43659782409668,3600
2002-03-25,15.399999618530273,15.399999618530273,15.399999618530273,15.399999618530273,13.43659782409668,0
2002-03-26,15.489999771118164,15.489999771118164,15.489999771118164,15.489999771118164,13.515124320983887,2000
2002-03-27,15.489999771118164,15.489999771118164,15.489999771118164,15.489999771118164,13.515124320983887,0
2002-03-28,14.899999618530273,14.899999618530273,14.899999618530273,14.899999618530273,13.000345230102539,200
2002-04-01,14.899999618530273,14.899999618530273,14.899999618530273,14.899999618530273,13.000345230102539,0
2002-04-02,14.010000228881836,14.25,13.75,14.25,12.433215141296387,1200
2002-04-03,13.770000457763672,13.770000457763672,13.770000457763672,13.770000457763672,12.014411926269531,200
2002-04-04,13.770000457763672,13.770000457763672,13.770000457763672,13.770000457763672,12.014411926269531,0
2002-04-05,13.770000457763672,13.770000457763672,13.770000457763672,13.770000457763672,12.014411926269531,0
2002-04-08,14.0,14.0,13.75,14.0,12.215088844299316,7700
2002-04-09,14.0,14.0,14.0,14.0,12.215088844299316,0
2002-04-10,14.399999618530273,14.850000381469727,14.300000190734863,14.850000381469727,12.956717491149902,900
2002-04-11,14.850000381469727,14.850000381469727,14.850000381469727,14.850000381469727,12.956717491149902,0
2002-04-12,15.050000190734863,15.050000190734863,14.149999618530273,14.149999618530273,12.345965385437012,2100
2002-04-15,15.149999618530273,15.510000228881836,15.149999618530273,15.430000305175781,13.46277141571045,8000
2002-04-16,14.899999618530273,14.899999618530273,14.899999618530273,14.899999618530273,13.000345230102539,200
2002-04-17,14.899999618530273,14.899999618530273,14.899999618530273,14.899999618530273,13.000345230102539,0
2002-04-18,14.899999618530273,14.899999618530273,14.899999618530273,14.899999618530273,13.000345230102539,0
2002-04-19,14.899999618530273,14.899999618530273,14.899999618530273,14.899999618530273,13.000345230102539,0
2002-04-22,14.899999618530273,14.899999618530273,14.899999618530273,14.899999618530273,13.000345230102539,0
2002-04-23,14.979999542236328,15.0,14.869999885559082,15.0,13.087594032287598,1000
2002-04-24,15.149999618530273,15.5,15.149999618530273,15.5,13.523847579956055,500
2002-04-25,15.5,15.5,15.5,15.5,13.523847579956055,0
2002-04-26,14.90999984741211,14.90999984741211,14.899999618530273,14.899999618530273,13.000345230102539,200
2002-04-29,14.899999618530273,14.899999618530273,14.899999618530273,14.899999618530273,13.000345230102539,0
2002-04-30,14.899999618530273,14.899999618530273,14.899999618530273,14.899999618530273,13.000345230102539,0
2002-05-01,14.899999618530273,14.899999618530273,14.899999618530273,14.899999618530273,13.000345230102539,0
2002-05-02,14.899999618530273,14.899999618530273,14.899999618530273,14.899999618530273,13.000345230102539,0
2002-05-03,14.899999618530273,14.899999618530273,14.899999618530273,14.899999618530273,13.000345230102539,0
2002-05-06,15.0,15.0,14.850000381469727,15.0,13.087594032287598,1600
2002-05-07,15.0,15.0,15.0,15.0,13.087594032287598,0
2002-05-08,14.989999771118164,15.149999618530273,14.8100004196167,15.0,13.087594032287598,6200
2002-05-09,15.25,15.510000228881836,14.760000228881836,15.109999656677246,13.183570861816406,9500
2002-05-10,15.149999618530273,15.350000381469727,15.149999618530273,15.350000381469727,13.392972946166992,3000
2002-05-13,15.3100004196167,15.3100004196167,15.3100004196167,15.3100004196167,13.358073234558105,2100
2002-05-14,15.3100004196167,15.3100004196167,15.3100004196167,15.3100004196167,13.358073234558105,0
2002-05-15,15.3100004196167,15.3100004196167,15.3100004196167,15.3100004196167,13.358073234558105,2000
2002-05-16,15.5,15.5,15.479999542236328,15.5,13.523847579956055,1100
2002-05-17,15.5,15.5,15.5,15.5,13.523847579956055,0
2002-05-20,15.75,16.1200008392334,15.75,16.1200008392334,14.064802169799805,2400
2002-05-21,16.1200008392334,16.1200008392334,16.1200008392334,16.1200008392334,14.064802169799805,0
2002-05-22,16.100000381469727,16.100000381469727,16.100000381469727,16.100000381469727,14.047354698181152,1000
2002-05-23,16.100000381469727,16.100000381469727,16.100000381469727,16.100000381469727,14.047354698181152,0
2002-05-24,16.100000381469727,16.100000381469727,16.100000381469727,16.100000381469727,14.047354698181152,0
2002-05-28,16.149999618530273,16.309999465942383,16.149999618530273,16.299999237060547,14.22185230255127,7800
2002-05-29,16.280000686645508,16.399999618530273,16.229999542236328,16.350000381469727,14.265477180480957,5200
2002-05-30,16.399999618530273,16.700000762939453,16.25,16.700000762939453,14.570854187011719,5800
2002-05-31,16.6200008392334,17.149999618530273,16.6200008392334,16.729999542236328,14.597028732299805,2200
2002-06-03,16.950000762939453,16.950000762939453,16.709999084472656,16.709999084472656,14.579582214355469,2000
2002-06-04,16.950000762939453,16.950000762939453,16.950000762939453,16.950000762939453,14.788983345031738,500
2002-06-05,16.90999984741211,16.90999984741211,16.90999984741211,16.90999984741211,14.754083633422852,300
2002-06-06,16.989999771118164,17.0,16.950000762939453,16.950000762939453,14.788983345031738,2400
2002-06-07,16.950000762939453,16.950000762939453,16.950000762939453,16.950000762939453,14.788983345031738,0
2002-06-10,16.950000762939453,16.950000762939453,16.950000762939453,16.950000762939453,14.788983345031738,0
2002-06-11,17.290000915527344,17.290000915527344,17.290000915527344,17.290000915527344,15.085633277893066,100
2002-06-12,17.899999618530273,17.899999618530273,17.780000686645508,17.790000915527344,15.52188777923584,1400
2002-06-13,17.280000686645508,17.280000686645508,17.100000381469727,17.100000381469727,14.919857025146484,3300
2002-06-14,17.200000762939453,17.200000762939453,16.100000381469727,16.100000381469727,14.047354698181152,4300
2002-06-17,16.290000915527344,16.290000915527344,16.290000915527344,16.290000915527344,14.213127136230469,200
2002-06-18,16.290000915527344,16.290000915527344,16.290000915527344,16.290000915527344,14.213127136230469,0
2002-06-19,15.100000381469727,15.100000381469727,15.0,15.0,13.087594032287598,1200
2002-06-20,14.75,15.029999732971191,14.739999771118164,14.949999809265137,13.043971061706543,5000
2002-06-21,14.770000457763672,14.770000457763672,13.75,13.75,11.996960639953613,2100
2002-06-24,13.770000457763672,13.770000457763672,13.75,13.75,11.996960639953613,2600
2002-06-25,13.75,13.75,13.75,13.75,11.996960639953613,0
2002-06-26,14.0,14.5,14.0,14.0,12.215088844299316,3900
2002-06-27,14.0,14.0,14.0,14.0,12.215088844299316,600
2002-06-28,14.0,14.0,14.0,14.0,12.215088844299316,0
2002-07-01,13.869999885559082,14.729999542236328,13.859999656677246,13.859999656677246,12.092937469482422,2000
2002-07-02,13.859999656677246,13.859999656677246,13.859999656677246,13.859999656677246,12.092937469482422,0
2002-07-03,13.859999656677246,13.859999656677246,13.859999656677246,13.859999656677246,12.092937469482422,0
2002-07-05,14.199999809265137,14.199999809265137,13.979999542236328,13.979999542236328,12.197639465332031,1000
2002-07-08,13.75,13.75,13.5,13.5,11.77883529663086,22900
2002-07-09,13.5,13.5,13.5,13.5,11.77883529663086,0
2002-07-10,13.5,13.5,13.5,13.5,11.77883529663086,0
2002-07-11,13.430000305175781,13.430000305175781,13.420000076293945,13.420000076293945,11.709035873413086,900
2002-07-12,13.420000076293945,13.420000076293945,13.420000076293945,13.420000076293945,11.709035873413086,500
2002-07-15,13.420000076293945,13.420000076293945,13.420000076293945,13.420000076293945,11.709035873413086,0
2002-07-16,13.420000076293945,13.420000076293945,13.420000076293945,13.420000076293945,11.709035873413086,0
2002-07-17,13.420000076293945,13.420000076293945,13.420000076293945,13.420000076293945,11.709035873413086,0
2002-07-18,13.420000076293945,13.420000076293945,13.420000076293945,13.420000076293945,11.709035873413086,0
2002-07-19,13.420000076293945,13.420000076293945,13.420000076293945,13.420000076293945,11.709035873413086,0
2002-07-22,13.420000076293945,13.420000076293945,13.420000076293945,13.420000076293945,11.709035873413086,0
2002-07-23,13.420000076293945,13.420000076293945,13.420000076293945,13.420000076293945,11.709035873413086,0
2002-07-24,13.300000190734863,13.300000190734863,13.25,13.25,11.560708999633789,1100
2002-07-25,13.149999618530273,13.149999618530273,13.149999618530273,13.149999618530273,11.473455429077148,100
2002-07-26,13.149999618530273,13.149999618530273,13.149999618530273,13.149999618530273,11.473455429077148,0
2002-07-29,13.5,13.5,13.5,13.5,11.77883529663086,500
2002-07-30,13.5,13.5,13.5,13.5,11.77883529663086,0
2002-07-31,13.5,13.5,13.5,13.5,11.77883529663086,0
2002-08-01,13.350000381469727,13.350000381469727,13.350000381469727,13.350000381469727,11.647957801818848,1600
2002-08-02,13.789999961853027,13.789999961853027,13.789999961853027,13.789999961853027,12.031859397888184,600
2002-08-05,13.789999961853027,13.789999961853027,13.789999961853027,13.789999961853027,12.031859397888184,0
2002-08-06,13.789999961853027,13.789999961853027,13.789999961853027,13.789999961853027,12.031859397888184,0
2002-08-07,13.789999961853027,13.789999961853027,13.789999961853027,13.789999961853027,12.031859397888184,0
2002-08-08,13.789999961853027,13.789999961853027,13.789999961853027,13.789999961853027,12.031859397888184,0
2002-08-09,13.789999961853027,13.789999961853027,13.789999961853027,13.789999961853027,12.031859397888184,0
2002-08-12,13.789999961853027,13.789999961853027,13.789999961853027,13.789999961853027,12.031859397888184,0
2002-08-13,13.789999961853027,13.789999961853027,13.789999961853027,13.789999961853027,12.031859397888184,0
2002-08-14,13.789999961853027,13.789999961853027,13.789999961853027,13.789999961853027,12.031859397888184,0
2002-08-15,13.789999961853027,13.789999961853027,13.789999961853027,13.789999961853027,12.031859397888184,0
2002-08-16,13.789999961853027,13.789999961853027,13.789999961853027,13.789999961853027,12.031859397888184,0
2002-08-19,13.789999961853027,13.789999961853027,13.789999961853027,13.789999961853027,12.031859397888184,0
2002-08-20,15.0,15.0,13.75,13.75,11.996960639953613,2400
2002-08-21,13.699999809265137,13.699999809265137,13.6899995803833,13.6899995803833,11.944608688354492,2300
2002-08-22,13.6899995803833,13.6899995803833,13.6899995803833,13.6899995803833,11.944608688354492,0
2002-08-23,13.6899995803833,13.6899995803833,13.6899995803833,13.6899995803833,11.944608688354492,0
2002-08-26,13.6899995803833,13.6899995803833,13.6899995803833,13.6899995803833,11.944608688354492,0
2002-08-27,13.6899995803833,13.6899995803833,13.6899995803833,13.6899995803833,11.944608688354492,0
2002-08-28,13.6899995803833,13.6899995803833,13.6899995803833,13.6899995803833,11.944608688354492,0
2002-08-29,13.6899995803833,13.6899995803833,13.6899995803833,13.6899995803833,11.944608688354492,0
2002-08-30,15.0,15.760000228881836,15.0,15.760000228881836,13.750700950622559,2100
2002-09-03,16.0,16.0,15.600000381469727,15.600000381469727,13.611099243164062,1700
2002-09-04,15.600000381469727,15.600000381469727,15.600000381469727,15.600000381469727,13.611099243164062,0
2002-09-05,15.600000381469727,15.600000381469727,15.600000381469727,15.600000381469727,13.611099243164062,0
2002-09-06,15.600000381469727,15.600000381469727,15.600000381469727,15.600000381469727,13.611099243164062,0
2002-09-09,15.510000228881836,15.510000228881836,15.149999618530273,15.149999618530273,13.218469619750977,2400
2002-09-10,15.149999618530273,15.149999618530273,15.149999618530273,15.149999618530273,13.218469619750977,0
2002-09-11,15.0600004196167,15.0600004196167,15.0600004196167,15.0600004196167,13.13994312286377,100
2002-09-12,15.0600004196167,15.0600004196167,15.0600004196167,15.0600004196167,13.13994312286377,0
2002-09-13,14.949999809265137,14.949999809265137,14.949999809265137,14.949999809265137,13.043971061706543,100
2002-09-16,14.949999809265137,14.949999809265137,14.949999809265137,14.949999809265137,13.043971061706543,0
2002-09-17,14.949999809265137,14.949999809265137,14.949999809265137,14.949999809265137,13.043971061706543,0
2002-09-18,14.949999809265137,15.0,14.859999656677246,14.949999809265137,13.043971061706543,700
2002-09-19,14.819999694824219,15.239999771118164,14.819999694824219,15.239999771118164,13.296995162963867,400
2002-09-20,15.149999618530273,15.149999618530273,15.140000343322754,15.140000343322754,13.209747314453125,1900
2002-09-23,15.140000343322754,15.140000343322754,15.140000343322754,15.140000343322754,13.209747314453125,0
2002-09-24,15.140000343322754,15.140000343322754,15.140000343322754,15.140000343322754,13.209747314453125,0
2002-09-25,14.960000038146973,14.960000038146973,14.649999618530273,14.649999618530273,12.782217025756836,200
2002-09-26,14.649999618530273,14.649999618530273,14.649999618530273,14.649999618530273,12.782217025756836,0
2002-09-27,14.649999618530273,14.649999618530273,14.649999618530273,14.649999618530273,12.782217025756836,0
2002-09-30,14.399999618530273,14.399999618530273,13.399999618530273,13.399999618530273,11.691583633422852,500
2002-10-01,15.25,17.729999542236328,15.229999542236328,17.0,14.832609176635742,11600
2002-10-02,17.399999618530273,17.399999618530273,15.0,15.5,13.523847579956055,1300
2002-10-03,15.510000228881836,15.59000015258789,15.300000190734863,15.399999618530273,13.43659782409668,1900
2002-10-04,15.399999618530273,15.399999618530273,15.399999618530273,15.399999618530273,13.43659782409668,0
2002-10-07,15.75,15.75,15.75,15.75,13.741973876953125,100
2002-10-08,15.149999618530273,15.149999618530273,14.75,14.75,12.869466781616211,2300
2002-10-09,14.649999618530273,14.649999618530273,13.899999618530273,13.899999618530273,12.127836227416992,300
2002-10-10,13.550000190734863,13.550000190734863,13.550000190734863,13.550000190734863,11.822460174560547,300
2002-10-11,13.550000190734863,13.550000190734863,13.550000190734863,13.550000190734863,11.822460174560547,0
2002-10-14,13.550000190734863,13.550000190734863,13.550000190734863,13.550000190734863,11.822460174560547,0
2002-10-15,14.0,14.0,14.0,14.0,12.215088844299316,300
2002-10-16,14.75,14.75,14.0,14.0,12.215088844299316,400
2002-10-17,15.0,15.239999771118164,15.0,15.239999771118164,13.296995162963867,300
2002-10-18,15.239999771118164,15.239999771118164,15.239999771118164,15.239999771118164,13.296995162963867,0
2002-10-21,15.239999771118164,15.239999771118164,15.239999771118164,15.239999771118164,13.296995162963867,0
2002-10-22,14.100000381469727,14.100000381469727,13.850000381469727,13.850000381469727,12.084213256835938,300
2002-10-23,13.850000381469727,13.850000381469727,13.850000381469727,13.850000381469727,12.084213256835938,0
2002-10-24,13.850000381469727,13.850000381469727,13.850000381469727,13.850000381469727,12.084213256835938,0
2002-10-25,13.850000381469727,13.850000381469727,13.850000381469727,13.850000381469727,12.084213256835938,100
2002-10-28,13.850000381469727,13.850000381469727,13.850000381469727,13.850000381469727,12.084213256835938,0
2002-10-29,13.850000381469727,13.850000381469727,13.850000381469727,13.850000381469727,12.084213256835938,0
2002-10-30,13.850000381469727,13.850000381469727,13.850000381469727,13.850000381469727,12.084213256835938,0
2002-10-31,13.850000381469727,13.850000381469727,13.850000381469727,13.850000381469727,12.084213256835938,0
2002-11-01,13.850000381469727,13.850000381469727,13.850000381469727,13.850000381469727,12.084213256835938,0
2002-11-04,13.850000381469727,13.850000381469727,13.850000381469727,13.850000381469727,12.084213256835938,0
2002-11-05,13.850000381469727,13.850000381469727,13.850000381469727,13.850000381469727,12.084213256835938,0
2002-11-06,14.5600004196167,15.149999618530273,14.359999656677246,14.359999656677246,12.529189109802246,700
2002-11-07,14.579999923706055,14.579999923706055,14.4399995803833,14.4399995803833,12.598991394042969,900
2002-11-08,14.300000190734863,14.300000190734863,14.050000190734863,14.0600004196167,12.267439842224121,400
2002-11-11,14.0600004196167,14.0600004196167,14.0600004196167,14.0600004196167,12.267439842224121,0
2002-11-12,14.0600004196167,14.0600004196167,14.0600004196167,14.0600004196167,12.267439842224121,0
2002-11-13,14.0600004196167,14.0600004196167,14.0600004196167,14.0600004196167,12.267439842224121,0
2002-11-14,14.0600004196167,14.0600004196167,14.0600004196167,14.0600004196167,12.267439842224121,0
2002-11-15,14.180000305175781,14.180000305175781,13.949999809265137,13.949999809265137,12.17146110534668,300
2002-11-18,13.949999809265137,13.949999809265137,13.949999809265137,13.949999809265137,12.17146110534668,0
2002-11-19,14.130000114440918,14.140000343322754,13.850000381469727,14.140000343322754,12.337239265441895,1500
2002-11-20,13.859999656677246,13.859999656677246,13.850000381469727,13.850000381469727,12.084213256835938,400
2002-11-21,13.850000381469727,13.850000381469727,13.850000381469727,13.850000381469727,12.084213256835938,0
2002-11-22,14.170000076293945,14.5,14.170000076293945,14.4399995803833,12.598991394042969,1300
2002-11-25,14.4399995803833,14.4399995803833,14.4399995803833,14.4399995803833,12.598991394042969,0
2002-11-26,13.880000114440918,13.880000114440918,13.880000114440918,13.880000114440918,12.11038875579834,500
2002-11-27,13.880000114440918,13.880000114440918,13.880000114440918,13.880000114440918,12.11038875579834,0
2002-11-29,13.880000114440918,13.880000114440918,13.880000114440918,13.880000114440918,12.11038875579834,0
2002-12-02,14.050000190734863,14.050000190734863,14.050000190734863,14.050000190734863,12.258713722229004,400
2002-12-03,13.859999656677246,13.859999656677246,13.859999656677246,13.859999656677246,12.092937469482422,100
2002-12-04,13.859999656677246,13.859999656677246,13.859999656677246,13.859999656677246,12.092937469482422,100
2002-12-05,13.859999656677246,13.859999656677246,13.859999656677246,13.859999656677246,12.092937469482422,0
2002-12-06,13.859999656677246,13.859999656677246,13.859999656677246,13.859999656677246,12.092937469482422,0
2002-12-09,14.5,14.5,14.5,14.5,12.651339530944824,100
2002-12-10,14.5,14.5,14.5,14.5,12.651339530944824,0
2002-12-11,14.5,14.5,14.5,14.5,12.651339530944824,0
2002-12-12,14.5,14.5,14.5,14.5,12.651339530944824,0
2002-12-13,14.5,14.5,14.5,14.5,12.651339530944824,0
2002-12-16,14.5,14.5,14.5,14.5,12.651339530944824,0
2002-12-17,14.489999771118164,14.489999771118164,14.199999809265137,14.199999809265137,12.38958740234375,1600
2002-12-18,14.199999809265137,14.199999809265137,14.199999809265137,14.199999809265137,12.38958740234375,0
2002-12-19,14.489999771118164,14.489999771118164,14.489999771118164,14.489999771118164,12.642617225646973,800
2002-12-20,14.489999771118164,14.489999771118164,14.489999771118164,14.489999771118164,12.642617225646973,0
2002-12-23,14.489999771118164,14.5,14.350000381469727,14.350000381469727,12.520467758178711,6400
2002-12-24,14.5,14.5,14.5,14.5,12.651339530944824,6100
2002-12-26,14.5,14.5,14.5,14.5,12.651339530944824,700
2002-12-27,14.359999656677246,14.359999656677246,13.920000076293945,14.350000381469727,12.520467758178711,1800
2002-12-30,13.90999984741211,13.920000076293945,13.90999984741211,13.920000076293945,12.145285606384277,800
2002-12-31,13.920000076293945,14.489999771118164,13.920000076293945,14.489999771118164,12.642617225646973,1500
2003-01-02,14.489999771118164,14.489999771118164,14.369999885559082,14.369999885559082,12.537915229797363,1900
2003-01-03,14.5,14.5,14.5,14.5,12.651339530944824,100
2003-01-06,14.5,14.5,14.5,14.5,12.651339530944824,1300
2003-01-07,14.5,14.520000457763672,13.989999771118164,13.989999771118164,12.206364631652832,4000
2003-01-08,13.989999771118164,13.989999771118164,13.989999771118164,13.989999771118164,12.206364631652832,0
2003-01-09,14.029999732971191,14.029999732971191,14.029999732971191,14.029999732971191,12.241264343261719,100
2003-01-10,13.279999732971191,13.319999694824219,13.279999732971191,13.319999694824219,11.621782302856445,700
2003-01-13,13.680000305175781,14.449999809265137,13.680000305175781,14.449999809265137,12.60771369934082,500
2003-01-14,14.449999809265137,14.449999809265137,14.449999809265137,14.449999809265137,12.60771369934082,0
2003-01-15,14.449999809265137,14.449999809265137,14.449999809265137,14.449999809265137,12.60771369934082,0
2003-01-16,14.449999809265137,14.449999809265137,14.449999809265137,14.449999809265137,12.60771369934082,0
2003-01-17,14.449999809265137,14.449999809265137,14.449999809265137,14.449999809265137,12.60771369934082,0
2003-01-21,14.4399995803833,14.4399995803833,14.420000076293945,14.420000076293945,12.58154010772705,700
2003-01-22,14.34000015258789,14.34000015258789,14.15999984741211,14.15999984741211,12.354687690734863,500
2003-01-23,14.15999984741211,14.15999984741211,14.15999984741211,14.15999984741211,12.354687690734863,0
2003-01-24,14.15999984741211,14.15999984741211,14.15999984741211,14.15999984741211,12.354687690734863,0
2003-01-27,14.15999984741211,14.15999984741211,14.15999984741211,14.15999984741211,12.354687690734863,0
2003-01-28,13.90999984741211,14.40999984741211,13.680000305175781,14.010000228881836,12.223811149597168,4700
2003-01-29,14.010000228881836,14.010000228881836,14.010000228881836,14.010000228881836,12.223811149597168,0
2003-01-30,14.010000228881836,14.010000228881836,14.010000228881836,14.010000228881836,12.223811149597168,0
2003-01-31,14.010000228881836,14.010000228881836,14.010000228881836,14.010000228881836,12.223811149597168,0
2003-02-03,14.010000228881836,14.010000228881836,14.010000228881836,14.010000228881836,12.223811149597168,0
2003-02-04,14.109999656677246,14.109999656677246,14.100000381469727,14.100000381469727,12.302340507507324,300
2003-02-05,14.100000381469727,14.100000381469727,14.100000381469727,14.100000381469727,12.302340507507324,0
2003-02-06,14.100000381469727,14.100000381469727,14.100000381469727,14.100000381469727,12.302340507507324,0
2003-02-07,13.829999923706055,14.029999732971191,13.829999923706055,13.930000305175781,12.154011726379395,300
2003-02-10,13.710000038146973,13.899999618530273,13.680000305175781,13.899999618530273,12.127836227416992,1100
2003-02-11,13.789999961853027,13.789999961853027,13.130000114440918,13.130000114440918,11.45600700378418,3400
2003-02-12,13.100000381469727,13.100000381469727,11.489999771118164,12.020000457763672,10.487528800964355,26600
2003-02-13,11.989999771118164,12.300000190734863,11.899999618530273,12.15999984741211,10.6096773147583,6800
2003-02-14,12.390000343322754,12.390000343322754,11.5,11.949999809265137,10.4264497756958,2300
2003-02-18,12.109999656677246,12.109999656677246,11.1899995803833,11.850000381469727,10.339200973510742,1900
2003-02-19,11.720000267028809,11.930000305175781,11.399999618530273,11.399999618530273,9.946571350097656,5200
2003-02-20,11.470000267028809,11.600000381469727,10.9399995803833,11.1899995803833,9.763346672058105,10400
2003-02-21,11.100000381469727,11.170000076293945,10.640000343322754,11.15999984741211,9.737173080444336,1900
2003-02-24,11.380000114440918,11.489999771118164,10.739999771118164,10.960000038146973,9.56266975402832,9100
2003-02-25,10.84000015258789,11.359999656677246,10.729999542236328,11.010000228881836,9.60629653930664,2400
2003-02-26,10.84000015258789,11.0,10.84000015258789,10.949999809265137,9.553942680358887,3400
2003-02-27,11.09000015258789,11.09000015258789,10.979999542236328,11.0,9.597567558288574,900
2003-02-28,10.930000305175781,11.0,10.930000305175781,11.0,9.597567558288574,1600
2003-03-03,11.09000015258789,11.170000076293945,11.050000190734863,11.170000076293945,9.745896339416504,9600
2003-03-04,11.170000076293945,11.170000076293945,11.170000076293945,11.170000076293945,9.745896339416504,0
2003-03-05,11.34000015258789,11.40999984741211,11.34000015258789,11.399999618530273,9.946571350097656,700
2003-03-06,11.350000381469727,11.350000381469727,11.09000015258789,11.210000038146973,9.78079605102539,2000
2003-03-07,11.199999809265137,11.199999809265137,11.199999809265137,11.199999809265137,9.772068977355957,100
2003-03-10,11.029999732971191,11.029999732971191,10.850000381469727,10.859999656677246,9.475419044494629,7800
2003-03-11,10.8100004196167,10.8100004196167,10.399999618530273,10.529999732971191,9.187490463256836,2400
2003-03-12,10.649999618530273,10.649999618530273,10.5,10.5,9.161316871643066,41400
2003-03-13,10.520000457763672,10.520000457763672,10.5,10.510000228881836,9.170042037963867,26000
2003-03-14,10.5,10.579999923706055,10.5,10.579999923706055,9.231118202209473,2100
2003-03-17,10.609999656677246,10.619999885559082,10.609999656677246,10.619999885559082,9.266016960144043,400
2003-03-18,10.8100004196167,10.8100004196167,10.619999885559082,10.65999984741211,9.300915718078613,600
2003-03-19,10.84000015258789,10.949999809265137,10.760000228881836,10.949999809265137,9.553942680358887,1000
2003-03-20,11.0,11.0,11.0,11.0,9.597567558288574,500
2003-03-21,11.0,11.739999771118164,11.0,11.350000381469727,9.902947425842285,7300
2003-03-24,11.789999961853027,12.180000305175781,11.789999961853027,12.180000305175781,10.62712574005127,1300
2003-03-25,11.25,11.640000343322754,11.149999618530273,11.640000343322754,10.155972480773926,2400
2003-03-26,12.029999732971191,12.039999961853027,11.420000076293945,11.420000076293945,9.96402359008789,2400
2003-03-27,11.649999618530273,11.6899995803833,11.029999732971191,11.640000343322754,10.155972480773926,1300
2003-03-28,11.859999656677246,11.859999656677246,11.859999656677246,11.859999656677246,10.34792423248291,100
2003-03-31,11.460000038146973,11.770000457763672,10.899999618530273,11.720000267028809,10.225773811340332,2200
2003-04-01,12.029999732971191,12.029999732971191,11.25,11.25,9.815694808959961,700
2003-04-02,11.680000305175781,12.029999732971191,10.520000457763672,10.800000190734863,9.42306900024414,12500
2003-04-03,11.270000457763672,11.720000267028809,11.270000457763672,11.460000038146973,9.998919486999512,300
2003-04-04,11.850000381469727,11.850000381469727,11.350000381469727,11.350000381469727,9.902947425842285,500
2003-04-07,11.470000267028809,11.800000190734863,11.399999618530273,11.609999656677246,10.12979793548584,1300
2003-04-08,11.470000267028809,11.470000267028809,11.220000267028809,11.220000267028809,9.789522171020508,900
2003-04-09,11.350000381469727,11.600000381469727,11.350000381469727,11.600000381469727,10.121074676513672,500
2003-04-10,11.460000038146973,11.59000015258789,11.40999984741211,11.470000267028809,10.007647514343262,700
2003-04-11,11.359999656677246,11.550000190734863,11.079999923706055,11.25,9.815694808959961,7300
2003-04-14,11.25,11.25,11.25,11.25,9.815694808959961,0
2003-04-15,11.25,11.760000228881836,10.350000381469727,10.800000190734863,9.42306900024414,8600
2003-04-16,10.9399995803833,11.350000381469727,10.920000076293945,11.1899995803833,9.763346672058105,1800
2003-04-17,11.1899995803833,11.1899995803833,11.1899995803833,11.1899995803833,9.763346672058105,0
2003-04-21,11.109999656677246,11.239999771118164,11.029999732971191,11.069999694824219,9.658644676208496,2100
2003-04-22,11.020000457763672,11.020000457763672,10.699999809265137,10.829999923706055,9.44924259185791,3700
2003-04-23,10.970000267028809,10.970000267028809,10.819999694824219,10.819999694824219,9.440515518188477,400
2003-04-24,10.819999694824219,10.819999694824219,10.819999694824219,10.819999694824219,9.440515518188477,0
2003-04-25,10.819999694824219,10.819999694824219,10.819999694824219,10.819999694824219,9.440515518188477,0
2003-04-28,10.819999694824219,10.819999694824219,10.819999694824219,10.819999694824219,9.440515518188477,0
2003-04-29,11.25,11.539999961853027,11.239999771118164,11.399999618530273,9.946571350097656,2600
2003-04-30,11.890000343322754,11.890000343322754,11.890000343322754,11.890000343322754,10.374101638793945,600
2003-05-01,12.15999984741211,12.15999984741211,11.25,11.670000076293945,10.182148933410645,1400
2003-05-02,11.670000076293945,11.670000076293945,11.670000076293945,11.670000076293945,10.182148933410645,0
2003-05-05,11.430000305175781,11.789999961853027,11.149999618530273,11.680000305175781,10.190875053405762,6800
2003-05-06,12.180000305175781,12.460000038146973,11.949999809265137,12.199999809265137,10.64457893371582,2900
2003-05-07,11.420000076293945,11.430000305175781,11.029999732971191,11.029999732971191,9.623743057250977,1600
2003-05-08,11.029999732971191,11.029999732971191,11.029999732971191,11.029999732971191,9.623743057250977,0
2003-05-09,11.029999732971191,11.029999732971191,11.029999732971191,11.029999732971191,9.623743057250977,0
2003-05-12,11.029999732971191,11.029999732971191,11.029999732971191,11.029999732971191,9.623743057250977,0
2003-05-13,11.100000381469727,11.100000381469727,10.949999809265137,11.0,9.597567558288574,5300
2003-05-14,10.989999771118164,11.0,10.989999771118164,10.989999771118164,9.588846206665039,2900
2003-05-15,11.3100004196167,11.779999732971191,11.100000381469727,11.109999656677246,9.693543434143066,900
2003-05-16,12.5,12.5,12.5,12.5,10.906330108642578,100
2003-05-19,12.5,12.5,12.5,12.5,10.906330108642578,0
2003-05-20,12.5,12.5,12.5,12.5,10.906330108642578,0
2003-05-21,12.069999694824219,12.720000267028809,11.670000076293945,12.550000190734863,10.949952125549316,500
2003-05-22,12.550000190734863,12.550000190734863,12.550000190734863,12.550000190734863,10.949952125549316,0
2003-05-23,12.550000190734863,12.550000190734863,12.550000190734863,12.550000190734863,10.949952125549316,0
2003-05-27,12.550000190734863,12.550000190734863,12.550000190734863,12.550000190734863,10.949952125549316,0
2003-05-28,12.550000190734863,12.550000190734863,12.550000190734863,12.550000190734863,10.949952125549316,0
2003-05-29,12.420000076293945,12.420000076293945,12.420000076293945,12.420000076293945,10.836527824401855,100
2003-05-30,12.619999885559082,13.630000114440918,12.619999885559082,13.399999618530273,11.691583633422852,2900
2003-06-02,13.600000381469727,13.600000381469727,12.84000015258789,13.380000114440918,11.674134254455566,20700
2003-06-03,13.170000076293945,13.630000114440918,12.890000343322754,13.289999961853027,11.59560775756836,2400
2003-06-04,13.289999961853027,13.289999961853027,13.289999961853027,13.289999961853027,11.59560775756836,0
2003-06-05,13.289999961853027,13.289999961853027,13.289999961853027,13.289999961853027,11.59560775756836,0
2003-06-06,13.289999961853027,13.289999961853027,13.289999961853027,13.289999961853027,11.59560775756836,0
2003-06-09,13.289999961853027,13.289999961853027,13.289999961853027,13.289999961853027,11.59560775756836,0
2003-06-10,13.289999961853027,13.289999961853027,13.289999961853027,13.289999961853027,11.59560775756836,0
2003-06-11,13.289999961853027,13.289999961853027,13.289999961853027,13.289999961853027,11.59560775756836,0
2003-06-12,13.289999961853027,13.289999961853027,13.289999961853027,13.289999961853027,11.59560775756836,0
2003-06-13,12.180000305175781,12.199999809265137,12.180000305175781,12.180000305175781,10.62712574005127,600
2003-06-16,12.180000305175781,12.180000305175781,12.180000305175781,12.180000305175781,10.62712574005127,0
2003-06-17,12.180000305175781,12.180000305175781,12.180000305175781,12.180000305175781,10.62712574005127,0
2003-06-18,12.479999542236328,12.479999542236328,12.479999542236328,12.479999542236328,10.88887882232666,100
2003-06-19,12.479999542236328,12.479999542236328,12.479999542236328,12.479999542236328,10.88887882232666,0
2003-06-20,12.479999542236328,12.479999542236328,12.479999542236328,12.479999542236328,10.88887882232666,0
2003-06-23,12.479999542236328,12.479999542236328,12.479999542236328,12.479999542236328,10.88887882232666,0
2003-06-24,13.069999694824219,14.100000381469727,13.069999694824219,14.100000381469727,12.302340507507324,1000
2003-06-25,13.829999923706055,13.829999923706055,13.829999923706055,13.829999923706055,12.066762924194336,100
2003-06-26,13.829999923706055,13.829999923706055,13.829999923706055,13.829999923706055,12.066762924194336,0
2003-06-27,13.829999923706055,13.829999923706055,13.829999923706055,13.829999923706055,12.066762924194336,0
2003-06-30,13.829999923706055,13.829999923706055,13.829999923706055,13.829999923706055,12.066762924194336,0
2003-07-01,13.829999923706055,13.829999923706055,13.829999923706055,13.829999923706055,12.066762924194336,0
2003-07-02,13.5,13.5,13.5,13.5,11.77883529663086,100
2003-07-03,13.5,13.5,13.5,13.5,11.77883529663086,0
2003-07-07,13.710000038146973,14.430000305175781,13.710000038146973,14.430000305175781,12.590267181396484,400
2003-07-08,14.529999732971191,15.0,13.739999771118164,14.5,12.651339530944824,1000
2003-07-09,14.75,14.75,14.75,14.75,12.869466781616211,900
2003-07-10,14.989999771118164,15.300000190734863,14.989999771118164,15.300000190734863,13.349346160888672,800
2003-07-11,15.199999809265137,15.25,15.180000305175781,15.25,13.3057222366333,400
2003-07-14,14.770000457763672,14.770000457763672,14.460000038146973,14.460000038146973,12.616440773010254,400
2003-07-15,14.460000038146973,14.460000038146973,14.460000038146973,14.460000038146973,12.616440773010254,0
2003-07-16,14.460000038146973,14.460000038146973,14.460000038146973,14.460000038146973,12.616440773010254,0
2003-07-17,14.460000038146973,14.460000038146973,14.460000038146973,14.460000038146973,12.616440773010254,0
2003-07-18,13.359999656677246,13.359999656677246,13.359999656677246,13.359999656677246,11.656683921813965,300
2003-07-21,13.359999656677246,13.359999656677246,13.359999656677246,13.359999656677246,11.656683921813965,200
2003-07-22,13.399999618530273,13.399999618530273,13.399999618530273,13.399999618530273,11.691583633422852,200
2003-07-23,13.399999618530273,13.399999618530273,13.399999618530273,13.399999618530273,11.691583633422852,0
2003-07-24,13.399999618530273,13.399999618530273,13.399999618530273,13.399999618530273,11.691583633422852,0
2003-07-25,13.399999618530273,13.399999618530273,13.399999618530273,13.399999618530273,11.691583633422852,0
2003-07-28,13.399999618530273,13.399999618530273,13.399999618530273,13.399999618530273,11.691583633422852,0
2003-07-29,12.180000305175781,12.180000305175781,11.680000305175781,11.680000305175781,10.190875053405762,500
2003-07-30,11.670000076293945,12.09000015258789,11.390000343322754,11.390000343322754,9.937846183776855,1500
2003-07-31,12.449999809265137,13.0,11.59000015258789,13.0,11.342581748962402,500
2003-08-01,12.979999542236328,13.779999732971191,12.979999542236328,13.779999732971191,12.023136138916016,1000
2003-08-04,12.180000305175781,12.180000305175781,12.180000305175781,12.180000305175781,10.62712574005127,100
2003-08-05,11.390000343322754,11.390000343322754,11.390000343322754,11.390000343322754,9.937846183776855,100
2003-08-06,11.390000343322754,11.390000343322754,11.390000343322754,11.390000343322754,9.937846183776855,0
2003-08-07,11.390000343322754,11.390000343322754,11.390000343322754,11.390000343322754,9.937846183776855,0
2003-08-08,11.390000343322754,11.390000343322754,11.390000343322754,11.390000343322754,9.937846183776855,0
2003-08-11,11.390000343322754,11.390000343322754,11.390000343322754,11.390000343322754,9.937846183776855,0
2003-08-12,13.210000038146973,13.390000343322754,12.489999771118164,13.149999618530273,11.473455429077148,6600
2003-08-13,12.649999618530273,13.260000228881836,12.609999656677246,12.670000076293945,11.054656982421875,4400
2003-08-14,12.670000076293945,12.670000076293945,12.670000076293945,12.670000076293945,11.054656982421875,0
2003-08-15,12.670000076293945,12.670000076293945,12.670000076293945,12.670000076293945,11.054656982421875,0
2003-08-18,12.670000076293945,12.670000076293945,12.670000076293945,12.670000076293945,11.054656982421875,0
2003-08-19,13.550000190734863,13.550000190734863,13.119999885559082,13.390000343322754,11.682861328125,800
2003-08-20,13.390000343322754,13.390000343322754,13.390000343322754,13.390000343322754,11.682861328125,0
2003-08-21,13.800000190734863,13.800000190734863,13.489999771118164,13.489999771118164,11.770111083984375,1300
2003-08-22,13.489999771118164,13.489999771118164,13.489999771118164,13.489999771118164,11.770111083984375,0
2003-08-25,13.489999771118164,13.489999771118164,13.489999771118164,13.489999771118164,11.770111083984375,0
2003-08-26,13.489999771118164,13.489999771118164,13.489999771118164,13.489999771118164,11.770111083984375,0
2003-08-27,13.489999771118164,13.489999771118164,13.489999771118164,13.489999771118164,11.770111083984375,0
2003-08-28,13.800000190734863,13.800000190734863,12.1899995803833,13.569999694824219,11.839912414550781,2600
2003-08-29,13.329999923706055,13.329999923706055,13.329999923706055,13.329999923706055,11.630509376525879,1000
2003-09-02,13.329999923706055,13.329999923706055,13.329999923706055,13.329999923706055,11.630509376525879,0
2003-09-03,13.329999923706055,13.329999923706055,13.329999923706055,13.329999923706055,11.630509376525879,0
2003-09-04,13.329999923706055,13.329999923706055,13.329999923706055,13.329999923706055,11.630509376525879,0
2003-09-05,13.329999923706055,13.329999923706055,13.329999923706055,13.329999923706055,11.630509376525879,0
2003-09-08,13.050000190734863,13.050000190734863,13.050000190734863,13.050000190734863,11.386204719543457,900
2003-09-09,13.010000228881836,13.4399995803833,13.0,13.4399995803833,11.726485252380371,1000
2003-09-10,13.5,13.5,13.5,13.5,11.77883529663086,200
2003-09-11,13.5,13.5,13.5,13.5,11.77883529663086,0
2003-09-12,13.5,13.5,13.5,13.5,11.77883529663086,1000
2003-09-15,13.5,13.5,13.5,13.5,11.77883529663086,0
2003-09-16,13.649999618530273,13.65999984741211,13.399999618530273,13.520000457763672,11.796284675598145,3300
2003-09-17,13.579999923706055,13.859999656677246,13.579999923706055,13.859999656677246,12.092937469482422,200
2003-09-18,13.399999618530273,13.399999618530273,13.399999618530273,13.399999618530273,11.691583633422852,100
2003-09-19,13.399999618530273,13.399999618530273,13.399999618530273,13.399999618530273,11.691583633422852,0
2003-09-22,13.399999618530273,13.399999618530273,13.399999618530273,13.399999618530273,11.691583633422852,200
2003-09-23,13.399999618530273,13.399999618530273,13.399999618530273,13.399999618530273,11.691583633422852,100
2003-09-24,13.3100004196167,13.3100004196167,13.3100004196167,13.3100004196167,11.613061904907227,100
2003-09-25,13.3100004196167,13.3100004196167,13.3100004196167,13.3100004196167,11.613061904907227,0
2003-09-26,13.40999984741211,13.40999984741211,13.40999984741211,13.40999984741211,11.700307846069336,100
2003-09-29,13.40999984741211,13.40999984741211,13.40999984741211,13.40999984741211,11.700307846069336,0
2003-09-30,13.460000038146973,13.460000038146973,13.460000038146973,13.460000038146973,11.743934631347656,300
2003-10-01,13.489999771118164,13.5,13.399999618530273,13.4399995803833,11.726485252380371,4200
2003-10-02,13.4399995803833,13.4399995803833,13.4399995803833,13.4399995803833,11.726485252380371,0
2003-10-03,13.4399995803833,13.4399995803833,13.4399995803833,13.4399995803833,11.726485252380371,0
2003-10-06,13.4399995803833,13.4399995803833,13.4399995803833,13.4399995803833,11.726485252380371,200
2003-10-07,13.4399995803833,13.4399995803833,13.4399995803833,13.4399995803833,11.726485252380371,0
2003-10-08,13.4399995803833,13.4399995803833,13.4399995803833,13.4399995803833,11.726485252380371,0
2003-10-09,13.430000305175781,13.5,13.430000305175781,13.4399995803833,11.726485252380371,8800
2003-10-10,13.329999923706055,13.329999923706055,13.329999923706055,13.329999923706055,11.630509376525879,100
2003-10-13,13.380000114440918,13.4399995803833,13.34000015258789,13.420000076293945,11.709035873413086,3400
2003-10-14,12.989999771118164,12.989999771118164,12.989999771118164,12.989999771118164,11.333857536315918,300
2003-10-15,12.989999771118164,12.989999771118164,12.989999771118164,12.989999771118164,11.333857536315918,0
2003-10-16,12.989999771118164,12.989999771118164,12.989999771118164,12.989999771118164,11.333857536315918,0
2003-10-17,12.510000228881836,12.510000228881836,12.510000228881836,12.510000228881836,10.915054321289062,2000
2003-10-20,12.510000228881836,12.510000228881836,12.510000228881836,12.510000228881836,10.915054321289062,0
2003-10-21,12.529999732971191,12.529999732971191,12.010000228881836,12.010000228881836,10.478800773620605,700
2003-10-22,12.010000228881836,12.010000228881836,12.010000228881836,12.010000228881836,10.478800773620605,0
2003-10-23,12.0,12.0,12.0,12.0,10.470076560974121,400
2003-10-24,12.0,12.0,12.0,12.0,10.470076560974121,0
2003-10-27,12.0,12.0,12.0,12.0,10.470076560974121,0
2003-10-28,12.25,12.25,12.25,12.25,10.688200950622559,300
2003-10-29,12.25,12.5,12.25,12.5,10.906330108642578,3400
2003-10-30,12.869999885559082,13.149999618530273,12.699999809265137,13.149999618530273,11.473455429077148,800
2003-10-31,13.289999961853027,13.289999961853027,13.289999961853027,13.289999961853027,11.59560775756836,100
2003-11-03,13.430000305175781,14.0,13.430000305175781,14.0,12.215088844299316,5900
2003-11-04,13.300000190734863,14.100000381469727,13.300000190734863,14.100000381469727,12.302340507507324,6900
2003-11-05,14.100000381469727,14.100000381469727,14.100000381469727,14.100000381469727,12.302340507507324,0
2003-11-06,14.739999771118164,15.130000114440918,14.0,15.119999885559082,13.19229507446289,4900
2003-11-07,15.119999885559082,15.119999885559082,15.119999885559082,15.119999885559082,13.19229507446289,0
2003-11-10,15.119999885559082,15.119999885559082,15.119999885559082,15.119999885559082,13.19229507446289,0
2003-11-11,14.199999809265137,14.199999809265137,14.199999809265137,14.199999809265137,12.38958740234375,200
2003-11-12,14.199999809265137,14.199999809265137,14.199999809265137,14.199999809265137,12.38958740234375,200
2003-11-13,14.199999809265137,14.199999809265137,14.199999809265137,14.199999809265137,12.38958740234375,0
2003-11-14,14.199999809265137,14.199999809265137,14.199999809265137,14.199999809265137,12.38958740234375,0
2003-11-17,14.199999809265137,14.199999809265137,14.199999809265137,14.199999809265137,12.38958740234375,0
2003-11-18,14.199999809265137,14.199999809265137,14.199999809265137,14.199999809265137,12.38958740234375,0
2003-11-19,14.199999809265137,14.199999809265137,14.199999809265137,14.199999809265137,12.38958740234375,500
2003-11-20,14.199999809265137,14.199999809265137,14.199999809265137,14.199999809265137,12.38958740234375,0
2003-11-21,14.199999809265137,14.199999809265137,14.199999809265137,14.199999809265137,12.38958740234375,0
2003-11-24,14.90999984741211,14.90999984741211,14.90999984741211,14.90999984741211,13.009066581726074,100
2003-11-25,14.90999984741211,14.90999984741211,14.90999984741211,14.90999984741211,13.009066581726074,0
2003-11-26,14.90999984741211,14.90999984741211,14.90999984741211,14.90999984741211,13.009066581726074,0
2003-11-28,14.90999984741211,14.90999984741211,14.90999984741211,14.90999984741211,13.009066581726074,0
2003-12-01,14.90999984741211,14.90999984741211,14.90999984741211,14.90999984741211,13.009066581726074,0
2003-12-02,14.90999984741211,14.90999984741211,14.90999984741211,14.90999984741211,13.009066581726074,0
2003-12-03,14.199999809265137,14.199999809265137,14.199999809265137,14.199999809265137,12.38958740234375,200
2003-12-04,14.199999809265137,14.199999809265137,14.199999809265137,14.199999809265137,12.38958740234375,0
2003-12-05,14.199999809265137,14.199999809265137,14.199999809265137,14.199999809265137,12.38958740234375,0
2003-12-08,14.199999809265137,14.199999809265137,14.199999809265137,14.199999809265137,12.38958740234375,0
2003-12-09,14.5,14.5,14.5,14.5,12.651339530944824,2000
2003-12-10,14.5,14.5,14.5,14.5,12.651339530944824,0
2003-12-11,14.5,14.5,14.5,14.5,12.651339530944824,0
2003-12-12,14.5,14.5,14.5,14.5,12.651339530944824,0
2003-12-15,14.350000381469727,14.350000381469727,14.350000381469727,14.350000381469727,12.520467758178711,300
2003-12-16,14.350000381469727,14.350000381469727,14.350000381469727,14.350000381469727,12.520467758178711,0
2003-12-17,14.199999809265137,14.199999809265137,14.199999809265137,14.199999809265137,12.38958740234375,200
2003-12-18,14.210000038146973,14.210000038146973,14.210000038146973,14.210000038146973,12.398314476013184,200
2003-12-19,14.199999809265137,14.210000038146973,14.199999809265137,14.210000038146973,12.398314476013184,1100
2003-12-22,14.210000038146973,14.210000038146973,14.210000038146973,14.210000038146973,12.398314476013184,0
2003-12-23,14.210000038146973,14.210000038146973,14.210000038146973,14.210000038146973,12.398314476013184,0
2003-12-24,14.210000038146973,14.210000038146973,14.210000038146973,14.210000038146973,12.398314476013184,0
2003-12-26,14.210000038146973,14.210000038146973,14.210000038146973,14.210000038146973,12.398314476013184,100
2003-12-29,14.210000038146973,14.210000038146973,14.210000038146973,14.210000038146973,12.398314476013184,900
2003-12-30,14.210000038146973,14.210000038146973,14.210000038146973,14.210000038146973,12.398314476013184,100
2003-12-31,14.210000038146973,14.210000038146973,14.210000038146973,14.210000038146973,12.398314476013184,100
2004-01-02,14.210000038146973,14.210000038146973,14.210000038146973,14.210000038146973,12.398314476013184,0
2004-01-05,14.229999542236328,14.229999542236328,14.229999542236328,14.229999542236328,12.415764808654785,100
2004-01-06,14.350000381469727,14.350000381469727,14.350000381469727,14.350000381469727,12.520467758178711,300
2004-01-07,14.350000381469727,14.350000381469727,14.350000381469727,14.350000381469727,12.520467758178711,0
2004-01-08,14.3100004196167,14.3100004196167,14.210000038146973,14.229999542236328,12.415764808654785,1900
2004-01-09,14.229999542236328,14.229999542236328,14.229999542236328,14.229999542236328,12.415764808654785,0
2004-01-12,14.680000305175781,14.680000305175781,14.680000305175781,14.680000305175781,12.808392524719238,1600
2004-01-13,14.680000305175781,14.680000305175781,14.680000305175781,14.680000305175781,12.808392524719238,1500
2004-01-14,14.680000305175781,14.680000305175781,14.680000305175781,14.680000305175781,12.808392524719238,400
2004-01-15,14.680000305175781,14.680000305175781,14.680000305175781,14.680000305175781,12.808392524719238,0
2004-01-16,16.989999771118164,17.0,16.989999771118164,17.0,14.832609176635742,1700
2004-01-20,18.170000076293945,18.93000030517578,17.010000228881836,18.90999984741211,16.499094009399414,1500
2004-01-21,20.5,20.5,19.899999618530273,19.899999618530273,17.362876892089844,300
2004-01-22,19.8799991607666,19.8799991607666,19.8799991607666,19.8799991607666,17.34542465209961,100
2004-01-23,19.8799991607666,20.5,19.8799991607666,20.5,17.886377334594727,900
2004-01-26,21.200000762939453,21.200000762939453,19.030000686645508,19.530000686645508,17.040048599243164,2900
2004-01-27,19.530000686645508,19.530000686645508,19.530000686645508,19.530000686645508,17.040048599243164,0
2004-01-28,19.0,19.0,19.0,19.0,16.57762336730957,1500
2004-01-29,19.209999084472656,19.25,19.209999084472656,19.25,16.795745849609375,500
2004-01-30,19.0,19.0,18.0,18.0,15.705113410949707,3200
2004-02-02,17.5,17.5,17.5,17.5,15.268860816955566,700
2004-02-03,20.0,20.0,20.0,20.0,17.45012664794922,200
2004-02-04,17.5,17.700000762939453,17.5,17.5,15.268860816955566,2100
2004-02-05,17.84000015258789,17.889999389648438,17.600000381469727,17.889999389648438,15.609136581420898,800
2004-02-06,17.5,17.850000381469727,17.5,17.5,15.268860816955566,2600
2004-02-09,17.5,17.549999237060547,17.5,17.549999237060547,15.312480926513672,3000
2004-02-10,17.510000228881836,17.510000228881836,17.5,17.5,15.268860816955566,500
2004-02-11,17.5,17.5,17.5,17.5,15.268860816955566,0
2004-02-12,17.5,17.5,17.5,17.5,15.268860816955566,0
2004-02-13,17.5,17.5,17.5,17.5,15.268860816955566,0
2004-02-17,17.719999313354492,17.719999313354492,17.600000381469727,17.600000381469727,15.356112480163574,2000
2004-02-18,17.600000381469727,17.600000381469727,17.600000381469727,17.600000381469727,15.356112480163574,0
2004-02-19,17.600000381469727,17.600000381469727,17.600000381469727,17.600000381469727,15.356112480163574,0
2004-02-20,17.549999237060547,17.600000381469727,17.5,17.600000381469727,15.356112480163574,2300
2004-02-23,17.5,17.520000457763672,17.5,17.5,15.268860816955566,1100
2004-02-24,17.5,17.5,17.5,17.5,15.268860816955566,0
2004-02-25,17.5,17.5,17.5,17.5,15.268860816955566,0
2004-02-26,17.5,17.5,17.5,17.5,15.268860816955566,0
2004-02-27,18.0,18.0,18.0,18.0,15.705113410949707,200
2004-03-01,18.0,18.0,18.0,18.0,15.705113410949707,0
2004-03-02,18.950000762939453,18.950000762939453,18.950000762939453,18.950000762939453,16.533998489379883,500
2004-03-03,19.489999771118164,19.489999771118164,19.489999771118164,19.489999771118164,17.005146026611328,1500
2004-03-04,19.489999771118164,19.489999771118164,19.489999771118164,19.489999771118164,17.005146026611328,0
2004-03-05,19.489999771118164,19.489999771118164,19.489999771118164,19.489999771118164,17.005146026611328,0
2004-03-08,19.489999771118164,19.489999771118164,19.489999771118164,19.489999771118164,17.005146026611328,0
2004-03-09,19.489999771118164,19.489999771118164,19.489999771118164,19.489999771118164,17.005146026611328,0
2004-03-10,20.889999389648438,22.579999923706055,19.489999771118164,22.469999313354492,19.60521697998047,19500
2004-03-11,22.5,23.079999923706055,21.010000228881836,23.049999237060547,20.111270904541016,20100
2004-03-12,23.0,24.100000381469727,23.0,24.0,20.940153121948242,5900
2004-03-15,22.5,24.25,22.5,24.059999465942383,20.992504119873047,11800
2004-03-16,23.40999984741211,23.40999984741211,23.40999984741211,23.40999984741211,20.425376892089844,100
2004-03-17,23.5,24.25,23.5,24.25,21.158275604248047,1500
2004-03-18,24.5,24.5,24.479999542236328,24.5,21.376401901245117,2200
2004-03-19,24.5,24.5,24.5,24.5,21.376401901245117,0
2004-03-22,23.049999237060547,23.049999237060547,23.049999237060547,23.049999237060547,20.111270904541016,1000
2004-03-23,23.049999237060547,23.049999237060547,23.049999237060547,23.049999237060547,20.111270904541016,0
2004-03-24,24.93000030517578,25.0,24.670000076293945,24.989999771118164,21.803932189941406,1700
2004-03-25,24.989999771118164,25.0,24.920000076293945,24.93000030517578,21.7515869140625,1500
2004-03-26,23.989999771118164,23.989999771118164,23.989999771118164,23.989999771118164,20.931427001953125,100
2004-03-29,24.829999923706055,25.290000915527344,24.829999923706055,25.290000915527344,22.065685272216797,600
2004-03-30,25.459999084472656,25.5,25.440000534057617,25.489999771118164,22.24018669128418,800
2004-03-31,25.5,25.5,25.399999618530273,25.399999618530273,22.161657333374023,800
2004-04-01,25.709999084472656,26.0,24.760000228881836,24.760000228881836,21.603261947631836,9400
2004-04-02,25.969999313354492,25.979999542236328,25.969999313354492,25.979999542236328,22.667715072631836,400
2004-04-05,26.0,26.920000076293945,25.440000534057617,26.0,22.685163497924805,6500
2004-04-06,26.0,26.0,26.0,26.0,22.685163497924805,0
2004-04-07,24.639999389648438,26.920000076293945,24.639999389648438,26.5,23.121417999267578,1900
2004-04-08,26.5,26.5,26.5,26.5,23.121417999267578,0
2004-04-12,24.90999984741211,26.5,24.90999984741211,26.5,23.121417999267578,2000
2004-04-13,25.5,27.459999084472656,25.5,27.459999084472656,23.95901870727539,800
2004-04-14,27.5,27.5,27.15999984741211,27.15999984741211,23.697269439697266,2200
2004-04-15,27.15999984741211,27.15999984741211,27.15999984741211,27.15999984741211,23.697269439697266,0
2004-04-16,26.350000381469727,26.350000381469727,26.350000381469727,26.350000381469727,22.99053955078125,200
2004-04-19,27.5,28.5,27.170000076293945,28.5,24.866430282592773,7100
2004-04-20,28.5,28.5,27.610000610351562,28.0,24.430177688598633,91000
2004-04-21,27.700000762939453,27.700000762939453,27.610000610351562,27.610000610351562,24.089895248413086,200
2004-04-22,27.610000610351562,27.610000610351562,27.610000610351562,27.610000610351562,24.089895248413086,0
2004-04-23,27.360000610351562,27.360000610351562,26.889999389648438,26.889999389648438,23.461692810058594,400
2004-04-26,27.010000228881836,27.010000228881836,27.010000228881836,27.010000228881836,23.56639289855957,100
2004-04-27,26.860000610351562,26.860000610351562,26.860000610351562,26.860000610351562,23.435518264770508,200
2004-04-28,26.860000610351562,26.860000610351562,26.860000610351562,26.860000610351562,23.435518264770508,0
2004-04-29,27.0,27.0,27.0,27.0,23.55767059326172,400
2004-04-30,27.0,27.0,27.0,27.0,23.55767059326172,0
2004-05-03,27.0,27.0,27.0,27.0,23.55767059326172,200
2004-05-04,27.5,27.5,27.5,27.5,23.993921279907227,1000
2004-05-05,27.5,27.5,27.5,27.5,23.993921279907227,0
2004-05-06,26.65999984741211,26.68000030517578,26.649999618530273,26.65999984741211,23.261018753051758,1900
2004-05-07,28.209999084472656,28.209999084472656,28.209999084472656,28.209999084472656,24.613401412963867,300
2004-05-10,28.209999084472656,28.209999084472656,28.209999084472656,28.209999084472656,24.613401412963867,300
2004-05-11,28.209999084472656,28.209999084472656,28.209999084472656,28.209999084472656,24.613401412963867,0
2004-05-12,26.489999771118164,26.489999771118164,26.489999771118164,26.489999771118164,23.11269760131836,400
2004-05-13,27.459999084472656,27.459999084472656,27.459999084472656,27.459999084472656,23.95901870727539,100
2004-05-14,27.459999084472656,27.459999084472656,27.459999084472656,27.459999084472656,23.95901870727539,0
2004-05-17,26.489999771118164,26.5,25.489999771118164,25.489999771118164,22.24018669128418,4000
2004-05-18,25.489999771118164,25.75,23.760000228881836,25.75,22.4670352935791,6200
2004-05-19,25.75,25.75,25.75,25.75,22.4670352935791,0
2004-05-20,25.75,25.75,25.75,25.75,22.4670352935791,0
2004-05-21,25.100000381469727,25.100000381469727,25.100000381469727,25.100000381469727,21.899904251098633,500
2004-05-24,25.100000381469727,25.100000381469727,25.100000381469727,25.100000381469727,21.899904251098633,0
2004-05-25,25.100000381469727,25.100000381469727,25.100000381469727,25.100000381469727,21.899904251098633,0
2004-05-26,25.100000381469727,25.100000381469727,25.100000381469727,25.100000381469727,21.899904251098633,0
2004-05-27,25.030000686645508,25.110000610351562,25.0,25.0,21.812660217285156,1600
2004-05-28,25.25,25.25,25.0,25.100000381469727,21.899904251098633,1200
2004-06-01,25.0,25.25,25.0,25.25,22.030784606933594,400
2004-06-02,25.25,25.25,25.25,25.25,22.030784606933594,0
2004-06-03,25.25,25.25,25.25,25.25,22.030784606933594,0
2004-06-04,25.25,25.25,25.25,25.25,22.030784606933594,0
2004-06-07,25.25,25.25,25.25,25.25,22.030784606933594,0
2004-06-08,25.25,25.25,25.25,25.25,22.030784606933594,0
2004-06-09,25.25,25.25,25.25,25.25,22.030784606933594,0
2004-06-10,25.68000030517578,25.75,24.68000030517578,25.75,22.4670352935791,5800
2004-06-14,25.75,25.75,25.75,25.75,22.4670352935791,0
2004-06-15,25.75,25.75,25.75,25.75,22.4670352935791,0
2004-06-16,25.5,25.5,25.5,25.5,22.248912811279297,500
2004-06-17,25.110000610351562,25.110000610351562,25.110000610351562,25.110000610351562,21.90863037109375,100
2004-06-18,25.110000610351562,25.110000610351562,25.110000610351562,25.110000610351562,21.90863037109375,0
2004-06-21,24.989999771118164,25.0,24.989999771118164,25.0,21.812660217285156,2000
2004-06-22,24.860000610351562,25.0,24.860000610351562,25.0,21.812660217285156,4200
2004-06-23,25.0,25.0,25.0,25.0,21.812660217285156,0
2004-06-24,25.0,25.0,25.0,25.0,21.812660217285156,0
2004-06-25,24.860000610351562,24.860000610351562,24.860000610351562,24.860000610351562,21.690502166748047,400
2004-06-28,25.0,25.0,25.0,25.0,21.812660217285156,3100
2004-06-29,25.0,25.0,25.0,25.0,21.812660217285156,0
2004-06-30,25.0,25.0,25.0,25.0,21.812660217285156,0
2004-07-01,25.049999237060547,25.049999237060547,25.049999237060547,25.049999237060547,21.856285095214844,100
2004-07-02,25.049999237060547,25.049999237060547,25.049999237060547,25.049999237060547,21.856285095214844,0
2004-07-06,25.049999237060547,25.049999237060547,25.049999237060547,25.049999237060547,21.856285095214844,0
2004-07-07,25.0,25.0,25.0,25.0,21.812660217285156,2000
2004-07-08,24.93000030517578,24.93000030517578,24.93000030517578,24.93000030517578,21.7515869140625,100
2004-07-09,24.93000030517578,24.93000030517578,24.93000030517578,24.93000030517578,21.7515869140625,0
2004-07-12,24.93000030517578,24.93000030517578,24.93000030517578,24.93000030517578,21.7515869140625,0
2004-07-13,24.600000381469727,24.600000381469727,24.600000381469727,24.600000381469727,21.463655471801758,2000
2004-07-14,24.40999984741211,24.40999984741211,24.399999618530273,24.399999618530273,21.28915786743164,300
2004-07-15,23.899999618530273,23.899999618530273,23.899999618530273,23.899999618530273,20.8528995513916,1000
2004-07-16,23.899999618530273,23.899999618530273,23.899999618530273,23.899999618530273,20.8528995513916,0
2004-07-19,23.290000915527344,23.290000915527344,23.290000915527344,23.290000915527344,20.320674896240234,100
2004-07-20,23.290000915527344,23.290000915527344,23.290000915527344,23.290000915527344,20.320674896240234,0
2004-07-21,23.290000915527344,23.290000915527344,23.290000915527344,23.290000915527344,20.320674896240234,0
2004-07-22,22.350000381469727,22.579999923706055,22.350000381469727,22.579999923706055,19.701194763183594,400
2004-07-23,23.469999313354492,24.440000534057617,22.520000457763672,23.639999389648438,20.62604331970215,2900
2004-07-26,23.639999389648438,23.639999389648438,23.639999389648438,23.639999389648438,20.62604331970215,0
2004-07-27,22.5,23.860000610351562,22.5,23.860000610351562,20.818002700805664,1100
2004-07-28,23.860000610351562,23.860000610351562,23.860000610351562,23.860000610351562,20.818002700805664,0
2004-07-29,23.860000610351562,23.860000610351562,23.860000610351562,23.860000610351562,20.818002700805664,0
2004-07-30,23.1299991607666,23.1299991607666,23.1299991607666,23.1299991607666,20.181068420410156,100
2004-08-02,22.709999084472656,23.8799991607666,22.700000762939453,23.8799991607666,20.835447311401367,700
2004-08-03,23.8799991607666,23.8799991607666,23.8799991607666,23.8799991607666,20.835447311401367,0
2004-08-04,23.0,23.56999969482422,23.0,23.110000610351562,20.163619995117188,800
2004-08-05,23.110000610351562,23.110000610351562,23.110000610351562,23.110000610351562,20.163619995117188,0
2004-08-06,23.110000610351562,23.110000610351562,23.110000610351562,23.110000610351562,20.163619995117188,0
2004-08-09,22.760000228881836,22.760000228881836,22.5,22.5,19.631389617919922,300
2004-08-10,22.5,22.5,22.5,22.5,19.631389617919922,0
2004-08-11,22.5,22.5,22.5,22.5,19.631389617919922,0
2004-08-12,22.5,22.5,22.5,22.5,19.631389617919922,0
2004-08-13,22.5,22.5,22.5,22.5,19.631389617919922,0
2004-08-16,22.5,22.5,22.5,22.5,19.631389617919922,0
2004-08-17,22.5,22.5,22.5,22.5,19.631389617919922,0
2004-08-18,22.5,22.5,22.5,22.5,19.631389617919922,0
2004-08-19,22.5,22.5,22.5,22.5,19.631389617919922,0
2004-08-20,22.5,22.5,22.5,22.5,19.631389617919922,0
2004-08-23,22.5,22.5,22.5,22.5,19.631389617919922,0
2004-08-24,22.420000076293945,23.1200008392334,22.420000076293945,23.1200008392334,20.172346115112305,200
2004-08-25,23.1200008392334,23.1200008392334,23.1200008392334,23.1200008392334,20.172346115112305,0
2004-08-26,23.010000228881836,23.010000228881836,22.280000686645508,22.280000686645508,19.439441680908203,200
2004-08-27,22.049999237060547,22.049999237060547,22.0,22.020000457763672,19.21259307861328,600
2004-08-30,22.020000457763672,23.1299991607666,22.020000457763672,23.1200008392334,20.172346115112305,1700
2004-08-31,23.1200008392334,23.1200008392334,23.1200008392334,23.1200008392334,20.172346115112305,0
2004-09-01,23.1200008392334,23.1200008392334,23.1200008392334,23.1200008392334,20.172346115112305,0
2004-09-02,24.0,24.0,24.0,24.0,20.940153121948242,3700
2004-09-03,24.0,24.0,24.0,24.0,20.940153121948242,0
2004-09-07,23.829999923706055,23.829999923706055,23.5,23.5,20.5039005279541,1800
2004-09-08,23.5,23.959999084472656,22.020000457763672,23.959999084472656,20.90525245666504,7500
2004-09-09,23.959999084472656,23.959999084472656,23.959999084472656,23.959999084472656,20.90525245666504,0
2004-09-10,23.959999084472656,23.959999084472656,23.959999084472656,23.959999084472656,20.90525245666504,0
2004-09-13,23.959999084472656,23.959999084472656,23.959999084472656,23.959999084472656,20.90525245666504,0
2004-09-14,23.959999084472656,23.959999084472656,23.959999084472656,23.959999084472656,20.90525245666504,0
2004-09-15,23.959999084472656,23.959999084472656,23.959999084472656,23.959999084472656,20.90525245666504,0
2004-09-16,22.0,23.100000381469727,22.0,23.059999465942383,20.119997024536133,6700
2004-09-17,23.059999465942383,23.059999465942383,22.899999618530273,22.899999618530273,19.98039436340332,1800
2004-09-20,22.020000457763672,22.020000457763672,22.020000457763672,22.020000457763672,19.21259307861328,400
2004-09-21,23.0,23.0,23.0,23.0,20.06764793395996,200
2004-09-22,23.0,23.0,23.0,23.0,20.06764793395996,0
2004-09-23,23.5,23.5,23.5,23.5,20.5039005279541,600
2004-09-24,25.760000228881836,25.760000228881836,23.5,23.5,20.5039005279541,500
2004-09-27,23.5,23.5,23.5,23.5,20.5039005279541,0
2004-09-28,23.5,23.5,23.5,23.5,20.5039005279541,0
2004-09-29,23.5,23.5,23.5,23.5,20.5039005279541,0
2004-09-30,23.5,23.5,23.5,23.5,20.5039005279541,0
2004-10-01,23.5,23.5,23.5,23.5,20.5039005279541,0
2004-10-04,24.0,24.5,24.0,24.5,21.376401901245117,1000
2004-10-05,24.5,24.5,24.5,24.5,21.376401901245117,0
2004-10-06,23.510000228881836,23.510000228881836,23.5,23.5,20.5039005279541,1000
2004-10-07,24.5,24.5,24.5,24.5,21.376401901245117,100
2004-10-08,24.5,24.5,24.5,24.5,21.376401901245117,600
2004-10-11,24.5,24.5,24.5,24.5,21.376401901245117,0
2004-10-12,24.5,24.5,24.5,24.5,21.376401901245117,0
2004-10-13,24.5,24.5,24.5,24.5,21.376401901245117,0
2004-10-14,24.5,24.510000228881836,24.5,24.5,21.376401901245117,500
2004-10-15,24.5,24.5,24.5,24.5,21.376401901245117,0
2004-10-18,24.5,24.5,24.5,24.5,21.376401901245117,0
2004-10-19,23.5,23.5,23.5,23.5,20.5039005279541,300
2004-10-20,23.5,23.5,23.5,23.5,20.5039005279541,0
2004-10-21,23.510000228881836,23.510000228881836,23.510000228881836,23.510000228881836,20.512624740600586,600
2004-10-22,25.280000686645508,25.309999465942383,24.690000534057617,24.700000762939453,21.550907135009766,1400
2004-10-25,24.700000762939453,24.700000762939453,24.700000762939453,24.700000762939453,21.550907135009766,0
2004-10-26,25.0,25.0,24.739999771118164,25.0,21.812660217285156,600
2004-10-27,25.0,25.0,25.0,25.0,21.812660217285156,0
2004-10-28,26.0,26.0,25.489999771118164,26.0,22.685163497924805,3000
2004-10-29,27.34000015258789,27.34000015258789,25.719999313354492,25.719999313354492,22.44086265563965,300
2004-11-01,25.719999313354492,25.719999313354492,25.719999313354492,25.719999313354492,22.44086265563965,0
2004-11-02,25.719999313354492,25.719999313354492,25.719999313354492,25.719999313354492,22.44086265563965,0
2004-11-03,25.719999313354492,25.719999313354492,25.719999313354492,25.719999313354492,22.44086265563965,0
2004-11-04,25.719999313354492,25.719999313354492,25.719999313354492,25.719999313354492,22.44086265563965,0
2004-11-05,26.0,26.0,26.0,26.0,22.685163497924805,100
2004-11-08,26.0,26.0,26.0,26.0,22.685163497924805,0
2004-11-09,27.809999465942383,27.809999465942383,27.3700008392334,27.3700008392334,23.88050079345703,300
2004-11-10,27.959999084472656,28.0,27.959999084472656,28.0,24.430177688598633,9100
2004-11-11,28.0,28.0,28.0,28.0,24.430177688598633,0
2004-11-12,26.520000457763672,26.520000457763672,26.520000457763672,26.520000457763672,23.138866424560547,200
2004-11-15,27.010000228881836,27.010000228881836,26.5,26.559999465942383,23.173770904541016,5300
2004-11-16,26.559999465942383,26.559999465942383,26.559999465942383,26.559999465942383,23.173770904541016,0
2004-11-17,26.559999465942383,26.559999465942383,26.559999465942383,26.559999465942383,23.173770904541016,0
2004-11-18,26.030000686645508,26.030000686645508,26.030000686645508,26.030000686645508,22.711341857910156,100
2004-11-19,27.0,27.0,27.0,27.0,23.55767059326172,500
2004-11-22,27.0,27.0,26.0,26.010000228881836,22.693891525268555,9300
2004-11-23,26.260000228881836,26.260000228881836,26.260000228881836,26.260000228881836,22.91201400756836,1700
2004-11-24,26.5,26.5,26.5,26.5,23.121417999267578,200
2004-11-26,24.81999969482422,26.049999237060547,24.790000915527344,26.049999237060547,22.728790283203125,600
2004-11-29,26.260000228881836,26.260000228881836,25.850000381469727,25.850000381469727,22.55428695678711,54800
2004-11-30,25.860000610351562,26.399999618530273,25.860000610351562,26.399999618530273,23.034164428710938,600
2004-12-01,26.399999618530273,26.399999618530273,26.399999618530273,26.399999618530273,23.034164428710938,0
2004-12-02,25.850000381469727,25.850000381469727,25.850000381469727,25.850000381469727,22.55428695678711,4600
2004-12-03,25.850000381469727,25.850000381469727,25.5,25.65999984741211,22.38851547241211,3000
2004-12-06,25.65999984741211,25.65999984741211,25.65999984741211,25.65999984741211,22.38851547241211,0
2004-12-07,25.5,25.59000015258789,23.739999771118164,24.829999923706055,21.664337158203125,2300
2004-12-08,25.489999771118164,25.489999771118164,24.670000076293945,24.670000076293945,21.524728775024414,3000
2004-12-09,25.0,25.0,25.0,25.0,21.812660217285156,500
2004-12-10,24.700000762939453,24.700000762939453,24.399999618530273,24.399999618530273,21.28915786743164,700
2004-12-13,24.170000076293945,24.329999923706055,24.170000076293945,24.299999237060547,21.201900482177734,600
2004-12-14,24.200000762939453,25.899999618530273,24.200000762939453,25.8799991607666,22.580461502075195,8500
2004-12-15,25.040000915527344,25.040000915527344,25.010000228881836,25.010000228881836,21.821386337280273,800
2004-12-16,25.010000228881836,25.010000228881836,25.010000228881836,25.010000228881836,21.821386337280273,0
2004-12-17,25.209999084472656,25.209999084472656,24.43000030517578,24.43000030517578,21.315326690673828,300
2004-12-20,24.43000030517578,26.020000457763672,24.43000030517578,25.5,22.248912811279297,1400
2004-12-21,25.5,25.5,25.5,25.5,22.248912811279297,0
2004-12-22,24.8700008392334,26.010000228881836,24.8700008392334,26.0,22.685163497924805,40400
2004-12-23,26.0,26.0,26.0,26.0,22.685163497924805,0
2004-12-27,26.65999984741211,26.760000228881836,26.65999984741211,26.75,23.339542388916016,5300
2004-12-28,26.850000381469727,26.850000381469727,26.850000381469727,26.850000381469727,23.426799774169922,3400
2004-12-29,26.850000381469727,26.850000381469727,26.850000381469727,26.850000381469727,23.426799774169922,0
2004-12-30,26.850000381469727,26.850000381469727,26.850000381469727,26.850000381469727,23.426799774169922,0
2004-12-31,26.899999618530273,26.899999618530273,25.75,25.75,22.4670352935791,600
2005-01-03,25.75,25.75,25.75,25.75,22.4670352935791,0
2005-01-04,27.0,27.0,26.010000228881836,26.010000228881836,22.693891525268555,6900
2005-01-05,26.5,26.5,26.5,26.5,23.121417999267578,100
2005-01-06,26.0,26.0,26.0,26.0,22.685163497924805,500
2005-01-07,26.0,26.0,26.0,26.0,22.685163497924805,1700
2005-01-10,26.0,26.0,26.0,26.0,22.685163497924805,300
2005-01-11,26.0,26.0,26.0,26.0,22.685163497924805,0
2005-01-12,26.0,26.0,26.0,26.0,22.685163497924805,0
2005-01-13,26.0,26.0,26.0,26.0,22.685163497924805,0
2005-01-14,24.010000228881836,26.43000030517578,24.010000228881836,26.100000381469727,22.772409439086914,2100
2005-01-18,30.0,30.0,26.420000076293945,28.920000076293945,25.232881546020508,1400
2005-01-19,28.920000076293945,28.920000076293945,28.920000076293945,28.920000076293945,25.232881546020508,0
2005-01-20,28.920000076293945,28.920000076293945,28.920000076293945,28.920000076293945,25.232881546020508,0
2005-01-21,28.889999389648438,28.889999389648438,27.1200008392334,27.1200008392334,23.662368774414062,2000
2005-01-24,27.1200008392334,27.1200008392334,27.1200008392334,27.1200008392334,23.662368774414062,0
2005-01-25,26.31999969482422,26.350000381469727,26.049999237060547,26.049999237060547,22.728790283203125,1000
2005-01-26,26.200000762939453,26.200000762939453,26.049999237060547,26.049999237060547,22.728790283203125,700
2005-01-27,26.049999237060547,26.049999237060547,26.049999237060547,26.049999237060547,22.728790283203125,0
2005-01-28,26.049999237060547,26.049999237060547,26.049999237060547,26.049999237060547,22.728790283203125,0
2005-01-31,26.049999237060547,26.049999237060547,24.719999313354492,24.81999969482422,21.655609130859375,1800
2005-02-01,24.81999969482422,24.81999969482422,24.81999969482422,24.81999969482422,21.655609130859375,0
2005-02-02,24.81999969482422,24.81999969482422,24.81999969482422,24.81999969482422,21.655609130859375,0
2005-02-03,25.0,25.030000686645508,25.0,25.030000686645508,21.838836669921875,1900
2005-02-04,25.030000686645508,25.030000686645508,25.030000686645508,25.030000686645508,21.838836669921875,0
2005-02-07,27.989999771118164,27.989999771118164,26.479999542236328,26.479999542236328,23.103965759277344,700
2005-02-08,26.479999542236328,26.479999542236328,26.479999542236328,26.479999542236328,23.103965759277344,0
2005-02-09,26.469999313354492,26.469999313354492,26.0,26.0,22.685163497924805,900
2005-02-10,26.0,26.0,26.0,26.0,22.685163497924805,0
2005-02-11,25.75,26.0,25.75,26.0,22.685163497924805,600
2005-02-14,26.0,26.0,26.0,26.0,22.685163497924805,0
2005-02-15,26.0,26.0,26.0,26.0,22.685163497924805,400
2005-02-16,26.0,26.0,26.0,26.0,22.685163497924805,0
2005-02-17,26.0,26.829999923706055,26.0,26.0,22.685163497924805,900
2005-02-18,26.0,26.0,26.0,26.0,22.685163497924805,0
2005-02-22,26.0,26.530000686645508,25.950000762939453,26.0,22.685163497924805,2600
2005-02-23,28.0,28.0,27.040000915527344,27.040000915527344,23.59256935119629,600
2005-02-24,27.040000915527344,27.040000915527344,27.040000915527344,27.040000915527344,23.59256935119629,0
2005-02-25,26.059999465942383,26.059999465942383,26.0,26.0,22.685163497924805,700
2005-02-28,26.25,26.969999313354492,26.0,26.760000228881836,23.348268508911133,2400
2005-03-01,26.5,26.5,26.5,26.5,23.121417999267578,0
2005-03-02,26.540000915527344,27.0,26.540000915527344,27.0,23.55767059326172,1000
2005-03-03,26.68000030517578,26.780000686645508,26.670000076293945,26.780000686645508,23.36572265625,3400
2005-03-04,26.780000686645508,26.780000686645508,26.780000686645508,26.780000686645508,23.36572265625,0
2005-03-07,27.0,27.200000762939453,27.0,27.200000762939453,23.7321720123291,800
2005-03-08,29.489999771118164,29.489999771118164,27.0,27.0,23.55767059326172,800
2005-03-09,27.0,27.0,27.0,27.0,23.55767059326172,0
2005-03-10,27.049999237060547,27.149999618530273,26.5,27.020000457763672,23.57512092590332,1300
2005-03-11,27.0,27.0,27.0,27.0,23.55767059326172,600
2005-03-14,27.0,27.0,27.0,27.0,23.55767059326172,0
2005-03-15,27.260000228881836,27.260000228881836,27.260000228881836,27.260000228881836,23.784521102905273,100
2005-03-16,27.260000228881836,27.260000228881836,27.260000228881836,27.260000228881836,23.784521102905273,0
2005-03-17,27.260000228881836,27.260000228881836,27.260000228881836,27.260000228881836,23.784521102905273,0
2005-03-18,27.309999465942383,27.309999465942383,26.309999465942383,26.600000381469727,23.20866584777832,3100
2005-03-21,26.780000686645508,26.780000686645508,25.0,25.0,21.812660217285156,700
2005-03-22,25.030000686645508,25.040000915527344,24.90999984741211,25.0,21.812660217285156,4600
2005-03-23,24.1299991607666,24.1299991607666,24.100000381469727,24.100000381469727,21.02740478515625,900
2005-03-24,24.0,24.0,23.799999237060547,23.950000762939453,20.896526336669922,4800
2005-03-28,24.5,24.5,23.75,23.75,20.722021102905273,1000
2005-03-29,27.25,27.350000381469727,27.25,27.350000381469727,23.863052368164062,400
2005-03-30,24.0,24.0,24.0,24.0,20.940153121948242,300
2005-03-31,26.0,26.0,26.0,26.0,22.685163497924805,1100
2005-04-01,26.0,26.0,26.0,26.0,22.685163497924805,0
2005-04-04,26.0,26.0,26.0,26.0,22.685163497924805,0
2005-04-05,26.0,26.0,26.0,26.0,22.685163497924805,0
2005-04-06,27.350000381469727,27.350000381469727,21.020000457763672,26.09000015258789,22.763690948486328,1300
2005-04-07,26.700000762939453,26.700000762939453,26.700000762939453,26.700000762939453,23.295915603637695,100
2005-04-08,27.290000915527344,27.290000915527344,23.8799991607666,26.260000228881836,22.91201400756836,1400
2005-04-11,27.34000015258789,27.34000015258789,26.260000228881836,26.75,23.339542388916016,2600
2005-04-12,27.25,27.25,26.260000228881836,26.260000228881836,22.91201400756836,300
2005-04-13,27.25,27.25,27.25,27.25,23.77579689025879,100
2005-04-14,27.25,27.25,27.25,27.25,23.77579689025879,0
2005-04-15,26.260000228881836,26.260000228881836,26.260000228881836,26.260000228881836,22.91201400756836,900
2005-04-18,26.260000228881836,26.260000228881836,26.260000228881836,26.260000228881836,22.91201400756836,0
2005-04-19,26.260000228881836,26.260000228881836,26.260000228881836,26.260000228881836,22.91201400756836,300
2005-04-20,26.790000915527344,26.790000915527344,25.850000381469727,25.850000381469727,22.55428695678711,10500
2005-04-21,25.5,25.75,25.5,25.75,22.4670352935791,17100
2005-04-22,25.75,25.75,25.75,25.75,22.4670352935791,0
2005-04-25,26.989999771118164,26.989999771118164,25.639999389648438,25.639999389648438,22.371065139770508,1400
2005-04-26,25.639999389648438,25.639999389648438,25.639999389648438,25.639999389648438,22.371065139770508,0
2005-04-27,25.639999389648438,25.639999389648438,25.639999389648438,25.639999389648438,22.371065139770508,0
2005-04-28,25.030000686645508,26.049999237060547,25.010000228881836,26.049999237060547,22.728790283203125,1000
2005-04-29,26.049999237060547,26.049999237060547,26.049999237060547,26.049999237060547,22.728790283203125,0
2005-05-02,26.049999237060547,26.049999237060547,26.049999237060547,26.049999237060547,22.728790283203125,0
2005-05-03,26.049999237060547,26.049999237060547,26.049999237060547,26.049999237060547,22.728790283203125,0
2005-05-04,26.049999237060547,26.049999237060547,26.049999237060547,26.049999237060547,22.728790283203125,0
2005-05-05,25.549999237060547,25.549999237060547,24.989999771118164,24.989999771118164,21.803932189941406,1400
2005-05-06,25.739999771118164,26.209999084472656,25.739999771118164,25.739999771118164,22.458314895629883,500
2005-05-09,23.559999465942383,26.0,23.5,25.010000228881836,21.821386337280273,2400
2005-05-10,25.010000228881836,25.010000228881836,25.010000228881836,25.010000228881836,21.821386337280273,0
2005-05-11,23.520000457763672,25.5,23.5,24.8799991607666,21.70795440673828,4500
2005-05-12,25.010000228881836,25.010000228881836,24.5,24.520000457763672,21.393857955932617,2400
2005-05-13,31.0,31.0,25.049999237060547,25.049999237060547,21.856285095214844,7200
2005-05-16,25.049999237060547,25.049999237060547,25.049999237060547,25.049999237060547,21.856285095214844,0
2005-05-17,25.049999237060547,25.049999237060547,25.049999237060547,25.049999237060547,21.856285095214844,0
2005-05-18,25.049999237060547,25.049999237060547,25.049999237060547,25.049999237060547,21.856285095214844,0
2005-05-19,24.520000457763672,24.520000457763672,24.520000457763672,24.520000457763672,21.393857955932617,0
2005-05-20,25.290000915527344,25.290000915527344,25.290000915527344,25.290000915527344,22.065685272216797,100
2005-05-23,25.0,25.0,24.25,24.75,21.594533920288086,1500
2005-05-24,24.75,24.75,24.75,24.75,21.594533920288086,0
2005-05-25,25.0,25.0,24.6299991607666,24.6299991607666,21.48983383178711,400
2005-05-26,25.229999542236328,25.229999542236328,25.229999542236328,25.229999542236328,22.013338088989258,100
2005-05-27,25.229999542236328,25.229999542236328,25.229999542236328,25.229999542236328,22.013338088989258,0
2005-05-31,25.0,25.0,24.0,24.0,20.940153121948242,1200
2005-06-01,25.760000228881836,25.760000228881836,23.5,25.639999389648438,22.371065139770508,2100
2005-06-02,26.0,26.0,20.520000457763672,24.399999618530273,21.28915786743164,12400
2005-06-03,25.350000381469727,25.350000381469727,24.34000015258789,24.729999542236328,21.577085494995117,900
2005-06-06,24.75,24.75,24.280000686645508,24.280000686645508,21.1844539642334,900
2005-06-07,23.729999542236328,25.170000076293945,23.709999084472656,25.170000076293945,21.96098518371582,300
2005-06-08,25.170000076293945,25.170000076293945,25.170000076293945,25.170000076293945,21.96098518371582,0
2005-06-09,25.170000076293945,25.170000076293945,25.170000076293945,25.170000076293945,21.96098518371582,0
2005-06-10,25.170000076293945,25.170000076293945,25.170000076293945,25.170000076293945,21.96098518371582,0
2005-06-13,25.170000076293945,25.170000076293945,25.170000076293945,25.170000076293945,21.96098518371582,0
2005-06-14,25.0,25.25,25.0,25.25,22.030784606933594,1600
2005-06-15,23.450000762939453,25.0,23.450000762939453,25.0,21.812660217285156,300
2005-06-16,25.549999237060547,25.549999237060547,25.549999237060547,25.549999237060547,22.292537689208984,1000
2005-06-17,25.549999237060547,25.549999237060547,25.549999237060547,25.549999237060547,22.292537689208984,0
2005-06-20,25.25,25.25,25.25,25.25,22.030784606933594,2000
2005-06-21,25.25,25.25,25.25,25.25,22.030784606933594,0
2005-06-22,25.25,25.25,25.25,25.25,22.030784606933594,0
2005-06-23,25.25,25.25,25.25,25.25,22.030784606933594,0
2005-06-24,25.31999969482422,25.31999969482422,25.31999969482422,25.31999969482422,22.091861724853516,100
2005-06-27,25.31999969482422,25.31999969482422,25.31999969482422,25.31999969482422,22.091861724853516,0
2005-06-28,25.31999969482422,25.31999969482422,25.31999969482422,25.31999969482422,22.091861724853516,0
2005-06-29,24.270000457763672,24.270000457763672,24.270000457763672,24.270000457763672,21.175729751586914,5100
2005-06-30,23.979999542236328,24.6299991607666,23.979999542236328,24.6299991607666,21.48983383178711,1000
2005-07-01,23.760000228881836,25.0,23.760000228881836,24.889999389648438,21.71668243408203,5000
2005-07-05,24.850000381469727,24.850000381469727,24.030000686645508,24.030000686645508,20.966331481933594,1900
2005-07-06,23.75,24.0,23.579999923706055,24.0,20.940153121948242,800
2005-07-07,24.0,24.0,24.0,24.0,20.940153121948242,200
2005-07-08,23.75,23.75,23.399999618530273,23.5,20.5039005279541,600
2005-07-11,23.75,24.209999084472656,23.75,24.209999084472656,21.12337875366211,23400
2005-07-12,24.799999237060547,24.799999237060547,24.799999237060547,24.799999237060547,21.63815689086914,200
2005-07-13,24.799999237060547,26.020000457763672,24.59000015258789,26.0,22.685163497924805,13800
2005-07-14,26.010000228881836,26.010000228881836,25.209999084472656,25.229999542236328,22.013338088989258,1100
2005-07-15,25.0,25.0,24.989999771118164,25.0,21.812660217285156,900
2005-07-18,25.0,25.34000015258789,24.5,24.5,21.376401901245117,2500
2005-07-19,24.5,24.5,24.5,24.5,21.376401901245117,0
2005-07-20,25.0,25.020000457763672,25.0,25.0,21.812660217285156,3400
2005-07-21,25.25,25.25,25.25,25.25,22.030784606933594,600
2005-07-22,25.93000030517578,26.0,25.8700008392334,26.0,22.685163497924805,2700
2005-07-25,26.0,26.0,26.0,26.0,22.685163497924805,800
2005-07-26,26.0,26.0,26.0,26.0,22.685163497924805,500
2005-07-27,24.25,25.75,24.25,25.75,22.4670352935791,900
2005-07-28,25.75,25.75,25.75,25.75,22.4670352935791,0
2005-07-29,25.75,25.75,25.75,25.75,22.4670352935791,0
2005-08-01,25.75,25.75,25.75,25.75,22.4670352935791,200
2005-08-02,25.299999237060547,25.700000762939453,25.15999984741211,25.15999984741211,21.952259063720703,400
2005-08-03,25.520000457763672,25.520000457763672,25.520000457763672,25.520000457763672,22.2663631439209,300
2005-08-04,25.520000457763672,25.520000457763672,25.520000457763672,25.520000457763672,22.2663631439209,0
2005-08-05,25.520000457763672,25.520000457763672,25.520000457763672,25.520000457763672,22.2663631439209,0
2005-08-08,25.520000457763672,25.520000457763672,25.520000457763672,25.520000457763672,22.2663631439209,0
2005-08-09,25.520000457763672,25.520000457763672,25.520000457763672,25.520000457763672,22.2663631439209,0
2005-08-10,25.399999618530273,25.399999618530273,25.399999618530273,25.399999618530273,22.161657333374023,800
2005-08-11,25.399999618530273,25.399999618530273,25.399999618530273,25.399999618530273,22.161657333374023,0
2005-08-12,25.399999618530273,25.399999618530273,25.399999618530273,25.399999618530273,22.161657333374023,0
2005-08-15,25.399999618530273,25.399999618530273,25.399999618530273,25.399999618530273,22.161657333374023,0
2005-08-16,25.399999618530273,25.399999618530273,25.399999618530273,25.399999618530273,22.161657333374023,0
2005-08-17,25.399999618530273,25.399999618530273,25.399999618530273,25.399999618530273,22.161657333374023,0
2005-08-18,25.399999618530273,25.399999618530273,25.399999618530273,25.399999618530273,22.161657333374023,0
2005-08-19,25.399999618530273,25.399999618530273,25.399999618530273,25.399999618530273,22.161657333374023,0
2005-08-22,25.0,25.0,25.0,25.0,21.812660217285156,1200
2005-08-23,25.0,25.0,25.0,25.0,21.812660217285156,0
2005-08-24,23.75,23.75,23.75,23.75,20.722021102905273,100
2005-08-25,23.75,23.75,23.75,23.75,20.722021102905273,0
2005-08-26,25.0,25.0,25.0,25.0,21.812660217285156,400
2005-08-29,25.0,25.0,25.0,25.0,21.812660217285156,0
2005-08-30,25.0,25.0,25.0,25.0,21.812660217285156,0
2005-08-31,25.0,25.0,25.0,25.0,21.812660217285156,0
2005-09-01,24.979999542236328,26.0,24.979999542236328,26.0,22.685163497924805,5100
2005-09-02,25.010000228881836,25.010000228881836,24.940000534057617,24.940000534057617,21.76030921936035,500
2005-09-06,25.700000762939453,26.0,25.700000762939453,25.989999771118164,22.67643928527832,2000
2005-09-07,25.690000534057617,25.709999084472656,25.690000534057617,25.709999084472656,22.4321346282959,1100
2005-09-08,25.649999618530273,25.649999618530273,25.639999389648438,25.639999389648438,22.371065139770508,2100
2005-09-09,25.639999389648438,25.639999389648438,25.639999389648438,25.639999389648438,22.371065139770508,0
2005-09-12,23.0,24.5,23.0,24.059999465942383,20.992504119873047,8000
2005-09-13,24.299999237060547,24.299999237060547,24.299999237060547,24.299999237060547,21.201900482177734,200
2005-09-14,23.559999465942383,23.579999923706055,23.399999618530273,23.399999618530273,20.416650772094727,3000
2005-09-15,23.389999389648438,23.6299991607666,22.690000534057617,23.6299991607666,20.61732292175293,2100
2005-09-16,23.1200008392334,23.1200008392334,23.1200008392334,23.1200008392334,20.172346115112305,600
2005-09-19,23.1200008392334,23.1200008392334,23.1200008392334,23.1200008392334,20.172346115112305,0
2005-09-20,23.149999618530273,23.989999771118164,22.600000381469727,23.649999618530273,20.634777069091797,4100
2005-09-21,23.100000381469727,23.100000381469727,23.100000381469727,23.100000381469727,20.154891967773438,500
2005-09-22,23.100000381469727,23.100000381469727,22.75,22.75,19.849519729614258,700
2005-09-23,22.75,22.75,22.75,22.75,19.849519729614258,0
2005-09-26,22.75,22.75,22.75,22.75,19.849519729614258,0
2005-09-27,23.0,23.0,22.75,22.75,19.849519729614258,300
2005-09-28,22.75,22.75,22.75,22.75,19.849519729614258,0
2005-09-29,22.799999237060547,23.1299991607666,22.75,23.1299991607666,20.181068420410156,400
2005-09-30,23.0,24.5,23.0,24.5,21.376401901245117,1100
2005-10-03,24.450000762939453,24.450000762939453,22.75,23.0,20.06764793395996,10000
2005-10-04,23.0,23.0,23.0,23.0,20.06764793395996,0
2005-10-05,22.75,22.75,22.75,22.75,19.849519729614258,100
2005-10-06,22.75,22.760000228881836,22.75,22.75,19.849519729614258,400
2005-10-07,22.75,22.75,22.75,22.75,19.849519729614258,0
2005-10-10,22.5,23.0,22.5,23.0,20.06764793395996,3200
2005-10-11,23.0,24.0,23.0,23.0,20.06764793395996,2100
2005-10-12,23.0,23.0,23.0,23.0,20.06764793395996,0
2005-10-13,23.0,23.0,23.0,23.0,20.06764793395996,0
2005-10-14,23.0,23.0,23.0,23.0,20.06764793395996,0
2005-10-17,23.0,23.0,23.0,23.0,20.06764793395996,0
2005-10-18,23.0,23.0,23.0,23.0,20.06764793395996,0
2005-10-19,22.75,22.75,22.75,22.75,19.849519729614258,600
2005-10-20,22.75,22.760000228881836,22.75,22.75,19.849519729614258,1000
2005-10-21,22.75,22.75,22.75,22.75,19.849519729614258,0
2005-10-24,24.0,24.0,23.700000762939453,23.700000762939453,20.678401947021484,1800
2005-10-25,23.979999542236328,23.979999542236328,23.979999542236328,23.979999542236328,20.922704696655273,1900
2005-10-26,23.530000686645508,23.530000686645508,23.530000686645508,23.530000686645508,20.530073165893555,100
2005-10-27,23.530000686645508,23.530000686645508,23.530000686645508,23.530000686645508,20.530073165893555,0
2005-10-28,23.979999542236328,24.860000610351562,23.979999542236328,24.860000610351562,21.690502166748047,300
2005-10-31,24.860000610351562,24.860000610351562,24.860000610351562,24.860000610351562,21.690502166748047,0
2005-11-01,24.860000610351562,24.860000610351562,24.860000610351562,24.860000610351562,21.690502166748047,0
2005-11-02,24.860000610351562,24.860000610351562,24.860000610351562,24.860000610351562,21.690502166748047,0
2005-11-03,24.75,24.75,24.0,24.239999771118164,21.149551391601562,2400
2005-11-04,24.0,24.0,24.0,24.0,20.940153121948242,200
2005-11-07,24.0,24.0,24.0,24.0,20.940153121948242,1200
2005-11-08,24.0,24.0,24.0,24.0,20.940153121948242,100
2005-11-09,24.0,24.0,24.0,24.0,20.940153121948242,0
2005-11-10,24.0,24.0,24.0,24.0,20.940153121948242,0
2005-11-11,24.0,24.0,24.0,24.0,20.940153121948242,0
2005-11-14,24.0,24.0,24.0,24.0,20.940153121948242,0
2005-11-15,22.899999618530273,22.899999618530273,22.700000762939453,22.700000762939453,19.80589485168457,1500
2005-11-16,22.700000762939453,23.920000076293945,22.700000762939453,23.920000076293945,20.8703556060791,1300
2005-11-17,24.219999313354492,24.219999313354492,24.219999313354492,24.219999313354492,21.13210678100586,1200
2005-11-18,24.399999618530273,24.399999618530273,24.399999618530273,24.399999618530273,21.28915786743164,1000
2005-11-21,23.06999969482422,23.06999969482422,23.06999969482422,23.06999969482422,20.128725051879883,100
2005-11-22,23.06999969482422,23.06999969482422,23.06999969482422,23.06999969482422,20.128725051879883,0
2005-11-23,23.06999969482422,23.06999969482422,23.06999969482422,23.06999969482422,20.128725051879883,0
2005-11-25,23.100000381469727,23.100000381469727,23.100000381469727,23.100000381469727,20.154891967773438,200
2005-11-28,23.100000381469727,23.100000381469727,23.100000381469727,23.100000381469727,20.154891967773438,0
2005-11-29,22.760000228881836,23.690000534057617,22.760000228881836,23.690000534057617,20.669673919677734,1400
2005-11-30,23.690000534057617,23.690000534057617,23.690000534057617,23.690000534057617,20.669673919677734,0
2005-12-01,23.049999237060547,24.0,23.049999237060547,24.0,20.940153121948242,15000
2005-12-02,24.0,24.0,24.0,24.0,20.940153121948242,0
2005-12-05,24.0,24.0,24.0,24.0,20.940153121948242,2100
2005-12-06,24.899999618530273,25.0,24.889999389648438,24.889999389648438,21.71668243408203,1100
2005-12-07,24.889999389648438,24.889999389648438,24.889999389648438,24.889999389648438,21.71668243408203,0
2005-12-08,24.889999389648438,24.889999389648438,24.889999389648438,24.889999389648438,21.71668243408203,0
2005-12-09,24.889999389648438,24.889999389648438,24.889999389648438,24.889999389648438,21.71668243408203,0
2005-12-12,24.889999389648438,24.889999389648438,24.889999389648438,24.889999389648438,21.71668243408203,0
2005-12-13,24.889999389648438,24.889999389648438,24.889999389648438,24.889999389648438,21.71668243408203,0
2005-12-14,26.93000030517578,27.59000015258789,26.889999389648438,27.59000015258789,24.072446823120117,2600
2005-12-15,27.670000076293945,27.780000686645508,27.0,27.0,23.55767059326172,500
2005-12-16,27.0,27.0,27.0,27.0,23.55767059326172,0
2005-12-19,27.0,27.0,27.0,27.0,23.55767059326172,0
2005-12-20,27.0,27.0,27.0,27.0,23.55767059326172,0
2005-12-21,27.0,27.0,27.0,27.0,23.55767059326172,0
2005-12-22,27.0,27.0,27.0,27.0,23.55767059326172,0
2005-12-23,27.0,27.0,27.0,27.0,23.55767059326172,0
2005-12-27,27.0,27.0,27.0,27.0,23.55767059326172,0
2005-12-28,27.0,27.0,27.0,27.0,23.55767059326172,0
2005-12-29,27.0,27.0,27.0,27.0,23.55767059326172,0
2005-12-30,27.0,27.0,27.0,27.0,23.55767059326172,0
2006-01-03,27.0,27.010000228881836,26.56999969482422,26.56999969482422,23.182491302490234,1800
2006-01-04,26.56999969482422,26.56999969482422,26.56999969482422,26.56999969482422,23.182491302490234,0
2006-01-05,26.56999969482422,26.56999969482422,26.56999969482422,26.56999969482422,23.182491302490234,0
2006-01-06,26.56999969482422,26.56999969482422,26.56999969482422,26.56999969482422,23.182491302490234,0
2006-01-09,26.350000381469727,26.350000381469727,26.270000457763672,26.329999923706055,22.973093032836914,800
2006-01-10,26.329999923706055,26.329999923706055,26.329999923706055,26.329999923706055,22.973093032836914,0
2006-01-11,27.0,27.049999237060547,27.0,27.049999237060547,23.601295471191406,4100
2006-01-12,27.0,27.0,27.0,27.0,23.55767059326172,100
2006-01-13,26.899999618530273,26.899999618530273,26.899999618530273,26.899999618530273,23.470420837402344,2000
2006-01-17,26.899999618530273,26.899999618530273,26.899999618530273,26.899999618530273,23.470420837402344,2900
2006-01-18,26.899999618530273,26.899999618530273,26.899999618530273,26.899999618530273,23.470420837402344,0
2006-01-19,26.950000762939453,27.0,26.950000762939453,27.0,23.55767059326172,700
2006-01-20,27.489999771118164,29.010000228881836,27.489999771118164,29.0,25.30267906188965,6300
2006-01-23,29.0,29.0,29.0,29.0,25.30267906188965,0
2006-01-24,29.0,29.0,29.0,29.0,25.30267906188965,700
2006-01-25,29.0,29.0,29.0,29.0,25.30267906188965,2300
2006-01-26,29.049999237060547,29.149999618530273,29.049999237060547,29.149999618530273,25.43355369567871,2100
2006-01-27,29.059999465942383,29.209999084472656,29.059999465942383,29.209999084472656,25.48590660095215,1000
2006-01-30,29.0,29.0,29.0,29.0,25.30267906188965,200
2006-01-31,29.0,29.0,29.0,29.0,25.30267906188965,900
2006-02-01,29.0,29.0,29.0,29.0,25.30267906188965,1800
2006-02-02,29.149999618530273,29.149999618530273,29.149999618530273,29.149999618530273,25.43355369567871,1000
2006-02-03,29.110000610351562,29.110000610351562,29.110000610351562,29.110000610351562,25.39866065979004,500
2006-02-06,29.15999984741211,29.15999984741211,29.15999984741211,29.15999984741211,25.44228172302246,300
2006-02-07,29.270000457763672,29.270000457763672,29.270000457763672,29.270000457763672,25.53826141357422,200
2006-02-08,29.5,29.5,29.5,29.5,25.738933563232422,200
2006-02-09,29.5,29.5,29.5,29.5,25.738933563232422,0
2006-02-10,29.5,29.5,29.5,29.5,25.738933563232422,0
2006-02-13,29.5,29.5,29.5,29.5,25.738933563232422,0
2006-02-14,29.5,29.5,29.5,29.5,25.738933563232422,500
2006-02-15,29.989999771118164,29.989999771118164,29.989999771118164,29.989999771118164,26.16646385192871,300
2006-02-16,30.0,30.5,29.989999771118164,30.5,26.6114444732666,1000
2006-02-17,30.5,30.5,30.5,30.5,26.6114444732666,0
2006-02-21,29.920000076293945,32.5,29.920000076293945,32.5,28.356456756591797,6500
2006-02-22,31.940000534057617,32.5,31.940000534057617,32.5,28.356456756591797,2800
2006-02-23,32.5,32.5,32.5,32.5,28.356456756591797,2400
2006-02-24,30.510000228881836,32.0,30.479999542236328,31.75,27.70207405090332,2800
2006-02-27,31.75,31.75,31.75,31.75,27.70207405090332,0
2006-02-28,31.75,31.75,31.75,31.75,27.70207405090332,0
2006-03-01,31.75,31.75,31.75,31.75,27.70207405090332,0
2006-03-02,31.75,31.75,31.75,31.75,27.70207405090332,0
2006-03-03,31.75,31.75,31.75,31.75,27.70207405090332,0
2006-03-06,31.75,31.75,31.75,31.75,27.70207405090332,0
2006-03-07,32.0,32.0,32.0,32.0,27.920204162597656,3400
2006-03-08,31.5,32.0,31.5,32.0,27.920204162597656,3600
2006-03-09,31.219999313354492,33.43000030517578,29.329999923706055,33.43000030517578,29.16788673400879,5500
2006-03-10,33.43000030517578,33.43000030517578,33.43000030517578,33.43000030517578,29.16788673400879,0
2006-03-13,33.43000030517578,33.43000030517578,33.43000030517578,33.43000030517578,29.16788673400879,0
2006-03-14,33.43000030517578,33.43000030517578,33.43000030517578,33.43000030517578,29.16788673400879,0
2006-03-15,33.43000030517578,33.43000030517578,33.43000030517578,33.43000030517578,29.16788673400879,0
2006-03-16,33.43000030517578,33.43000030517578,33.43000030517578,33.43000030517578,29.16788673400879,0
2006-03-17,33.43000030517578,33.43000030517578,33.43000030517578,33.43000030517578,29.16788673400879,0
2006-03-20,33.43000030517578,33.43000030517578,33.43000030517578,33.43000030517578,29.16788673400879,0
2006-03-21,32.0,32.5,32.0,32.0,27.920204162597656,200
2006-03-22,32.0,32.0,32.0,32.0,27.920204162597656,0
2006-03-23,32.0,32.0,32.0,32.0,27.920204162597656,0
2006-03-24,32.0,32.0,32.0,32.0,27.920204162597656,100
2006-03-27,32.0,32.0,32.0,32.0,27.920204162597656,0
2006-03-28,32.0,32.0,32.0,32.0,27.920204162597656,0
2006-03-29,31.0,31.0,30.350000381469727,30.350000381469727,26.480567932128906,1500
2006-03-30,30.350000381469727,30.350000381469727,30.350000381469727,30.350000381469727,26.480567932128906,0
2006-03-31,30.350000381469727,30.350000381469727,30.350000381469727,30.350000381469727,26.480567932128906,0
2006-04-03,30.5,30.510000228881836,30.5,30.510000228881836,26.62017250061035,1200
2006-04-04,29.610000610351562,30.5,29.610000610351562,29.770000457763672,25.974512100219727,300
2006-04-05,29.770000457763672,29.770000457763672,29.770000457763672,29.770000457763672,25.974512100219727,0
2006-04-06,29.850000381469727,30.0,29.850000381469727,30.0,26.175188064575195,6400
2006-04-07,30.0,30.0,30.0,30.0,26.175188064575195,0
2006-04-10,30.5,30.5,30.5,30.5,26.6114444732666,600
2006-04-11,30.5,30.5,30.5,30.5,26.6114444732666,0
2006-04-12,30.5,30.5,30.5,30.5,26.6114444732666,0
2006-04-13,30.5,30.5,30.5,30.5,26.6114444732666,0
2006-04-17,30.5,30.5,30.5,30.5,26.6114444732666,0
2006-04-18,30.600000381469727,30.600000381469727,30.600000381469727,30.600000381469727,26.698692321777344,900
2006-04-19,30.600000381469727,32.0,30.600000381469727,31.549999237060547,27.527572631835938,4300
2006-04-20,31.90999984741211,31.90999984741211,31.90999984741211,31.90999984741211,27.841676712036133,200
2006-04-21,30.280000686645508,31.290000915527344,30.280000686645508,31.079999923706055,27.117496490478516,2100
2006-04-24,30.610000610351562,31.489999771118164,30.110000610351562,31.489999771118164,27.47522735595703,5400
2006-04-25,29.6299991607666,30.8700008392334,29.6299991607666,30.8700008392334,26.93427276611328,700
2006-04-26,30.139999389648438,30.139999389648438,30.139999389648438,30.139999389648438,26.29734230041504,200
2006-04-27,30.139999389648438,30.139999389648438,30.139999389648438,30.139999389648438,26.29734230041504,0
2006-04-28,30.139999389648438,30.139999389648438,30.139999389648438,30.139999389648438,26.29734230041504,0
2006-05-01,30.299999237060547,31.600000381469727,30.299999237060547,30.790000915527344,26.86446762084961,3100
2006-05-02,31.610000610351562,31.610000610351562,31.610000610351562,31.610000610351562,27.579923629760742,100
2006-05-03,31.610000610351562,31.610000610351562,31.610000610351562,31.610000610351562,27.579923629760742,0
2006-05-04,31.950000762939453,31.950000762939453,31.950000762939453,31.950000762939453,27.8765811920166,100
2006-05-05,31.950000762939453,31.950000762939453,31.950000762939453,31.950000762939453,27.8765811920166,0
2006-05-08,32.0,32.0,32.0,32.0,27.920204162597656,2400
2006-05-09,32.0,32.0,32.0,32.0,27.920204162597656,0
2006-05-10,32.0,32.0,32.0,32.0,27.920204162597656,0
2006-05-11,31.059999465942383,31.059999465942383,31.059999465942383,31.059999465942383,27.10004425048828,100
2006-05-12,31.059999465942383,31.059999465942383,31.059999465942383,31.059999465942383,27.10004425048828,0
2006-05-15,31.059999465942383,31.059999465942383,31.059999465942383,31.059999465942383,27.10004425048828,0
2006-05-16,31.0,31.0,31.0,31.0,27.04769515991211,600
2006-05-17,31.0,31.0,31.0,31.0,27.04769515991211,0
2006-05-18,31.0,31.0,31.0,31.0,27.04769515991211,0
2006-05-19,31.0,31.0,31.0,31.0,27.04769515991211,200
2006-05-22,31.0,31.0,31.0,31.0,27.04769515991211,0
2006-05-23,31.0,31.0,31.0,31.0,27.04769515991211,2500
2006-05-24,31.0,31.0,31.0,31.0,27.04769515991211,0
2006-05-25,31.25,31.989999771118164,31.25,31.989999771118164,27.911476135253906,1500
2006-05-26,31.25,32.0,31.25,32.0,27.920204162597656,400
2006-05-30,30.34000015258789,31.350000381469727,30.34000015258789,31.350000381469727,27.353071212768555,1200
2006-05-31,31.350000381469727,31.350000381469727,31.350000381469727,31.350000381469727,27.353071212768555,0
2006-06-01,31.350000381469727,31.350000381469727,31.350000381469727,31.350000381469727,27.353071212768555,0
2006-06-02,32.5,32.5,32.5,32.5,28.356456756591797,300
2006-06-05,32.5,32.5,32.5,32.5,28.356456756591797,0
2006-06-06,32.5,32.5,32.5,32.5,28.356456756591797,200
2006-06-07,33.29999923706055,33.45000076293945,33.29999923706055,33.45000076293945,29.18534278869629,1200
2006-06-08,33.220001220703125,33.220001220703125,32.400001525878906,32.7400016784668,28.565860748291016,3100
2006-06-09,32.5,33.220001220703125,32.5,32.9900016784668,28.78398895263672,1100
2006-06-12,33.0,33.0,33.0,33.0,28.792707443237305,200
2006-06-13,32.5,32.5,32.5,32.5,28.356456756591797,200
2006-06-14,32.5,32.5,32.5,32.5,28.356456756591797,0
2006-06-15,32.0,32.0,32.0,32.0,27.920204162597656,300
2006-06-16,32.0,32.0,32.0,32.0,27.920204162597656,0
2006-06-19,32.099998474121094,32.099998474121094,32.099998474121094,32.099998474121094,28.0074462890625,2100
2006-06-20,32.099998474121094,32.099998474121094,32.099998474121094,32.099998474121094,28.0074462890625,0
2006-06-21,31.010000228881836,31.010000228881836,31.0,31.0,27.04769515991211,200
2006-06-22,31.0,31.0,31.0,31.0,27.04769515991211,0
2006-06-23,32.220001220703125,32.220001220703125,32.220001220703125,32.220001220703125,28.112152099609375,100
2006-06-26,32.220001220703125,32.220001220703125,32.220001220703125,32.220001220703125,28.112152099609375,0
2006-06-27,31.950000762939453,32.209999084472656,31.950000762939453,32.209999084472656,28.103431701660156,300
2006-06-28,32.209999084472656,32.209999084472656,32.209999084472656,32.209999084472656,28.103431701660156,0
2006-06-29,32.209999084472656,32.209999084472656,32.209999084472656,32.209999084472656,28.103431701660156,0
2006-06-30,32.209999084472656,32.209999084472656,32.209999084472656,32.209999084472656,28.103431701660156,0
2006-07-03,32.209999084472656,32.209999084472656,32.209999084472656,32.209999084472656,28.103431701660156,0
2006-07-05,32.209999084472656,32.209999084472656,32.209999084472656,32.209999084472656,28.103431701660156,0
2006-07-06,32.209999084472656,32.209999084472656,32.209999084472656,32.209999084472656,28.103431701660156,0
2006-07-07,32.209999084472656,32.459999084472656,32.209999084472656,32.459999084472656,28.32155418395996,500
2006-07-10,32.459999084472656,32.459999084472656,32.459999084472656,32.459999084472656,28.32155418395996,0
2006-07-11,32.0,32.0,32.0,32.0,27.920204162597656,300
2006-07-12,32.0,32.0,32.0,32.0,27.920204162597656,0
2006-07-13,30.979999542236328,31.8799991607666,30.979999542236328,31.200000762939453,27.222198486328125,800
2006-07-14,30.770000457763672,31.18000030517578,30.770000457763672,30.989999771118164,27.038970947265625,500
2006-07-17,30.989999771118164,30.989999771118164,30.989999771118164,30.989999771118164,27.038970947265625,0
2006-07-18,30.989999771118164,30.989999771118164,30.989999771118164,30.989999771118164,27.038970947265625,0
2006-07-19,30.059999465942383,30.059999465942383,30.059999465942383,30.059999465942383,26.2275390625,200
2006-07-20,30.059999465942383,30.059999465942383,30.059999465942383,30.059999465942383,26.2275390625,0
2006-07-21,30.059999465942383,30.059999465942383,30.059999465942383,30.059999465942383,26.2275390625,0
2006-07-24,30.059999465942383,30.059999465942383,30.059999465942383,30.059999465942383,26.2275390625,0
2006-07-25,30.059999465942383,30.059999465942383,30.059999465942383,30.059999465942383,26.2275390625,0
2006-07-26,30.059999465942383,30.059999465942383,30.059999465942383,30.059999465942383,26.2275390625,0
2006-07-27,30.059999465942383,30.059999465942383,30.059999465942383,30.059999465942383,26.2275390625,0
2006-07-28,31.010000228881836,31.010000228881836,31.0,31.0,27.04769515991211,300
2006-07-31,30.5,31.700000762939453,30.5,31.700000762939453,27.658451080322266,2800
2006-08-01,31.700000762939453,31.700000762939453,31.700000762939453,31.700000762939453,27.658451080322266,0
2006-08-02,31.75,31.75,31.0,31.0,27.04769515991211,5400
2006-08-03,30.5,30.5,30.5,30.5,26.6114444732666,400
2006-08-04,30.0,31.850000381469727,30.0,31.739999771118164,27.693349838256836,1900
2006-08-07,31.739999771118164,31.739999771118164,31.739999771118164,31.739999771118164,27.693349838256836,0
2006-08-08,31.739999771118164,31.739999771118164,31.739999771118164,31.739999771118164,27.693349838256836,0
2006-08-09,31.739999771118164,31.739999771118164,31.739999771118164,31.739999771118164,27.693349838256836,0
2006-08-10,31.739999771118164,31.739999771118164,31.739999771118164,31.739999771118164,27.693349838256836,0
2006-08-11,31.739999771118164,31.739999771118164,31.739999771118164,31.739999771118164,27.693349838256836,0
2006-08-14,31.739999771118164,31.739999771118164,31.739999771118164,31.739999771118164,27.693349838256836,0
2006-08-15,31.739999771118164,31.739999771118164,31.739999771118164,31.739999771118164,27.693349838256836,0
2006-08-16,30.0,33.40999984741211,30.0,33.40999984741211,29.150436401367188,2100
2006-08-17,31.760000228881836,31.760000228881836,31.68000030517578,31.739999771118164,27.693349838256836,1100
2006-08-18,31.43000030517578,31.43000030517578,31.43000030517578,31.43000030517578,27.42287826538086,100
2006-08-21,31.43000030517578,31.43000030517578,31.43000030517578,31.43000030517578,27.42287826538086,0
2006-08-22,30.059999465942383,30.920000076293945,30.010000228881836,30.010000228881836,26.183916091918945,3200
2006-08-23,30.059999465942383,31.690000534057617,30.059999465942383,30.81999969482422,26.89064598083496,7300
2006-08-24,30.170000076293945,30.989999771118164,30.110000610351562,30.989999771118164,27.038970947265625,4400
2006-08-25,30.989999771118164,30.989999771118164,30.989999771118164,30.989999771118164,27.038970947265625,0
2006-08-28,30.989999771118164,30.989999771118164,30.989999771118164,30.989999771118164,27.038970947265625,0
2006-08-29,30.15999984741211,30.760000228881836,30.15999984741211,30.760000228881836,26.838294982910156,400
2006-08-30,31.309999465942383,31.309999465942383,31.309999465942383,31.309999465942383,27.318172454833984,600
2006-08-31,30.229999542236328,31.440000534057617,30.229999542236328,30.809999465942383,26.88191795349121,2300
2006-09-01,30.600000381469727,30.600000381469727,30.600000381469727,30.600000381469727,26.698692321777344,100
2006-09-05,31.309999465942383,31.309999465942383,30.959999084472656,31.309999465942383,27.318172454833984,2700
2006-09-06,30.8799991607666,30.8799991607666,30.8799991607666,30.8799991607666,26.942995071411133,100
2006-09-07,32.0,32.0,32.0,32.0,27.920204162597656,100
2006-09-08,31.959999084472656,31.959999084472656,30.510000228881836,31.049999237060547,27.09132194519043,600
2006-09-11,31.020000457763672,31.18000030517578,30.799999237060547,31.100000381469727,27.134944915771484,400
2006-09-12,31.100000381469727,31.100000381469727,31.100000381469727,31.100000381469727,27.134944915771484,0
2006-09-13,31.100000381469727,31.100000381469727,31.100000381469727,31.100000381469727,27.134944915771484,0
2006-09-14,31.06999969482422,31.06999969482422,31.06999969482422,31.06999969482422,27.108776092529297,100
2006-09-15,30.84000015258789,30.84000015258789,30.84000015258789,30.84000015258789,26.908090591430664,100
2006-09-18,30.84000015258789,30.84000015258789,30.84000015258789,30.84000015258789,26.908090591430664,0
2006-09-19,30.84000015258789,30.84000015258789,30.84000015258789,30.84000015258789,26.908090591430664,0
2006-09-20,30.84000015258789,30.84000015258789,30.84000015258789,30.84000015258789,26.908090591430664,0
2006-09-21,30.84000015258789,30.84000015258789,30.84000015258789,30.84000015258789,26.908090591430664,0
2006-09-22,30.84000015258789,30.84000015258789,30.84000015258789,30.84000015258789,26.908090591430664,0
2006-09-25,30.84000015258789,30.84000015258789,30.84000015258789,30.84000015258789,26.908090591430664,0
2006-09-26,30.049999237060547,30.049999237060547,30.049999237060547,30.049999237060547,26.21881103515625,200
2006-09-27,30.420000076293945,32.0,30.420000076293945,31.079999923706055,27.117496490478516,2900
2006-09-28,30.299999237060547,30.770000457763672,30.299999237060547,30.700000762939453,26.785945892333984,1600
2006-09-29,30.270000457763672,30.670000076293945,30.270000457763672,30.670000076293945,26.759775161743164,300
2006-10-02,30.670000076293945,30.670000076293945,30.670000076293945,30.670000076293945,26.759775161743164,0
2006-10-03,32.0,32.0,32.0,32.0,27.920204162597656,300
2006-10-04,31.65999984741211,32.5,31.65999984741211,32.0,27.920204162597656,2200
2006-10-05,32.0,32.060001373291016,31.200000762939453,32.029998779296875,27.946378707885742,3400
2006-10-06,32.40999984741211,32.40999984741211,32.40999984741211,32.40999984741211,28.277931213378906,100
2006-10-09,32.40999984741211,32.40999984741211,32.40999984741211,32.40999984741211,28.277931213378906,0
2006-10-10,31.75,31.75,31.149999618530273,31.149999618530273,27.17856788635254,1500
2006-10-11,31.139999389648438,31.450000762939453,31.139999389648438,31.450000762939453,27.440324783325195,400
2006-10-12,31.450000762939453,31.450000762939453,31.450000762939453,31.450000762939453,27.440324783325195,0
2006-10-13,31.43000030517578,31.43000030517578,31.43000030517578,31.43000030517578,27.42287826538086,100
2006-10-16,30.850000381469727,30.850000381469727,30.850000381469727,30.850000381469727,26.916818618774414,100
2006-10-17,30.200000762939453,30.200000762939453,29.649999618530273,29.649999618530273,25.86981201171875,8700
2006-10-18,30.0,30.479999542236328,29.0,29.5,25.738933563232422,12200
2006-10-19,29.25,29.899999618530273,29.149999618530273,29.149999618530273,25.43355369567871,900
2006-10-20,29.600000381469727,30.31999969482422,29.600000381469727,30.25,26.393314361572266,500
2006-10-23,30.170000076293945,30.170000076293945,29.75,29.75,25.957063674926758,500
2006-10-24,29.299999237060547,29.5,29.25,29.25,25.52080726623535,5700
2006-10-25,29.25,29.25,29.25,29.25,25.52080726623535,0
2006-10-26,30.0,30.0,29.0,29.0,25.30267906188965,12800
2006-10-27,28.989999771118164,29.790000915527344,28.989999771118164,29.170000076293945,25.451005935668945,1800
2006-10-30,29.149999618530273,29.90999984741211,28.149999618530273,28.149999618530273,24.561052322387695,19100
2006-10-31,28.0,28.920000076293945,28.0,28.020000457763672,24.447622299194336,9400
2006-11-01,28.020000457763672,28.020000457763672,28.020000457763672,28.020000457763672,24.447622299194336,0
2006-11-02,28.020000457763672,28.020000457763672,28.010000228881836,28.010000228881836,24.438899993896484,500
2006-11-03,28.579999923706055,28.93000030517578,28.56999969482422,28.93000030517578,25.241613388061523,700
2006-11-06,29.290000915527344,30.0,29.290000915527344,29.700000762939453,25.913434982299805,2800
2006-11-07,29.719999313354492,30.68000030517578,29.719999313354492,30.59000015258789,26.689970016479492,1600
2006-11-08,30.739999771118164,31.459999084472656,30.510000228881836,31.059999465942383,27.10004425048828,4200
2006-11-09,31.5,31.719999313354492,31.299999237060547,31.299999237060547,27.309446334838867,1200
2006-11-10,31.299999237060547,31.299999237060547,31.299999237060547,31.299999237060547,27.309446334838867,0
2006-11-13,31.0,31.0,29.020000457763672,29.020000457763672,25.32013511657715,2000
2006-11-14,29.399999618530273,29.479999542236328,29.280000686645508,29.479999542236328,25.721487045288086,1100
2006-11-15,29.969999313354492,29.989999771118164,29.399999618530273,29.989999771118164,26.16646385192871,400
2006-11-16,30.049999237060547,30.079999923706055,29.950000762939453,29.950000762939453,26.131567001342773,3400
2006-11-17,29.5,30.0,29.5,29.75,25.957063674926758,5800
2006-11-20,30.0,30.010000228881836,30.0,30.0,26.175188064575195,4000
2006-11-21,30.149999618530273,30.75,30.149999618530273,30.75,26.82956886291504,2200
2006-11-22,32.93000030517578,32.93000030517578,32.93000030517578,32.93000030517578,28.73163414001465,200
2006-11-24,31.84000015258789,31.860000610351562,30.520000457763672,31.15999984741211,27.187297821044922,600
2006-11-27,31.15999984741211,31.15999984741211,31.15999984741211,31.15999984741211,27.187297821044922,0
2006-11-28,31.0,31.010000228881836,31.0,31.0,27.04769515991211,1300
2006-11-29,31.0,31.0,31.0,31.0,27.04769515991211,0
2006-11-30,31.0,31.399999618530273,31.0,31.399999618530273,27.396696090698242,1800
2006-12-01,31.399999618530273,31.399999618530273,31.399999618530273,31.399999618530273,27.396696090698242,0
2006-12-04,31.100000381469727,31.100000381469727,31.100000381469727,31.100000381469727,27.134944915771484,100
2006-12-05,31.0,31.0,31.0,31.0,27.04769515991211,500
2006-12-06,31.969999313354492,31.969999313354492,31.09000015258789,31.09000015258789,27.126222610473633,300
2006-12-07,31.549999237060547,31.549999237060547,31.549999237060547,31.549999237060547,27.527572631835938,200
2006-12-08,31.549999237060547,31.549999237060547,31.549999237060547,31.549999237060547,27.527572631835938,0
2006-12-11,31.25,31.25,31.25,31.25,27.265825271606445,500
2006-12-12,31.979999542236328,31.979999542236328,31.719999313354492,31.719999313354492,27.6759033203125,700
2006-12-13,31.719999313354492,31.719999313354492,31.719999313354492,31.719999313354492,27.6759033203125,0
2006-12-14,31.719999313354492,31.719999313354492,31.719999313354492,31.719999313354492,27.6759033203125,0
2006-12-15,31.25,31.25,31.25,31.25,27.265825271606445,200
2006-12-18,31.25,31.25,31.25,31.25,27.265825271606445,0
2006-12-19,31.25,31.25,31.25,31.25,27.265825271606445,500
2006-12-20,31.25,31.799999237060547,31.25,31.5,27.48394775390625,1000
2006-12-21,32.0,32.0,32.0,32.0,27.920204162597656,100
2006-12-22,32.0,32.0,32.0,32.0,27.920204162597656,0
2006-12-26,32.31999969482422,32.63999938964844,32.31999969482422,32.63999938964844,28.478607177734375,600
2006-12-27,32.650001525878906,32.650001525878906,32.650001525878906,32.650001525878906,28.487337112426758,100
2006-12-28,32.31999969482422,32.31999969482422,32.31999969482422,32.31999969482422,28.199399948120117,700
2006-12-29,32.599998474121094,32.599998474121094,32.45000076293945,32.45000076293945,28.312835693359375,600
2007-01-03,32.599998474121094,32.599998474121094,32.599998474121094,32.599998474121094,28.44370460510254,100
2007-01-04,32.599998474121094,32.599998474121094,32.599998474121094,32.599998474121094,28.44370460510254,800
2007-01-05,32.599998474121094,32.599998474121094,32.599998474121094,32.599998474121094,28.44370460510254,0
2007-01-08,32.599998474121094,32.599998474121094,32.599998474121094,32.599998474121094,28.44370460510254,0
2007-01-09,32.31999969482422,32.31999969482422,32.31999969482422,32.31999969482422,28.199399948120117,400
2007-01-10,32.79999923706055,32.79999923706055,32.79999923706055,32.79999923706055,28.618202209472656,200
2007-01-11,32.31999969482422,32.31999969482422,32.31999969482422,32.31999969482422,28.199399948120117,800
2007-01-12,32.79999923706055,32.79999923706055,32.790000915527344,32.790000915527344,28.609481811523438,500
2007-01-16,32.790000915527344,32.790000915527344,32.790000915527344,32.790000915527344,28.609481811523438,0
2007-01-17,32.79999923706055,33.0,32.79999923706055,33.0,28.792707443237305,400
2007-01-18,33.0,33.0,33.0,33.0,28.792707443237305,0
2007-01-19,32.9900016784668,33.0,32.9900016784668,33.0,28.792707443237305,800
2007-01-22,33.0,33.0099983215332,33.0,33.0,28.792707443237305,1100
2007-01-23,33.20000076293945,33.20000076293945,33.20000076293945,33.20000076293945,28.967205047607422,300
2007-01-24,32.77000045776367,32.77000045776367,32.77000045776367,32.77000045776367,28.592031478881836,100
2007-01-25,32.77000045776367,32.77000045776367,32.77000045776367,32.77000045776367,28.592031478881836,0
2007-01-26,33.20000076293945,33.20000076293945,33.20000076293945,33.20000076293945,28.967205047607422,100
2007-01-29,32.38999938964844,32.38999938964844,31.799999237060547,31.799999237060547,27.745698928833008,3000
2007-01-30,31.799999237060547,33.0,31.790000915527344,33.0,28.792707443237305,900
2007-01-31,32.97999954223633,32.9900016784668,32.97999954223633,32.9900016784668,28.78398895263672,600
2007-02-01,33.959999084472656,34.0,32.91999816894531,32.91999816894531,28.722909927368164,2200
2007-02-02,32.91999816894531,32.91999816894531,32.91999816894531,32.91999816894531,28.722909927368164,0
2007-02-05,32.91999816894531,32.91999816894531,32.91999816894531,32.91999816894531,28.722909927368164,0
2007-02-06,32.91999816894531,32.91999816894531,32.91999816894531,32.91999816894531,28.722909927368164,0
2007-02-07,34.5,34.81999969482422,34.5,34.81999969482422,30.38067054748535,900
2007-02-08,34.45000076293945,34.790000915527344,34.45000076293945,34.790000915527344,30.354494094848633,400
2007-02-09,35.0,35.9900016784668,35.0,35.9900016784668,31.401506423950195,1600
2007-02-12,35.9900016784668,35.9900016784668,35.9900016784668,35.9900016784668,31.401506423950195,0
2007-02-13,35.68000030517578,35.68000030517578,35.68000030517578,35.68000030517578,31.131031036376953,100
2007-02-14,35.31999969482422,35.31999969482422,35.31999969482422,35.31999969482422,30.816926956176758,100
2007-02-15,35.31999969482422,35.31999969482422,35.31999969482422,35.31999969482422,30.816926956176758,0
2007-02-16,35.31999969482422,35.31999969482422,35.31999969482422,35.31999969482422,30.816926956176758,0
2007-02-20,35.470001220703125,36.5,35.470001220703125,36.5,31.846477508544922,1300
2007-02-21,36.5,36.5,36.5,36.5,31.846477508544922,100
2007-02-22,36.5,37.0,36.029998779296875,36.15999984741211,31.549835205078125,1900
2007-02-23,36.599998474121094,36.9900016784668,36.599998474121094,36.63999938964844,31.968631744384766,900
2007-02-26,36.790000915527344,36.790000915527344,36.790000915527344,36.790000915527344,32.099510192871094,100
2007-02-27,37.0,37.0,37.0,37.0,32.28273391723633,100
2007-02-28,37.0,37.5,37.0,37.41999816894531,32.649173736572266,800
2007-03-01,37.41999816894531,37.41999816894531,37.41999816894531,37.41999816894531,32.649173736572266,0
2007-03-02,37.400001525878906,37.400001525878906,37.06999969482422,37.06999969482422,32.34380340576172,300
2007-03-05,36.2599983215332,36.2599983215332,36.2599983215332,36.2599983215332,31.6370792388916,200
2007-03-06,36.2599983215332,36.2599983215332,36.2599983215332,36.2599983215332,31.6370792388916,0
2007-03-07,36.2599983215332,36.2599983215332,36.2599983215332,36.2599983215332,31.6370792388916,0
2007-03-08,36.2599983215332,36.2599983215332,36.2599983215332,36.2599983215332,31.6370792388916,0
2007-03-09,37.22999954223633,37.22999954223633,36.31999969482422,36.31999969482422,31.689422607421875,400
2007-03-12,36.310001373291016,36.310001373291016,36.310001373291016,36.310001373291016,31.680702209472656,300
2007-03-13,36.040000915527344,36.040000915527344,36.040000915527344,36.040000915527344,31.445138931274414,200
2007-03-14,36.040000915527344,36.040000915527344,36.040000915527344,36.040000915527344,31.445138931274414,0
2007-03-15,36.040000915527344,36.040000915527344,36.040000915527344,36.040000915527344,31.445138931274414,0
2007-03-16,36.040000915527344,36.040000915527344,36.040000915527344,36.040000915527344,31.445138931274414,0
2007-03-19,36.040000915527344,36.040000915527344,36.040000915527344,36.040000915527344,31.445138931274414,0
2007-03-20,37.369998931884766,37.369998931884766,37.369998931884766,37.369998931884766,32.605552673339844,200
2007-03-21,37.369998931884766,37.369998931884766,37.369998931884766,37.369998931884766,32.605552673339844,0
2007-03-22,37.369998931884766,37.369998931884766,37.369998931884766,37.369998931884766,32.605552673339844,0
2007-03-23,37.369998931884766,37.369998931884766,37.369998931884766,37.369998931884766,32.605552673339844,0
2007-03-26,36.040000915527344,36.040000915527344,36.040000915527344,36.040000915527344,31.445138931274414,100
2007-03-27,37.0,37.0,35.58000183105469,35.58000183105469,31.04377555847168,3000
2007-03-28,35.58000183105469,35.58000183105469,35.58000183105469,35.58000183105469,31.04377555847168,0
2007-03-29,35.5,36.20000076293945,35.5,35.599998474121094,31.061222076416016,800
2007-03-30,35.599998474121094,35.599998474121094,35.5,35.5,30.973974227905273,500
2007-04-02,35.5,35.5,35.5,35.5,30.973974227905273,0
2007-04-03,35.0,35.0,35.0,35.0,30.537721633911133,500
2007-04-04,35.0,35.0,35.0,35.0,30.537721633911133,0
2007-04-05,35.0,35.0,35.0,35.0,30.537721633911133,0
2007-04-09,35.0,35.0,35.0,35.0,30.537721633911133,0
2007-04-10,35.0,35.0,35.0,35.0,30.537721633911133,0
2007-04-11,35.06999969482422,35.06999969482422,35.04999923706055,35.04999923706055,30.581350326538086,200
2007-04-12,35.04999923706055,35.04999923706055,35.04999923706055,35.04999923706055,30.581350326538086,200
2007-04-13,35.04999923706055,35.04999923706055,35.04999923706055,35.04999923706055,30.581350326538086,0
2007-04-16,35.04999923706055,35.5,34.5,35.5,30.973974227905273,700
2007-04-17,35.5,35.5,35.5,35.5,30.973974227905273,300
2007-04-18,35.5099983215332,35.5099983215332,35.04999923706055,35.099998474121094,30.624961853027344,2900
2007-04-19,35.959999084472656,36.5,35.959999084472656,36.5,31.846477508544922,1500
2007-04-20,36.0099983215332,36.0099983215332,35.599998474121094,35.61000061035156,31.06995391845703,1500
2007-04-23,36.47999954223633,36.5,35.61000061035156,35.86000061035156,31.2880802154541,2400
2007-04-24,35.540000915527344,35.95000076293945,35.540000915527344,35.95000076293945,31.36659049987793,200
2007-04-25,35.5,36.61000061035156,35.5,35.5,30.973974227905273,9300
2007-04-26,35.29999923706055,35.29999923706055,35.29999923706055,35.29999923706055,30.79946517944336,100
2007-04-27,35.25,35.25,35.25,35.25,30.75585174560547,200
2007-04-30,35.04999923706055,35.04999923706055,34.0099983215332,34.20000076293945,29.83971405029297,5800
2007-05-01,34.34000015258789,34.75,34.34000015258789,34.630001068115234,30.214893341064453,900
2007-05-02,34.5099983215332,34.52000045776367,34.5099983215332,34.52000045776367,30.118925094604492,1700
2007-05-03,35.38999938964844,35.38999938964844,34.459999084472656,35.209999084472656,30.720947265625,7100
2007-05-04,35.11000061035156,36.29999923706055,35.11000061035156,36.29999923706055,31.671979904174805,4400
2007-05-07,36.5,37.380001068115234,36.4900016784668,37.380001068115234,32.61429214477539,5900
2007-05-08,37.29999923706055,37.29999923706055,36.459999084472656,36.88999938964844,32.1867561340332,43800
2007-05-09,36.880001068115234,37.09000015258789,36.5099983215332,36.88999938964844,32.1867561340332,1800
2007-05-10,37.20000076293945,37.40999984741211,36.75,37.2400016784668,32.49214172363281,3600
2007-05-11,36.93000030517578,37.22999954223633,36.93000030517578,37.22999954223633,32.4834098815918,300
2007-05-14,37.400001525878906,38.0,37.400001525878906,38.0,33.15524673461914,900
2007-05-15,37.900001525878906,37.900001525878906,37.65999984741211,37.66999816894531,32.86730194091797,500
2007-05-16,37.66999816894531,37.66999816894531,37.66999816894531,37.66999816894531,32.86730194091797,0
2007-05-17,37.0099983215332,37.0099983215332,37.0,37.0,32.28273391723633,400
2007-05-18,36.5,36.529998779296875,36.27000045776367,36.27000045776367,31.645801544189453,1200
2007-05-21,37.279998779296875,37.400001525878906,36.5,36.5,31.846477508544922,1200
2007-05-22,36.310001373291016,37.0,36.310001373291016,36.86000061035156,32.160587310791016,1700
2007-05-23,36.380001068115234,37.099998474121094,36.220001220703125,36.689998626708984,32.01224899291992,2400
2007-05-24,36.18000030517578,37.220001220703125,36.18000030517578,36.79999923706055,32.108238220214844,1700
2007-05-25,37.38999938964844,37.439998626708984,36.04999923706055,36.599998474121094,31.933727264404297,4200
2007-05-29,36.5,37.099998474121094,36.5,36.880001068115234,32.17802429199219,1200
2007-05-30,36.86000061035156,37.400001525878906,36.86000061035156,37.02000045776367,32.30018997192383,500
2007-05-31,37.0,37.470001220703125,36.52000045776367,37.279998779296875,32.52703857421875,700
2007-06-01,37.189998626708984,37.290000915527344,36.88999938964844,37.290000915527344,32.5357551574707,500
2007-06-04,36.4900016784668,36.61000061035156,36.4900016784668,36.61000061035156,31.942453384399414,600
2007-06-05,36.58000183105469,36.630001068115234,36.400001525878906,36.560001373291016,31.898834228515625,500
2007-06-06,36.560001373291016,36.560001373291016,36.560001373291016,36.560001373291016,31.898834228515625,0
2007-06-07,37.099998474121094,37.25,37.0,37.0,32.28273391723633,700
2007-06-08,36.619998931884766,36.779998779296875,36.619998931884766,36.709999084472656,32.02969741821289,22900
2007-06-11,36.70000076293945,36.70000076293945,36.5,36.5,31.846477508544922,2400
2007-06-12,36.54999923706055,36.54999923706055,36.20000076293945,36.20000076293945,31.584728240966797,500
2007-06-13,36.34000015258789,36.91999816894531,34.68000030517578,35.150001525878906,30.668598175048828,6400
2007-06-14,34.529998779296875,34.70000076293945,34.0099983215332,34.63999938964844,30.223621368408203,38900
2007-06-15,34.86000061035156,34.9900016784668,34.79999923706055,34.97999954223633,30.520273208618164,600
2007-06-18,35.0,35.0,35.0,35.0,30.537721633911133,200
2007-06-19,35.68000030517578,35.68000030517578,35.099998474121094,35.5,30.973974227905273,3400
2007-06-20,35.5,35.52000045776367,35.47999954223633,35.52000045776367,30.991426467895508,800
2007-06-21,34.72999954223633,35.790000915527344,34.72999954223633,35.40999984741211,30.89544677734375,4100
2007-06-22,34.79999923706055,35.59000015258789,34.79999923706055,35.189998626708984,30.703493118286133,500
2007-06-25,35.099998474121094,36.900001525878906,35.099998474121094,35.099998474121094,30.624961853027344,3200
2007-06-26,35.209999084472656,35.959999084472656,35.209999084472656,35.66999816894531,31.12229347229004,800
2007-06-27,35.0099983215332,35.810001373291016,34.75,35.810001373291016,31.24445915222168,2300
2007-06-28,35.5099983215332,36.5,35.5,36.2400016784668,31.6196346282959,3100
2007-06-29,36.220001220703125,36.41999816894531,35.400001525878906,36.22999954223633,31.610904693603516,3500
2007-07-02,36.400001525878906,36.400001525878906,36.20000076293945,36.20000076293945,31.584728240966797,1400
2007-07-03,36.22999954223633,36.22999954223633,35.650001525878906,35.650001525878906,31.104843139648438,900
2007-07-05,35.66999816894531,35.66999816894531,35.66999816894531,35.66999816894531,31.12229347229004,100
2007-07-06,35.66999816894531,35.66999816894531,35.66999816894531,35.66999816894531,31.12229347229004,0
2007-07-09,35.540000915527344,36.189998626708984,35.540000915527344,36.189998626708984,31.575998306274414,400
2007-07-10,36.11000061035156,36.40999984741211,35.25,36.33000183105469,31.698156356811523,1200
2007-07-11,36.18000030517578,36.400001525878906,35.43000030517578,36.290000915527344,31.66325569152832,1400
2007-07-12,36.25,37.25,36.04999923706055,36.31999969482422,31.689422607421875,4000
2007-07-13,36.5,37.209999084472656,36.5,37.209999084472656,32.46595764160156,1000
2007-07-16,37.060001373291016,38.0,37.04999923706055,37.58000183105469,32.78878402709961,4400
2007-07-17,37.5,38.349998474121094,37.5,37.72999954223633,32.919654846191406,4600
2007-07-18,37.75,38.5,37.540000915527344,37.7599983215332,32.945831298828125,1400
2007-07-19,37.810001373291016,38.47999954223633,37.7599983215332,38.220001220703125,33.347198486328125,1500
2007-07-20,38.25,38.25,38.0,38.0,33.15524673461914,1200
2007-07-23,38.290000915527344,38.290000915527344,37.66999816894531,37.66999816894531,32.86730194091797,1000
2007-07-24,37.5099983215332,37.75,37.5099983215332,37.75,32.937110900878906,500
2007-07-25,37.7599983215332,38.4900016784668,37.7599983215332,38.4900016784668,33.582767486572266,300
2007-07-26,38.560001373291016,38.95000076293945,37.599998474121094,37.88999938964844,33.05925750732422,1600
2007-07-27,37.65999984741211,38.95000076293945,37.459999084472656,37.459999084472656,32.684085845947266,900
2007-07-30,36.650001525878906,37.4900016784668,36.650001525878906,37.2599983215332,32.50959014892578,1400
2007-07-31,38.2400016784668,38.43000030517578,37.2400016784668,37.790000915527344,32.972007751464844,900
2007-08-01,38.0,38.59000015258789,36.5,37.77000045776367,32.95456314086914,1800
2007-08-02,38.5,38.83000183105469,38.040000915527344,38.310001373291016,33.425724029541016,600
2007-08-03,37.11000061035156,37.11000061035156,37.11000061035156,37.11000061035156,32.37870788574219,100
2007-08-06,36.15999984741211,36.15999984741211,35.27000045776367,35.27000045776367,30.773290634155273,300
2007-08-07,35.0,35.0,34.5099983215332,34.5099983215332,30.110185623168945,300
2007-08-08,34.5,35.0,32.04999923706055,33.04999923706055,28.836332321166992,1800
2007-08-09,34.93000030517578,34.93000030517578,33.060001373291016,34.0,29.665218353271484,2900
2007-08-10,34.939998626708984,34.939998626708984,31.709999084472656,33.0099983215332,28.80143165588379,1900
2007-08-13,33.33000183105469,33.380001068115234,32.29999923706055,32.689998626708984,28.522233963012695,2100
2007-08-14,32.689998626708984,32.689998626708984,32.689998626708984,32.689998626708984,28.522233963012695,0
2007-08-15,32.84000015258789,34.9900016784668,32.5,34.9900016784668,30.52899742126465,700
2007-08-16,34.2599983215332,34.5,33.95000076293945,34.5,30.101472854614258,400
2007-08-17,34.5,34.5,34.5,34.5,30.101472854614258,0
2007-08-20,34.5,34.5,34.5,34.5,30.101472854614258,0
2007-08-21,34.470001220703125,34.470001220703125,34.470001220703125,34.470001220703125,30.07529640197754,100
2007-08-22,34.720001220703125,34.720001220703125,34.689998626708984,34.689998626708984,30.26723861694336,400
2007-08-23,34.54999923706055,34.54999923706055,34.54999923706055,34.54999923706055,30.145095825195312,100
2007-08-24,35.0,35.22999954223633,34.5,34.5,30.101472854614258,1200
2007-08-27,34.400001525878906,34.400001525878906,32.95000076293945,32.95000076293945,28.749088287353516,1000
2007-08-28,32.959999084472656,33.22999954223633,32.959999084472656,33.209999084472656,28.975927352905273,2000
2007-08-29,34.439998626708984,35.08000183105469,34.439998626708984,35.06999969482422,30.598800659179688,400
2007-08-30,35.06999969482422,35.06999969482422,35.06999969482422,35.06999969482422,30.598800659179688,0
2007-08-31,35.06999969482422,35.06999969482422,35.06999969482422,35.06999969482422,30.598800659179688,0
2007-09-04,35.06999969482422,35.06999969482422,35.06999969482422,35.06999969482422,30.598800659179688,0
2007-09-05,35.70000076293945,35.70000076293945,35.70000076293945,35.70000076293945,31.148479461669922,100
2007-09-06,34.5099983215332,34.5099983215332,32.5,32.5,28.356456756591797,600
2007-09-07,32.83000183105469,36.0,32.83000183105469,35.66999816894531,31.12229347229004,2300
2007-09-10,35.709999084472656,35.709999084472656,35.709999084472656,35.709999084472656,31.157190322875977,600
2007-09-11,35.849998474121094,35.900001525878906,33.56999969482422,34.400001525878906,30.014223098754883,1200
2007-09-12,35.15999984741211,37.41999816894531,35.15999984741211,36.75,32.064605712890625,1500
2007-09-13,35.959999084472656,35.959999084472656,35.790000915527344,35.790000915527344,31.22700309753418,200
2007-09-14,35.790000915527344,35.790000915527344,35.790000915527344,35.790000915527344,31.22700309753418,0
2007-09-17,35.790000915527344,35.790000915527344,35.790000915527344,35.790000915527344,31.22700309753418,0
2007-09-18,35.790000915527344,35.790000915527344,35.790000915527344,35.790000915527344,31.22700309753418,0
2007-09-19,35.790000915527344,35.790000915527344,35.790000915527344,35.790000915527344,31.22700309753418,0
2007-09-20,35.790000915527344,35.790000915527344,35.790000915527344,35.790000915527344,31.22700309753418,0
2007-09-21,37.93000030517578,37.93000030517578,33.02000045776367,37.0,32.28273391723633,71800
2007-09-24,37.0,37.0,37.0,37.0,32.28273391723633,0
2007-09-25,37.0099983215332,37.0099983215332,36.25,36.25,31.628347396850586,900
2007-09-26,36.25,36.25,36.25,36.25,31.628347396850586,0
2007-09-27,36.25,36.25,36.25,36.25,31.628347396850586,0
2007-09-28,36.52000045776367,37.0,36.52000045776367,37.0,32.28273391723633,400
2007-10-01,37.0,37.0,37.0,37.0,32.28273391723633,0
2007-10-02,37.0,37.0,37.0,37.0,32.28273391723633,0
2007-10-03,37.0,37.0,37.0,37.0,32.28273391723633,0
2007-10-04,36.529998779296875,36.529998779296875,35.45000076293945,35.45000076293945,30.930347442626953,1000
2007-10-05,35.540000915527344,35.540000915527344,35.5,35.5,30.973974227905273,400
2007-10-08,35.5,35.5,35.5,35.5,30.973974227905273,0
2007-10-09,35.5,38.75,35.5,38.599998474121094,33.678749084472656,900
2007-10-10,38.599998474121094,38.599998474121094,37.70000076293945,37.939998626708984,33.102882385253906,400
2007-10-11,37.939998626708984,37.939998626708984,37.939998626708984,37.939998626708984,33.102882385253906,0
2007-10-12,38.40999984741211,38.40999984741211,37.06999969482422,37.06999969482422,32.34380340576172,300
2007-10-15,38.099998474121094,38.099998474121094,36.7599983215332,36.7599983215332,32.07332992553711,300
2007-10-16,36.91999816894531,37.459999084472656,36.0,37.459999084472656,32.684085845947266,3700
2007-10-17,37.0,37.04999923706055,36.5,36.5,31.846477508544922,800
2007-10-18,36.0,36.47999954223633,35.95000076293945,36.470001220703125,31.820297241210938,1000
2007-10-19,35.75,36.400001525878906,35.560001373291016,35.560001373291016,31.026325225830078,1000
2007-10-22,38.56999969482422,38.90999984741211,35.5099983215332,38.25,33.37336730957031,2900
2007-10-23,38.52000045776367,38.52000045776367,37.060001373291016,37.060001373291016,32.335086822509766,1200
2007-10-24,37.06999969482422,37.08000183105469,37.06999969482422,37.08000183105469,32.352542877197266,200
2007-10-25,37.08000183105469,37.08000183105469,37.08000183105469,37.08000183105469,32.352542877197266,0
2007-10-26,38.25,38.25,37.099998474121094,37.099998474121094,32.36998748779297,500
2007-10-29,38.209999084472656,38.209999084472656,37.11000061035156,37.13999938964844,32.40488815307617,500
2007-10-30,37.81999969482422,37.81999969482422,36.880001068115234,37.0,32.28273391723633,600
2007-10-31,37.0,37.0,37.0,37.0,32.28273391723633,0
2007-11-01,36.779998779296875,36.849998474121094,36.779998779296875,36.849998474121094,32.15185546875,600
2007-11-02,36.849998474121094,36.849998474121094,36.849998474121094,36.849998474121094,32.15185546875,0
2007-11-05,36.849998474121094,36.849998474121094,36.849998474121094,36.849998474121094,32.15185546875,0
2007-11-06,35.52000045776367,35.52000045776367,35.52000045776367,35.52000045776367,30.991426467895508,100
2007-11-07,35.5,35.5,34.2400016784668,34.869998931884766,30.424293518066406,1300
2007-11-08,36.97999954223633,36.97999954223633,36.97999954223633,36.97999954223633,32.26528549194336,200
2007-11-09,35.779998779296875,35.779998779296875,35.779998779296875,35.779998779296875,31.218273162841797,100
2007-11-12,35.79999923706055,37.08000183105469,35.79999923706055,37.08000183105469,32.352542877197266,300
2007-11-13,37.09000015258789,37.119998931884766,35.68000030517578,35.68000030517578,31.131031036376953,2500
2007-11-14,33.15999984741211,36.470001220703125,33.099998474121094,33.150001525878906,28.923582077026367,2100
2007-11-15,36.349998474121094,36.349998474121094,33.06999969482422,33.150001525878906,28.923582077026367,1400
2007-11-16,33.45000076293945,33.90999984741211,33.40999984741211,33.40999984741211,29.150436401367188,1400
2007-11-19,33.29999923706055,33.29999923706055,32.58000183105469,32.58000183105469,28.511594772338867,1000
2007-11-20,32.5099983215332,33.349998474121094,32.5099983215332,33.349998474121094,29.185440063476562,1000
2007-11-21,33.40999984741211,34.599998474121094,33.40999984741211,34.59000015258789,30.27059555053711,1100
2007-11-23,34.59000015258789,34.59000015258789,34.59000015258789,34.59000015258789,30.27059555053711,0
2007-11-26,35.54999923706055,35.54999923706055,35.54999923706055,35.54999923706055,31.110719680786133,300
2007-11-27,35.65999984741211,35.65999984741211,35.650001525878906,35.650001525878906,31.198223114013672,200
2007-11-28,35.7599983215332,35.7599983215332,35.54999923706055,35.7599983215332,31.294496536254883,1100
2007-11-29,35.7599983215332,35.7599983215332,35.7599983215332,35.7599983215332,31.294496536254883,0
2007-11-30,35.720001220703125,36.650001525878906,35.720001220703125,36.650001525878906,32.0733528137207,2300
2007-12-03,35.7400016784668,36.720001220703125,35.7400016784668,36.720001220703125,32.13461685180664,200
2007-12-04,35.20000076293945,35.58000183105469,34.40999984741211,34.40999984741211,30.11307716369629,1400
2007-12-05,34.40999984741211,34.40999984741211,34.40999984741211,34.40999984741211,30.11307716369629,0
2007-12-06,32.91999816894531,33.02000045776367,32.90999984741211,32.90999984741211,28.800386428833008,400
2007-12-07,32.5,33.27000045776367,32.5,33.27000045776367,29.115434646606445,4800
2007-12-10,32.9900016784668,33.0,32.9900016784668,32.9900016784668,28.870397567749023,1000
2007-12-11,32.5099983215332,33.06999969482422,32.5099983215332,32.79999923706055,28.704118728637695,700
2007-12-12,33.09000015258789,34.0,33.09000015258789,34.0,29.7542781829834,1900
2007-12-13,34.0,34.0,34.0,34.0,29.7542781829834,0
2007-12-14,34.0,34.0,34.0,34.0,29.7542781829834,0
2007-12-17,34.0,34.0,34.0,34.0,29.7542781829834,0
2007-12-18,34.0,34.0,34.0,34.0,29.7542781829834,0
2007-12-19,34.0,34.0,34.0,34.0,29.7542781829834,0
2007-12-20,34.0,34.0,34.0,34.0,29.7542781829834,0
2007-12-21,34.0,35.2400016784668,33.25,35.2400016784668,30.839431762695312,4900
2007-12-24,36.20000076293945,36.20000076293945,36.20000076293945,36.20000076293945,31.679546356201172,100
2007-12-26,36.25,36.25,36.25,36.25,31.723297119140625,300
2007-12-27,36.0099983215332,36.75,36.0099983215332,36.75,32.160865783691406,800
2007-12-28,35.9900016784668,36.0,35.9900016784668,36.0,31.50452423095703,500
2007-12-31,36.0,36.5,35.119998931884766,36.5,31.94208526611328,4200
2008-01-02,37.0,37.0,36.5,36.5,31.94208526611328,1400
2008-01-03,36.0,36.380001068115234,36.0,36.380001068115234,31.837078094482422,2100
2008-01-04,36.0,36.0,35.099998474121094,35.099998474121094,30.716901779174805,500
2008-01-07,35.25,36.06999969482422,35.25,36.0,31.50452423095703,2600
2008-01-08,35.25,35.25,35.2400016784668,35.2400016784668,30.839431762695312,3100
2008-01-09,34.5,36.099998474121094,33.5099983215332,34.040000915527344,29.789281845092773,6100
2008-01-10,33.310001373291016,35.130001068115234,33.310001373291016,34.25,29.97305679321289,2800
2008-01-11,34.25,34.97999954223633,34.25,34.97999954223633,30.61189842224121,1300
2008-01-14,34.97999954223633,34.97999954223633,34.97999954223633,34.97999954223633,30.61189842224121,0
2008-01-15,34.880001068115234,34.88999938964844,34.880001068115234,34.88999938964844,30.533132553100586,300
2008-01-16,35.0,35.0,34.70000076293945,35.0,30.629398345947266,2200
2008-01-17,34.880001068115234,34.880001068115234,34.040000915527344,34.040000915527344,29.789281845092773,2600
2008-01-18,33.61000061035156,33.61000061035156,32.5,32.5,28.44158363342285,2900
2008-01-22,31.75,34.0,31.75,33.0,28.8791446685791,3500
2008-01-23,33.0,33.0,33.0,33.0,28.8791446685791,100
2008-01-24,31.639999389648438,33.97999954223633,31.639999389648438,32.060001373291016,28.05653190612793,14000
2008-01-25,33.70000076293945,34.0099983215332,33.599998474121094,34.0099983215332,29.763015747070312,3400
2008-01-28,34.7599983215332,34.7599983215332,34.630001068115234,34.630001068115234,30.305601119995117,500
2008-01-29,34.7599983215332,34.7599983215332,33.2599983215332,34.290000915527344,30.008054733276367,600
2008-01-30,32.68000030517578,33.4900016784668,32.68000030517578,33.4900016784668,29.30796241760254,1000
2008-01-31,33.20000076293945,34.0099983215332,33.099998474121094,34.0099983215332,29.763015747070312,1500
2008-02-01,34.0,34.0,34.0,34.0,29.7542781829834,400
2008-02-04,32.18000030517578,32.290000915527344,32.18000030517578,32.290000915527344,28.257808685302734,400
2008-02-05,32.27000045776367,32.27000045776367,32.27000045776367,32.27000045776367,28.240306854248047,200
2008-02-06,32.27000045776367,32.27000045776367,32.27000045776367,32.27000045776367,28.240306854248047,300
2008-02-07,31.65999984741211,31.65999984741211,31.649999618530273,31.649999618530273,27.697729110717773,600
2008-02-08,31.600000381469727,32.220001220703125,31.600000381469727,32.220001220703125,28.196548461914062,600
2008-02-11,33.0,33.0,31.6299991607666,32.779998779296875,28.686614990234375,1700
2008-02-12,33.0,34.0,32.83000183105469,32.83000183105469,28.730379104614258,3500
2008-02-13,33.779998779296875,34.119998931884766,33.2400016784668,33.630001068115234,29.430471420288086,3400
2008-02-14,33.630001068115234,33.630001068115234,33.630001068115234,33.630001068115234,29.430471420288086,0
2008-02-15,34.70000076293945,35.0,34.16999816894531,34.61000061035156,30.28809928894043,2900
2008-02-19,35.97999954223633,35.97999954223633,35.97999954223633,35.97999954223633,31.487018585205078,100
2008-02-20,34.959999084472656,34.959999084472656,34.959999084472656,34.959999084472656,30.679664611816406,100
2008-02-21,33.849998474121094,34.869998931884766,33.849998474121094,34.869998931884766,30.600677490234375,200
2008-02-22,33.88999938964844,35.9900016784668,33.88999938964844,35.9900016784668,31.583559036254883,400
2008-02-25,36.939998626708984,36.939998626708984,34.68000030517578,34.68000030517578,30.433942794799805,300
2008-02-26,34.599998474121094,34.599998474121094,34.599998474121094,34.599998474121094,30.36373519897461,300
2008-02-27,34.599998474121094,34.599998474121094,34.599998474121094,34.599998474121094,30.36373519897461,0
2008-02-28,33.66999816894531,33.66999816894531,33.66999816894531,33.66999816894531,29.547603607177734,100
2008-02-29,33.66999816894531,36.97999954223633,33.63999938964844,33.63999938964844,29.521272659301758,500
2008-03-03,36.09000015258789,36.09000015258789,33.0,33.0,28.959632873535156,3600
2008-03-04,35.75,35.75,35.75,35.75,31.37293815612793,100
2008-03-05,35.689998626708984,35.689998626708984,34.0,34.0,29.837203979492188,56400
2008-03-06,35.75,35.900001525878906,34.81999969482422,35.900001525878906,31.504566192626953,3500
2008-03-07,36.869998931884766,36.869998931884766,36.869998931884766,36.869998931884766,32.355804443359375,300
2008-03-10,36.849998474121094,36.849998474121094,36.849998474121094,36.849998474121094,32.338253021240234,300
2008-03-11,36.18000030517578,36.93000030517578,36.18000030517578,36.93000030517578,32.40845489501953,600
2008-03-12,36.93000030517578,36.93000030517578,36.93000030517578,36.93000030517578,32.40845489501953,0
2008-03-13,36.400001525878906,36.400001525878906,35.02000045776367,35.02000045776367,30.732316970825195,200
2008-03-14,35.02000045776367,35.02000045776367,35.02000045776367,35.02000045776367,30.732316970825195,0
2008-03-17,34.04999923706055,34.04999923706055,34.04999923706055,34.04999923706055,29.881080627441406,200
2008-03-18,34.060001373291016,34.25,32.29999923706055,32.29999923706055,28.345338821411133,1000
2008-03-19,31.510000228881836,35.0,31.5,31.5,27.643287658691406,600
2008-03-20,34.630001068115234,34.630001068115234,34.630001068115234,34.630001068115234,30.390064239501953,1400
2008-03-24,34.04999923706055,34.04999923706055,34.04999923706055,34.04999923706055,29.881080627441406,2000
2008-03-25,33.720001220703125,33.720001220703125,33.720001220703125,33.720001220703125,29.59148597717285,100
2008-03-26,33.720001220703125,33.720001220703125,33.720001220703125,33.720001220703125,29.59148597717285,0
2008-03-27,33.720001220703125,33.720001220703125,33.720001220703125,33.720001220703125,29.59148597717285,0
2008-03-28,34.470001220703125,34.5,34.470001220703125,34.5,30.275989532470703,2100
2008-03-31,34.4900016784668,34.5,34.4900016784668,34.5,30.275989532470703,1300
2008-04-01,34.5,34.5,34.5,34.5,30.275989532470703,300
2008-04-02,34.5,34.5,34.5,34.5,30.275989532470703,0
2008-04-03,34.5,34.5,34.5,34.5,30.275989532470703,0
2008-04-04,35.0,35.0,34.709999084472656,34.709999084472656,30.46027374267578,900
2008-04-07,34.70000076293945,34.70000076293945,34.560001373291016,34.560001373291016,30.328638076782227,1500
2008-04-08,34.060001373291016,34.060001373291016,34.04999923706055,34.04999923706055,29.881080627441406,1600
2008-04-09,32.31999969482422,32.79999923706055,32.31999969482422,32.79999923706055,28.78411865234375,300
2008-04-10,32.040000915527344,32.040000915527344,32.040000915527344,32.040000915527344,28.11717414855957,100
2008-04-11,33.290000915527344,33.290000915527344,33.290000915527344,33.290000915527344,29.214136123657227,200
2008-04-14,33.119998931884766,33.189998626708984,33.119998931884766,33.189998626708984,29.126365661621094,1100
2008-04-15,33.04999923706055,33.04999923706055,33.04999923706055,33.04999923706055,29.003509521484375,400
2008-04-16,33.04999923706055,33.04999923706055,33.04999923706055,33.04999923706055,29.003509521484375,0
2008-04-17,33.04999923706055,33.04999923706055,33.04999923706055,33.04999923706055,29.003509521484375,700
2008-04-18,33.5,34.0,33.060001373291016,33.060001373291016,29.012287139892578,3000
2008-04-21,33.060001373291016,33.060001373291016,33.060001373291016,33.060001373291016,29.012287139892578,0
2008-04-22,33.619998931884766,33.939998626708984,33.619998931884766,33.93000030517578,29.775766372680664,300
2008-04-23,33.04999923706055,33.900001525878906,33.04999923706055,33.900001525878906,29.749448776245117,2900
2008-04-24,33.900001525878906,33.900001525878906,33.900001525878906,33.900001525878906,29.749448776245117,0
2008-04-25,33.54999923706055,33.54999923706055,33.11000061035156,33.15999984741211,29.10004234313965,400
2008-04-28,33.15999984741211,33.15999984741211,33.15999984741211,33.15999984741211,29.10004234313965,0
2008-04-29,33.15999984741211,33.15999984741211,33.15999984741211,33.15999984741211,29.10004234313965,0
2008-04-30,33.15999984741211,33.15999984741211,33.15999984741211,33.15999984741211,29.10004234313965,0
2008-05-01,33.15999984741211,33.15999984741211,33.15999984741211,33.15999984741211,29.10004234313965,0
2008-05-02,33.04999923706055,33.060001373291016,33.04999923706055,33.060001373291016,29.012287139892578,300
2008-05-05,33.869998931884766,33.869998931884766,33.04999923706055,33.04999923706055,29.003509521484375,800
2008-05-06,33.880001068115234,33.900001525878906,33.75,33.75,29.6178035736084,600
2008-05-07,34.0,34.0,34.0,34.0,29.837203979492188,100
2008-05-08,34.0,34.0,34.0,34.0,29.837203979492188,0
2008-05-09,34.0,34.0,34.0,34.0,29.837203979492188,0
2008-05-12,34.0,34.0,34.0,34.0,29.837203979492188,0
2008-05-13,34.0,34.0,34.0,34.0,29.837203979492188,0
2008-05-14,34.0,34.0,34.0,34.0,29.837203979492188,0
2008-05-15,34.0,34.0,34.0,34.0,29.837203979492188,0
2008-05-16,33.08000183105469,33.08000183105469,33.0,33.04999923706055,29.003509521484375,700
2008-05-19,33.04999923706055,33.04999923706055,33.04999923706055,33.04999923706055,29.003509521484375,200
2008-05-20,33.06999969482422,33.08000183105469,33.04999923706055,33.08000183105469,29.029844284057617,1300
2008-05-21,33.08000183105469,33.08000183105469,33.08000183105469,33.08000183105469,29.029844284057617,0
2008-05-22,33.04999923706055,33.04999923706055,33.04999923706055,33.04999923706055,29.003509521484375,100
2008-05-23,33.04999923706055,33.04999923706055,33.04999923706055,33.04999923706055,29.003509521484375,200
2008-05-27,32.95000076293945,32.95000076293945,32.95000076293945,32.95000076293945,29.003515243530273,200
2008-05-28,33.04999923706055,33.189998626708984,32.95000076293945,32.95000076293945,29.003515243530273,13400
2008-05-29,33.150001525878906,33.150001525878906,32.95000076293945,32.95000076293945,29.003515243530273,800
2008-05-30,34.0,34.779998779296875,34.0,34.779998779296875,30.614320755004883,2100
2008-06-02,35.33000183105469,35.33000183105469,35.33000183105469,35.33000183105469,31.09845542907715,100
2008-06-03,34.75,34.79999923706055,34.75,34.79999923706055,30.631929397583008,200
2008-06-04,33.380001068115234,34.36000061035156,33.380001068115234,34.36000061035156,30.24462890625,300
2008-06-05,33.349998474121094,34.15999984741211,33.349998474121094,34.150001525878906,30.05978775024414,1100
2008-06-06,34.849998474121094,34.849998474121094,34.75,34.75,30.587919235229492,200
2008-06-09,33.380001068115234,34.72999954223633,33.380001068115234,34.630001068115234,30.482295989990234,900
2008-06-10,33.63999938964844,33.63999938964844,33.63999938964844,33.63999938964844,29.61086654663086,200
2008-06-11,33.63999938964844,33.63999938964844,33.63999938964844,33.63999938964844,29.61086654663086,0
2008-06-12,34.5099983215332,34.599998474121094,34.220001220703125,34.599998474121094,30.455886840820312,1100
2008-06-13,34.54999923706055,34.599998474121094,34.0,34.11000061035156,30.024578094482422,5600
2008-06-16,34.5,37.0,33.43000030517578,33.43000030517578,29.4260196685791,800
2008-06-17,33.33000183105469,34.36000061035156,33.33000183105469,34.36000061035156,30.24462890625,1300
2008-06-18,33.5099983215332,33.5099983215332,33.47999954223633,33.47999954223633,29.47003936767578,300
2008-06-19,33.060001373291016,33.97999954223633,33.060001373291016,33.97999954223633,29.910146713256836,1400
2008-06-20,34.20000076293945,34.20000076293945,33.31999969482422,33.790000915527344,29.742902755737305,1800
2008-06-23,34.189998626708984,34.189998626708984,33.04999923706055,33.54999923706055,29.531644821166992,2900
2008-06-24,34.15999984741211,34.15999984741211,33.02000045776367,33.220001220703125,29.241172790527344,2000
2008-06-25,32.810001373291016,33.150001525878906,32.060001373291016,32.060001373291016,28.220109939575195,1300
2008-06-26,32.099998474121094,32.5,32.099998474121094,32.5,28.607410430908203,1600
2008-06-27,32.959999084472656,33.310001373291016,31.200000762939453,31.200000762939453,27.46311378479004,311300
2008-06-30,31.360000610351562,33.130001068115234,30.700000762939453,30.700000762939453,27.022998809814453,14000
2008-07-01,30.729999542236328,30.770000457763672,30.600000381469727,30.770000457763672,27.084617614746094,17200
2008-07-02,30.600000381469727,31.450000762939453,30.540000915527344,30.540000915527344,26.882164001464844,4600
2008-07-03,31.479999542236328,31.479999542236328,30.81999969482422,31.440000534057617,27.67437171936035,400
2008-07-07,32.72999954223633,32.880001068115234,32.0,32.25,28.387353897094727,4800
2008-07-08,32.95000076293945,33.84000015258789,32.189998626708984,32.189998626708984,28.334537506103516,2500
2008-07-09,32.31999969482422,34.0,32.0099983215332,32.619998931884766,28.713031768798828,5400
2008-07-10,32.0,33.5099983215332,31.059999465942383,33.5099983215332,29.496442794799805,1600
2008-07-11,33.4900016784668,35.0,32.619998931884766,35.0,30.8079833984375,2500
2008-07-14,34.5,34.5,32.369998931884766,32.369998931884766,28.492979049682617,900
2008-07-15,33.04999923706055,33.9900016784668,32.40999984741211,32.88999938964844,28.95069694519043,2100
2008-07-16,34.25,34.25,33.5,34.060001373291016,29.980571746826172,4100
2008-07-17,34.47999954223633,34.47999954223633,34.0,34.25,30.14780616760254,1300
2008-07-18,33.90999984741211,33.90999984741211,31.3799991607666,31.399999618530273,27.639158248901367,2400
2008-07-21,34.45000076293945,34.45000076293945,32.06999969482422,33.0,29.04751968383789,1200
2008-07-22,34.220001220703125,34.34000015258789,33.02000045776367,34.34000015258789,30.227027893066406,7900
2008-07-23,33.70000076293945,34.41999816894531,33.70000076293945,34.029998779296875,29.95415687561035,13400
2008-07-24,34.619998931884766,34.619998931884766,34.29999923706055,34.47999954223633,30.35025978088379,600
2008-07-25,34.63999938964844,34.63999938964844,33.779998779296875,34.290000915527344,30.183012008666992,6900
2008-07-28,33.689998626708984,33.9900016784668,33.56999969482422,33.709999084472656,29.672489166259766,5000
2008-07-29,33.720001220703125,33.75,33.459999084472656,33.5,29.487634658813477,3100
2008-07-30,33.75,34.0,33.279998779296875,34.0,29.92775535583496,2700
2008-07-31,33.16999816894531,34.0,33.16999816894531,33.9900016784668,29.9189453125,1200
2008-08-01,34.470001220703125,34.47999954223633,34.0,34.0,29.92775535583496,900
2008-08-04,34.0,34.47999954223633,33.599998474121094,33.599998474121094,29.575653076171875,9400
2008-08-05,34.400001525878906,34.47999954223633,33.11000061035156,34.41999816894531,30.297447204589844,2400
2008-08-06,34.439998626708984,34.439998626708984,33.29999923706055,33.70000076293945,29.663684844970703,6100
2008-08-07,32.970001220703125,34.31999969482422,31.8799991607666,31.989999771118164,28.158493041992188,2900
2008-08-08,33.86000061035156,33.86000061035156,30.559999465942383,31.93000030517578,28.105680465698242,5200
2008-08-11,31.93000030517578,33.209999084472656,31.8799991607666,33.209999084472656,29.23236656188965,3600
2008-08-12,33.90999984741211,33.91999816894531,33.209999084472656,33.209999084472656,29.23236656188965,7100
2008-08-13,33.209999084472656,33.209999084472656,33.0,33.0,29.04751968383789,2100
2008-08-14,32.349998474121094,33.150001525878906,31.90999984741211,33.0,29.04751968383789,5000
2008-08-15,34.189998626708984,34.34000015258789,32.5,32.5,28.607410430908203,10700
2008-08-18,32.56999969482422,33.529998779296875,32.56999969482422,33.0,29.04751968383789,7700
2008-08-19,32.95000076293945,32.95000076293945,32.029998779296875,32.029998779296875,28.19369888305664,8600
2008-08-20,31.549999237060547,34.099998474121094,31.540000915527344,31.540000915527344,27.76239013671875,3300
2008-08-21,32.5,32.5,31.920000076293945,31.940000534057617,28.11448097229004,3100
2008-08-22,32.97999954223633,33.08000183105469,32.349998474121094,33.08000183105469,29.117942810058594,1300
2008-08-25,32.779998779296875,32.779998779296875,32.22999954223633,32.22999954223633,28.455766677856445,11600
2008-08-26,32.75,32.75,31.530000686645508,31.969999313354492,28.22621726989746,1400
2008-08-27,31.559999465942383,32.58000183105469,31.559999465942383,32.5,28.69415283203125,1800
2008-08-28,33.439998626708984,33.470001220703125,32.0099983215332,33.0,29.13559913635254,7800
2008-08-29,33.04999923706055,34.47999954223633,31.959999084472656,34.47999954223633,30.44228744506836,11200
2008-09-02,34.47999954223633,34.47999954223633,33.540000915527344,33.81999969482422,29.859580993652344,3200
2008-09-03,33.790000915527344,34.47999954223633,32.099998474121094,34.209999084472656,30.203908920288086,2000
2008-09-04,34.130001068115234,34.130001068115234,33.25,33.25,29.356327056884766,1700
2008-09-05,33.41999816894531,34.380001068115234,32.52000045776367,32.540000915527344,28.729469299316406,2000
2008-09-08,32.97999954223633,34.47999954223633,32.97999954223633,34.2599983215332,30.24805450439453,3000
2008-09-09,34.38999938964844,34.599998474121094,34.25,34.25,30.239221572875977,2800
2008-09-10,34.61000061035156,35.209999084472656,34.61000061035156,35.209999084472656,31.086803436279297,4200
2008-09-11,35.0,37.06999969482422,35.0,36.93000030517578,32.60538101196289,4700
2008-09-12,36.720001220703125,37.90999984741211,35.47999954223633,37.16999816894531,32.81727981567383,1900
2008-09-15,37.90999984741211,37.90999984741211,35.439998626708984,36.630001068115234,32.340518951416016,2000
2008-09-16,38.04999923706055,41.5,37.4900016784668,41.5,36.64023208618164,5700
2008-09-17,41.2400016784668,41.2400016784668,35.689998626708984,35.689998626708984,31.51059341430664,5900
2008-09-18,38.220001220703125,38.79999923706055,35.400001525878906,38.79999923706055,34.25640869140625,9300
2008-09-19,39.099998474121094,39.5,33.20000076293945,39.0,34.43299102783203,56900
2008-09-22,38.0,38.83000183105469,38.0,38.83000183105469,34.28288269042969,800
2008-09-23,38.75,39.0,38.380001068115234,38.380001068115234,33.88557815551758,5800
2008-09-24,38.470001220703125,39.0,36.40999984741211,38.0099983215332,33.55891036987305,8200
2008-09-25,38.38999938964844,39.0,38.20000076293945,39.0,34.43299102783203,1900
2008-09-26,39.0,39.0,38.36000061035156,38.59000015258789,34.07099151611328,4100
2008-09-29,38.5,38.5,37.400001525878906,37.560001373291016,33.16161346435547,3400
2008-09-30,37.400001525878906,37.72999954223633,36.16999816894531,37.08000183105469,32.737823486328125,4400
2008-10-01,36.08000183105469,36.08000183105469,35.40999984741211,35.40999984741211,31.26338005065918,1200
2008-10-02,35.40999984741211,35.95000076293945,35.40999984741211,35.47999954223633,31.32518768310547,4100
2008-10-03,36.16999816894531,36.779998779296875,35.400001525878906,35.540000915527344,31.37816047668457,1600
2008-10-06,35.400001525878906,36.849998474121094,35.400001525878906,35.470001220703125,31.316364288330078,3800
2008-10-07,36.04999923706055,36.81999969482422,35.41999816894531,35.41999816894531,31.272212982177734,2600
2008-10-08,35.459999084472656,36.79999923706055,35.400001525878906,36.790000915527344,32.481781005859375,6700
2008-10-09,34.220001220703125,37.130001068115234,34.08000183105469,34.08000183105469,30.08913230895996,5600
2008-10-10,35.38999938964844,38.029998779296875,35.20000076293945,35.81999969482422,31.6253719329834,9800
2008-10-13,36.0,38.52000045776367,35.0099983215332,38.52000045776367,34.009193420410156,5500
2008-10-14,38.0,38.0,35.41999816894531,35.79999923706055,31.607711791992188,5400
2008-10-15,35.439998626708984,35.439998626708984,34.369998931884766,35.0099983215332,30.910226821899414,23500
2008-10-16,35.060001373291016,36.7599983215332,33.150001525878906,36.7599983215332,32.455284118652344,6700
2008-10-17,36.02000045776367,36.5099983215332,34.630001068115234,35.45000076293945,31.298704147338867,9300
2008-10-20,36.16999816894531,36.16999816894531,35.77000045776367,35.970001220703125,31.757802963256836,1000
2008-10-21,35.400001525878906,36.5,35.400001525878906,35.709999084472656,31.52824592590332,2800
2008-10-22,36.060001373291016,36.06999969482422,35.099998474121094,35.209999084472656,31.086803436279297,6100
2008-10-23,35.20000076293945,35.20000076293945,33.72999954223633,33.72999954223633,29.780113220214844,5300
2008-10-24,33.150001525878906,33.150001525878906,31.920000076293945,32.02000045776367,28.27036476135254,2800
2008-10-27,31.989999771118164,33.209999084472656,31.989999771118164,32.56999969482422,28.755956649780273,3500
2008-10-28,33.0,33.06999969482422,31.75,32.29999923706055,28.5175724029541,7300
2008-10-29,32.560001373291016,33.0,30.0,30.479999542236328,26.91069793701172,5400
2008-10-30,31.489999771118164,31.489999771118164,29.549999237060547,30.68000030517578,27.0872802734375,5100
2008-10-31,30.690000534057617,30.690000534057617,28.6200008392334,30.670000076293945,27.07845115661621,4900
2008-11-03,31.270000457763672,33.95000076293945,30.489999771118164,32.93000030517578,29.073795318603516,10100
2008-11-04,29.200000762939453,31.579999923706055,29.200000762939453,31.280000686645508,27.61701774597168,9000
2008-11-05,31.06999969482422,31.329999923706055,31.0,31.329999923706055,27.66115951538086,2100
2008-11-06,31.010000228881836,31.010000228881836,30.84000015258789,30.84000015258789,27.22854232788086,2800
2008-11-07,31.0,31.0,25.25,25.25,22.29314613342285,8600
2008-11-10,25.540000915527344,26.549999237060547,25.5,26.260000228881836,23.18487548828125,6100
2008-11-11,26.239999771118164,27.239999771118164,26.219999313354492,26.959999084472656,23.802900314331055,4700
2008-11-12,26.75,26.899999618530273,24.040000915527344,24.049999237060547,21.233671188354492,3600
2008-11-13,24.059999465942383,29.049999237060547,23.90999984741211,27.770000457763672,24.518051147460938,4000
2008-11-14,27.690000534057617,29.540000915527344,27.690000534057617,28.200000762939453,24.897695541381836,1700
2008-11-17,28.770000457763672,29.889999389648438,28.059999465942383,28.829999923706055,25.45391845703125,1200
2008-11-18,29.299999237060547,29.299999237060547,27.690000534057617,29.270000457763672,25.842395782470703,4000
2008-11-19,29.200000762939453,29.200000762939453,27.709999084472656,27.709999084472656,24.465072631835938,2700
2008-11-20,27.690000534057617,28.239999771118164,23.670000076293945,23.729999542236328,20.951148986816406,3000
2008-11-21,23.889999389648438,24.1200008392334,22.729999542236328,23.200000762939453,20.48320770263672,4800
2008-11-24,24.420000076293945,26.0,23.760000228881836,25.530000686645508,22.540359497070312,4500
2008-11-25,25.719999313354492,26.229999542236328,25.040000915527344,25.600000381469727,22.602163314819336,1000
2008-11-26,25.059999465942383,35.290000915527344,25.059999465942383,35.16999816894531,31.05148696899414,5900
2008-11-28,34.880001068115234,34.880001068115234,31.0,32.0,28.33326530456543,3300
2008-12-01,31.190000534057617,31.190000534057617,28.1200008392334,28.5,25.23431396484375,3600
2008-12-02,28.81999969482422,28.81999969482422,27.729999542236328,28.790000915527344,25.4910831451416,3000
2008-12-03,28.239999771118164,32.5,28.239999771118164,31.979999542236328,28.3155517578125,4400
2008-12-04,31.719999313354492,31.719999313354492,28.020000457763672,28.020000457763672,24.809316635131836,3800
2008-12-05,27.940000534057617,27.940000534057617,23.84000015258789,27.18000030517578,24.065561294555664,1800
2008-12-08,28.540000915527344,30.510000228881836,27.270000457763672,29.940000534057617,26.509305953979492,5300
2008-12-09,29.799999237060547,29.799999237060547,26.219999313354492,27.81999969482422,24.632232666015625,6500
2008-12-10,28.020000457763672,29.3799991607666,28.020000457763672,29.3799991607666,26.013473510742188,1100
2008-12-11,29.0,32.0,26.899999618530273,26.899999618530273,23.817649841308594,3500
2008-12-12,26.780000686645508,32.349998474121094,26.780000686645508,32.279998779296875,28.581180572509766,7100
2008-12-15,32.400001525878906,32.400001525878906,31.40999984741211,32.0,28.33326530456543,1100
2008-12-16,32.34000015258789,34.25,31.829999923706055,34.25,30.32544708251953,9900
2008-12-17,33.84000015258789,35.349998474121094,33.84000015258789,35.349998474121094,31.299402236938477,6000
2008-12-18,35.040000915527344,36.0,34.810001373291016,35.9900016784668,31.866065979003906,6000
2008-12-19,36.41999816894531,36.54999923706055,35.56999969482422,36.54999923706055,32.36190414428711,19000
2008-12-22,36.7400016784668,36.75,34.380001068115234,36.75,32.538997650146484,4900
2008-12-23,36.709999084472656,36.7400016784668,34.310001373291016,36.2599983215332,32.105133056640625,4900
2008-12-24,35.86000061035156,36.689998626708984,35.86000061035156,36.400001525878906,32.22909164428711,500
2008-12-26,34.869998931884766,34.88999938964844,34.869998931884766,34.88999938964844,30.892107009887695,400
2008-12-29,34.79999923706055,34.959999084472656,34.310001373291016,34.630001068115234,30.661901473999023,1700
2008-12-30,34.95000076293945,36.0,34.95000076293945,35.689998626708984,31.600439071655273,1400
2008-12-31,35.66999816894531,36.86000061035156,35.66999816894531,36.86000061035156,32.636383056640625,5200
2009-01-02,36.869998931884766,36.869998931884766,36.0099983215332,36.29999923706055,32.14054870605469,2900
2009-01-05,36.459999084472656,36.459999084472656,35.349998474121094,36.189998626708984,32.04314422607422,1400
2009-01-06,36.0,36.88999938964844,35.38999938964844,36.400001525878906,32.22909164428711,2800
2009-01-07,36.060001373291016,36.5,34.880001068115234,34.880001068115234,30.883264541625977,1400
2009-01-08,35.09000015258789,35.81999969482422,35.09000015258789,35.81999969482422,31.715545654296875,300
2009-01-09,35.709999084472656,36.209999084472656,35.189998626708984,35.189998626708984,31.157733917236328,2200
2009-01-12,35.060001373291016,36.11000061035156,34.43000030517578,34.43000030517578,30.48481559753418,2400
2009-01-13,35.0,35.59000015258789,35.0,35.59000015258789,31.511898040771484,1600
2009-01-14,35.439998626708984,35.47999954223633,35.400001525878906,35.400001525878906,31.343677520751953,2200
2009-01-15,35.86000061035156,36.099998474121094,34.939998626708984,36.099998474121094,31.963457107543945,4800
2009-01-16,36.08000183105469,36.08000183105469,35.11000061035156,36.0,31.874921798706055,3900
2009-01-20,35.959999084472656,35.959999084472656,33.06999969482422,33.06999969482422,29.28065299987793,2700
2009-01-21,33.52000045776367,34.9900016784668,32.900001525878906,34.29999923706055,30.369720458984375,2600
2009-01-22,32.29999923706055,32.29999923706055,31.860000610351562,31.860000610351562,28.209306716918945,1100
2009-01-23,30.030000686645508,31.540000915527344,30.030000686645508,31.540000915527344,27.92597198486328,2400
2009-01-26,33.88999938964844,34.369998931884766,33.349998474121094,34.290000915527344,30.360857009887695,1200
2009-01-27,34.220001220703125,35.150001525878906,34.220001220703125,35.029998779296875,31.016075134277344,2100
2009-01-28,35.13999938964844,35.95000076293945,33.79999923706055,35.880001068115234,31.76866340637207,4400
2009-01-29,36.04999923706055,36.04999923706055,34.310001373291016,34.5099983215332,30.555652618408203,900
2009-01-30,34.66999816894531,34.91999816894531,34.349998474121094,34.349998474121094,30.41399574279785,1800
2009-02-02,35.2599983215332,36.88999938964844,35.2599983215332,36.880001068115234,32.654083251953125,3700
2009-02-03,36.7400016784668,37.0,36.630001068115234,37.0,32.76033401489258,4800
2009-02-04,36.88999938964844,37.20000076293945,36.84000015258789,37.20000076293945,32.93741989135742,6200
2009-02-05,36.9900016784668,37.400001525878906,36.08000183105469,37.2400016784668,32.972843170166016,4000
2009-02-06,37.209999084472656,37.439998626708984,37.209999084472656,37.439998626708984,33.1499137878418,1800
2009-02-09,37.209999084472656,37.209999084472656,36.27000045776367,36.5099983215332,32.32647705078125,1800
2009-02-10,36.849998474121094,36.849998474121094,35.400001525878906,35.400001525878906,31.343677520751953,2200
2009-02-11,35.650001525878906,35.95000076293945,34.93000030517578,34.93000030517578,30.927528381347656,1200
2009-02-12,34.470001220703125,34.61000061035156,32.959999084472656,33.18000030517578,29.3780517578125,2000
2009-02-13,33.29999923706055,33.29999923706055,32.0099983215332,32.47999954223633,28.758262634277344,1200
2009-02-17,31.6299991607666,33.099998474121094,31.440000534057617,31.440000534057617,27.83742904663086,2400
2009-02-18,31.530000686645508,31.530000686645508,31.1299991607666,31.1299991607666,27.562952041625977,1300
2009-02-19,31.329999923706055,31.329999923706055,29.520000457763672,29.520000457763672,26.2216739654541,1400
2009-02-20,29.280000686645508,30.479999542236328,29.200000762939453,29.670000076293945,26.35490608215332,6900
2009-02-23,29.719999313354492,29.75,29.649999618530273,29.649999618530273,26.337142944335938,2600
2009-02-24,29.889999389648438,30.950000762939453,29.889999389648438,30.639999389648438,27.216524124145508,3800
2009-02-25,30.75,30.899999618530273,29.579999923706055,29.579999923706055,26.27496337890625,13800
2009-02-26,29.690000534057617,29.690000534057617,27.65999984741211,27.65999984741211,24.569490432739258,1400
2009-02-27,27.25,28.280000686645508,26.270000457763672,26.270000457763672,23.334800720214844,2900
2009-03-02,24.56999969482422,27.170000076293945,23.5,23.549999237060547,20.91870880126953,5600
2009-03-03,23.75,24.959999084472656,22.530000686645508,22.920000076293945,20.359098434448242,11000
2009-03-04,23.309999465942383,26.959999084472656,22.600000381469727,23.940000534057617,21.265134811401367,13300
2009-03-05,24.440000534057617,24.440000534057617,22.5,22.5,19.98602867126465,2900
2009-03-06,22.649999618530273,24.59000015258789,22.649999618530273,24.040000915527344,21.353965759277344,2800
2009-03-09,23.549999237060547,23.549999237060547,21.5,21.5,19.09775733947754,3000
2009-03-10,23.700000762939453,24.950000762939453,23.690000534057617,24.950000762939453,22.16228485107422,3000
2009-03-11,25.0,25.010000228881836,24.510000228881836,25.010000228881836,22.2155818939209,1200
2009-03-12,22.09000015258789,26.649999618530273,22.049999237060547,26.649999618530273,23.672340393066406,3000
2009-03-13,26.68000030517578,27.0,23.579999923706055,27.0,23.983232498168945,1800
2009-03-16,26.81999969482422,26.81999969482422,24.610000610351562,26.81999969482422,23.823348999023438,1600
2009-03-17,26.729999542236328,29.3799991607666,26.549999237060547,29.3799991607666,26.09731101989746,3100
2009-03-18,30.809999465942383,31.5,30.299999237060547,31.5,27.98043441772461,2300
2009-03-19,31.190000534057617,31.969999313354492,29.56999969482422,31.969999313354492,28.397924423217773,1300
2009-03-20,31.809999465942383,35.2400016784668,31.809999465942383,34.310001373291016,30.476472854614258,21800
2009-03-23,35.040000915527344,35.75,35.0099983215332,35.75,31.755573272705078,11600
2009-03-24,35.25,35.880001068115234,33.959999084472656,33.959999084472656,30.165584564208984,4700
2009-03-25,34.4900016784668,35.54999923706055,33.369998931884766,35.2400016784668,31.302562713623047,3000
2009-03-26,35.72999954223633,36.90999984741211,35.72999954223633,36.75,32.643836975097656,6800
2009-03-27,36.099998474121094,36.099998474121094,33.29999923706055,33.29999923706055,29.579322814941406,2400
2009-03-30,32.84000015258789,34.150001525878906,31.799999237060547,33.619998931884766,29.863561630249023,5600
2009-03-31,32.869998931884766,35.0,32.869998931884766,35.0,31.08937644958496,2300
2009-04-01,34.40999984741211,35.68000030517578,34.40999984741211,35.29999923706055,31.355857849121094,1400
2009-04-02,36.040000915527344,36.22999954223633,35.06999969482422,36.099998474121094,32.06646728515625,7900
2009-04-03,35.29999923706055,35.79999923706055,35.04999923706055,35.79999923706055,31.79998779296875,600
2009-04-06,34.22999954223633,35.29999923706055,33.400001525878906,33.400001525878906,29.668148040771484,2400
2009-04-07,33.20000076293945,35.66999816894531,32.43000030517578,32.43000030517578,28.806529998779297,2300
2009-04-08,32.470001220703125,35.0,32.0,35.0,31.08937644958496,6900
2009-04-09,35.7400016784668,36.72999954223633,33.5,36.72999954223633,32.62607955932617,12300
2009-04-13,35.0,36.4900016784668,34.79999923706055,36.40999984741211,32.34183120727539,4600
2009-04-14,35.0,35.400001525878906,34.5,35.099998474121094,31.17819595336914,7200
2009-04-15,35.08000183105469,35.70000076293945,34.41999816894531,35.20000076293945,31.26703453063965,3900
2009-04-16,34.400001525878906,34.400001525878906,30.90999984741211,33.93000030517578,30.13892936706543,11100
2009-04-17,33.84000015258789,33.84000015258789,31.639999389648438,32.959999084472656,29.277307510375977,4600
2009-04-20,32.29999923706055,32.95000076293945,30.65999984741211,30.65999984741211,27.234294891357422,3600
2009-04-21,32.25,32.25,29.350000381469727,31.510000228881836,27.989320755004883,3100
2009-04-22,31.020000457763672,31.739999771118164,30.18000030517578,30.959999084472656,27.500776290893555,4100
2009-04-23,30.0,30.0,28.510000228881836,28.920000076293945,25.688711166381836,2400
2009-04-24,29.860000610351562,31.25,29.1200008392334,30.709999084472656,27.278705596923828,9400
2009-04-27,30.329999923706055,31.829999923706055,30.0,30.389999389648438,26.994457244873047,9000
2009-04-28,30.309999465942383,30.959999084472656,29.799999237060547,30.739999771118164,27.305355072021484,8000
2009-04-29,30.809999465942383,31.110000610351562,29.889999389648438,31.110000610351562,27.634016036987305,20100
2009-04-30,32.29999923706055,33.06999969482422,30.600000381469727,31.1299991607666,27.65178108215332,11300
2009-05-01,30.969999313354492,31.5,29.190000534057617,29.260000228881836,25.990713119506836,4700
2009-05-04,29.389999389648438,29.59000015258789,29.389999389648438,29.59000015258789,26.28384780883789,3800
2009-05-05,29.299999237060547,30.5,29.299999237060547,30.5,27.0921688079834,7200
2009-05-06,29.799999237060547,31.3799991607666,29.799999237060547,31.18000030517578,27.696191787719727,2800
2009-05-07,31.360000610351562,31.360000610351562,29.90999984741211,30.1299991607666,26.76351547241211,3600
2009-05-08,30.059999465942383,30.670000076293945,29.639999389648438,30.3799991607666,26.985576629638672,8000
2009-05-11,30.0,30.899999618530273,29.760000228881836,29.760000228881836,26.434852600097656,5900
2009-05-12,30.030000686645508,30.31999969482422,28.18000030517578,28.18000030517578,25.031389236450195,5000
2009-05-13,27.959999084472656,28.899999618530273,26.18000030517578,26.18000030517578,23.254854202270508,14100
2009-05-14,26.389999389648438,27.729999542236328,26.389999389648438,27.280000686645508,24.231945037841797,6400
2009-05-15,27.469999313354492,28.0,27.469999313354492,27.8799991607666,24.76490592956543,2800
2009-05-18,26.25,27.75,26.200000762939453,27.75,24.64943504333496,3900
2009-05-19,26.979999542236328,27.739999771118164,26.760000228881836,27.049999237060547,24.027645111083984,5600
2009-05-20,28.0,28.420000076293945,27.149999618530273,27.899999618530273,24.782670974731445,9400
2009-05-21,27.360000610351562,27.510000228881836,26.420000076293945,26.440000534057617,23.48580551147461,34000
2009-05-22,25.649999618530273,26.850000381469727,25.649999618530273,26.420000076293945,23.46803855895996,4400
2009-05-26,25.709999084472656,27.270000457763672,25.709999084472656,27.270000457763672,24.315101623535156,6100
2009-05-27,27.020000457763672,27.489999771118164,26.239999771118164,26.510000228881836,23.637451171875,10100
2009-05-28,26.780000686645508,28.399999618530273,25.850000381469727,28.200000762939453,25.144325256347656,6300
2009-05-29,28.270000457763672,28.860000610351562,27.1200008392334,28.860000610351562,25.732812881469727,10700
2009-06-01,29.209999084472656,30.1200008392334,28.75,29.639999389648438,26.428293228149414,20800
2009-06-02,28.309999465942383,29.389999389648438,27.770000457763672,29.389999389648438,26.20537757873535,7800
2009-06-03,29.110000610351562,29.440000534057617,28.1299991607666,29.440000534057617,26.24996566772461,4700
2009-06-04,29.450000762939453,30.790000915527344,28.90999984741211,30.719999313354492,27.39126968383789,19000
2009-06-05,30.809999465942383,33.650001525878906,30.809999465942383,32.880001068115234,29.317216873168945,18900
2009-06-08,32.630001068115234,32.630001068115234,30.809999465942383,30.809999465942383,27.471513748168945,6900
2009-06-09,31.100000381469727,31.959999084472656,30.75,31.950000762939453,28.487987518310547,7100
2009-06-10,32.029998779296875,32.029998779296875,30.709999084472656,30.93000030517578,27.57851219177246,17800
2009-06-11,30.90999984741211,31.559999465942383,30.68000030517578,31.520000457763672,28.104585647583008,6500
2009-06-12,31.200000762939453,31.559999465942383,31.010000228881836,31.549999237060547,28.131332397460938,1800
2009-06-15,31.399999618530273,32.95000076293945,29.700000762939453,30.420000076293945,27.12377166748047,51700
2009-06-16,30.6200008392334,30.799999237060547,29.059999465942383,29.420000076293945,26.232131958007812,12100
2009-06-17,29.420000076293945,31.0,29.299999237060547,29.8799991607666,26.64228630065918,6100
2009-06-18,29.690000534057617,29.780000686645508,29.440000534057617,29.780000686645508,26.553129196166992,1400
2009-06-19,30.100000381469727,30.989999771118164,29.8799991607666,30.549999237060547,27.239688873291016,18500
2009-06-22,31.270000457763672,31.270000457763672,30.06999969482422,30.100000381469727,26.83844566345215,8500
2009-06-23,30.290000915527344,30.850000381469727,29.899999618530273,30.399999618530273,27.105941772460938,4100
2009-06-24,30.6200008392334,31.670000076293945,30.549999237060547,30.600000381469727,27.284265518188477,1300
2009-06-25,30.90999984741211,30.90999984741211,28.899999618530273,30.030000686645508,26.776031494140625,46100
2009-06-26,30.010000228881836,32.70000076293945,29.3799991607666,32.04999923706055,28.577150344848633,67400
2009-06-29,31.059999465942383,32.84000015258789,30.690000534057617,31.860000610351562,28.40773582458496,27400
2009-06-30,31.780000686645508,32.470001220703125,31.1299991607666,31.280000686645508,27.89059066772461,12800
2009-07-01,31.530000686645508,32.189998626708984,31.399999618530273,31.68000030517578,28.24724006652832,3600
2009-07-02,31.329999923706055,31.690000534057617,30.209999084472656,31.469999313354492,28.05999755859375,17100
2009-07-06,31.440000534057617,32.06999969482422,30.270000457763672,31.139999389648438,27.76575469970703,6200
2009-07-07,31.65999984741211,31.65999984741211,29.8799991607666,29.8799991607666,26.64228630065918,4700
2009-07-08,29.8799991607666,30.170000076293945,27.799999237060547,27.799999237060547,24.787670135498047,12500
2009-07-09,28.18000030517578,28.479999542236328,26.110000610351562,26.489999771118164,23.619617462158203,5600
2009-07-10,26.40999984741211,27.940000534057617,25.299999237060547,26.309999465942383,23.459123611450195,17100
2009-07-13,27.850000381469727,27.850000381469727,26.799999237060547,27.65999984741211,24.662837982177734,37900
2009-07-14,27.559999465942383,28.479999542236328,26.850000381469727,28.479999542236328,25.39398765563965,22100
2009-07-15,28.780000686645508,30.0,28.540000915527344,30.0,26.749284744262695,14100
2009-07-16,29.90999984741211,32.310001373291016,29.739999771118164,32.310001373291016,28.808979034423828,3400
2009-07-17,32.209999084472656,32.56999969482422,32.209999084472656,32.27000045776367,28.7733097076416,3800
2009-07-20,32.27000045776367,32.27000045776367,31.530000686645508,31.959999084472656,28.496904373168945,2600
2009-07-21,32.52000045776367,33.20000076293945,32.0099983215332,32.79999923706055,29.245878219604492,4700
2009-07-22,32.75,32.91999816894531,32.54999923706055,32.90999984741211,29.34395980834961,2300
2009-07-23,32.470001220703125,34.22999954223633,32.150001525878906,34.22999954223633,30.520931243896484,6200
2009-07-24,33.869998931884766,33.869998931884766,33.08000183105469,33.4900016784668,29.86111831665039,2100
2009-07-27,31.200000762939453,31.600000381469727,30.969999313354492,31.09000015258789,27.721174240112305,10600
2009-07-28,31.100000381469727,31.389999389648438,30.030000686645508,31.010000228881836,27.649843215942383,21900
2009-07-29,31.860000610351562,31.860000610351562,29.59000015258789,30.0,26.749284744262695,4600
2009-07-30,30.440000534057617,31.420000076293945,30.09000015258789,31.049999237060547,27.685508728027344,10700
2009-07-31,31.670000076293945,31.670000076293945,29.959999084472656,30.65999984741211,27.337766647338867,25400
2009-08-03,31.15999984741211,31.670000076293945,30.549999237060547,31.329999923706055,27.935165405273438,7500
2009-08-04,30.6200008392334,31.6299991607666,30.25,30.75,27.41801643371582,6400
2009-08-05,31.170000076293945,31.170000076293945,30.200000762939453,30.200000762939453,26.9276123046875,5400
2009-08-06,30.40999984741211,31.079999923706055,29.34000015258789,30.049999237060547,26.793865203857422,24000
2009-08-07,30.709999084472656,31.3700008392334,29.15999984741211,29.75,26.52637481689453,39800
2009-08-10,29.15999984741211,31.1200008392334,29.15999984741211,30.020000457763672,26.76711654663086,44000
2009-08-11,30.020000457763672,30.020000457763672,29.049999237060547,29.049999237060547,25.902217864990234,2300
2009-08-12,29.190000534057617,30.200000762939453,29.190000534057617,30.200000762939453,26.9276123046875,4000
2009-08-13,30.270000457763672,30.68000030517578,29.489999771118164,30.68000030517578,27.35559844970703,6900
2009-08-14,30.309999465942383,30.489999771118164,28.670000076293945,29.299999237060547,26.125133514404297,20200
2009-08-17,28.84000015258789,29.829999923706055,28.420000076293945,29.079999923706055,25.928970336914062,3300
2009-08-18,29.110000610351562,30.989999771118164,28.510000228881836,30.149999618530273,26.883031845092773,50000
2009-08-19,31.06999969482422,31.399999618530273,29.579999923706055,30.809999465942383,27.471513748168945,4700
2009-08-20,30.170000076293945,30.979999542236328,29.780000686645508,30.420000076293945,27.12377166748047,6400
2009-08-21,30.84000015258789,31.6200008392334,28.790000915527344,29.690000534057617,26.472869873046875,62100
2009-08-24,30.0,31.440000534057617,29.469999313354492,31.3700008392334,28.06536102294922,31900
2009-08-25,31.110000610351562,32.13999938964844,31.049999237060547,31.780000686645508,28.432170867919922,4100
2009-08-26,32.189998626708984,32.209999084472656,31.3700008392334,31.93000030517578,28.566370010375977,6500
2009-08-27,31.040000915527344,31.770000457763672,30.850000381469727,31.600000381469727,28.271133422851562,6000
2009-08-28,31.989999771118164,31.989999771118164,30.549999237060547,30.549999237060547,27.331743240356445,2700
2009-08-31,30.209999084472656,30.5,29.010000228881836,29.809999465942383,26.669700622558594,35600
2009-09-01,29.489999771118164,30.68000030517578,28.5,28.5,25.497695922851562,5500
2009-09-02,28.93000030517578,29.350000381469727,28.329999923706055,28.329999923706055,25.345603942871094,4700
2009-09-03,28.450000762939453,29.239999771118164,27.360000610351562,27.969999313354492,25.023530960083008,7300
2009-09-04,27.84000015258789,28.6200008392334,27.600000381469727,27.940000534057617,24.996686935424805,29700
2009-09-08,28.239999771118164,29.6299991607666,27.950000762939453,29.399999618530273,26.302888870239258,60600
2009-09-09,29.440000534057617,29.799999237060547,29.280000686645508,29.360000610351562,26.26710319519043,26100
2009-09-10,29.40999984741211,29.420000076293945,29.09000015258789,29.420000076293945,26.320783615112305,15100
2009-09-11,28.5,28.5,27.90999984741211,28.209999084472656,25.238245010375977,2600
2009-09-14,27.489999771118164,28.229999542236328,27.420000076293945,28.229999542236328,25.25614356994629,5700
2009-09-15,28.25,29.5,28.25,29.139999389648438,26.070276260375977,6500
2009-09-16,29.6200008392334,31.299999237060547,28.229999542236328,30.959999084472656,27.698556900024414,21000
2009-09-17,31.049999237060547,31.350000381469727,30.65999984741211,31.309999465942383,28.011680603027344,4500
2009-09-18,31.389999389648438,32.220001220703125,30.670000076293945,32.119998931884766,28.73635482788086,19800
2009-09-21,30.65999984741211,31.809999465942383,30.65999984741211,31.389999389648438,28.083255767822266,3700
2009-09-22,31.690000534057617,31.799999237060547,31.139999389648438,31.799999237060547,28.45006561279297,4700
2009-09-23,32.20000076293945,32.52000045776367,31.010000228881836,31.360000610351562,28.056411743164062,14000
2009-09-24,31.559999465942383,32.029998779296875,30.899999618530273,31.780000686645508,28.432170867919922,20900
2009-09-25,31.729999542236328,32.13999938964844,31.110000610351562,31.829999923706055,28.476900100708008,18700
2009-09-28,31.3799991607666,32.16999816894531,31.360000610351562,31.760000228881836,28.41427993774414,17100
2009-09-29,31.5,31.729999542236328,30.6200008392334,31.520000457763672,28.199565887451172,8800
2009-09-30,31.399999618530273,32.459999084472656,31.079999923706055,32.0,28.62899398803711,15100
2009-10-01,32.0,33.09000015258789,31.940000534057617,32.560001373291016,29.12999725341797,6600
2009-10-02,33.220001220703125,33.220001220703125,31.510000228881836,31.510000228881836,28.190610885620117,7200
2009-10-05,32.130001068115234,32.599998474121094,31.450000762939453,32.0,28.62899398803711,6200
2009-10-06,32.720001220703125,32.720001220703125,31.459999084472656,31.93000030517578,28.566370010375977,3100
2009-10-07,32.0,32.09000015258789,30.799999237060547,31.649999618530273,28.315858840942383,7300
2009-10-08,31.350000381469727,31.8799991607666,31.200000762939453,31.200000762939453,27.913270950317383,5900
2009-10-09,31.940000534057617,32.0,31.030000686645508,31.920000076293945,28.557422637939453,3700
2009-10-12,31.209999084472656,31.6299991607666,31.209999084472656,31.280000686645508,27.984846115112305,5100
2009-10-13,31.399999618530273,32.45000076293945,31.0,32.2599983215332,28.861608505249023,15800
2009-10-14,32.2599983215332,32.65999984741211,31.170000076293945,31.850000381469727,28.494796752929688,17400
2009-10-15,31.84000015258789,32.34000015258789,31.780000686645508,31.780000686645508,28.432170867919922,5000
2009-10-16,31.639999389648438,31.639999389648438,31.030000686645508,31.239999771118164,27.949054718017578,7600
2009-10-19,31.5,32.75,31.280000686645508,31.829999923706055,28.476900100708008,36200
2009-10-20,31.170000076293945,31.489999771118164,31.15999984741211,31.299999237060547,28.002735137939453,6900
2009-10-21,31.729999542236328,31.729999542236328,30.520000457763672,30.719999313354492,27.483837127685547,7300
2009-10-22,30.770000457763672,31.350000381469727,29.989999771118164,30.06999969482422,26.902307510375977,22400
2009-10-23,30.399999618530273,30.5,29.809999465942383,29.889999389648438,26.741270065307617,30700
2009-10-26,30.06999969482422,30.170000076293945,29.3799991607666,29.790000915527344,26.651809692382812,10800
2009-10-27,29.799999237060547,30.229999542236328,29.799999237060547,29.829999923706055,26.687591552734375,2900
2009-10-28,29.770000457763672,29.799999237060547,29.139999389648438,29.3799991607666,26.284996032714844,17000
2009-10-29,29.6299991607666,29.979999542236328,29.34000015258789,29.75,26.61602020263672,6900
2009-10-30,29.5,30.0,29.0,29.690000534057617,26.56233787536621,13800
2009-11-02,30.610000610351562,30.610000610351562,29.25,29.709999084472656,26.580232620239258,5500
2009-11-03,29.559999465942383,30.3799991607666,29.229999542236328,29.959999084472656,26.803895950317383,3400
2009-11-04,29.690000534057617,29.690000534057617,28.6299991607666,28.950000762939453,25.90029525756836,14000
2009-11-05,29.290000915527344,29.399999618530273,29.200000762939453,29.399999618530273,26.302888870239258,4400
2009-11-06,29.170000076293945,29.850000381469727,29.170000076293945,29.479999542236328,26.37445831298828,2500
2009-11-09,29.65999984741211,30.440000534057617,29.65999984741211,30.40999984741211,27.206491470336914,3900
2009-11-10,30.8799991607666,30.8799991607666,29.81999969482422,30.030000686645508,26.86652374267578,1900
2009-11-11,30.459999084472656,30.459999084472656,29.6200008392334,29.940000534057617,26.7860050201416,1400
2009-11-12,29.790000915527344,30.25,28.260000228881836,28.75,25.72136688232422,6100
2009-11-13,28.770000457763672,28.770000457763672,27.729999542236328,27.84000015258789,24.907228469848633,17900
2009-11-16,28.06999969482422,29.600000381469727,28.059999465942383,29.600000381469727,26.481821060180664,8300
2009-11-17,28.639999389648438,29.5,28.639999389648438,29.239999771118164,26.159744262695312,3500
2009-11-18,29.270000457763672,29.81999969482422,29.270000457763672,29.549999237060547,26.437088012695312,1100
2009-11-19,29.389999389648438,29.700000762939453,28.260000228881836,28.829999923706055,25.79293441772461,9200
2009-11-20,28.709999084472656,29.729999542236328,28.709999084472656,28.84000015258789,25.801881790161133,5200
2009-11-23,29.510000228881836,29.600000381469727,29.0,29.309999465942383,26.22237205505371,11600
2009-11-24,29.3799991607666,29.5,28.299999237060547,29.3700008392334,26.276052474975586,5200
2009-11-25,28.770000457763672,29.479999542236328,28.770000457763672,29.239999771118164,26.159744262695312,5200
2009-11-27,29.0,29.559999465942383,28.989999771118164,29.299999237060547,26.30337905883789,9400
2009-11-30,29.219999313354492,29.459999084472656,27.450000762939453,27.739999771118164,24.902929306030273,21500
2009-12-01,27.90999984741211,28.25,27.399999618530273,27.989999771118164,25.12735939025879,8100
2009-12-02,28.399999618530273,28.700000762939453,27.829999923706055,28.40999984741211,25.504405975341797,8100
2009-12-03,28.670000076293945,28.670000076293945,27.309999465942383,27.309999465942383,24.516902923583984,7400
2009-12-04,27.889999389648438,28.350000381469727,27.790000915527344,28.280000686645508,25.38770294189453,5500
2009-12-07,28.360000610351562,29.149999618530273,28.360000610351562,29.0,26.034061431884766,7600
2009-12-08,29.030000686645508,29.139999389648438,28.799999237060547,28.799999237060547,25.854516983032227,7700
2009-12-09,28.1299991607666,28.770000457763672,28.1299991607666,28.649999618530273,25.719860076904297,2600
2009-12-10,28.860000610351562,29.329999923706055,28.65999984741211,28.65999984741211,25.728836059570312,700
2009-12-11,28.170000076293945,28.790000915527344,28.170000076293945,28.729999542236328,25.791675567626953,4500
2009-12-14,29.299999237060547,29.299999237060547,28.729999542236328,28.90999984741211,25.95326805114746,5800
2009-12-15,28.920000076293945,28.920000076293945,28.190000534057617,28.190000534057617,25.30690574645996,14400
2009-12-16,28.540000915527344,28.700000762939453,28.280000686645508,28.649999618530273,25.719860076904297,6800
2009-12-17,28.940000534057617,28.940000534057617,28.209999084472656,28.280000686645508,25.38770294189453,1600
2009-12-18,28.65999984741211,28.65999984741211,28.0,28.020000457763672,25.1542911529541,28400
2009-12-21,29.040000915527344,29.040000915527344,28.510000228881836,28.709999084472656,25.773719787597656,7100
2009-12-22,28.139999389648438,28.309999465942383,28.020000457763672,28.030000686645508,25.16326904296875,6200
2009-12-23,28.270000457763672,28.360000610351562,28.06999969482422,28.149999618530273,25.27099609375,2500
2009-12-24,28.280000686645508,28.280000686645508,28.280000686645508,28.280000686645508,25.38770294189453,400
2009-12-28,28.3799991607666,29.0,28.280000686645508,28.639999389648438,25.71088409423828,5400
2009-12-29,28.299999237060547,29.440000534057617,28.299999237060547,29.190000534057617,26.204631805419922,8300
2009-12-30,29.40999984741211,30.239999771118164,29.09000015258789,29.6299991607666,26.599626541137695,101400
2009-12-31,29.389999389648438,29.899999618530273,28.920000076293945,29.1299991607666,26.15076446533203,63600
2010-01-04,29.350000381469727,29.350000381469727,28.56999969482422,29.079999923706055,26.105880737304688,9700
2010-01-05,28.959999084472656,29.43000030517578,28.530000686645508,28.530000686645508,25.61212921142578,6100
2010-01-06,28.670000076293945,29.170000076293945,27.950000762939453,27.950000762939453,25.09145164489746,4000
2010-01-07,28.010000228881836,28.049999237060547,27.8799991607666,28.049999237060547,25.181224822998047,6700
2010-01-08,28.5,28.5,28.1200008392334,28.360000610351562,25.45952033996582,1000
2010-01-11,28.68000030517578,28.799999237060547,28.440000534057617,28.600000381469727,25.674972534179688,4000
2010-01-12,28.65999984741211,28.65999984741211,27.860000610351562,27.899999618530273,25.046566009521484,4600
2010-01-13,27.940000534057617,29.290000915527344,27.690000534057617,28.5,25.5851993560791,20700
2010-01-14,28.709999084472656,29.170000076293945,28.100000381469727,28.110000610351562,25.235088348388672,6200
2010-01-15,28.260000228881836,28.5,27.8700008392334,27.8700008392334,25.019634246826172,8500
2010-01-19,27.75,28.280000686645508,27.6200008392334,28.200000762939453,25.315881729125977,8600
2010-01-20,28.479999542236328,28.479999542236328,27.549999237060547,27.549999237060547,24.73235511779785,5300
2010-01-21,27.549999237060547,27.559999465942383,27.510000228881836,27.510000228881836,24.69645118713379,9500
2010-01-22,27.600000381469727,27.690000534057617,27.530000686645508,27.6299991607666,24.80417823791504,4900
2010-01-25,27.59000015258789,27.719999313354492,27.559999465942383,27.559999465942383,24.741334915161133,2000
2010-01-26,27.479999542236328,27.93000030517578,27.440000534057617,27.440000534057617,24.63360595703125,2100
2010-01-27,27.3700008392334,28.34000015258789,27.3700008392334,27.549999237060547,24.73235511779785,7400
2010-01-28,27.68000030517578,27.68000030517578,27.530000686645508,27.530000686645508,24.714405059814453,4000
2010-01-29,27.549999237060547,27.6299991607666,27.549999237060547,27.6299991607666,24.80417823791504,1200
2010-02-01,28.18000030517578,28.190000534057617,27.5,27.690000534057617,24.858041763305664,5300
2010-02-02,28.1200008392334,28.170000076293945,27.399999618530273,27.399999618530273,24.597700119018555,4100
2010-02-03,27.40999984741211,27.420000076293945,26.329999923706055,26.399999618530273,23.699970245361328,11500
2010-02-04,26.43000030517578,26.5,25.399999618530273,25.399999618530273,22.802248001098633,9900
2010-02-05,25.450000762939453,26.139999389648438,25.399999618530273,25.700000762939453,23.07156753540039,4700
2010-02-08,25.700000762939453,25.700000762939453,25.549999237060547,25.6299991607666,23.00872802734375,1400
2010-02-09,25.770000457763672,25.920000076293945,25.770000457763672,25.920000076293945,23.269067764282227,1000
2010-02-10,25.559999465942383,26.290000915527344,25.549999237060547,25.719999313354492,23.089521408081055,3900
2010-02-11,25.549999237060547,26.3799991607666,25.549999237060547,26.360000610351562,23.664066314697266,2300
2010-02-12,26.549999237060547,26.649999618530273,26.219999313354492,26.229999542236328,23.5473575592041,1400
2010-02-16,26.5,27.229999542236328,26.5,27.229999542236328,24.44508934020996,4600
2010-02-17,27.850000381469727,27.850000381469727,26.530000686645508,27.270000457763672,24.48099708557129,7700
2010-02-18,27.18000030517578,28.110000610351562,27.18000030517578,27.729999542236328,24.985576629638672,1400
2010-02-19,27.790000915527344,29.479999542236328,27.309999465942383,28.200000762939453,25.409059524536133,15700
2010-02-22,28.15999984741211,29.079999923706055,28.020000457763672,29.079999923706055,26.201963424682617,8200
2010-02-23,28.239999771118164,29.299999237060547,28.239999771118164,28.780000686645508,25.931659698486328,3400
2010-02-24,28.579999923706055,29.559999465942383,28.579999923706055,29.139999389648438,26.256025314331055,4000
2010-02-25,28.729999542236328,29.389999389648438,28.729999542236328,29.15999984741211,26.274049758911133,1000
2010-02-26,28.8799991607666,28.8799991607666,28.510000228881836,28.719999313354492,25.877593994140625,1000
2010-03-01,29.299999237060547,29.299999237060547,28.229999542236328,28.469999313354492,25.6523380279541,6800
2010-03-02,28.489999771118164,28.579999923706055,28.239999771118164,28.420000076293945,25.607282638549805,1500
2010-03-03,28.549999237060547,28.549999237060547,28.260000228881836,28.520000457763672,25.697391510009766,2300
2010-03-04,28.489999771118164,29.280000686645508,28.489999771118164,28.649999618530273,25.81452178955078,5800
2010-03-05,28.790000915527344,29.06999969482422,28.559999465942383,29.06999969482422,26.19295310974121,1600
2010-03-08,29.079999923706055,29.270000457763672,28.889999389648438,29.270000457763672,26.373167037963867,1400
2010-03-09,29.190000534057617,29.459999084472656,29.110000610351562,29.459999084472656,26.544355392456055,2500
2010-03-10,28.729999542236328,29.479999542236328,28.729999542236328,29.309999465942383,26.409202575683594,800
2010-03-11,29.719999313354492,29.729999542236328,28.950000762939453,29.6299991607666,26.69753074645996,600
2010-03-12,29.06999969482422,29.06999969482422,29.06999969482422,29.06999969482422,26.19295310974121,300
2010-03-15,29.15999984741211,29.600000381469727,29.139999389648438,29.299999237060547,26.400192260742188,600
2010-03-16,29.31999969482422,29.610000610351562,29.31999969482422,29.610000610351562,26.67951774597168,500
2010-03-17,29.559999465942383,29.860000610351562,29.559999465942383,29.860000610351562,26.904767990112305,400
2010-03-18,29.260000228881836,29.59000015258789,28.84000015258789,29.540000915527344,26.61644172668457,6100
2010-03-19,29.5,29.5,28.75,28.75,25.90462875366211,5400
2010-03-22,28.84000015258789,28.84000015258789,27.65999984741211,28.0,25.228853225708008,2500
2010-03-23,27.950000762939453,28.469999313354492,27.56999969482422,28.420000076293945,25.607282638549805,5800
2010-03-24,28.450000762939453,28.8700008392334,28.100000381469727,28.100000381469727,25.31895637512207,3500
2010-03-25,28.950000762939453,29.559999465942383,28.84000015258789,29.25,26.355138778686523,3200
2010-03-26,29.280000686645508,29.280000686645508,29.280000686645508,29.280000686645508,26.382169723510742,100
2010-03-29,29.440000534057617,30.0,28.020000457763672,28.8700008392334,26.01275062561035,22700
2010-03-30,28.020000457763672,29.18000030517578,28.020000457763672,29.110000610351562,26.228994369506836,13300
2010-03-31,29.049999237060547,29.440000534057617,28.799999237060547,29.049999237060547,26.17493438720703,3100
2010-04-01,29.049999237060547,29.329999923706055,28.799999237060547,28.799999237060547,25.949676513671875,1200
2010-04-05,29.209999084472656,29.3799991607666,28.649999618530273,28.969999313354492,26.10285186767578,3400
2010-04-06,29.309999465942383,29.309999465942383,28.860000610351562,28.860000610351562,26.003738403320312,700
2010-04-07,29.739999771118164,29.940000534057617,28.920000076293945,29.0,26.129880905151367,2000
2010-04-08,29.010000228881836,29.209999084472656,29.010000228881836,29.209999084472656,26.3190975189209,200
2010-04-09,29.40999984741211,29.40999984741211,29.40999984741211,29.40999984741211,26.49930191040039,200
2010-04-12,28.940000534057617,28.940000534057617,28.760000228881836,28.799999237060547,25.949676513671875,2800
2010-04-13,28.790000915527344,29.25,28.790000915527344,28.950000762939453,26.08483123779297,1100
2010-04-14,29.030000686645508,31.170000076293945,28.579999923706055,30.520000457763672,27.499448776245117,19200
2010-04-15,30.280000686645508,30.389999389648438,29.3700008392334,29.850000381469727,26.895761489868164,11300
2010-04-16,29.690000534057617,29.81999969482422,29.059999465942383,29.219999313354492,26.328109741210938,8100
2010-04-19,29.040000915527344,31.110000610351562,28.81999969482422,30.770000457763672,27.72470474243164,31900
2010-04-20,30.920000076293945,31.25,30.639999389648438,30.959999084472656,27.895906448364258,13700
2010-04-21,30.190000534057617,30.3799991607666,29.860000610351562,30.040000915527344,27.066953659057617,22600
2010-04-22,29.700000762939453,30.18000030517578,29.65999984741211,30.18000030517578,27.193099975585938,2000
2010-04-23,30.200000762939453,31.030000686645508,30.200000762939453,31.030000686645508,27.95897674560547,2900
2010-04-26,30.780000686645508,31.309999465942383,30.399999618530273,30.549999237060547,27.52648162841797,8000
2010-04-27,30.350000381469727,30.600000381469727,29.540000915527344,29.780000686645508,26.832693099975586,2400
2010-04-28,30.079999923706055,30.200000762939453,29.860000610351562,29.979999542236328,27.01289176940918,1200
2010-04-29,29.719999313354492,29.989999771118164,29.360000610351562,29.809999465942383,26.859718322753906,5300
2010-04-30,29.989999771118164,30.239999771118164,28.709999084472656,29.25,26.355138778686523,10400
2010-05-03,29.209999084472656,30.950000762939453,28.84000015258789,29.719999313354492,26.778627395629883,31700
2010-05-04,29.25,30.040000915527344,28.8700008392334,29.299999237060547,26.400192260742188,11600
2010-05-05,29.100000381469727,30.469999313354492,28.809999465942383,30.06999969482422,27.093984603881836,25000
2010-05-06,30.399999618530273,30.670000076293945,29.1200008392334,30.1200008392334,27.139036178588867,18300
2010-05-07,30.100000381469727,30.540000915527344,29.450000762939453,29.6299991607666,26.69753074645996,19000
2010-05-10,30.229999542236328,31.360000610351562,29.510000228881836,30.100000381469727,27.121015548706055,36700
2010-05-11,30.100000381469727,30.8799991607666,28.8799991607666,29.25,26.355138778686523,39700
2010-05-12,30.93000030517578,30.93000030517578,29.530000686645508,30.219999313354492,27.229141235351562,4200
2010-05-13,30.170000076293945,30.25,29.829999923706055,30.1200008392334,27.139036178588867,6400
2010-05-14,30.530000686645508,30.84000015258789,29.979999542236328,30.049999237060547,27.075965881347656,3200
2010-05-17,29.270000457763672,30.15999984741211,29.270000457763672,30.020000457763672,27.048934936523438,2600
2010-05-18,30.399999618530273,30.559999465942383,30.09000015258789,30.149999618530273,27.16606903076172,2600
2010-05-19,30.440000534057617,30.440000534057617,30.1299991607666,30.190000534057617,27.202110290527344,2600
2010-05-20,29.770000457763672,29.8700008392334,29.020000457763672,29.020000457763672,26.147905349731445,5000
2010-05-21,28.829999923706055,28.8799991607666,28.540000915527344,28.59000015258789,25.76045799255371,6300
2010-05-24,28.6200008392334,29.110000610351562,28.06999969482422,28.110000610351562,25.32796859741211,5000
2010-05-25,27.809999465942383,28.950000762939453,27.799999237060547,27.799999237060547,25.138072967529297,10000
2010-05-26,28.030000686645508,28.059999465942383,27.06999969482422,27.06999969482422,24.477975845336914,5600
2010-05-27,27.850000381469727,28.219999313354492,27.260000228881836,27.729999542236328,25.074777603149414,4000
2010-05-28,27.280000686645508,27.68000030517578,27.200000762939453,27.200000762939453,24.59552574157715,6200
2010-06-01,27.1299991607666,27.1299991607666,26.219999313354492,26.360000610351562,23.835956573486328,5500
2010-06-02,26.3700008392334,27.0,26.3700008392334,27.0,24.414674758911133,2000
2010-06-03,26.989999771118164,27.0,26.729999542236328,26.729999542236328,24.170530319213867,1700
2010-06-04,26.729999542236328,26.889999389648438,26.049999237060547,26.049999237060547,23.55564308166504,5400
2010-06-07,26.110000610351562,26.1200008392334,25.5,25.700000762939453,23.23915672302246,6200
2010-06-08,25.65999984741211,25.8700008392334,25.290000915527344,25.290000915527344,22.8684139251709,7300
2010-06-09,25.290000915527344,25.75,25.239999771118164,25.600000381469727,23.14872932434082,3100
2010-06-10,25.68000030517578,25.989999771118164,25.200000762939453,25.540000915527344,23.09447479248047,9700
2010-06-11,25.3799991607666,26.0,25.3799991607666,26.0,23.51042938232422,2400
2010-06-14,26.239999771118164,26.65999984741211,26.040000915527344,26.170000076293945,23.664152145385742,5300
2010-06-15,26.350000381469727,26.790000915527344,26.059999465942383,26.639999389648438,24.08914566040039,4700
2010-06-16,26.309999465942383,26.479999542236328,26.040000915527344,26.040000915527344,23.546600341796875,1800
2010-06-17,26.59000015258789,26.719999313354492,26.389999389648438,26.530000686645508,23.989681243896484,3400
2010-06-18,26.719999313354492,27.049999237060547,26.040000915527344,26.15999984741211,23.655109405517578,17400
2010-06-21,26.1299991607666,26.709999084472656,26.049999237060547,26.5,23.962554931640625,7700
2010-06-22,26.579999923706055,26.799999237060547,26.040000915527344,26.079999923706055,23.5827693939209,8100
2010-06-23,26.18000030517578,26.200000762939453,26.0,26.0,23.51042938232422,7900
2010-06-24,26.030000686645508,26.030000686645508,25.5,25.5,23.058303833007812,7700
2010-06-25,25.81999969482422,26.110000610351562,25.5,25.6200008392334,23.166818618774414,85800
2010-06-28,25.15999984741211,26.170000076293945,24.969999313354492,25.649999618530273,23.193939208984375,4900
2010-06-29,25.389999389648438,25.510000228881836,25.100000381469727,25.170000076293945,22.759904861450195,15800
2010-06-30,25.15999984741211,25.5,24.299999237060547,25.399999618530273,22.967878341674805,10300
2010-07-01,25.290000915527344,25.799999237060547,25.290000915527344,25.420000076293945,22.985963821411133,2600
2010-07-02,26.229999542236328,26.229999542236328,25.260000228881836,25.360000610351562,22.93170928955078,2400
2010-07-06,25.729999542236328,25.729999542236328,25.440000534057617,25.440000534057617,23.00404930114746,2100
2010-07-07,25.65999984741211,25.739999771118164,25.479999542236328,25.739999771118164,23.275325775146484,2900
2010-07-08,25.850000381469727,25.90999984741211,25.729999542236328,25.90999984741211,23.429048538208008,2900
2010-07-09,25.90999984741211,25.90999984741211,25.90999984741211,25.90999984741211,23.429048538208008,0
2010-07-12,26.59000015258789,26.8700008392334,25.889999389648438,26.65999984741211,24.107229232788086,7800
2010-07-13,26.350000381469727,27.110000610351562,26.350000381469727,27.110000610351562,24.514142990112305,5700
2010-07-14,27.040000915527344,27.149999618530273,26.729999542236328,26.93000030517578,24.351377487182617,2000
2010-07-15,26.93000030517578,27.309999465942383,26.90999984741211,27.040000915527344,24.45084571838379,4400
2010-07-16,26.799999237060547,27.030000686645508,26.31999969482422,26.440000534057617,23.90829849243164,7700
2010-07-19,26.75,27.010000228881836,26.290000915527344,27.010000228881836,24.423715591430664,4500
2010-07-20,26.809999465942383,27.420000076293945,26.809999465942383,27.25,24.640737533569336,1700
2010-07-21,26.799999237060547,27.059999465942383,26.68000030517578,26.68000030517578,24.125314712524414,3100
2010-07-22,26.899999618530273,27.389999389648438,26.899999618530273,27.389999389648438,24.767332077026367,1700
2010-07-23,27.440000534057617,28.559999465942383,27.420000076293945,28.559999465942383,25.82530403137207,4600
2010-07-26,28.65999984741211,29.90999984741211,28.360000610351562,29.790000915527344,26.937528610229492,3000
2010-07-27,29.600000381469727,30.670000076293945,29.600000381469727,30.489999771118164,27.570499420166016,4300
2010-07-28,29.989999771118164,30.6200008392334,29.860000610351562,30.43000030517578,27.51624298095703,3100
2010-07-29,30.760000228881836,30.760000228881836,29.6200008392334,30.610000610351562,27.67901039123535,4400
2010-07-30,30.700000762939453,30.700000762939453,29.670000076293945,30.149999618530273,27.263057708740234,700
2010-08-02,30.389999389648438,30.389999389648438,29.030000686645508,29.719999313354492,26.874229431152344,17400
2010-08-03,29.420000076293945,29.420000076293945,29.010000228881836,29.170000076293945,26.376893997192383,4300
2010-08-04,30.139999389648438,30.139999389648438,28.479999542236328,29.020000457763672,26.24125862121582,4000
2010-08-05,28.25,28.780000686645508,27.579999923706055,27.6299991607666,24.98434829711914,16800
2010-08-06,27.479999542236328,28.81999969482422,27.200000762939453,27.6200008392334,24.975309371948242,15100
2010-08-09,27.739999771118164,28.15999984741211,27.299999237060547,28.15999984741211,25.46360206604004,10200
2010-08-10,27.799999237060547,27.84000015258789,26.200000762939453,27.530000686645508,24.8939266204834,12200
2010-08-11,26.59000015258789,26.600000381469727,26.190000534057617,26.190000534057617,23.68223762512207,1700
2010-08-12,26.15999984741211,26.15999984741211,25.709999084472656,25.75,23.284366607666016,2000
2010-08-13,25.700000762939453,25.700000762939453,25.5,25.5,23.058303833007812,1300
2010-08-16,25.549999237060547,26.200000762939453,25.25,25.489999771118164,23.04926300048828,9200
2010-08-17,26.030000686645508,26.389999389648438,26.030000686645508,26.389999389648438,23.86308479309082,3400
2010-08-18,26.239999771118164,26.5,26.239999771118164,26.3799991607666,23.854042053222656,5100
2010-08-19,26.010000228881836,26.100000381469727,25.950000762939453,26.100000381469727,23.60085105895996,1400
2010-08-20,25.90999984741211,26.15999984741211,25.600000381469727,25.600000381469727,23.14872932434082,4200
2010-08-23,25.639999389648438,26.09000015258789,25.450000762939453,25.510000228881836,23.06734848022461,2900
2010-08-24,25.510000228881836,25.510000228881836,25.450000762939453,25.450000762939453,23.10365867614746,2800
2010-08-25,25.31999969482422,26.0,25.309999465942383,26.0,23.602951049804688,1400
2010-08-26,25.559999465942383,25.559999465942383,25.559999465942383,25.559999465942383,23.20351791381836,300
2010-08-27,25.420000076293945,26.18000030517578,25.420000076293945,26.110000610351562,23.702810287475586,5900
2010-08-30,25.270000457763672,25.549999237060547,25.1200008392334,25.1200008392334,22.8040828704834,7600
2010-08-31,25.1299991607666,25.190000534057617,25.0,25.18000030517578,22.858551025390625,7200
2010-09-01,25.18000030517578,25.469999313354492,25.18000030517578,25.34000015258789,23.003803253173828,3800
2010-09-02,25.549999237060547,26.219999313354492,25.549999237060547,26.219999313354492,23.80266761779785,1100
2010-09-03,26.020000457763672,26.420000076293945,26.0,26.420000076293945,23.984233856201172,2000
2010-09-07,25.520000457763672,26.139999389648438,25.510000228881836,25.579999923706055,23.221675872802734,2500
2010-09-08,25.639999389648438,25.639999389648438,25.639999389648438,25.639999389648438,23.276142120361328,400
2010-09-09,25.6299991607666,25.649999618530273,25.200000762939453,25.450000762939453,23.10365867614746,2500
2010-09-10,25.770000457763672,26.549999237060547,25.68000030517578,26.09000015258789,23.684656143188477,2500
2010-09-13,25.610000610351562,26.510000228881836,25.510000228881836,26.510000228881836,24.065937042236328,4800
2010-09-14,26.600000381469727,26.809999465942383,26.0,26.149999618530273,23.739124298095703,2200
2010-09-15,26.059999465942383,26.700000762939453,26.0,26.43000030517578,23.99331283569336,1100
2010-09-16,27.229999542236328,27.229999542236328,26.09000015258789,26.149999618530273,23.739124298095703,1200
2010-09-17,26.59000015258789,26.59000015258789,26.0,26.0,23.602951049804688,5000
2010-09-20,26.1200008392334,26.40999984741211,26.0,26.40999984741211,23.97515296936035,3100
2010-09-21,27.0,27.260000228881836,26.850000381469727,26.8799991607666,24.40182113647461,1400
2010-09-22,26.93000030517578,27.25,26.93000030517578,27.09000015258789,24.59246063232422,800
2010-09-23,26.450000762939453,26.450000762939453,26.450000762939453,26.450000762939453,24.011465072631836,700
2010-09-24,26.010000228881836,27.209999084472656,26.010000228881836,27.209999084472656,24.701396942138672,3300
2010-09-27,26.989999771118164,26.989999771118164,26.829999923706055,26.829999923706055,24.356428146362305,5800
2010-09-28,27.3799991607666,27.3799991607666,27.3799991607666,27.3799991607666,24.855722427368164,900
2010-09-29,27.479999542236328,27.649999618530273,27.3799991607666,27.56999969482422,25.028207778930664,2600
2010-09-30,26.579999923706055,27.030000686645508,26.440000534057617,26.440000534057617,24.00238800048828,12200
2010-10-01,27.010000228881836,27.170000076293945,27.0,27.170000076293945,24.66508674621582,1900
2010-10-04,26.690000534057617,26.690000534057617,26.639999389648438,26.639999389648438,24.18394660949707,2000
2010-10-05,26.940000534057617,28.450000762939453,26.940000534057617,28.420000076293945,25.799840927124023,1900
2010-10-06,28.25,28.440000534057617,28.18000030517578,28.299999237060547,25.69090461730957,1900
2010-10-07,27.170000076293945,27.459999084472656,26.899999618530273,26.899999618530273,24.41997718811035,1600
2010-10-08,27.6200008392334,27.979999542236328,27.479999542236328,27.979999542236328,25.400409698486328,800
2010-10-11,27.850000381469727,27.850000381469727,27.850000381469727,27.850000381469727,25.282394409179688,100
2010-10-12,27.8799991607666,27.8799991607666,27.8799991607666,27.8799991607666,25.309627532958984,200
2010-10-13,28.799999237060547,28.799999237060547,28.799999237060547,28.799999237060547,26.144807815551758,1100
2010-10-14,28.790000915527344,28.920000076293945,28.049999237060547,28.049999237060547,25.463958740234375,4700
2010-10-15,28.420000076293945,28.420000076293945,26.969999313354492,26.989999771118164,24.501680374145508,8400
2010-10-18,26.670000076293945,27.65999984741211,26.5,27.65999984741211,25.109909057617188,9200
2010-10-19,26.90999984741211,27.34000015258789,26.360000610351562,26.65999984741211,24.20210075378418,8500
2010-10-20,26.850000381469727,27.06999969482422,26.350000381469727,27.06999969482422,24.574304580688477,1800
2010-10-21,26.06999969482422,26.670000076293945,25.860000610351562,25.860000610351562,23.47585678100586,5500
2010-10-22,25.860000610351562,25.989999771118164,25.3700008392334,25.559999465942383,23.20351791381836,1900
2010-10-25,25.75,25.75,24.90999984741211,25.360000610351562,23.021955490112305,11200
2010-10-26,25.75,25.75,25.34000015258789,25.530000686645508,23.17628288269043,2500
2010-10-27,25.0,25.200000762939453,24.959999084472656,24.959999084472656,22.658836364746094,800
2010-10-28,25.270000457763672,25.31999969482422,24.600000381469727,24.700000762939453,22.422805786132812,4300
2010-10-29,24.610000610351562,25.290000915527344,24.440000534057617,24.600000381469727,22.33202362060547,16300
2010-11-01,24.540000915527344,24.75,24.520000457763672,24.520000457763672,22.259401321411133,4100
2010-11-02,24.899999618530273,25.399999618530273,24.8799991607666,24.979999542236328,22.676986694335938,6200
2010-11-03,25.5,25.639999389648438,25.0,25.520000457763672,23.167205810546875,4300
2010-11-04,25.510000228881836,25.510000228881836,25.0,25.459999084472656,23.11273765563965,2900
2010-11-05,25.920000076293945,27.969999313354492,25.739999771118164,27.719999313354492,25.164377212524414,16200
2010-11-08,27.670000076293945,27.670000076293945,26.959999084472656,27.030000686645508,24.53799057006836,11300
2010-11-09,26.170000076293945,26.229999542236328,26.049999237060547,26.059999465942383,23.657421112060547,6000
2010-11-10,26.510000228881836,26.530000686645508,26.18000030517578,26.530000686645508,24.084089279174805,1500
2010-11-11,26.450000762939453,26.450000762939453,26.270000457763672,26.270000457763672,23.848060607910156,500
2010-11-12,26.170000076293945,26.559999465942383,26.049999237060547,26.049999237060547,23.648344039916992,9100
2010-11-15,26.34000015258789,26.34000015258789,26.040000915527344,26.170000076293945,23.757280349731445,1300
2010-11-16,26.299999237060547,27.3700008392334,26.100000381469727,26.299999237060547,23.87529182434082,3300
2010-11-17,26.549999237060547,26.649999618530273,26.350000381469727,26.610000610351562,24.156713485717773,3700
2010-11-18,26.719999313354492,26.719999313354492,26.719999313354492,26.719999313354492,24.256568908691406,800
2010-11-19,26.81999969482422,27.040000915527344,26.799999237060547,26.979999542236328,24.492599487304688,2000
2010-11-22,26.969999313354492,27.790000915527344,26.670000076293945,27.399999618530273,24.87388038635254,15400
2010-11-23,27.040000915527344,27.5,26.329999923706055,26.760000228881836,24.29288673400879,3800
2010-11-24,27.209999084472656,27.290000915527344,27.209999084472656,27.290000915527344,24.774023056030273,800
2010-11-26,28.459999084472656,28.459999084472656,28.459999084472656,28.459999084472656,25.931175231933594,100
2010-11-29,28.239999771118164,28.899999618530273,27.760000228881836,28.6200008392334,26.076963424682617,3600
2010-11-30,28.360000610351562,29.229999542236328,28.360000610351562,29.139999389648438,26.550756454467773,4100
2010-12-01,29.399999618530273,30.579999923706055,29.399999618530273,30.579999923706055,27.862804412841797,5100
2010-12-02,30.389999389648438,30.610000610351562,29.3799991607666,29.889999389648438,27.234113693237305,23400
2010-12-03,29.65999984741211,30.0,28.889999389648438,29.899999618530273,27.24322509765625,7200
2010-12-06,29.600000381469727,29.8700008392334,29.3799991607666,29.829999923706055,27.179447174072266,900
2010-12-07,29.969999313354492,30.1200008392334,29.700000762939453,30.059999465942383,27.38900375366211,4500
2010-12-08,29.559999465942383,29.8799991607666,29.559999465942383,29.709999084472656,27.070106506347656,900
2010-12-09,30.059999465942383,30.059999465942383,29.5,29.770000457763672,27.124778747558594,2500
2010-12-10,29.850000381469727,30.600000381469727,29.850000381469727,30.600000381469727,27.881025314331055,3500
2010-12-13,30.3799991607666,30.399999618530273,29.6299991607666,29.809999465942383,27.161222457885742,1700
2010-12-14,28.739999771118164,30.100000381469727,28.739999771118164,29.809999465942383,27.161222457885742,6500
2010-12-15,29.100000381469727,29.559999465942383,29.020000457763672,29.399999618530273,26.78765296936035,4000
2010-12-16,29.889999389648438,30.200000762939453,29.850000381469727,30.1299991607666,27.452787399291992,2600
2010-12-17,30.049999237060547,30.559999465942383,29.700000762939453,30.559999465942383,27.844579696655273,7000
2010-12-20,30.809999465942383,30.809999465942383,30.190000534057617,30.190000534057617,27.507461547851562,3300
2010-12-21,30.040000915527344,30.809999465942383,30.0,30.809999465942383,28.072362899780273,4700
2010-12-22,30.670000076293945,32.040000915527344,30.350000381469727,31.610000610351562,28.80128288269043,30300
2010-12-23,31.600000381469727,31.790000915527344,30.889999389648438,31.450000762939453,28.655500411987305,6000
2010-12-27,31.899999618530273,32.029998779296875,31.899999618530273,32.029998779296875,29.183963775634766,400
2010-12-28,31.559999465942383,32.560001373291016,31.549999237060547,32.20000076293945,29.338855743408203,4100
2010-12-29,32.09000015258789,32.650001525878906,32.09000015258789,32.650001525878906,29.748876571655273,2400
2010-12-30,32.09000015258789,32.720001220703125,32.09000015258789,32.150001525878906,29.29330062866211,2700
2010-12-31,32.5,32.5,31.889999389648438,32.380001068115234,29.502864837646484,1400
2011-01-03,32.380001068115234,32.9900016784668,31.739999771118164,32.68000030517578,29.776208877563477,9600
2011-01-04,32.29999923706055,32.619998931884766,32.25,32.2599983215332,29.393524169921875,1700
2011-01-05,32.70000076293945,32.70000076293945,32.70000076293945,32.70000076293945,29.794431686401367,700
2011-01-06,32.70000076293945,32.70000076293945,32.02000045776367,32.439998626708984,29.55752944946289,900
2011-01-07,32.36000061035156,32.36000061035156,31.739999771118164,31.850000381469727,29.019954681396484,2000
2011-01-10,31.809999465942383,31.899999618530273,31.350000381469727,31.690000534057617,28.87417221069336,4600
2011-01-11,31.670000076293945,31.790000915527344,31.31999969482422,31.719999313354492,28.90151023864746,3200
2011-01-12,31.8700008392334,32.20000076293945,31.65999984741211,32.040000915527344,29.19307518005371,2300
2011-01-13,31.75,31.780000686645508,31.229999542236328,31.229999542236328,28.455045700073242,1200
2011-01-14,31.3799991607666,31.920000076293945,31.3799991607666,31.700000762939453,28.883285522460938,2800
2011-01-18,31.489999771118164,32.04999923706055,30.170000076293945,30.350000381469727,27.653242111206055,5000
2011-01-19,30.399999618530273,30.469999313354492,29.420000076293945,29.420000076293945,26.805875778198242,5800
2011-01-20,29.260000228881836,29.260000228881836,28.770000457763672,28.770000457763672,26.213634490966797,1000
2011-01-21,28.90999984741211,29.139999389648438,27.799999237060547,28.030000686645508,25.539384841918945,6700
2011-01-24,28.239999771118164,28.579999923706055,28.1200008392334,28.260000228881836,25.748950958251953,6100
2011-01-25,28.3700008392334,28.450000762939453,28.270000457763672,28.350000381469727,25.830951690673828,3500
2011-01-26,28.75,28.899999618530273,28.18000030517578,28.899999618530273,26.332082748413086,1600
2011-01-27,28.979999542236328,29.469999313354492,28.200000762939453,29.469999313354492,26.85143280029297,7100
2011-01-28,29.65999984741211,29.65999984741211,28.8799991607666,28.8799991607666,26.313858032226562,7500
2011-01-31,28.899999618530273,29.780000686645508,28.8799991607666,29.31999969482422,26.71476173400879,3800
2011-02-01,29.469999313354492,30.219999313354492,29.309999465942383,30.219999313354492,27.534788131713867,9900
2011-02-02,30.5,30.899999618530273,29.739999771118164,30.100000381469727,27.42545509338379,6900
2011-02-03,29.739999771118164,31.170000076293945,29.56999969482422,31.100000381469727,28.336599349975586,9500
2011-02-04,31.010000228881836,31.25,31.0,31.239999771118164,28.46415901184082,1400
2011-02-07,31.139999389648438,31.469999313354492,31.139999389648438,31.469999313354492,28.673723220825195,400
2011-02-08,31.469999313354492,31.469999313354492,31.469999313354492,31.469999313354492,28.673723220825195,100
2011-02-09,31.139999389648438,31.760000228881836,31.139999389648438,31.139999389648438,28.373044967651367,600
2011-02-10,31.209999084472656,31.899999618530273,31.209999084472656,31.899999618530273,29.065513610839844,1100
2011-02-11,31.889999389648438,32.5099983215332,31.889999389648438,32.5099983215332,29.621313095092773,800
2011-02-14,32.88999938964844,32.9900016784668,32.349998474121094,32.7599983215332,29.84909439086914,4300
2011-02-15,32.7599983215332,32.7599983215332,32.29999923706055,32.31999969482422,29.44819450378418,1900
2011-02-16,32.5,32.66999816894531,32.02000045776367,32.66999816894531,29.767093658447266,1100
2011-02-17,32.33000183105469,32.93000030517578,32.33000183105469,32.93000030517578,30.096118927001953,1000
2011-02-18,32.97999954223633,32.97999954223633,32.63999938964844,32.720001220703125,29.90418815612793,2600
2011-02-22,32.41999816894531,33.0,32.209999084472656,32.459999084472656,29.666561126708984,4200
2011-02-23,32.5,32.79999923706055,32.099998474121094,32.099998474121094,29.337541580200195,1400
2011-02-24,32.369998931884766,32.900001525878906,32.369998931884766,32.900001525878906,30.068700790405273,3400
2011-02-25,32.939998626708984,33.04999923706055,32.27000045776367,33.04999923706055,30.20578384399414,2100
2011-02-28,33.119998931884766,33.20000076293945,32.56999969482422,32.9900016784668,30.15095329284668,4800
2011-03-01,32.7400016784668,32.779998779296875,32.08000183105469,32.130001068115234,29.36496353149414,1900
2011-03-02,32.119998931884766,32.34000015258789,31.719999313354492,32.310001373291016,29.52947425842285,4800
2011-03-03,32.369998931884766,32.97999954223633,32.25,32.97999954223633,30.141813278198242,3200
2011-03-04,33.08000183105469,33.08000183105469,32.09000015258789,32.09000015258789,29.328407287597656,2000
2011-03-07,32.0099983215332,32.400001525878906,31.15999984741211,31.15999984741211,28.47844123840332,2600
2011-03-08,31.260000228881836,32.029998779296875,31.25,31.709999084472656,28.981103897094727,2700
2011-03-09,31.600000381469727,31.899999618530273,31.600000381469727,31.860000610351562,29.11819839477539,1800
2011-03-10,31.3799991607666,31.809999465942383,31.239999771118164,31.239999771118164,28.551557540893555,1300
2011-03-11,31.399999618530273,31.399999618530273,31.020000457763672,31.15999984741211,28.47844123840332,2500
2011-03-14,31.059999465942383,31.059999465942383,30.43000030517578,30.670000076293945,28.03060531616211,2500
2011-03-15,29.860000610351562,30.43000030517578,29.860000610351562,30.190000534057617,27.591917037963867,2700
2011-03-16,30.1200008392334,30.6299991607666,29.489999771118164,30.110000610351562,27.518800735473633,6300
2011-03-17,30.43000030517578,30.8799991607666,29.969999313354492,30.5,27.87523651123047,7000
2011-03-18,30.65999984741211,30.65999984741211,30.25,30.5,27.87523651123047,5200
2011-03-21,30.5,30.5,30.0,30.190000534057617,27.591917037963867,2700
2011-03-22,30.110000610351562,30.290000915527344,30.100000381469727,30.100000381469727,27.509658813476562,1400
2011-03-23,30.15999984741211,30.15999984741211,30.15999984741211,30.15999984741211,27.564496994018555,200
2011-03-24,30.170000076293945,30.450000762939453,30.170000076293945,30.389999389648438,27.774700164794922,2100
2011-03-25,30.18000030517578,30.520000457763672,30.18000030517578,30.520000457763672,27.893516540527344,1200
2011-03-28,30.149999618530273,30.950000762939453,30.149999618530273,30.760000228881836,28.112857818603516,8400
2011-03-29,30.8799991607666,31.549999237060547,30.8799991607666,31.549999237060547,28.834875106811523,900
2011-03-30,31.690000534057617,32.11000061035156,31.649999618530273,32.11000061035156,29.346683502197266,1200
2011-03-31,32.209999084472656,32.47999954223633,32.04999923706055,32.18000030517578,29.41065788269043,4800
2011-04-01,32.630001068115234,32.75,32.5,32.75,29.931608200073242,1600
2011-04-04,32.70000076293945,33.150001525878906,32.599998474121094,33.150001525878906,30.29718589782715,3100
2011-04-05,33.150001525878906,33.150001525878906,33.150001525878906,33.150001525878906,30.29718589782715,200
2011-04-06,32.90999984741211,33.25,32.88999938964844,33.060001373291016,30.214929580688477,2200
2011-04-07,32.290000915527344,32.61000061035156,31.309999465942383,31.790000915527344,29.05422019958496,1900
2011-04-08,31.549999237060547,31.549999237060547,31.479999542236328,31.479999542236328,28.770898818969727,500
2011-04-11,31.59000015258789,32.970001220703125,31.56999969482422,31.729999542236328,28.99938201904297,6000
2011-04-12,31.940000534057617,31.940000534057617,31.360000610351562,31.360000610351562,28.661224365234375,1700
2011-04-13,31.43000030517578,32.13999938964844,31.43000030517578,31.540000915527344,28.82573890686035,7500
2011-04-14,31.520000457763672,31.950000762939453,30.75,30.75,28.103723526000977,4500
2011-04-15,30.8799991607666,30.8799991607666,30.559999465942383,30.700000762939453,28.058029174804688,3000
2011-04-18,30.229999542236328,30.229999542236328,29.149999618530273,29.809999465942383,27.244613647460938,1100
2011-04-19,28.479999542236328,29.309999465942383,27.1299991607666,29.059999465942383,26.559162139892578,4900
2011-04-20,30.790000915527344,30.959999084472656,29.559999465942383,30.709999084472656,28.067163467407227,9200
2011-04-21,30.0,30.40999984741211,29.40999984741211,30.270000457763672,27.66503143310547,2500
2011-04-25,30.270000457763672,30.450000762939453,30.190000534057617,30.389999389648438,27.774700164794922,900
2011-04-26,29.309999465942383,30.18000030517578,29.309999465942383,30.18000030517578,27.582775115966797,1100
2011-04-27,29.899999618530273,29.899999618530273,29.799999237060547,29.799999237060547,27.235475540161133,400
2011-04-28,29.010000228881836,29.010000228881836,27.84000015258789,28.149999618530273,25.727468490600586,4300
2011-04-29,28.0,28.0,25.510000228881836,26.780000686645508,24.475372314453125,18000
2011-05-02,26.84000015258789,27.760000228881836,26.68000030517578,26.68000030517578,24.38397979736328,1200
2011-05-03,26.690000534057617,26.799999237060547,26.5,26.5,24.21946907043457,1300
2011-05-04,26.5,26.68000030517578,26.239999771118164,26.239999771118164,23.981842041015625,4400
2011-05-05,26.149999618530273,26.149999618530273,26.149999618530273,26.149999618530273,23.899585723876953,800
2011-05-06,26.149999618530273,26.440000534057617,26.149999618530273,26.420000076293945,24.146352767944336,1200
2011-05-09,26.690000534057617,27.540000915527344,26.670000076293945,27.540000915527344,25.169965744018555,2900
2011-05-10,27.25,27.530000686645508,27.200000762939453,27.530000686645508,25.16082763671875,1100
2011-05-11,27.5,27.5,26.93000030517578,26.93000030517578,24.612459182739258,1100
2011-05-12,27.0,27.0,27.0,27.0,24.676441192626953,200
2011-05-13,27.049999237060547,27.049999237060547,26.799999237060547,26.799999237060547,24.493648529052734,800
2011-05-16,26.299999237060547,26.299999237060547,26.100000381469727,26.100000381469727,23.853891372680664,1100
2011-05-17,25.670000076293945,25.670000076293945,25.670000076293945,25.670000076293945,23.460895538330078,300
2011-05-18,25.979999542236328,26.559999465942383,25.979999542236328,26.530000686645508,24.246885299682617,3100
2011-05-19,26.290000915527344,26.290000915527344,26.110000610351562,26.110000610351562,23.86302947998047,2500
2011-05-20,25.899999618530273,26.639999389648438,25.600000381469727,25.600000381469727,23.396923065185547,3800
2011-05-23,25.3799991607666,25.639999389648438,24.93000030517578,24.93000030517578,22.784578323364258,4800
2011-05-24,25.260000228881836,25.31999969482422,24.950000762939453,25.0,22.94057273864746,5600
2011-05-25,25.139999389648438,25.399999618530273,25.139999389648438,25.34000015258789,23.252565383911133,1200
2011-05-26,25.229999542236328,25.229999542236328,24.809999465942383,25.040000915527344,22.977277755737305,1600
2011-05-27,25.010000228881836,25.059999465942383,24.90999984741211,25.059999465942383,22.995630264282227,3100
2011-05-31,25.920000076293945,27.510000228881836,25.299999237060547,27.510000228881836,25.243806838989258,11800
2011-06-01,25.610000610351562,26.8799991607666,25.610000610351562,26.0,23.858196258544922,15000
2011-06-02,26.010000228881836,26.010000228881836,26.010000228881836,26.010000228881836,23.86737632751465,400
2011-06-03,25.68000030517578,26.420000076293945,25.68000030517578,25.799999237060547,23.674667358398438,4900
2011-06-06,25.209999084472656,25.81999969482422,25.209999084472656,25.600000381469727,23.49114990234375,2700
2011-06-07,25.799999237060547,25.950000762939453,25.799999237060547,25.8799991607666,23.74808120727539,1100
2011-06-08,25.68000030517578,26.0,25.68000030517578,25.700000762939453,23.582910537719727,2800
2011-06-09,26.010000228881836,26.010000228881836,25.15999984741211,25.75,23.62879180908203,2400
2011-06-10,25.559999465942383,25.6200008392334,25.5,25.5,23.399385452270508,1300
2011-06-13,25.75,27.459999084472656,25.75,26.90999984741211,24.693233489990234,6400
2011-06-14,27.43000030517578,27.43000030517578,26.950000762939453,27.350000381469727,25.096988677978516,5300
2011-06-15,27.030000686645508,27.440000534057617,26.6299991607666,26.6299991607666,24.436298370361328,4600
2011-06-16,26.56999969482422,26.979999542236328,26.469999313354492,26.690000534057617,24.49135398864746,3100
2011-06-17,26.8799991607666,26.989999771118164,26.049999237060547,26.40999984741211,24.23442268371582,7200
2011-06-20,26.329999923706055,26.579999923706055,26.329999923706055,26.579999923706055,24.390419006347656,1400
2011-06-21,27.200000762939453,27.200000762939453,26.760000228881836,27.18000030517578,24.94099235534668,2700
2011-06-22,26.8799991607666,27.020000457763672,26.850000381469727,26.979999542236328,24.757465362548828,1300
2011-06-23,26.770000457763672,27.360000610351562,26.770000457763672,27.200000762939453,24.9593448638916,1500
2011-06-24,27.780000686645508,29.59000015258789,26.8799991607666,29.219999313354492,26.812944412231445,39400
2011-06-27,29.170000076293945,30.309999465942383,28.520000457763672,30.299999237060547,27.803974151611328,9200
2011-06-28,30.229999542236328,31.959999084472656,30.229999542236328,31.899999618530273,29.272172927856445,4200
2011-06-29,31.920000076293945,32.31999969482422,31.549999237060547,32.20000076293945,29.547456741333008,6300
2011-06-30,31.969999313354492,32.56999969482422,31.969999313354492,32.4900016784668,29.813573837280273,1700
2011-07-01,32.400001525878906,33.25,32.310001373291016,33.09000015258789,30.364145278930664,3700
2011-07-05,30.700000762939453,33.06999969482422,30.700000762939453,32.93000030517578,30.217329025268555,4700
2011-07-06,32.45000076293945,33.25,32.0099983215332,33.099998474121094,30.373319625854492,15800
2011-07-07,33.15999984741211,33.5,32.779998779296875,33.279998779296875,30.538490295410156,5800
2011-07-08,32.79999923706055,33.13999938964844,32.43000030517578,32.45000076293945,29.776865005493164,1500
2011-07-11,31.90999984741211,32.75,30.34000015258789,30.34000015258789,27.840682983398438,8300
2011-07-12,29.920000076293945,29.920000076293945,27.56999969482422,27.700000762939453,25.418155670166016,3800
2011-07-13,27.940000534057617,28.100000381469727,27.700000762939453,28.100000381469727,25.78520393371582,1600
2011-07-14,28.31999969482422,28.31999969482422,27.360000610351562,27.360000610351562,25.10616683959961,3500
2011-07-15,27.8799991607666,28.149999618530273,27.8799991607666,28.100000381469727,25.78520393371582,3600
2011-07-18,27.780000686645508,28.40999984741211,27.770000457763672,27.829999923706055,25.537446975708008,2400
2011-07-19,27.979999542236328,29.18000030517578,27.770000457763672,29.1200008392334,26.721179962158203,4400
2011-07-20,28.510000228881836,28.700000762939453,28.510000228881836,28.510000228881836,26.161428451538086,3400
2011-07-21,29.25,29.25,28.979999542236328,29.0,26.611068725585938,1900
2011-07-22,29.170000076293945,30.010000228881836,28.219999313354492,28.729999542236328,26.363306045532227,7700
2011-07-25,28.440000534057617,29.239999771118164,28.440000534057617,29.049999237060547,26.65694236755371,9500
2011-07-26,29.09000015258789,29.09000015258789,28.850000381469727,28.850000381469727,26.47342300415039,600
2011-07-27,28.5,28.5,27.770000457763672,27.770000457763672,25.482389450073242,4700
2011-07-28,28.15999984741211,28.450000762939453,27.770000457763672,28.450000762939453,26.106374740600586,2100
2011-07-29,27.68000030517578,27.90999984741211,26.649999618530273,27.90999984741211,25.610857009887695,5900
2011-08-01,28.270000457763672,28.479999542236328,27.299999237060547,27.329999923706055,25.078636169433594,8500
2011-08-02,27.290000915527344,28.18000030517578,27.059999465942383,27.059999465942383,24.83087730407715,7900
2011-08-03,27.530000686645508,27.639999389648438,27.049999237060547,27.149999618530273,24.913461685180664,2000
2011-08-04,27.049999237060547,27.229999542236328,26.239999771118164,26.25,24.087600708007812,3700
2011-08-05,27.0,27.56999969482422,26.309999465942383,26.719999313354492,24.51888656616211,2500
2011-08-08,26.700000762939453,27.100000381469727,25.25,25.25,23.169979095458984,10800
2011-08-09,25.84000015258789,28.829999923706055,25.280000686645508,28.829999923706055,26.455066680908203,5800
2011-08-10,28.329999923706055,29.420000076293945,26.690000534057617,27.110000610351562,24.876758575439453,4600
2011-08-11,27.209999084472656,29.920000076293945,27.209999084472656,29.920000076293945,27.455276489257812,4300
2011-08-12,30.190000534057617,30.190000534057617,28.6200008392334,28.6200008392334,26.262371063232422,1800
2011-08-15,29.530000686645508,29.530000686645508,26.280000686645508,27.760000228881836,25.47321319580078,12300
2011-08-16,25.6299991607666,27.889999389648438,25.6299991607666,27.889999389648438,25.592504501342773,1700
2011-08-17,27.809999465942383,28.530000686645508,27.809999465942383,28.25,25.92284393310547,1700
2011-08-18,26.90999984741211,28.299999237060547,26.280000686645508,26.280000686645508,24.115131378173828,6700
2011-08-19,25.780000686645508,26.889999389648438,25.600000381469727,25.649999618530273,23.537029266357422,7600
2011-08-22,26.549999237060547,26.56999969482422,25.239999771118164,25.459999084472656,23.36267852783203,6800
2011-08-23,25.700000762939453,26.68000030517578,25.65999984741211,26.68000030517578,24.578718185424805,5200
2011-08-24,26.979999542236328,26.979999542236328,25.90999984741211,26.290000915527344,24.219432830810547,2400
2011-08-25,26.09000015258789,26.09000015258789,25.399999618530273,25.5,23.491655349731445,2700
2011-08-26,25.600000381469727,26.5,25.549999237060547,26.34000015258789,24.26549530029297,7200
2011-08-29,26.260000228881836,27.040000915527344,25.719999313354492,27.040000915527344,24.91036605834961,3100
2011-08-30,26.639999389648438,26.84000015258789,26.639999389648438,26.84000015258789,24.726118087768555,1100
2011-08-31,27.360000610351562,27.360000610351562,26.549999237060547,26.549999237060547,24.45895767211914,1900
2011-09-01,26.559999465942383,27.489999771118164,25.649999618530273,25.81999969482422,23.786447525024414,4300
2011-09-02,25.549999237060547,26.3799991607666,25.549999237060547,25.93000030517578,23.88779067993164,8300
2011-09-06,25.360000610351562,26.1200008392334,25.049999237060547,25.899999618530273,23.86014747619629,5700
2011-09-07,26.100000381469727,27.1200008392334,25.610000610351562,25.84000015258789,23.804874420166016,10100
2011-09-08,25.84000015258789,26.25,25.299999237060547,25.420000076293945,23.41795539855957,4100
2011-09-09,25.600000381469727,25.760000228881836,24.43000030517578,24.43000030517578,22.50592613220215,9900
2011-09-12,24.079999923706055,24.100000381469727,23.489999771118164,24.0,22.109792709350586,3300
2011-09-13,24.190000534057617,24.3700008392334,24.0,24.3700008392334,22.450653076171875,6300
2011-09-14,24.389999389648438,25.229999542236328,24.389999389648438,25.190000534057617,23.20606803894043,2000
2011-09-15,25.510000228881836,25.809999465942383,25.510000228881836,25.799999237060547,23.768024444580078,1500
2011-09-16,26.020000457763672,26.020000457763672,24.959999084472656,24.959999084472656,22.994184494018555,6500
2011-09-19,24.3700008392334,24.65999984741211,24.3700008392334,24.399999618530273,22.478290557861328,800
2011-09-20,24.299999237060547,24.469999313354492,24.299999237060547,24.31999969482422,22.40458869934082,3200
2011-09-21,24.510000228881836,24.540000915527344,24.200000762939453,24.200000762939453,22.294038772583008,2200
2011-09-22,24.200000762939453,25.25,24.200000762939453,24.5,22.570411682128906,5300
2011-09-23,24.770000457763672,25.6299991607666,24.770000457763672,25.200000762939453,23.21528434753418,5100
2011-09-26,25.25,25.260000228881836,24.260000228881836,24.6200008392334,22.68096160888672,7400
2011-09-27,25.049999237060547,25.049999237060547,24.200000762939453,24.889999389648438,22.92969512939453,3000
2011-09-28,24.670000076293945,25.309999465942383,24.209999084472656,24.209999084472656,22.30324935913086,3400
2011-09-29,24.209999084472656,25.530000686645508,24.209999084472656,25.200000762939453,23.21528434753418,2900
2011-09-30,25.600000381469727,26.270000457763672,25.270000457763672,25.68000030517578,23.65747833251953,2800
2011-10-03,25.360000610351562,25.440000534057617,24.209999084472656,24.209999084472656,22.30324935913086,9300
2011-10-04,24.200000762939453,27.959999084472656,24.200000762939453,25.440000534057617,23.436378479003906,7400
2011-10-05,25.56999969482422,26.469999313354492,25.059999465942383,26.260000228881836,24.191795349121094,2200
2011-10-06,26.09000015258789,26.09000015258789,24.110000610351562,24.5,22.570411682128906,10000
2011-10-07,24.709999084472656,24.709999084472656,24.18000030517578,24.469999313354492,22.542776107788086,2600
2011-10-10,25.1299991607666,27.239999771118164,24.459999084472656,26.0,23.9522762298584,5100
2011-10-11,25.889999389648438,26.299999237060547,25.420000076293945,26.299999237060547,24.22864532470703,2500
2011-10-12,26.6200008392334,26.6200008392334,25.81999969482422,26.0,23.9522762298584,6400
2011-10-13,25.969999313354492,29.149999618530273,25.920000076293945,29.049999237060547,26.762060165405273,10600
2011-10-14,30.989999771118164,30.989999771118164,28.049999237060547,28.25,26.025066375732422,3700
2011-10-17,27.829999923706055,28.25,26.399999618530273,27.709999084472656,25.52759552001953,3800
2011-10-18,27.420000076293945,28.25,26.100000381469727,28.079999923706055,25.868457794189453,6300
2011-10-19,27.809999465942383,27.809999465942383,26.56999969482422,27.1299991607666,24.993274688720703,2500
2011-10-20,27.389999389648438,27.389999389648438,24.559999465942383,24.6200008392334,22.68096160888672,30500
2011-10-21,25.290000915527344,26.100000381469727,24.989999771118164,26.020000457763672,23.970701217651367,7500
2011-10-24,25.889999389648438,27.09000015258789,25.799999237060547,27.09000015258789,24.9564266204834,3500
2011-10-25,26.579999923706055,26.579999923706055,26.579999923706055,26.579999923706055,24.486595153808594,1700
2011-10-26,25.81999969482422,26.719999313354492,25.760000228881836,26.719999313354492,24.61556625366211,3400
2011-10-27,27.0,29.059999465942383,26.690000534057617,28.0,25.794757843017578,30100
2011-10-28,27.989999771118164,28.0,27.5,27.920000076293945,25.721057891845703,3600
2011-10-31,26.030000686645508,27.989999771118164,26.030000686645508,26.81999969482422,24.70769500732422,3900
2011-11-01,26.139999389648438,26.93000030517578,24.600000381469727,26.299999237060547,24.22864532470703,11800
2011-11-02,26.149999618530273,26.399999618530273,25.239999771118164,25.780000686645508,23.749603271484375,6800
2011-11-03,25.959999084472656,27.6299991607666,25.93000030517578,27.6299991607666,25.453895568847656,2500
2011-11-04,26.399999618530273,26.760000228881836,25.149999618530273,25.450000762939453,23.44559097290039,4600
2011-11-07,25.510000228881836,25.510000228881836,24.440000534057617,24.5,22.570411682128906,5400
2011-11-08,24.700000762939453,25.6200008392334,24.700000762939453,25.329999923706055,23.335041046142578,5600
2011-11-09,25.209999084472656,25.34000015258789,24.440000534057617,24.479999542236328,22.551986694335938,7900
2011-11-10,25.079999923706055,25.079999923706055,25.079999923706055,25.079999923706055,23.104732513427734,1000
2011-11-11,25.030000686645508,25.959999084472656,24.75,25.959999084472656,23.915422439575195,4300
2011-11-14,25.84000015258789,25.84000015258789,25.09000015258789,25.700000762939453,23.6759033203125,2600
2011-11-15,25.739999771118164,26.969999313354492,25.739999771118164,26.8799991607666,24.762968063354492,1300
2011-11-16,26.780000686645508,27.93000030517578,26.579999923706055,26.829999923706055,24.716903686523438,2200
2011-11-17,26.829999923706055,27.209999084472656,26.649999618530273,26.649999618530273,24.55108070373535,1800
2011-11-18,26.829999923706055,27.729999542236328,26.829999923706055,27.6200008392334,25.444683074951172,3800
2011-11-21,27.239999771118164,27.690000534057617,26.530000686645508,26.860000610351562,24.744544982910156,10400
2011-11-22,26.90999984741211,27.389999389648438,26.90999984741211,27.389999389648438,25.232799530029297,1300
2011-11-23,27.31999969482422,27.6299991607666,26.709999084472656,26.709999084472656,24.606353759765625,1700
2011-11-25,26.290000915527344,27.09000015258789,25.709999084472656,26.729999542236328,24.717317581176758,2000
2011-11-28,27.420000076293945,27.739999771118164,26.81999969482422,27.559999465942383,25.484821319580078,6700
2011-11-29,27.09000015258789,27.239999771118164,27.020000457763672,27.020000457763672,24.985485076904297,1200
2011-11-30,27.8700008392334,28.0,26.6200008392334,28.0,25.891695022583008,5100
2011-12-01,27.989999771118164,27.989999771118164,26.700000762939453,26.700000762939453,24.6895751953125,7900
2011-12-02,27.0,27.0,26.030000686645508,26.75,24.73581314086914,2500
2011-12-05,26.670000076293945,27.75,26.489999771118164,27.530000686645508,25.45708465576172,6500
2011-12-06,27.559999465942383,27.719999313354492,26.700000762939453,27.709999084472656,25.62352752685547,2200
2011-12-07,27.579999923706055,27.950000762939453,27.299999237060547,27.790000915527344,25.697507858276367,3500
2011-12-08,27.559999465942383,27.559999465942383,26.530000686645508,26.530000686645508,24.532379150390625,2600
2011-12-09,27.15999984741211,27.969999313354492,27.15999984741211,27.899999618530273,25.79922103881836,3900
2011-12-12,27.5,27.5,26.770000457763672,26.850000381469727,24.82828140258789,4400
2011-12-13,27.040000915527344,27.15999984741211,26.280000686645508,26.280000686645508,24.30120277404785,3500
2011-12-14,26.329999923706055,27.049999237060547,26.25,26.75,24.73581314086914,4500
2011-12-15,27.0,27.0,26.020000457763672,26.790000915527344,24.77280044555664,5800
2011-12-16,26.969999313354492,26.969999313354492,26.020000457763672,26.06999969482422,24.10701560974121,6600
2011-12-19,26.290000915527344,26.829999923706055,25.600000381469727,25.899999618530273,23.949813842773438,7600
2011-12-20,26.399999618530273,27.09000015258789,26.149999618530273,26.989999771118164,24.95774269104004,8100
2011-12-21,26.450000762939453,26.780000686645508,26.299999237060547,26.459999084472656,24.467647552490234,3200
2011-12-22,26.489999771118164,26.790000915527344,26.489999771118164,26.790000915527344,24.77280044555664,900
2011-12-23,26.760000228881836,26.850000381469727,26.760000228881836,26.850000381469727,24.82828140258789,300
2011-12-27,26.649999618530273,26.93000030517578,26.649999618530273,26.799999237060547,24.782045364379883,800
2011-12-28,26.600000381469727,26.760000228881836,26.459999084472656,26.5,24.504636764526367,4400
2011-12-29,26.75,26.809999465942383,26.459999084472656,26.809999465942383,24.79129409790039,2000
2011-12-30,26.649999618530273,26.649999618530273,26.459999084472656,26.459999084472656,24.467647552490234,2900
2012-01-03,26.93000030517578,26.93000030517578,26.399999618530273,26.559999465942383,24.560121536254883,2800
2012-01-04,26.5,26.5,26.40999984741211,26.40999984741211,24.421415328979492,600
2012-01-05,25.959999084472656,26.399999618530273,25.959999084472656,26.399999618530273,24.412166595458984,1500
2012-01-06,26.360000610351562,26.360000610351562,26.360000610351562,26.360000610351562,24.375179290771484,2400
2012-01-09,26.770000457763672,27.049999237060547,25.700000762939453,26.190000534057617,24.217979431152344,2500
2012-01-10,25.799999237060547,26.75,25.799999237060547,26.75,24.73581314086914,3500
2012-01-11,26.43000030517578,26.43000030517578,25.520000457763672,25.549999237060547,23.62616729736328,2600
2012-01-12,25.549999237060547,26.479999542236328,25.549999237060547,26.25,24.273460388183594,3900
2012-01-13,26.059999465942383,26.75,25.979999542236328,26.299999237060547,24.3196964263916,3400
2012-01-17,26.18000030517578,26.18000030517578,26.049999237060547,26.100000381469727,24.134754180908203,2000
2012-01-18,25.799999237060547,26.780000686645508,25.799999237060547,26.780000686645508,24.763551712036133,1100
2012-01-19,26.209999084472656,26.540000915527344,26.020000457763672,26.229999542236328,24.25496482849121,600
2012-01-20,26.399999618530273,26.75,25.649999618530273,26.75,24.73581314086914,800
2012-01-23,26.549999237060547,27.049999237060547,26.479999542236328,26.5,24.504636764526367,900
2012-01-24,26.610000610351562,27.049999237060547,26.610000610351562,27.049999237060547,25.013219833374023,2200
2012-01-25,27.049999237060547,27.049999237060547,27.030000686645508,27.049999237060547,25.013219833374023,3600
2012-01-26,26.729999542236328,26.729999542236328,26.729999542236328,26.729999542236328,24.717317581176758,1400
2012-01-27,26.760000228881836,27.18000030517578,25.770000457763672,27.18000030517578,25.133438110351562,5900
2012-01-30,26.950000762939453,26.950000762939453,26.940000534057617,26.940000534057617,24.911508560180664,700
2012-01-31,26.850000381469727,26.850000381469727,26.690000534057617,26.690000534057617,24.68033218383789,1100
2012-02-01,27.049999237060547,28.0,27.049999237060547,27.969999313354492,25.863950729370117,5000
2012-02-02,27.8799991607666,27.8799991607666,26.200000762939453,26.739999771118164,24.7265625,6000
2012-02-03,26.989999771118164,27.489999771118164,26.600000381469727,27.40999984741211,25.34611701965332,3800
2012-02-06,27.229999542236328,28.0,26.850000381469727,27.40999984741211,25.34611701965332,6300
2012-02-07,27.670000076293945,27.739999771118164,27.56999969482422,27.700000762939453,25.614282608032227,700
2012-02-08,27.719999313354492,29.0,27.709999084472656,28.350000381469727,26.21533966064453,14900
2012-02-09,28.420000076293945,29.0,27.889999389648438,27.889999389648438,25.78997230529785,5400
2012-02-10,28.5,28.799999237060547,27.979999542236328,28.40999984741211,26.270822525024414,4600
2012-02-13,28.75,28.989999771118164,28.559999465942383,28.989999771118164,26.807147979736328,600
2012-02-14,28.329999923706055,28.579999923706055,28.329999923706055,28.399999618530273,26.261573791503906,500
2012-02-15,28.399999618530273,28.399999618530273,27.579999923706055,27.760000228881836,25.669763565063477,1600
2012-02-16,27.81999969482422,28.850000381469727,27.81999969482422,28.850000381469727,26.67768669128418,1000
2012-02-17,28.329999923706055,29.0,28.020000457763672,28.700000762939453,26.538986206054688,3300
2012-02-21,28.059999465942383,28.389999389648438,28.059999465942383,28.239999771118164,26.113622665405273,800
2012-02-22,28.15999984741211,28.170000076293945,27.149999618530273,27.149999618530273,25.105693817138672,4300
2012-02-23,27.100000381469727,27.700000762939453,27.059999465942383,27.700000762939453,25.614282608032227,3900
2012-02-24,27.459999084472656,27.850000381469727,27.399999618530273,27.399999618530273,25.336868286132812,1700
2012-02-27,27.850000381469727,27.850000381469727,27.610000610351562,27.610000610351562,25.531055450439453,400
2012-02-28,27.40999984741211,27.579999923706055,27.040000915527344,27.149999618530273,25.105693817138672,1200
2012-02-29,27.34000015258789,27.34000015258789,25.3799991607666,25.530000686645508,23.6076717376709,2800
2012-03-01,25.5,26.799999237060547,24.65999984741211,25.530000686645508,23.6076717376709,5300
2012-03-02,25.479999542236328,25.75,24.68000030517578,24.860000610351562,22.98812484741211,6500
2012-03-05,25.0,25.350000381469727,23.75,23.899999618530273,22.10040855407715,5700
2012-03-06,24.0,24.059999465942383,24.0,24.049999237060547,22.23911476135254,3600
2012-03-07,24.100000381469727,24.170000076293945,24.049999237060547,24.170000076293945,22.350078582763672,1900
2012-03-08,24.170000076293945,24.170000076293945,23.780000686645508,24.059999465942383,22.248363494873047,3300
2012-03-09,24.100000381469727,24.100000381469727,24.020000457763672,24.020000457763672,22.211374282836914,1800
2012-03-12,24.100000381469727,25.309999465942383,24.100000381469727,24.940000534057617,23.06209945678711,4400
2012-03-13,25.850000381469727,26.040000915527344,25.049999237060547,26.040000915527344,24.07927703857422,6300
2012-03-14,26.049999237060547,26.549999237060547,25.1299991607666,25.81999969482422,23.875839233398438,7800
2012-03-15,25.979999542236328,25.989999771118164,25.68000030517578,25.979999542236328,24.023792266845703,1200
2012-03-16,25.850000381469727,26.989999771118164,25.5,26.700000762939453,24.6895751953125,7000
2012-03-19,26.40999984741211,26.8799991607666,25.459999084472656,26.18000030517578,24.208730697631836,5700
2012-03-20,25.84000015258789,25.84000015258789,25.84000015258789,25.84000015258789,23.894330978393555,900
2012-03-21,25.399999618530273,26.360000610351562,25.399999618530273,26.31999969482422,24.338191986083984,2800
2012-03-22,25.969999313354492,25.969999313354492,25.799999237060547,25.950000762939453,23.996049880981445,2000
2012-03-23,26.15999984741211,26.15999984741211,26.15999984741211,26.15999984741211,24.190237045288086,1000
2012-03-26,25.850000381469727,27.0,25.850000381469727,26.760000228881836,24.745059967041016,1700
2012-03-27,26.68000030517578,26.709999084472656,25.600000381469727,25.799999237060547,23.857343673706055,3600
2012-03-28,25.799999237060547,26.299999237060547,25.610000610351562,25.920000076293945,23.96830940246582,2700
2012-03-29,25.8700008392334,26.979999542236328,25.8700008392334,26.1200008392334,24.15325164794922,900
2012-03-30,26.520000457763672,27.0,26.0,26.40999984741211,24.421415328979492,4300
2012-04-02,26.420000076293945,27.790000915527344,25.709999084472656,27.579999923706055,25.503314971923828,16100
2012-04-03,27.350000381469727,27.350000381469727,26.020000457763672,26.079999923706055,24.116262435913086,2400
2012-04-04,26.010000228881836,26.540000915527344,25.15999984741211,25.15999984741211,23.265535354614258,5000
2012-04-05,25.299999237060547,25.299999237060547,25.299999237060547,25.299999237060547,23.394994735717773,800
2012-04-09,25.1299991607666,25.3700008392334,25.0,25.079999923706055,23.191558837890625,2300
2012-04-10,25.030000686645508,25.15999984741211,24.0,24.030000686645508,22.22062110900879,7900
2012-04-11,24.329999923706055,24.399999618530273,24.020000457763672,24.399999618530273,22.562761306762695,2600
2012-04-12,24.200000762939453,24.440000534057617,24.0,24.239999771118164,22.414806365966797,3400
2012-04-13,24.010000228881836,24.010000228881836,23.799999237060547,23.799999237060547,22.0079345703125,4600
2012-04-16,24.3700008392334,25.219999313354492,24.0,25.0,23.117582321166992,2900
2012-04-17,25.0,26.389999389648438,24.520000457763672,25.139999389648438,23.247039794921875,2200
2012-04-18,24.799999237060547,24.799999237060547,24.239999771118164,24.440000534057617,22.599748611450195,1200
2012-04-19,24.459999084472656,24.829999923706055,24.260000228881836,24.440000534057617,22.599748611450195,2000
2012-04-20,25.06999969482422,25.06999969482422,24.420000076293945,24.959999084472656,23.080595016479492,2900
2012-04-23,24.6299991607666,24.6299991607666,24.0,24.0,22.19287872314453,6000
2012-04-24,23.8799991607666,24.06999969482422,23.8799991607666,24.06999969482422,22.257606506347656,1000
2012-04-25,24.190000534057617,24.510000228881836,24.149999618530273,24.510000228881836,22.664478302001953,2600
2012-04-26,24.6299991607666,24.700000762939453,23.959999084472656,24.700000762939453,22.840167999267578,2700
2012-04-27,24.479999542236328,24.670000076293945,24.190000534057617,24.610000610351562,22.756948471069336,1700
2012-04-30,24.549999237060547,24.549999237060547,24.010000228881836,24.079999923706055,22.266855239868164,2700
2012-05-01,24.18000030517578,24.18000030517578,23.899999618530273,23.899999618530273,22.10040855407715,2600
2012-05-02,23.899999618530273,24.3700008392334,23.899999618530273,24.079999923706055,22.266855239868164,7300
2012-05-03,23.93000030517578,24.170000076293945,23.799999237060547,23.799999237060547,22.0079345703125,4200
2012-05-04,23.799999237060547,23.799999237060547,23.5,23.5,21.73052978515625,4800
2012-05-07,23.600000381469727,24.0,23.600000381469727,24.0,22.19287872314453,2100
2012-05-08,23.780000686645508,24.31999969482422,23.780000686645508,24.15999984741211,22.340829849243164,1700
2012-05-09,24.010000228881836,24.239999771118164,24.0,24.020000457763672,22.211374282836914,1400
2012-05-10,24.170000076293945,24.200000762939453,23.739999771118164,23.739999771118164,21.952455520629883,2200
2012-05-11,23.850000381469727,23.850000381469727,23.700000762939453,23.809999465942383,22.017183303833008,2200
2012-05-14,23.700000762939453,23.8799991607666,23.700000762939453,23.700000762939453,21.915468215942383,2500
2012-05-15,23.829999923706055,23.829999923706055,23.700000762939453,23.700000762939453,21.915468215942383,3000
2012-05-16,23.719999313354492,24.0,23.700000762939453,23.700000762939453,21.915468215942383,1600
2012-05-17,23.700000762939453,24.290000915527344,23.700000762939453,23.700000762939453,21.915468215942383,2300
2012-05-18,23.649999618530273,24.170000076293945,23.649999618530273,23.950000762939453,22.146644592285156,6500
2012-05-21,24.110000610351562,24.489999771118164,24.110000610351562,24.489999771118164,22.64598274230957,1600
2012-05-22,24.290000915527344,26.450000762939453,24.290000915527344,25.100000381469727,23.210050582885742,2700
2012-05-23,25.209999084472656,25.559999465942383,25.170000076293945,25.170000076293945,23.274782180786133,1600
2012-05-24,25.540000915527344,25.959999084472656,25.540000915527344,25.959999084472656,24.005298614501953,600
2012-05-25,27.59000015258789,27.59000015258789,25.639999389648438,25.639999389648438,23.70939064025879,1100
2012-05-29,25.780000686645508,26.3799991607666,25.780000686645508,26.09000015258789,24.12550926208496,1000
2012-05-30,25.809999465942383,25.809999465942383,24.360000610351562,24.360000610351562,22.525774002075195,1700
2012-05-31,24.6200008392334,24.860000610351562,23.579999923706055,23.579999923706055,21.804506301879883,4600
2012-06-01,23.549999237060547,23.559999465942383,23.399999618530273,23.399999618530273,21.63805389404297,4000
2012-06-04,23.520000457763672,24.15999984741211,23.329999923706055,23.770000457763672,21.980194091796875,5300
2012-06-05,23.450000762939453,24.760000228881836,23.450000762939453,24.43000030517578,22.590499877929688,15200
2012-06-06,24.3700008392334,25.59000015258789,24.3700008392334,25.59000015258789,23.663158416748047,2200
2012-06-07,25.770000457763672,25.770000457763672,24.479999542236328,25.450000762939453,23.533700942993164,2700
2012-06-08,25.420000076293945,25.969999313354492,25.420000076293945,25.959999084472656,24.005298614501953,800
2012-06-11,25.8799991607666,26.0,24.350000381469727,24.670000076293945,22.812427520751953,3700
2012-06-12,25.190000534057617,26.389999389648438,25.190000534057617,26.15999984741211,24.190237045288086,2800
2012-06-13,26.09000015258789,26.09000015258789,25.639999389648438,25.68000030517578,23.746379852294922,2400
2012-06-14,24.799999237060547,26.90999984741211,24.799999237060547,26.90999984741211,24.883766174316406,2800
2012-06-15,26.790000915527344,27.0,25.18000030517578,27.0,24.966989517211914,5600
2012-06-18,26.920000076293945,27.989999771118164,26.030000686645508,27.989999771118164,25.882444381713867,4100
2012-06-19,28.049999237060547,28.200000762939453,26.799999237060547,28.200000762939453,26.076635360717773,3300
2012-06-20,27.920000076293945,28.389999389648438,27.260000228881836,27.600000381469727,25.521812438964844,2400
2012-06-21,28.290000915527344,28.290000915527344,26.989999771118164,27.149999618530273,25.105693817138672,2900
2012-06-22,27.979999542236328,28.049999237060547,27.190000534057617,27.969999313354492,25.863950729370117,59200
2012-06-25,26.709999084472656,27.270000457763672,26.709999084472656,27.100000381469727,25.05946159362793,1100
2012-06-26,27.3700008392334,27.790000915527344,27.200000762939453,27.299999237060547,25.244400024414062,1500
2012-06-27,27.459999084472656,27.860000610351562,27.459999084472656,27.860000610351562,25.76223373413086,900
2012-06-28,27.450000762939453,27.510000228881836,27.239999771118164,27.459999084472656,25.392353057861328,1500
2012-06-29,28.0,28.0,27.360000610351562,27.989999771118164,25.882444381713867,3300
2012-07-02,27.940000534057617,28.860000610351562,26.8799991607666,28.860000610351562,26.68693733215332,10100
2012-07-03,28.6200008392334,28.799999237060547,28.0,28.600000381469727,26.446514129638672,6800
2012-07-05,28.420000076293945,29.0,28.200000762939453,28.790000915527344,26.62220573425293,1600
2012-07-06,27.809999465942383,28.06999969482422,27.40999984741211,27.709999084472656,25.62352752685547,1300
2012-07-09,28.010000228881836,28.010000228881836,27.610000610351562,27.920000076293945,25.81771469116211,600
2012-07-10,28.040000915527344,28.040000915527344,27.75,27.969999313354492,25.863950729370117,1500
2012-07-11,28.299999237060547,28.690000534057617,27.8700008392334,27.8700008392334,25.771482467651367,2000
2012-07-12,27.84000015258789,28.110000610351562,27.309999465942383,28.020000457763672,25.91018295288086,3500
2012-07-13,28.510000228881836,28.809999465942383,28.5,28.760000228881836,26.594467163085938,2800
2012-07-16,28.780000686645508,29.0,28.600000381469727,28.600000381469727,26.446514129638672,600
2012-07-17,28.850000381469727,28.889999389648438,28.469999313354492,28.889999389648438,26.714677810668945,1600
2012-07-18,28.950000762939453,29.450000762939453,28.950000762939453,29.149999618530273,26.955101013183594,2000
2012-07-19,28.780000686645508,28.780000686645508,28.780000686645508,28.780000686645508,26.61296272277832,700
2012-07-20,28.65999984741211,29.440000534057617,28.010000228881836,28.170000076293945,26.048891067504883,2700
2012-07-23,28.450000762939453,29.010000228881836,28.450000762939453,28.6200008392334,26.465009689331055,3000
2012-07-24,28.649999618530273,29.440000534057617,28.170000076293945,28.530000686645508,26.381786346435547,2500
2012-07-25,28.440000534057617,28.760000228881836,28.440000534057617,28.489999771118164,26.34479522705078,1200
2012-07-26,29.0,29.290000915527344,28.989999771118164,29.15999984741211,26.964345932006836,1300
2012-07-27,29.100000381469727,29.200000762939453,28.780000686645508,29.09000015258789,26.899620056152344,2300
2012-07-30,28.56999969482422,29.139999389648438,28.549999237060547,28.549999237060547,26.400278091430664,1700
2012-07-31,28.6299991607666,28.829999923706055,28.6299991607666,28.799999237060547,26.631454467773438,1500
2012-08-01,28.850000381469727,28.8700008392334,28.040000915527344,28.049999237060547,25.93792724609375,5200
2012-08-02,28.280000686645508,28.280000686645508,27.700000762939453,27.700000762939453,25.614282608032227,2800
2012-08-03,28.389999389648438,29.399999618530273,28.389999389648438,28.729999542236328,26.566722869873047,1500
2012-08-06,28.979999542236328,29.3700008392334,28.399999618530273,28.670000076293945,26.51124382019043,2300
2012-08-07,29.09000015258789,29.170000076293945,28.829999923706055,28.969999313354492,26.78865623474121,3400
2012-08-08,28.760000228881836,28.760000228881836,28.6200008392334,28.6200008392334,26.465009689331055,700
2012-08-09,28.68000030517578,29.1299991607666,28.68000030517578,29.100000381469727,26.90886688232422,1600
2012-08-10,28.959999084472656,28.959999084472656,28.829999923706055,28.829999923706055,26.659196853637695,300
2012-08-13,28.799999237060547,28.799999237060547,28.799999237060547,28.799999237060547,26.631454467773438,200
2012-08-14,28.860000610351562,28.860000610351562,28.600000381469727,28.670000076293945,26.51124382019043,1500
2012-08-15,28.81999969482422,28.989999771118164,28.56999969482422,28.84000015258789,26.66844367980957,1800
2012-08-16,28.799999237060547,28.950000762939453,28.399999618530273,28.950000762939453,26.77016258239746,1000
2012-08-17,28.790000915527344,28.790000915527344,27.940000534057617,28.780000686645508,26.61296272277832,2100
2012-08-20,28.799999237060547,28.84000015258789,28.770000457763672,28.829999923706055,26.659196853637695,1000
2012-08-21,28.799999237060547,28.799999237060547,28.799999237060547,28.799999237060547,26.631454467773438,1100
2012-08-22,28.690000534057617,28.690000534057617,28.690000534057617,28.690000534057617,26.52973747253418,200
2012-08-23,28.889999389648438,28.889999389648438,27.59000015258789,28.309999465942383,26.1783504486084,1200
2012-08-24,28.3700008392334,28.760000228881836,28.3700008392334,28.75,26.585220336914062,700
2012-08-27,28.209999084472656,28.8700008392334,28.209999084472656,28.8700008392334,26.696186065673828,400
2012-08-28,28.8799991607666,28.8799991607666,28.8799991607666,28.8799991607666,26.705427169799805,1200
2012-08-29,28.979999542236328,28.979999542236328,28.84000015258789,28.84000015258789,26.66844367980957,900
2012-08-30,28.739999771118164,28.739999771118164,28.280000686645508,28.280000686645508,26.150611877441406,700
2012-08-31,28.309999465942383,28.309999465942383,28.309999465942383,28.309999465942383,26.1783504486084,400
2012-09-04,29.489999771118164,29.5,29.360000610351562,29.360000610351562,27.1492919921875,1400
2012-09-05,29.5,29.5,28.719999313354492,28.719999313354492,26.557477951049805,3700
2012-09-06,29.149999618530273,29.270000457763672,28.959999084472656,29.270000457763672,27.066064834594727,6500
2012-09-07,28.93000030517578,29.5,28.93000030517578,29.5,27.27874755859375,1600
2012-09-10,29.540000915527344,30.200000762939453,29.540000915527344,30.200000762939453,27.926042556762695,4300
2012-09-11,30.270000457763672,30.81999969482422,30.270000457763672,30.81999969482422,28.499353408813477,1800
2012-09-12,30.829999923706055,30.829999923706055,30.829999923706055,30.829999923706055,28.50860023498535,800
2012-09-13,30.850000381469727,31.520000457763672,30.850000381469727,31.5,29.12815284729004,3100
2012-09-14,30.920000076293945,31.440000534057617,30.709999084472656,31.440000534057617,29.072673797607422,9500
2012-09-17,30.860000610351562,31.489999771118164,30.860000610351562,31.260000228881836,28.906227111816406,900
2012-09-18,31.489999771118164,32.06999969482422,31.489999771118164,32.06999969482422,29.655231475830078,3700
2012-09-19,32.22999954223633,32.22999954223633,31.579999923706055,31.579999923706055,29.202129364013672,1700
2012-09-20,31.459999084472656,31.459999084472656,31.010000228881836,31.010000228881836,28.675050735473633,300
2012-09-21,31.690000534057617,32.220001220703125,31.479999542236328,31.479999542236328,29.10965919494629,6400
2012-09-24,31.610000610351562,32.75,31.610000610351562,32.5099983215332,30.06210708618164,3600
2012-09-25,32.91999816894531,33.0,32.470001220703125,32.470001220703125,30.02511978149414,5700
2012-09-26,33.0,33.5,33.0,33.5,30.97756004333496,3000
2012-09-27,33.5,33.5,33.06999969482422,33.5,30.97756004333496,1100
2012-09-28,33.06999969482422,34.25,33.06999969482422,33.72999954223633,31.190237045288086,2800
2012-10-01,34.2400016784668,34.25,33.2599983215332,33.2599983215332,30.75562858581543,2200
2012-10-02,34.0,34.0,33.0,33.25,30.746387481689453,1700
2012-10-03,33.02000045776367,33.9900016784668,32.11000061035156,32.25,29.821683883666992,3200
2012-10-04,32.34000015258789,33.34000015258789,32.34000015258789,32.68000030517578,30.21930503845215,1400
2012-10-05,32.72999954223633,34.2400016784668,29.8799991607666,31.290000915527344,28.93396759033203,6300
2012-10-08,31.280000686645508,32.970001220703125,31.280000686645508,31.40999984741211,29.044931411743164,2700
2012-10-09,31.149999618530273,32.400001525878906,30.68000030517578,30.68000030517578,28.369897842407227,3300
2012-10-10,31.399999618530273,31.399999618530273,30.8700008392334,30.8700008392334,28.545591354370117,2200
2012-10-11,31.09000015258789,32.349998474121094,30.850000381469727,30.850000381469727,28.527097702026367,1200
2012-10-12,30.59000015258789,30.59000015258789,30.530000686645508,30.530000686645508,28.231189727783203,500
2012-10-15,30.670000076293945,31.389999389648438,30.5,30.75,28.434627532958984,16100
2012-10-16,31.0,31.190000534057617,30.489999771118164,30.709999084472656,28.39763832092285,7300
2012-10-17,30.690000534057617,31.059999465942383,30.690000534057617,30.93000030517578,28.601070404052734,900
2012-10-18,30.959999084472656,31.139999389648438,30.5,30.65999984741211,28.351404190063477,5700
2012-10-19,30.6200008392334,32.22999954223633,27.510000228881836,27.6299991607666,25.549551010131836,11500
2012-10-22,27.530000686645508,27.690000534057617,26.139999389648438,26.5,24.504636764526367,9700
2012-10-23,26.200000762939453,26.81999969482422,26.0,26.280000686645508,24.30120277404785,1300
2012-10-24,26.350000381469727,26.40999984741211,26.1200008392334,26.40999984741211,24.421415328979492,1400
2012-10-25,26.559999465942383,26.56999969482422,25.739999771118164,25.920000076293945,23.96830940246582,4800
2012-10-26,26.020000457763672,26.68000030517578,25.6200008392334,25.739999771118164,23.801862716674805,6300
2012-10-31,25.780000686645508,25.950000762939453,25.760000228881836,25.950000762939453,23.996049880981445,1200
2012-11-01,25.899999618530273,28.540000915527344,25.899999618530273,28.540000915527344,26.391035079956055,61900
2012-11-02,28.950000762939453,29.209999084472656,28.239999771118164,29.209999084472656,27.010583877563477,13400
2012-11-05,29.18000030517578,30.0,28.549999237060547,28.899999618530273,26.723928451538086,9800
2012-11-06,28.540000915527344,28.950000762939453,28.540000915527344,28.950000762939453,26.77016258239746,5400
2012-11-07,28.649999618530273,28.649999618530273,28.09000015258789,28.149999618530273,26.030399322509766,7100
2012-11-08,28.079999923706055,28.079999923706055,25.110000610351562,25.700000762939453,23.764875411987305,27900
2012-11-09,25.68000030517578,25.68000030517578,25.170000076293945,25.459999084472656,23.542945861816406,16400
2012-11-12,25.450000762939453,25.8799991607666,25.229999542236328,25.3799991607666,23.468971252441406,1800
2012-11-13,25.209999084472656,25.270000457763672,25.0,25.229999542236328,23.330265045166016,2500
2012-11-14,25.0,25.049999237060547,24.399999618530273,24.399999618530273,22.562761306762695,7400
2012-11-15,24.729999542236328,24.729999542236328,24.559999465942383,24.559999465942383,22.710712432861328,1000
2012-11-16,24.329999923706055,24.329999923706055,24.299999237060547,24.299999237060547,22.47028923034668,2600
2012-11-19,24.93000030517578,24.93000030517578,24.5,24.700000762939453,22.840167999267578,1900
2012-11-20,24.469999313354492,24.549999237060547,24.309999465942383,24.309999465942383,22.479536056518555,900
2012-11-21,24.790000915527344,25.010000228881836,24.360000610351562,25.0,23.117582321166992,8100
2012-11-23,25.010000228881836,26.09000015258789,25.010000228881836,25.969999313354492,24.014543533325195,1400
2012-11-26,25.200000762939453,25.530000686645508,25.200000762939453,25.219999313354492,23.502012252807617,3800
2012-11-27,25.479999542236328,25.479999542236328,25.270000457763672,25.270000457763672,23.548606872558594,1400
2012-11-28,25.270000457763672,25.399999618530273,25.149999618530273,25.149999618530273,23.43678092956543,2800
2012-11-29,25.59000015258789,25.59000015258789,25.219999313354492,25.489999771118164,23.753618240356445,1100
2012-11-30,25.489999771118164,25.489999771118164,25.18000030517578,25.3700008392334,23.641794204711914,2100
2012-12-03,25.479999542236328,25.479999542236328,25.270000457763672,25.469999313354492,23.73497772216797,1600
2012-12-04,25.170000076293945,25.479999542236328,25.170000076293945,25.479999542236328,23.744298934936523,200
2012-12-05,25.43000030517578,25.43000030517578,25.43000030517578,25.43000030517578,23.697708129882812,600
2012-12-06,25.200000762939453,25.700000762939453,25.18000030517578,25.649999618530273,23.90272331237793,2000
2012-12-07,25.65999984741211,25.65999984741211,25.450000762939453,25.450000762939453,23.71634292602539,1700
2012-12-10,25.219999313354492,25.34000015258789,25.15999984741211,25.270000457763672,23.548606872558594,4400
2012-12-11,25.399999618530273,25.399999618530273,25.209999084472656,25.31999969482422,23.595197677612305,2700
2012-12-12,25.299999237060547,25.299999237060547,25.049999237060547,25.049999237060547,23.343589782714844,4100
2012-12-13,25.15999984741211,25.15999984741211,25.049999237060547,25.049999237060547,23.343589782714844,400
2012-12-14,25.15999984741211,25.15999984741211,25.100000381469727,25.15999984741211,23.44609832763672,2200
2012-12-17,25.389999389648438,25.520000457763672,25.299999237060547,25.520000457763672,23.78157615661621,1500
2012-12-18,26.700000762939453,26.739999771118164,26.700000762939453,26.739999771118164,24.918466567993164,1000
2012-12-19,26.110000610351562,26.899999618530273,26.110000610351562,26.899999618530273,25.06757164001465,800
2012-12-20,26.559999465942383,27.239999771118164,26.440000534057617,27.239999771118164,25.384408950805664,1300
2012-12-21,27.200000762939453,27.739999771118164,25.389999389648438,26.25,24.46184730529785,11900
2012-12-24,26.25,26.600000381469727,26.25,26.600000381469727,24.788007736206055,800
2012-12-26,26.280000686645508,26.979999542236328,26.260000228881836,26.530000686645508,24.722774505615234,700
2012-12-27,26.309999465942383,27.010000228881836,26.309999465942383,26.56999969482422,24.760047912597656,1000
2012-12-28,26.299999237060547,26.469999313354492,26.299999237060547,26.469999313354492,24.66686248779297,500
2012-12-31,27.299999237060547,27.700000762939453,27.0,27.0,25.160757064819336,800
2013-01-02,27.549999237060547,29.799999237060547,26.399999618530273,29.649999618530273,27.630239486694336,11600
2013-01-03,27.0,29.290000915527344,27.0,28.75,26.791547775268555,2600
2013-01-04,29.229999542236328,29.229999542236328,28.719999313354492,28.719999313354492,26.76358985900879,900
2013-01-07,28.510000228881836,28.75,27.540000915527344,28.639999389648438,26.68903923034668,2000
2013-01-08,28.8700008392334,29.079999923706055,28.719999313354492,28.719999313354492,26.76358985900879,1200
2013-01-09,29.5,29.6299991607666,29.059999465942383,29.6200008392334,27.60228157043457,2700
2013-01-10,29.059999465942383,29.059999465942383,28.489999771118164,28.56999969482422,26.623807907104492,1800
2013-01-11,28.510000228881836,29.200000762939453,27.799999237060547,28.399999618530273,26.465389251708984,1400
2013-01-14,28.40999984741211,29.149999618530273,28.40999984741211,28.93000030517578,26.959287643432617,1000
2013-01-15,29.049999237060547,29.049999237060547,28.270000457763672,28.270000457763672,26.34424591064453,1200
2013-01-16,28.270000457763672,28.270000457763672,28.270000457763672,28.270000457763672,26.34424591064453,0
2013-01-17,29.09000015258789,29.09000015258789,29.09000015258789,29.09000015258789,27.108388900756836,500
2013-01-18,29.0,29.0,28.229999542236328,28.280000686645508,26.353567123413086,2000
2013-01-22,28.219999313354492,28.719999313354492,28.219999313354492,28.719999313354492,26.76358985900879,1900
2013-01-23,28.610000610351562,28.700000762939453,28.610000610351562,28.700000762939453,26.74495506286621,1000
2013-01-24,28.799999237060547,29.799999237060547,28.799999237060547,29.790000915527344,27.760705947875977,2200
2013-01-25,29.799999237060547,30.200000762939453,28.5,29.90999984741211,27.872528076171875,4500
2013-01-28,30.100000381469727,30.100000381469727,30.100000381469727,30.100000381469727,28.049583435058594,800
2013-01-29,29.979999542236328,30.399999618530273,29.520000457763672,30.389999389648438,28.3198299407959,2800
2013-01-30,30.3700008392334,30.3700008392334,29.350000381469727,29.3700008392334,27.36931610107422,700
2013-01-31,29.5,30.389999389648438,29.25,30.100000381469727,28.049583435058594,4100
2013-02-01,30.299999237060547,30.56999969482422,30.299999237060547,30.559999465942383,28.478248596191406,1300
2013-02-04,30.3700008392334,30.3700008392334,29.5,29.520000457763672,27.509096145629883,2500
2013-02-05,29.610000610351562,30.0,29.610000610351562,30.0,27.956398010253906,1200
2013-02-06,30.0,30.0,30.0,30.0,27.956398010253906,0
2013-02-07,30.020000457763672,30.059999465942383,29.959999084472656,30.059999465942383,28.01230812072754,1600
2013-02-08,30.06999969482422,30.06999969482422,28.459999084472656,30.0,27.956398010253906,2900
2013-02-11,30.0,30.40999984741211,29.860000610351562,30.030000686645508,27.98435401916504,700
2013-02-12,29.969999313354492,29.969999313354492,29.149999618530273,29.40999984741211,27.40658950805664,1500
2013-02-13,29.3700008392334,29.3700008392334,28.81999969482422,28.850000381469727,26.884733200073242,6800
2013-02-14,28.610000610351562,29.0,28.0,28.889999389648438,26.922012329101562,4700
2013-02-15,29.0,29.0,28.469999313354492,28.469999313354492,26.530622482299805,3600
2013-02-19,29.110000610351562,29.309999465942383,28.59000015258789,29.309999465942383,27.313398361206055,3600
2013-02-20,28.799999237060547,28.90999984741211,28.670000076293945,28.670000076293945,26.716997146606445,3800
2013-02-21,28.209999084472656,28.489999771118164,28.100000381469727,28.489999771118164,26.549259185791016,2500
2013-02-22,28.510000228881836,29.420000076293945,28.479999542236328,29.420000076293945,27.415904998779297,1800
2013-02-25,29.0,29.0,28.329999923706055,28.329999923706055,26.400157928466797,2500
2013-02-26,28.6299991607666,28.979999542236328,28.260000228881836,28.799999237060547,26.8381404876709,1800
2013-02-27,28.56999969482422,29.290000915527344,28.56999969482422,29.290000915527344,27.294761657714844,1200
2013-02-28,29.15999984741211,29.18000030517578,28.979999542236328,29.18000030517578,27.192256927490234,1200
2013-03-01,28.780000686645508,29.700000762939453,28.780000686645508,29.34000015258789,27.341360092163086,3500
2013-03-04,29.15999984741211,29.290000915527344,29.110000610351562,29.200000762939453,27.210891723632812,1500
2013-03-05,29.5,30.280000686645508,29.450000762939453,29.68000030517578,27.65819549560547,5600
2013-03-06,29.6200008392334,30.360000610351562,29.350000381469727,29.989999771118164,27.947080612182617,9300
2013-03-07,29.65999984741211,30.290000915527344,29.549999237060547,29.809999465942383,27.779338836669922,3600
2013-03-08,29.219999313354492,30.030000686645508,29.219999313354492,29.799999237060547,27.770021438598633,1200
2013-03-11,29.889999389648438,30.479999542236328,29.889999389648438,30.479999542236328,28.40369987487793,2800
2013-03-12,30.399999618530273,30.450000762939453,30.239999771118164,30.239999771118164,28.1800479888916,900
2013-03-13,30.1200008392334,30.479999542236328,30.1200008392334,30.420000076293945,28.347787857055664,1500
2013-03-14,30.579999923706055,30.600000381469727,30.239999771118164,30.600000381469727,28.515525817871094,2400
2013-03-15,30.5,30.559999465942383,30.5,30.559999465942383,28.478248596191406,6200
2013-03-18,30.110000610351562,30.5,30.110000610351562,30.170000076293945,28.114816665649414,1300
2013-03-19,30.549999237060547,30.549999237060547,30.299999237060547,30.299999237060547,28.235963821411133,1000
2013-03-20,30.489999771118164,30.489999771118164,30.440000534057617,30.489999771118164,28.413015365600586,1100
2013-03-21,30.209999084472656,30.239999771118164,30.209999084472656,30.239999771118164,28.1800479888916,900
2013-03-22,30.479999542236328,30.479999542236328,30.299999237060547,30.299999237060547,28.235963821411133,400
2013-03-25,30.600000381469727,30.600000381469727,30.299999237060547,30.3799991607666,28.31051254272461,1800
2013-03-26,30.479999542236328,30.530000686645508,30.1200008392334,30.290000915527344,28.22664451599121,2500
2013-03-27,30.100000381469727,30.100000381469727,29.280000686645508,29.280000686645508,27.28544044494629,500
2013-03-28,30.18000030517578,30.18000030517578,30.049999237060547,30.049999237060547,28.00299072265625,1300
2013-04-01,30.170000076293945,30.170000076293945,29.25,29.25,27.257488250732422,3900
2013-04-02,29.639999389648438,29.899999618530273,29.100000381469727,29.110000610351562,27.127025604248047,2200
2013-04-03,29.09000015258789,29.09000015258789,28.229999542236328,28.450000762939453,26.511980056762695,1800
2013-04-04,28.790000915527344,28.850000381469727,28.790000915527344,28.850000381469727,26.884733200073242,900
2013-04-05,28.229999542236328,28.950000762939453,28.229999542236328,28.40999984741211,26.474708557128906,3600
2013-04-08,28.780000686645508,28.780000686645508,28.25,28.489999771118164,26.549259185791016,5800
2013-04-09,28.56999969482422,28.56999969482422,28.1299991607666,28.149999618530273,26.232419967651367,3600
2013-04-10,28.15999984741211,28.399999618530273,28.15999984741211,28.350000381469727,26.41879653930664,2700
2013-04-11,28.989999771118164,28.989999771118164,28.81999969482422,28.81999969482422,26.856779098510742,500
2013-04-12,29.0,29.149999618530273,28.700000762939453,28.700000762939453,26.74495506286621,900
2013-04-15,28.8799991607666,28.8799991607666,27.950000762939453,27.950000762939453,26.04604148864746,3000
2013-04-16,28.25,29.520000457763672,28.25,28.899999618530273,26.93132972717285,3000
2013-04-17,28.68000030517578,29.079999923706055,27.84000015258789,27.90999984741211,26.00876808166504,8400
2013-04-18,28.360000610351562,28.700000762939453,27.809999465942383,27.899999618530273,25.999448776245117,5300
2013-04-19,27.8700008392334,28.75,27.8700008392334,28.489999771118164,26.549259185791016,9000
2013-04-22,30.170000076293945,30.170000076293945,28.479999542236328,28.709999084472656,26.754270553588867,2200
2013-04-23,28.940000534057617,29.309999465942383,28.899999618530273,29.18000030517578,27.192256927490234,2500
2013-04-24,29.030000686645508,29.139999389648438,28.799999237060547,29.079999923706055,27.09906768798828,3400
2013-04-25,29.110000610351562,29.489999771118164,29.010000228881836,29.43000030517578,27.42522621154785,8000
2013-04-26,29.350000381469727,29.350000381469727,28.84000015258789,28.84000015258789,26.875415802001953,4600
2013-04-29,29.209999084472656,29.209999084472656,28.530000686645508,28.979999542236328,27.00588035583496,800
2013-04-30,29.280000686645508,29.979999542236328,29.280000686645508,29.850000381469727,27.81661605834961,5100
2013-05-01,29.530000686645508,29.549999237060547,28.489999771118164,28.700000762939453,26.74495506286621,10500
2013-05-02,28.709999084472656,29.200000762939453,28.709999084472656,29.100000381469727,27.117706298828125,8000
2013-05-03,29.43000030517578,29.549999237060547,29.1200008392334,29.34000015258789,27.341360092163086,3900
2013-05-06,29.450000762939453,29.780000686645508,28.420000076293945,29.149999618530273,27.16429901123047,6500
2013-05-07,29.3700008392334,29.5,29.0,29.5,27.490455627441406,4900
2013-05-08,29.31999969482422,29.600000381469727,29.219999313354492,29.59000015258789,27.574323654174805,5900
2013-05-09,29.6299991607666,29.639999389648438,29.0,29.200000762939453,27.210891723632812,4100
2013-05-10,29.459999084472656,29.549999237060547,29.280000686645508,29.479999542236328,27.471820831298828,2000
2013-05-13,29.200000762939453,29.3799991607666,29.200000762939453,29.309999465942383,27.313398361206055,4100
2013-05-14,29.5,29.700000762939453,29.350000381469727,29.579999923706055,27.56500816345215,3800
2013-05-15,29.469999313354492,29.889999389648438,29.31999969482422,29.65999984741211,27.639556884765625,5600
2013-05-16,29.6200008392334,29.6200008392334,28.56999969482422,29.399999618530273,27.39727210998535,2700
2013-05-17,29.549999237060547,29.889999389648438,29.450000762939453,29.489999771118164,27.48114013671875,4000
2013-05-20,29.440000534057617,29.8799991607666,29.440000534057617,29.860000610351562,27.825937271118164,2800
2013-05-21,29.780000686645508,29.84000015258789,29.68000030517578,29.719999313354492,27.695470809936523,1900
2013-05-22,29.729999542236328,29.8799991607666,29.299999237060547,29.399999618530273,27.39727210998535,4900
2013-05-23,29.200000762939453,29.639999389648438,29.059999465942383,29.209999084472656,27.220211029052734,2600
2013-05-24,29.110000610351562,29.459999084472656,29.100000381469727,29.450000762939453,27.443864822387695,2300
2013-05-28,29.809999465942383,30.139999389648438,29.600000381469727,29.899999618530273,27.86320686340332,5800
2013-05-29,29.559999465942383,30.0,29.559999465942383,29.790000915527344,27.760705947875977,8100
2013-05-30,29.850000381469727,29.989999771118164,29.5,29.709999084472656,27.6861515045166,4600
2013-05-31,29.399999618530273,29.799999237060547,29.329999923706055,29.780000686645508,27.751384735107422,5500
2013-06-03,29.809999465942383,30.389999389648438,29.450000762939453,29.940000534057617,27.90048599243164,11600
2013-06-04,29.989999771118164,30.489999771118164,29.790000915527344,30.489999771118164,28.413015365600586,5200
2013-06-05,30.299999237060547,30.5,30.079999923706055,30.209999084472656,28.152090072631836,2700
2013-06-06,30.31999969482422,30.469999313354492,28.670000076293945,30.219999313354492,28.16141128540039,7800
2013-06-07,30.440000534057617,30.440000534057617,29.780000686645508,30.290000915527344,28.22664451599121,4900
2013-06-10,30.239999771118164,30.239999771118164,29.860000610351562,29.920000076293945,27.88184928894043,900
2013-06-11,29.520000457763672,30.100000381469727,29.489999771118164,29.649999618530273,27.630239486694336,7900
2013-06-12,30.0,30.0,29.34000015258789,29.6200008392334,27.60228157043457,3800
2013-06-13,29.950000762939453,29.950000762939453,29.709999084472656,29.899999618530273,27.86320686340332,1900
2013-06-14,29.8799991607666,29.8799991607666,29.540000915527344,29.68000030517578,27.65819549560547,2800
2013-06-17,29.989999771118164,29.989999771118164,28.600000381469727,28.739999771118164,26.782230377197266,9500
2013-06-18,28.829999923706055,29.0,27.799999237060547,27.899999618530273,25.999448776245117,6700
2013-06-19,28.100000381469727,28.110000610351562,27.799999237060547,27.799999237060547,25.906261444091797,2400
2013-06-20,27.799999237060547,27.799999237060547,27.0,27.059999465942383,25.2166690826416,5600
2013-06-21,27.149999618530273,27.799999237060547,27.149999618530273,27.799999237060547,25.906261444091797,9900
2013-06-24,27.440000534057617,27.520000457763672,27.079999923706055,27.079999923706055,25.235307693481445,2600
2013-06-25,27.389999389648438,27.540000915527344,27.100000381469727,27.329999923706055,25.468276977539062,4300
2013-06-26,27.479999542236328,27.65999984741211,27.15999984741211,27.3700008392334,25.50555419921875,8600
2013-06-27,27.3799991607666,27.579999923706055,27.170000076293945,27.40999984741211,25.542827606201172,8400
2013-06-28,27.239999771118164,28.559999465942383,27.239999771118164,28.520000457763672,26.57721519470215,32800
2013-07-01,28.75,29.6299991607666,28.75,29.43000030517578,27.42522621154785,9000
2013-07-02,29.299999237060547,29.59000015258789,29.010000228881836,29.299999237060547,27.3040828704834,6400
2013-07-03,29.170000076293945,29.3799991607666,28.93000030517578,28.950000762939453,26.97792625427246,5000
2013-07-05,29.360000610351562,29.93000030517578,29.25,29.889999389648438,27.85388946533203,3400
2013-07-08,30.020000457763672,30.510000228881836,30.0,30.43000030517578,28.357105255126953,4600
2013-07-09,30.520000457763672,30.649999618530273,29.75,30.34000015258789,28.273237228393555,4900
2013-07-10,30.200000762939453,30.420000076293945,30.0,30.100000381469727,28.049583435058594,3200
2013-07-11,30.450000762939453,30.770000457763672,30.0,30.760000228881836,28.664628982543945,11400
2013-07-12,30.290000915527344,31.979999542236328,30.079999923706055,31.510000228881836,29.36353874206543,9900
2013-07-15,31.299999237060547,31.299999237060547,31.079999923706055,31.149999618530273,29.028057098388672,2700
2013-07-16,31.100000381469727,31.719999313354492,31.0,31.450000762939453,29.30762481689453,7500
2013-07-17,31.559999465942383,32.0,31.200000762939453,31.860000610351562,29.689697265625,9100
2013-07-18,31.889999389648438,32.15999984741211,31.860000610351562,32.15999984741211,29.969257354736328,5000
2013-07-19,32.119998931884766,32.20000076293945,31.309999465942383,32.130001068115234,29.941301345825195,4700
2013-07-22,31.989999771118164,32.31999969482422,31.889999389648438,32.15999984741211,29.969257354736328,5100
2013-07-23,32.0,32.369998931884766,31.6200008392334,32.369998931884766,30.164953231811523,3700
2013-07-24,32.369998931884766,32.599998474121094,32.119998931884766,32.29999923706055,30.099721908569336,3600
2013-07-25,32.349998474121094,32.599998474121094,31.8700008392334,32.59000015258789,30.369966506958008,8200
2013-07-26,32.290000915527344,32.470001220703125,32.20000076293945,32.25,30.053131103515625,1800
2013-07-29,32.040000915527344,32.59000015258789,31.950000762939453,31.950000762939453,29.7735652923584,3700
2013-07-30,31.600000381469727,31.65999984741211,31.600000381469727,31.65999984741211,29.503318786621094,800
2013-07-31,31.8799991607666,31.899999618530273,31.81999969482422,31.81999969482422,29.652420043945312,700
2013-08-01,32.11000061035156,32.58000183105469,31.469999313354492,32.08000183105469,29.89470863342285,9700
2013-08-02,31.850000381469727,32.09000015258789,31.719999313354492,32.04999923706055,29.86674690246582,4000
2013-08-05,32.0,32.22999954223633,31.8700008392334,32.22999954223633,30.03449058532715,1600
2013-08-06,31.299999237060547,31.989999771118164,31.299999237060547,31.6299991607666,29.475360870361328,1600
2013-08-07,31.75,31.75,31.75,31.75,29.587186813354492,200
2013-08-08,31.3799991607666,32.08000183105469,31.3799991607666,32.08000183105469,29.89470863342285,8000
2013-08-09,31.959999084472656,31.959999084472656,31.450000762939453,31.59000015258789,29.438087463378906,3100
2013-08-12,31.270000457763672,32.0,31.270000457763672,31.719999313354492,29.55923080444336,2900
2013-08-13,31.479999542236328,31.829999923706055,30.969999313354492,31.530000686645508,29.382173538208008,3900
2013-08-14,31.489999771118164,31.799999237060547,31.420000076293945,31.709999084472656,29.549911499023438,5000
2013-08-15,31.290000915527344,31.530000686645508,31.170000076293945,31.200000762939453,29.074655532836914,4000
2013-08-16,31.06999969482422,31.420000076293945,30.559999465942383,30.889999389648438,28.7857723236084,5500
2013-08-19,30.8799991607666,30.969999313354492,30.239999771118164,30.309999465942383,28.245281219482422,2900
2013-08-20,30.399999618530273,30.5,30.110000610351562,30.299999237060547,28.235963821411133,1800
2013-08-21,30.020000457763672,30.079999923706055,29.68000030517578,30.0,27.956398010253906,2000
2013-08-22,30.040000915527344,30.170000076293945,29.950000762939453,30.170000076293945,28.114816665649414,1500
2013-08-23,30.110000610351562,31.049999237060547,30.020000457763672,30.959999084472656,28.851001739501953,7300
2013-08-26,31.25,31.700000762939453,31.0,31.389999389648438,29.251708984375,2400
2013-08-27,31.239999771118164,31.239999771118164,29.899999618530273,30.739999771118164,28.64598846435547,5600
2013-08-28,30.299999237060547,31.030000686645508,30.1200008392334,30.670000076293945,28.58075714111328,10400
2013-08-29,31.0,31.0,30.3799991607666,30.5,28.42233657836914,2800
2013-08-30,29.829999923706055,30.739999771118164,29.809999465942383,30.739999771118164,28.64598846435547,3000
2013-09-03,31.059999465942383,31.15999984741211,30.360000610351562,30.65999984741211,28.57143783569336,12700
2013-09-04,30.610000610351562,31.25,30.299999237060547,30.299999237060547,28.235963821411133,9500
2013-09-05,30.5,30.920000076293945,30.239999771118164,30.690000534057617,28.599395751953125,10600
2013-09-06,30.780000686645508,30.780000686645508,30.1299991607666,30.399999618530273,28.329147338867188,4100
2013-09-09,30.690000534057617,30.850000381469727,29.65999984741211,30.799999237060547,28.70189666748047,7500
2013-09-10,30.799999237060547,31.389999389648438,30.59000015258789,30.950000762939453,28.84168243408203,8600
2013-09-11,30.65999984741211,31.110000610351562,30.399999618530273,30.420000076293945,28.347787857055664,5700
2013-09-12,30.610000610351562,30.610000610351562,30.270000457763672,30.350000381469727,28.282556533813477,10000
2013-09-13,30.299999237060547,30.68000030517578,30.299999237060547,30.68000030517578,28.590076446533203,7500
2013-09-16,30.8799991607666,31.350000381469727,30.5,30.889999389648438,28.7857723236084,6100
2013-09-17,31.049999237060547,31.18000030517578,30.5,31.18000030517578,29.056015014648438,5800
2013-09-18,31.09000015258789,31.239999771118164,30.579999923706055,31.100000381469727,28.98146629333496,8400
2013-09-19,31.09000015258789,31.5,30.959999084472656,31.200000762939453,29.074655532836914,3900
2013-09-20,31.3799991607666,31.510000228881836,30.979999542236328,31.510000228881836,29.36353874206543,9800
2013-09-23,31.700000762939453,32.0,31.600000381469727,31.809999465942383,29.64310073852539,1200
2013-09-24,31.8700008392334,32.599998474121094,31.8700008392334,32.29999923706055,30.099721908569336,2200
2013-09-25,32.459999084472656,32.65999984741211,32.36000061035156,32.38999938964844,30.1835880279541,2100
2013-09-26,32.279998779296875,32.70000076293945,31.780000686645508,32.029998779296875,29.848114013671875,1700
2013-09-27,31.770000457763672,32.16999816894531,31.770000457763672,31.829999923706055,29.6617374420166,1000
2013-09-30,31.389999389648438,32.20000076293945,31.389999389648438,32.099998474121094,29.913345336914062,9800
2013-10-01,32.0,32.369998931884766,31.6200008392334,32.18000030517578,29.987895965576172,8700
2013-10-02,31.780000686645508,32.04999923706055,31.5,31.729999542236328,29.56855010986328,5100
2013-10-03,31.020000457763672,31.280000686645508,30.790000915527344,31.18000030517578,29.056015014648438,11700
2013-10-04,31.190000534057617,31.5,30.540000915527344,31.5,29.354217529296875,7700
2013-10-07,31.280000686645508,31.440000534057617,31.0,31.239999771118164,29.111928939819336,2500
2013-10-08,31.399999618530273,31.399999618530273,31.110000610351562,31.200000762939453,29.074655532836914,3600
2013-10-09,31.229999542236328,31.34000015258789,30.889999389648438,31.100000381469727,28.98146629333496,4300
2013-10-10,31.389999389648438,31.6200008392334,31.200000762939453,31.200000762939453,29.074655532836914,5200
2013-10-11,31.18000030517578,32.33000183105469,31.18000030517578,31.90999984741211,29.73628807067871,18600
2013-10-14,31.90999984741211,32.02000045776367,31.530000686645508,31.899999618530273,29.72696876525879,1600
2013-10-15,31.709999084472656,32.15999984741211,31.709999084472656,31.780000686645508,29.615142822265625,1900
2013-10-16,31.899999618530273,32.9900016784668,31.770000457763672,32.880001068115234,30.64021110534668,11200
2013-10-17,32.790000915527344,32.790000915527344,32.0,32.45000076293945,30.239505767822266,4800
2013-10-18,32.66999816894531,32.7400016784668,32.380001068115234,32.7400016784668,30.509746551513672,3300
2013-10-21,32.900001525878906,33.0,31.850000381469727,32.0,29.820158004760742,7900
2013-10-22,32.400001525878906,32.7400016784668,32.09000015258789,32.38999938964844,30.1835880279541,5000
2013-10-23,32.4900016784668,32.4900016784668,32.0,32.09000015258789,29.90402603149414,1400
2013-10-24,32.2599983215332,32.459999084472656,32.060001373291016,32.459999084472656,30.24881935119629,2000
2013-10-25,32.31999969482422,32.7400016784668,32.20000076293945,32.279998779296875,30.081083297729492,3800
2013-10-28,32.470001220703125,32.900001525878906,32.470001220703125,32.75,30.519067764282227,4000
2013-10-29,32.970001220703125,33.0,32.5,32.90999984741211,30.668167114257812,10000
2013-10-30,33.0,33.20000076293945,32.83000183105469,32.83000183105469,30.59362030029297,10900
2013-10-31,33.20000076293945,33.20000076293945,32.459999084472656,33.0,30.752038955688477,5000
2013-11-01,32.90999984741211,32.95000076293945,32.04999923706055,32.43000030517578,30.220867156982422,10800
2013-11-04,32.650001525878906,33.099998474121094,32.11000061035156,32.41999816894531,30.211545944213867,3400
2013-11-05,31.969999313354492,32.599998474121094,31.969999313354492,32.279998779296875,30.081083297729492,7800
2013-11-06,32.34000015258789,32.599998474121094,31.639999389648438,32.400001525878906,30.19291114807129,3600
2013-11-07,32.560001373291016,32.599998474121094,32.15999984741211,32.290000915527344,30.090402603149414,9100
2013-11-08,32.29999923706055,32.56999969482422,31.899999618530273,32.5099983215332,30.2954158782959,8900
2013-11-11,32.41999816894531,32.41999816894531,32.0,32.06999969482422,29.885387420654297,21500
2013-11-12,32.08000183105469,32.2599983215332,32.0,32.22999954223633,30.03449058532715,6000
2013-11-13,32.119998931884766,32.31999969482422,31.8799991607666,32.31999969482422,30.118358612060547,2400
2013-11-14,32.619998931884766,32.619998931884766,32.13999938964844,32.13999938964844,29.950620651245117,500
2013-11-15,32.11000061035156,32.20000076293945,31.6200008392334,32.099998474121094,29.913345336914062,12500
2013-11-18,32.08000183105469,32.11000061035156,31.81999969482422,31.81999969482422,29.652420043945312,2300
2013-11-19,31.780000686645508,31.940000534057617,31.309999465942383,31.600000381469727,29.447404861450195,4600
2013-11-20,31.799999237060547,31.81999969482422,31.3700008392334,31.3700008392334,29.23307228088379,3900
2013-11-21,31.530000686645508,31.530000686645508,30.899999618530273,31.139999389648438,29.018739700317383,3300
2013-11-22,31.25,31.270000457763672,29.969999313354492,31.270000457763672,29.13988494873047,2300
2013-11-25,31.399999618530273,32.459999084472656,31.399999618530273,32.11000061035156,29.922664642333984,6100
2013-11-26,32.869998931884766,32.869998931884766,31.65999984741211,32.34000015258789,30.13699722290039,3000
2013-11-27,32.439998626708984,32.9900016784668,32.11000061035156,32.9900016784668,30.742717742919922,4300
2013-11-29,32.790000915527344,33.0,32.27000045776367,33.0,30.93960952758789,1200
2013-12-02,32.83000183105469,32.880001068115234,32.75,32.75,30.705217361450195,2900
2013-12-03,32.75,33.189998626708984,32.75,32.9900016784668,30.93023109436035,7300
2013-12-04,32.880001068115234,32.880001068115234,32.81999969482422,32.81999969482422,30.770843505859375,900
2013-12-05,32.779998779296875,32.91999816894531,32.720001220703125,32.849998474121094,30.79897117614746,5400
2013-12-06,32.97999954223633,33.040000915527344,32.79999923706055,33.029998779296875,30.967729568481445,1000
2013-12-09,33.0099983215332,33.189998626708984,32.72999954223633,32.83000183105469,30.780223846435547,4400
2013-12-10,32.720001220703125,32.81999969482422,31.3700008392334,31.81999969482422,29.833284378051758,27400
2013-12-11,31.579999923706055,31.93000030517578,31.579999923706055,31.579999923706055,29.608266830444336,2300
2013-12-12,31.579999923706055,31.690000534057617,31.399999618530273,31.690000534057617,29.71139907836914,4100
2013-12-13,31.6299991607666,32.18000030517578,30.739999771118164,31.799999237060547,29.814531326293945,23200
2013-12-16,31.90999984741211,33.150001525878906,31.360000610351562,32.79999923706055,30.752092361450195,20600
2013-12-17,32.79999923706055,32.79999923706055,32.5,32.5099983215332,30.480201721191406,2800
2013-12-18,32.40999984741211,32.86000061035156,31.809999465942383,32.790000915527344,30.742721557617188,19000
2013-12-19,32.34000015258789,33.09000015258789,32.220001220703125,32.84000015258789,30.789596557617188,12800
2013-12-20,32.790000915527344,33.970001220703125,32.25,33.970001220703125,31.84904670715332,43100
2013-12-23,33.83000183105469,34.400001525878906,33.59000015258789,34.310001373291016,32.16781997680664,9700
2013-12-24,34.36000061035156,34.36000061035156,34.15999984741211,34.15999984741211,32.02717590332031,700
2013-12-26,33.9900016784668,34.0,33.54999923706055,33.54999923706055,31.455265045166016,1600
2013-12-27,33.599998474121094,34.15999984741211,33.15999984741211,33.529998779296875,31.43651580810547,22000
2013-12-30,33.70000076293945,33.720001220703125,33.09000015258789,33.290000915527344,31.211502075195312,10400
2013-12-31,33.5,34.0,33.2400016784668,33.380001068115234,31.295881271362305,13800
2014-01-02,33.939998626708984,33.939998626708984,32.20000076293945,33.65999984741211,31.55839729309082,24300
2014-01-03,33.529998779296875,33.75,32.900001525878906,33.459999084472656,31.370882034301758,14700
2014-01-06,33.5099983215332,33.65999984741211,32.75,33.130001068115234,31.061492919921875,3900
2014-01-07,33.04999923706055,33.279998779296875,32.349998474121094,33.2400016784668,31.164623260498047,4300
2014-01-08,33.06999969482422,33.06999969482422,32.060001373291016,32.5,30.4708251953125,11000
2014-01-09,32.689998626708984,33.029998779296875,31.799999237060547,32.130001068115234,30.123926162719727,18200
2014-01-10,32.2599983215332,33.45000076293945,32.2599983215332,32.91999816894531,30.86460304260254,22300
2014-01-13,32.869998931884766,32.88999938964844,32.040000915527344,32.209999084472656,30.198930740356445,9300
2014-01-14,32.31999969482422,32.599998474121094,32.31999969482422,32.56999969482422,30.536453247070312,1700
2014-01-15,32.59000015258789,32.599998474121094,32.400001525878906,32.400001525878906,30.3770694732666,2700
2014-01-16,32.59000015258789,32.59000015258789,32.400001525878906,32.400001525878906,30.3770694732666,1500
2014-01-17,32.45000076293945,32.599998474121094,32.34000015258789,32.400001525878906,30.3770694732666,2200
2014-01-21,32.31999969482422,32.31999969482422,32.2599983215332,32.2599983215332,30.245807647705078,3000
2014-01-22,32.290000915527344,32.29999923706055,32.099998474121094,32.2599983215332,30.245807647705078,1100
2014-01-23,32.2599983215332,32.45000076293945,32.220001220703125,32.220001220703125,30.208309173583984,2300
2014-01-24,31.75,32.029998779296875,31.239999771118164,31.700000762939453,29.720773696899414,5700
2014-01-27,32.0,32.27000045776367,31.299999237060547,31.600000381469727,29.627016067504883,5600
2014-01-28,31.459999084472656,31.729999542236328,31.440000534057617,31.729999542236328,29.7489013671875,4400
2014-01-29,31.40999984741211,31.40999984741211,30.600000381469727,30.75,28.830087661743164,4300
2014-01-30,30.959999084472656,31.309999465942383,30.350000381469727,30.920000076293945,28.989473342895508,5100
2014-01-31,30.530000686645508,31.100000381469727,29.799999237060547,30.600000381469727,28.689455032348633,15000
2014-02-03,30.25,30.34000015258789,28.600000381469727,28.690000534057617,26.89870834350586,5900
2014-02-04,28.809999465942383,29.40999984741211,27.649999618530273,28.270000457763672,26.50493049621582,15100
2014-02-05,28.329999923706055,28.329999923706055,27.139999389648438,27.360000610351562,25.651748657226562,2100
2014-02-06,27.40999984741211,27.40999984741211,27.09000015258789,27.34000015258789,25.63299560546875,3000
2014-02-07,27.309999465942383,27.729999542236328,26.799999237060547,27.18000030517578,25.482986450195312,8800
2014-02-10,27.5,30.360000610351562,27.5,29.06999969482422,27.254980087280273,9500
2014-02-11,29.34000015258789,30.65999984741211,29.34000015258789,30.5,28.5956974029541,6100
2014-02-12,31.040000915527344,31.040000915527344,30.34000015258789,30.459999084472656,28.558195114135742,3600
2014-02-13,30.610000610351562,30.799999237060547,30.200000762939453,30.399999618530273,28.501941680908203,4600
2014-02-14,30.31999969482422,30.700000762939453,30.18000030517578,30.18000030517578,28.295679092407227,2100
2014-02-18,30.15999984741211,31.149999618530273,30.15999984741211,30.649999618530273,28.736330032348633,17300
2014-02-19,30.770000457763672,31.260000228881836,30.209999084472656,30.25,28.36130714416504,8200
2014-02-20,30.479999542236328,30.6200008392334,30.190000534057617,30.399999618530273,28.501941680908203,3000
2014-02-21,30.559999465942383,30.799999237060547,30.149999618530273,30.209999084472656,28.32380485534668,6300
2014-02-24,30.350000381469727,30.559999465942383,30.350000381469727,30.43000030517578,28.530067443847656,4800
2014-02-25,30.5,30.700000762939453,30.3799991607666,30.3799991607666,28.48318862915039,1400
2014-02-26,30.719999313354492,31.09000015258789,30.399999618530273,30.40999984741211,28.511314392089844,1900
2014-02-27,30.489999771118164,30.700000762939453,30.440000534057617,30.540000915527344,28.63319969177246,1800
2014-02-28,30.5,31.100000381469727,30.5,30.6299991607666,28.71758270263672,4600
2014-03-03,30.670000076293945,30.920000076293945,30.190000534057617,30.190000534057617,28.3050537109375,4200
2014-03-04,30.459999084472656,33.22999954223633,30.440000534057617,31.56999969482422,29.59889030456543,12500
2014-03-05,31.579999923706055,31.579999923706055,30.790000915527344,31.030000686645508,29.092609405517578,10800
2014-03-06,31.469999313354492,32.779998779296875,30.3700008392334,30.600000381469727,28.689455032348633,9000
2014-03-07,30.3799991607666,30.770000457763672,30.3799991607666,30.700000762939453,28.78321075439453,1600
2014-03-10,30.489999771118164,30.709999084472656,30.469999313354492,30.709999084472656,28.792585372924805,1200
2014-03-11,30.940000534057617,30.940000534057617,30.15999984741211,30.190000534057617,28.3050537109375,3600
2014-03-12,30.690000534057617,30.690000534057617,30.190000534057617,30.350000381469727,28.45506477355957,1900
2014-03-13,30.260000228881836,30.489999771118164,30.15999984741211,30.15999984741211,28.276927947998047,2200
2014-03-14,30.40999984741211,30.959999084472656,30.40999984741211,30.780000686645508,28.858213424682617,1800
2014-03-17,30.969999313354492,31.110000610351562,30.3700008392334,30.389999389648438,28.492563247680664,3100
2014-03-18,30.489999771118164,30.700000762939453,30.149999618530273,30.40999984741211,28.511314392089844,3900
2014-03-19,30.18000030517578,30.8799991607666,30.18000030517578,30.700000762939453,28.78321075439453,6700
2014-03-20,30.40999984741211,30.899999618530273,30.309999465942383,30.3799991607666,28.48318862915039,10200
2014-03-21,30.309999465942383,30.350000381469727,30.149999618530273,30.229999542236328,28.34255599975586,10400
2014-03-24,30.149999618530273,30.5,30.149999618530273,30.209999084472656,28.32380485534668,2500
2014-03-25,30.15999984741211,30.280000686645508,30.149999618530273,30.239999771118164,28.351930618286133,5000
2014-03-26,30.200000762939453,30.31999969482422,30.149999618530273,30.149999618530273,28.267549514770508,3400
2014-03-27,30.15999984741211,30.25,28.739999771118164,30.040000915527344,28.164419174194336,21200
2014-03-28,29.899999618530273,29.93000030517578,29.25,29.56999969482422,27.7237606048584,8100
2014-03-31,29.8700008392334,30.280000686645508,29.850000381469727,30.239999771118164,28.351930618286133,8300
2014-04-01,30.329999923706055,30.459999084472656,30.0,30.049999237060547,28.173791885375977,6000
2014-04-02,30.149999618530273,30.190000534057617,29.850000381469727,29.860000610351562,27.995656967163086,3900
2014-04-03,29.850000381469727,30.209999084472656,29.709999084472656,30.030000686645508,28.155040740966797,7500
2014-04-04,30.020000457763672,30.020000457763672,28.3700008392334,29.020000457763672,27.20810317993164,10900
2014-04-07,29.010000228881836,29.25,28.15999984741211,28.3799991607666,26.60805892944336,7400
2014-04-08,28.0,30.219999313354492,27.299999237060547,29.1200008392334,27.30185890197754,9400
2014-04-09,29.389999389648438,30.600000381469727,28.40999984741211,30.440000534057617,28.539443969726562,15600
2014-04-10,30.350000381469727,30.350000381469727,30.0,30.0,28.126916885375977,9100
2014-04-11,30.0,30.229999542236328,29.100000381469727,29.25,27.423744201660156,8500
2014-04-14,29.719999313354492,30.360000610351562,28.969999313354492,29.489999771118164,27.648757934570312,6900
2014-04-15,29.540000915527344,29.950000762939453,29.18000030517578,29.520000457763672,27.6768856048584,16800
2014-04-16,29.989999771118164,31.139999389648438,29.989999771118164,30.780000686645508,28.858213424682617,16000
2014-04-17,30.559999465942383,30.729999542236328,30.0,30.18000030517578,28.295679092407227,6100
2014-04-21,30.940000534057617,32.619998931884766,30.06999969482422,30.350000381469727,28.45506477355957,3700
2014-04-22,30.1200008392334,31.09000015258789,29.989999771118164,30.020000457763672,28.145668029785156,12900
2014-04-23,30.030000686645508,30.030000686645508,28.959999084472656,29.190000534057617,27.367490768432617,10600
2014-04-24,29.010000228881836,31.139999389648438,28.969999313354492,30.25,28.36130714416504,11500
2014-04-25,29.93000030517578,29.940000534057617,29.1299991607666,29.479999542236328,27.639379501342773,22500
2014-04-28,29.170000076293945,29.790000915527344,29.149999618530273,29.450000762939453,27.611257553100586,16400
2014-04-29,29.56999969482422,29.700000762939453,29.149999618530273,29.389999389648438,27.555004119873047,10200
2014-04-30,29.34000015258789,30.40999984741211,29.149999618530273,29.200000762939453,27.376863479614258,8400
2014-05-01,29.1299991607666,29.739999771118164,29.100000381469727,29.399999618530273,27.564376831054688,10000
2014-05-02,29.31999969482422,29.389999389648438,28.75,28.959999084472656,27.15184783935547,9500
2014-05-05,28.540000915527344,28.729999542236328,28.06999969482422,28.25,26.48617935180664,11900
2014-05-06,28.200000762939453,28.200000762939453,26.780000686645508,27.25,25.548614501953125,13800
2014-05-07,27.25,27.479999542236328,26.600000381469727,26.84000015258789,25.164215087890625,7400
2014-05-08,26.719999313354492,27.049999237060547,26.520000457763672,26.850000381469727,25.1735897064209,8100
2014-05-09,26.8799991607666,26.8799991607666,26.5,26.600000381469727,24.939199447631836,5600
2014-05-12,27.0,30.709999084472656,27.0,28.770000457763672,26.973712921142578,8400
2014-05-13,29.040000915527344,29.360000610351562,28.1200008392334,28.1200008392334,26.36429786682129,11700
2014-05-14,28.690000534057617,29.399999618530273,27.420000076293945,27.600000381469727,25.87676429748535,8300
2014-05-15,27.649999618530273,28.770000457763672,27.399999618530273,27.809999465942383,26.073650360107422,8300
2014-05-16,27.899999618530273,27.959999084472656,27.399999618530273,27.959999084472656,26.214284896850586,9700
2014-05-19,27.799999237060547,28.889999389648438,27.799999237060547,28.530000686645508,26.74869728088379,3800
2014-05-20,27.899999618530273,28.739999771118164,27.700000762939453,28.200000762939453,26.439302444458008,12400
2014-05-21,28.510000228881836,29.110000610351562,27.899999618530273,27.950000762939453,26.20490837097168,6400
2014-05-22,28.239999771118164,28.239999771118164,27.399999618530273,27.59000015258789,25.867385864257812,9000
2014-05-23,27.700000762939453,27.899999618530273,27.399999618530273,27.899999618530273,26.158029556274414,3900
2014-05-27,28.200000762939453,28.5,27.979999542236328,28.5,26.720569610595703,4500
2014-05-28,28.270000457763672,30.309999465942383,28.049999237060547,28.1299991607666,26.373672485351562,6200
2014-05-29,28.5,28.510000228881836,27.700000762939453,27.899999618530273,26.158029556274414,3800
2014-05-30,27.799999237060547,28.489999771118164,26.700000762939453,28.09000015258789,26.33616828918457,14200
2014-06-02,27.760000228881836,29.450000762939453,27.75,27.860000610351562,26.120529174804688,6300
2014-06-03,27.75,27.809999465942383,26.299999237060547,27.020000457763672,25.332975387573242,13200
2014-06-04,27.040000915527344,27.420000076293945,26.479999542236328,27.299999237060547,25.59549331665039,6800
2014-06-05,27.190000534057617,27.600000381469727,26.969999313354492,27.290000915527344,25.586118698120117,5000
2014-06-06,27.3700008392334,29.1200008392334,27.3700008392334,27.90999984741211,26.16740608215332,4200
2014-06-09,27.979999542236328,28.5,27.739999771118164,28.010000228881836,26.26116371154785,3700
2014-06-10,28.200000762939453,29.40999984741211,27.729999542236328,27.790000915527344,26.054901123046875,2100
2014-06-11,27.600000381469727,28.5,27.399999618530273,27.600000381469727,25.87676429748535,6900
2014-06-12,27.709999084472656,28.190000534057617,27.0,27.6299991607666,25.90488624572754,10700
2014-06-13,27.1200008392334,28.309999465942383,26.969999313354492,27.030000686645508,25.34235191345215,9300
2014-06-16,27.09000015258789,27.309999465942383,26.5,26.719999313354492,25.05170440673828,9300
2014-06-17,26.899999618530273,27.030000686645508,26.100000381469727,26.139999389648438,24.507917404174805,20200
2014-06-18,26.31999969482422,26.649999618530273,25.700000762939453,26.540000915527344,24.882946014404297,24000
2014-06-19,26.540000915527344,26.899999618530273,26.5,26.56999969482422,24.91107177734375,12000
2014-06-20,26.729999542236328,27.31999969482422,26.510000228881836,26.989999771118164,25.30484962463379,30000
2014-06-23,27.219999313354492,27.649999618530273,26.920000076293945,27.170000076293945,25.473608016967773,13000
2014-06-24,27.040000915527344,27.31999969482422,26.5,26.540000915527344,24.882946014404297,18300
2014-06-25,26.65999984741211,26.969999313354492,26.25,26.799999237060547,25.126708984375,14700
2014-06-26,26.860000610351562,26.889999389648438,26.5,26.549999237060547,24.89232063293457,8200
2014-06-27,26.450000762939453,27.6299991607666,26.450000762939453,27.170000076293945,25.473608016967773,349100
2014-06-30,27.440000534057617,29.829999923706055,27.440000534057617,29.5,27.658132553100586,30500
2014-07-01,29.889999389648438,30.690000534057617,29.760000228881836,29.770000457763672,27.91127586364746,10600
2014-07-02,29.93000030517578,30.0,29.56999969482422,29.579999923706055,27.733139038085938,6000
2014-07-03,29.790000915527344,29.790000915527344,29.209999084472656,29.209999084472656,27.386240005493164,3200
2014-07-07,29.68000030517578,29.68000030517578,29.110000610351562,29.3700008392334,27.536252975463867,5200
2014-07-08,29.270000457763672,29.31999969482422,28.450000762939453,29.09000015258789,27.273733139038086,9600
2014-07-09,30.670000076293945,30.670000076293945,28.739999771118164,30.110000610351562,28.230045318603516,5100
2014-07-10,30.700000762939453,30.700000762939453,29.0,29.299999237060547,27.47062110900879,5900
2014-07-11,29.969999313354492,30.43000030517578,27.75,29.850000381469727,27.98628044128418,2500
2014-07-14,29.799999237060547,31.969999313354492,29.190000534057617,31.639999389648438,29.664518356323242,14000
2014-07-15,31.360000610351562,31.360000610351562,29.8799991607666,30.43000030517578,28.530067443847656,4300
2014-07-16,30.90999984741211,31.1299991607666,29.440000534057617,29.739999771118164,27.883150100708008,6800
2014-07-17,30.40999984741211,30.40999984741211,29.299999237060547,30.170000076293945,28.286298751831055,8800
2014-07-18,29.84000015258789,30.510000228881836,29.65999984741211,29.969999313354492,28.098787307739258,9400
2014-07-21,30.5,30.690000534057617,29.75,30.170000076293945,28.286298751831055,9300
2014-07-22,30.399999618530273,30.399999618530273,29.579999923706055,29.860000610351562,27.995656967163086,8600
2014-07-23,30.299999237060547,30.299999237060547,27.459999084472656,27.8700008392334,26.129905700683594,47700
2014-07-24,27.65999984741211,28.520000457763672,27.65999984741211,28.459999084472656,26.68306541442871,4900
2014-07-25,28.270000457763672,28.290000915527344,27.530000686645508,27.899999618530273,26.158029556274414,2300
2014-07-28,27.979999542236328,28.020000457763672,27.5,28.0,26.251789093017578,2600
2014-07-29,27.510000228881836,27.93000030517578,27.510000228881836,27.690000534057617,25.96114158630371,3600
2014-07-30,27.610000610351562,27.90999984741211,26.899999618530273,27.079999923706055,25.38922882080078,11700
2014-07-31,26.649999618530273,27.68000030517578,26.510000228881836,26.610000610351562,24.948575973510742,6500
2014-08-01,26.5,26.899999618530273,26.5,26.5,24.845441818237305,4900
2014-08-04,26.75,27.030000686645508,25.700000762939453,26.43000030517578,24.779813766479492,16800
2014-08-05,26.299999237060547,26.920000076293945,25.950000762939453,26.3700008392334,24.72355842590332,9800
2014-08-06,26.25,27.149999618530273,26.25,26.68000030517578,25.014204025268555,5600
2014-08-07,26.959999084472656,26.969999313354492,26.3700008392334,26.969999313354492,25.28609848022461,4000
2014-08-08,26.8700008392334,27.18000030517578,26.31999969482422,26.81999969482422,25.145463943481445,7600
2014-08-11,26.719999313354492,27.309999465942383,26.440000534057617,26.8700008392334,25.192340850830078,2800
2014-08-12,27.049999237060547,27.170000076293945,26.600000381469727,26.670000076293945,25.00482940673828,3000
2014-08-13,26.739999771118164,27.600000381469727,26.700000762939453,26.93000030517578,25.24859619140625,7000
2014-08-14,26.959999084472656,26.959999084472656,26.639999389648438,26.639999389648438,24.97669792175293,1100
2014-08-15,26.809999465942383,27.549999237060547,26.510000228881836,26.510000228881836,24.85481834411621,5300
2014-08-18,26.719999313354492,27.84000015258789,26.530000686645508,26.780000686645508,25.107959747314453,1400
2014-08-19,27.190000534057617,27.700000762939453,26.93000030517578,27.0,25.31422233581543,5200
2014-08-20,27.139999389648438,27.479999542236328,27.0,27.0,25.31422233581543,5300
2014-08-21,27.5,28.040000915527344,26.799999237060547,28.040000915527344,26.289289474487305,8200
2014-08-22,28.18000030517578,28.469999313354492,28.139999389648438,28.309999465942383,26.542430877685547,2000
2014-08-25,28.530000686645508,29.860000610351562,28.520000457763672,28.81999969482422,27.02058982849121,5800
2014-08-26,28.850000381469727,30.31999969482422,28.850000381469727,29.299999237060547,27.47062110900879,4800
2014-08-27,29.450000762939453,29.549999237060547,29.100000381469727,29.15999984741211,27.3393611907959,3000
2014-08-28,29.3799991607666,29.8799991607666,28.8799991607666,28.889999389648438,27.086219787597656,5600
2014-08-29,29.479999542236328,29.479999542236328,28.8799991607666,28.940000534057617,27.133098602294922,4700
2014-09-02,28.940000534057617,28.940000534057617,28.940000534057617,28.940000534057617,27.133098602294922,0
2014-09-03,29.059999465942383,29.200000762939453,28.899999618530273,29.100000381469727,27.28310775756836,1800
2014-09-04,29.469999313354492,29.489999771118164,28.700000762939453,28.729999542236328,26.936208724975586,3700
2014-09-05,28.549999237060547,29.0,28.450000762939453,28.920000076293945,27.11434555053711,5600
2014-09-08,28.809999465942383,29.100000381469727,28.030000686645508,28.829999923706055,27.029964447021484,5500
2014-09-09,28.920000076293945,28.920000076293945,28.399999618530273,28.700000762939453,26.908082962036133,3200
2014-09-10,28.81999969482422,29.299999237060547,28.09000015258789,28.200000762939453,26.439302444458008,12100
2014-09-11,28.239999771118164,28.479999542236328,28.0,28.1299991607666,26.373672485351562,4900
2014-09-12,28.170000076293945,28.389999389648438,27.200000762939453,27.600000381469727,25.87676429748535,10900
2014-09-15,27.809999465942383,27.809999465942383,27.280000686645508,27.469999313354492,25.7548770904541,3600
2014-09-16,27.649999618530273,28.010000228881836,27.649999618530273,28.010000228881836,26.26116371154785,2000
2014-09-17,28.459999084472656,29.68000030517578,28.010000228881836,28.93000030517578,27.123722076416016,18100
2014-09-18,29.290000915527344,29.290000915527344,28.09000015258789,28.09000015258789,26.33616828918457,1000
2014-09-19,28.110000610351562,31.229999542236328,28.010000228881836,31.229999542236328,29.28011703491211,14900
2014-09-22,30.549999237060547,30.549999237060547,28.8700008392334,29.0,27.189350128173828,7000
2014-09-23,29.0,29.540000915527344,27.93000030517578,27.93000030517578,26.1861572265625,5500
2014-09-24,28.18000030517578,28.18000030517578,27.600000381469727,27.610000610351562,25.88613510131836,4700
2014-09-25,28.040000915527344,28.09000015258789,27.3799991607666,27.5,25.78300666809082,3300
2014-09-26,28.100000381469727,28.100000381469727,27.450000762939453,27.510000228881836,25.792381286621094,2100
2014-09-29,28.31999969482422,28.31999969482422,27.200000762939453,27.899999618530273,26.158029556274414,2400
2014-09-30,28.700000762939453,28.700000762939453,28.700000762939453,28.700000762939453,26.908082962036133,1100
2014-10-01,29.5,29.5,28.25,28.450000762939453,26.673688888549805,1600
2014-10-02,28.450000762939453,28.450000762939453,28.450000762939453,28.450000762939453,26.673688888549805,0
2014-10-03,28.469999313354492,28.469999313354492,28.469999313354492,28.469999313354492,26.692441940307617,100
2014-10-06,28.469999313354492,28.469999313354492,28.469999313354492,28.469999313354492,26.692441940307617,100
2014-10-07,28.299999237060547,28.360000610351562,27.200000762939453,27.229999542236328,25.529863357543945,2600
2014-10-08,27.229999542236328,27.229999542236328,27.229999542236328,27.229999542236328,25.529863357543945,0
2014-10-09,27.229999542236328,27.229999542236328,27.229999542236328,27.229999542236328,25.529863357543945,0
2014-10-10,27.239999771118164,27.239999771118164,27.219999313354492,27.219999313354492,25.520488739013672,900
2014-10-13,27.219999313354492,27.219999313354492,27.219999313354492,27.219999313354492,25.520488739013672,0
2014-10-14,27.299999237060547,27.760000228881836,27.200000762939453,27.5,25.78300666809082,7600
2014-10-15,27.190000534057617,27.84000015258789,27.170000076293945,27.84000015258789,26.101778030395508,8300
2014-10-16,27.639999389648438,29.34000015258789,27.200000762939453,28.5,26.720569610595703,2100
2014-10-17,29.239999771118164,29.399999618530273,28.299999237060547,29.299999237060547,27.47062110900879,10700
2014-10-20,29.510000228881836,30.770000457763672,28.700000762939453,30.770000457763672,28.848840713500977,7800
2014-10-21,30.579999923706055,30.579999923706055,28.709999084472656,30.200000762939453,28.314430236816406,5700
2014-10-22,29.639999389648438,29.639999389648438,28.850000381469727,29.059999465942383,27.245603561401367,2600
2014-10-23,28.649999618530273,29.860000610351562,27.200000762939453,28.850000381469727,27.048715591430664,13900
2014-10-24,28.25,29.8799991607666,28.25,29.139999389648438,27.320608139038086,2200
2014-10-27,28.5,29.350000381469727,28.5,29.350000381469727,27.517499923706055,4500
2014-10-28,29.280000686645508,30.360000610351562,28.18000030517578,28.559999465942383,26.776824951171875,29300
2014-10-29,28.700000762939453,29.5,27.729999542236328,28.510000228881836,26.729944229125977,12200
2014-10-30,27.790000915527344,28.65999984741211,25.600000381469727,25.770000457763672,24.161020278930664,48900
2014-10-31,25.790000915527344,27.170000076293945,25.75,26.149999618530273,24.51729393005371,10300
2014-11-03,26.139999389648438,26.280000686645508,25.75,25.90999984741211,24.292278289794922,9100
2014-11-04,26.510000228881836,26.899999618530273,26.139999389648438,26.299999237060547,24.657928466796875,6400
2014-11-05,26.600000381469727,27.760000228881836,25.75,25.889999389648438,24.273527145385742,3600
2014-11-06,26.399999618530273,26.969999313354492,26.399999618530273,26.5,24.845441818237305,2300
2014-11-07,26.06999969482422,26.280000686645508,25.920000076293945,25.920000076293945,24.301654815673828,1700
2014-11-10,26.260000228881836,27.489999771118164,26.010000228881836,26.18000030517578,24.545419692993164,8600
2014-11-11,26.0,28.3799991607666,26.0,26.239999771118164,24.601673126220703,6500
2014-11-12,26.600000381469727,26.600000381469727,26.350000381469727,26.399999618530273,24.751686096191406,1000
2014-11-13,26.59000015258789,26.790000915527344,26.399999618530273,26.399999618530273,24.751686096191406,2500
2014-11-14,26.399999618530273,26.399999618530273,26.399999618530273,26.399999618530273,24.751686096191406,0
2014-11-17,26.489999771118164,26.5,26.489999771118164,26.5,24.845441818237305,400
2014-11-18,26.959999084472656,26.959999084472656,26.959999084472656,26.959999084472656,25.27672004699707,700
2014-11-19,27.540000915527344,27.600000381469727,27.540000915527344,27.600000381469727,25.87676429748535,1200
2014-11-20,27.600000381469727,27.690000534057617,27.600000381469727,27.690000534057617,25.96114158630371,1000
2014-11-21,27.899999618530273,27.899999618530273,27.389999389648438,27.389999389648438,25.679874420166016,1000
2014-11-24,27.649999618530273,27.649999618530273,26.510000228881836,26.93000030517578,25.24859619140625,3500
2014-11-25,26.93000030517578,26.93000030517578,26.93000030517578,26.93000030517578,25.24859619140625,0
2014-11-26,27.3799991607666,27.950000762939453,27.3799991607666,27.889999389648438,26.148653030395508,14000
2014-11-28,27.889999389648438,27.889999389648438,27.889999389648438,27.889999389648438,26.337520599365234,0
2014-12-01,27.889999389648438,27.889999389648438,27.889999389648438,27.889999389648438,26.337520599365234,600
2014-12-02,27.899999618530273,29.0,27.899999618530273,28.15999984741211,26.592493057250977,1000
2014-12-03,29.0,30.1200008392334,28.139999389648438,30.1200008392334,28.443391799926758,3400
2014-12-04,30.1299991607666,30.1299991607666,28.84000015258789,28.84000015258789,27.234642028808594,2100
2014-12-05,29.31999969482422,29.93000030517578,29.280000686645508,29.93000030517578,28.263967514038086,900
2014-12-08,29.90999984741211,30.25,29.90999984741211,30.25,28.5661563873291,2000
2014-12-09,30.440000534057617,30.440000534057617,29.709999084472656,30.209999084472656,28.528383255004883,4400
2014-12-10,30.0,30.049999237060547,30.0,30.0,28.3300724029541,3700
2014-12-11,30.0,30.440000534057617,29.5,29.639999389648438,27.990110397338867,9700
2014-12-12,29.200000762939453,30.389999389648438,29.0,29.170000076293945,27.54627227783203,5500
2014-12-15,27.239999771118164,28.579999923706055,26.450000762939453,26.809999465942383,25.31764030456543,4500
2014-12-16,26.899999618530273,27.209999084472656,26.899999618530273,27.1200008392334,25.61038589477539,800
2014-12-17,28.200000762939453,28.200000762939453,28.200000762939453,28.200000762939453,26.630268096923828,400
2014-12-18,27.399999618530273,30.06999969482422,27.399999618530273,29.020000457763672,27.40462303161621,5800
2014-12-19,30.06999969482422,30.59000015258789,30.0,30.59000015258789,28.887229919433594,12400
2014-12-22,30.5,30.5,30.0,30.0,28.3300724029541,1000
2014-12-23,30.040000915527344,30.040000915527344,30.040000915527344,30.040000915527344,28.36784553527832,400
2014-12-24,30.110000610351562,30.610000610351562,30.049999237060547,30.049999237060547,28.377286911010742,1600
2014-12-26,30.049999237060547,30.049999237060547,30.049999237060547,30.049999237060547,28.377286911010742,200
2014-12-29,31.020000457763672,31.020000457763672,30.559999465942383,30.559999465942383,28.85890007019043,400
2014-12-30,30.559999465942383,30.559999465942383,30.559999465942383,30.559999465942383,28.85890007019043,100
2014-12-31,30.559999465942383,30.559999465942383,30.559999465942383,30.559999465942383,28.85890007019043,0
2015-01-02,30.559999465942383,30.559999465942383,30.559999465942383,30.559999465942383,28.85890007019043,0
2015-01-05,29.809999465942383,30.8700008392334,29.809999465942383,30.8700008392334,29.151643753051758,1500
2015-01-06,31.079999923706055,31.079999923706055,31.079999923706055,31.079999923706055,29.349952697753906,200
2015-01-07,30.940000534057617,30.940000534057617,30.5,30.5,28.80223846435547,1300
2015-01-08,30.049999237060547,31.1200008392334,30.049999237060547,31.1200008392334,29.387727737426758,400
2015-01-09,30.93000030517578,30.93000030517578,30.93000030517578,30.93000030517578,29.208301544189453,100
2015-01-12,30.93000030517578,30.93000030517578,30.93000030517578,30.93000030517578,29.208301544189453,0
2015-01-13,31.0,31.0,30.5,30.510000228881836,28.81167984008789,3100
2015-01-14,30.969999313354492,30.969999313354492,30.969999313354492,30.969999313354492,29.246076583862305,200
2015-01-15,30.969999313354492,30.969999313354492,30.969999313354492,30.969999313354492,29.246076583862305,0
2015-01-16,31.0,31.75,31.0,31.75,29.982656478881836,4200
2015-01-20,30.989999771118164,30.989999771118164,30.450000762939453,30.450000762939453,28.755022048950195,700
2015-01-21,31.0,31.0,30.049999237060547,30.25,28.5661563873291,500
2015-01-22,31.6200008392334,31.75,30.860000610351562,30.860000610351562,29.142200469970703,3000
2015-01-23,31.299999237060547,31.299999237060547,30.260000228881836,31.299999237060547,29.557706832885742,800
2015-01-26,29.829999923706055,31.75,29.829999923706055,30.110000610351562,28.43394660949707,500
2015-01-27,30.350000381469727,30.850000381469727,30.350000381469727,30.420000076293945,28.726694107055664,2500
2015-01-28,30.350000381469727,31.100000381469727,29.549999237060547,30.579999923706055,28.877784729003906,19000
2015-01-29,29.549999237060547,31.75,29.549999237060547,31.75,29.982656478881836,10900
2015-01-30,30.239999771118164,30.600000381469727,29.639999389648438,29.639999389648438,27.990110397338867,6700
2015-02-02,29.959999084472656,31.559999465942383,29.850000381469727,30.639999389648438,28.934446334838867,9800
2015-02-03,30.639999389648438,30.639999389648438,30.639999389648438,30.639999389648438,28.934446334838867,0
2015-02-04,30.989999771118164,32.54999923706055,30.649999618530273,31.3799991607666,29.633255004882812,18900
2015-02-05,31.18000030517578,32.0,31.079999923706055,32.0,30.21874237060547,8900
2015-02-06,31.90999984741211,32.400001525878906,30.5,31.6200008392334,29.859893798828125,18700
2015-02-09,31.350000381469727,31.600000381469727,30.860000610351562,30.860000610351562,29.142200469970703,1300
2015-02-10,30.90999984741211,32.720001220703125,30.90999984741211,31.610000610351562,29.850452423095703,12900
2015-02-11,31.770000457763672,32.2400016784668,30.059999465942383,31.600000381469727,29.841007232666016,12000
2015-02-12,30.65999984741211,30.65999984741211,30.06999969482422,30.079999923706055,28.40561866760254,1600
2015-02-13,30.1200008392334,32.34000015258789,30.0,31.399999618530273,29.652141571044922,28800
2015-02-17,29.90999984741211,30.459999084472656,29.899999618530273,30.280000686645508,28.594486236572266,1100
2015-02-18,30.100000381469727,30.100000381469727,30.100000381469727,30.100000381469727,28.424503326416016,200
2015-02-19,31.579999923706055,31.59000015258789,30.700000762939453,31.3799991607666,29.633255004882812,900
2015-02-20,31.3799991607666,31.3799991607666,31.3799991607666,31.3799991607666,29.633255004882812,0
2015-02-23,31.459999084472656,32.09000015258789,31.459999084472656,32.0,30.21874237060547,2200
2015-02-24,32.0,32.0,32.0,32.0,30.21874237060547,0
2015-02-25,31.040000915527344,31.040000915527344,31.040000915527344,31.040000915527344,29.312183380126953,300
2015-02-26,32.130001068115234,32.130001068115234,32.130001068115234,32.130001068115234,30.341506958007812,400
2015-02-27,32.130001068115234,32.130001068115234,32.130001068115234,32.130001068115234,30.341506958007812,0
2015-03-02,30.979999542236328,31.110000610351562,30.56999969482422,30.969999313354492,29.246076583862305,6400
2015-03-03,30.399999618530273,32.189998626708984,30.399999618530273,31.799999237060547,30.029876708984375,8200
2015-03-04,31.5,31.5,30.549999237060547,30.93000030517578,29.208301544189453,8400
2015-03-05,30.950000762939453,32.13999938964844,30.950000762939453,31.489999771118164,29.737131118774414,14100
2015-03-06,31.549999237060547,31.549999237060547,30.360000610351562,30.799999237060547,29.085538864135742,23200
2015-03-09,31.579999923706055,31.979999542236328,31.1200008392334,31.510000228881836,29.756017684936523,14800
2015-03-10,31.510000228881836,31.510000228881836,31.510000228881836,31.510000228881836,29.756017684936523,0
2015-03-11,31.75,32.61000061035156,31.399999618530273,31.549999237060547,29.793790817260742,1100
2015-03-12,31.549999237060547,31.549999237060547,31.549999237060547,31.549999237060547,29.793790817260742,0
2015-03-13,31.739999771118164,31.770000457763672,31.5,31.770000457763672,30.001543045043945,2200
2015-03-16,31.770000457763672,31.770000457763672,31.770000457763672,31.770000457763672,30.001543045043945,0
2015-03-17,31.770000457763672,31.770000457763672,31.770000457763672,31.770000457763672,30.001543045043945,0
2015-03-18,32.369998931884766,32.369998931884766,32.369998931884766,32.369998931884766,30.568147659301758,100
2015-03-19,31.889999389648438,32.029998779296875,31.889999389648438,32.029998779296875,30.247072219848633,500
2015-03-20,31.200000762939453,31.25,31.200000762939453,31.25,29.51049041748047,1000
2015-03-23,31.25,31.25,31.25,31.25,29.51049041748047,0
2015-03-24,31.25,31.25,31.25,31.25,29.51049041748047,0
2015-03-25,32.189998626708984,32.310001373291016,32.029998779296875,32.20000076293945,30.407609939575195,3500
2015-03-26,31.93000030517578,31.93000030517578,31.56999969482422,31.639999389648438,29.878780364990234,400
2015-03-27,32.099998474121094,32.119998931884766,31.020000457763672,31.799999237060547,30.029876708984375,7000
2015-03-30,30.639999389648438,32.13999938964844,30.59000015258789,31.690000534057617,29.92599868774414,2500
2015-03-31,31.690000534057617,31.690000534057617,31.690000534057617,31.690000534057617,29.92599868774414,0
2015-04-01,30.68000030517578,30.68000030517578,30.0,30.0,28.3300724029541,1600
2015-04-02,30.610000610351562,30.68000030517578,29.600000381469727,30.09000015258789,28.41506004333496,7200
2015-04-06,31.0,32.189998626708984,31.0,32.189998626708984,30.398162841796875,20300
2015-04-07,32.09000015258789,32.220001220703125,32.09000015258789,32.220001220703125,30.426498413085938,500
2015-04-08,32.220001220703125,32.220001220703125,32.220001220703125,32.220001220703125,30.426498413085938,0
2015-04-09,32.0,32.0,31.75,31.799999237060547,30.029876708984375,800
2015-04-10,31.799999237060547,31.799999237060547,31.799999237060547,31.799999237060547,30.029876708984375,0
2015-04-13,32.13999938964844,32.13999938964844,32.13999938964844,32.13999938964844,30.350950241088867,100
2015-04-14,32.13999938964844,32.13999938964844,32.13999938964844,32.13999938964844,30.350950241088867,0
2015-04-15,32.13999938964844,32.13999938964844,31.899999618530273,31.899999618530273,30.12430763244629,600
2015-04-16,31.75,31.8700008392334,31.75,31.8700008392334,30.09598159790039,400
2015-04-17,31.75,31.770000457763672,31.100000381469727,31.399999618530273,29.652141571044922,7700
2015-04-20,31.399999618530273,31.399999618530273,31.399999618530273,31.399999618530273,29.652141571044922,0
2015-04-21,31.399999618530273,31.399999618530273,31.399999618530273,31.399999618530273,29.652141571044922,0
2015-04-22,31.739999771118164,32.119998931884766,31.739999771118164,32.119998931884766,30.332061767578125,1100
2015-04-23,32.119998931884766,32.119998931884766,32.119998931884766,32.119998931884766,30.332061767578125,0
2015-04-24,32.29999923706055,32.29999923706055,31.8799991607666,32.29999923706055,30.502042770385742,2100
2015-04-27,31.81999969482422,32.20000076293945,31.100000381469727,32.099998474121094,30.31317710876465,2400
2015-04-28,31.290000915527344,31.829999923706055,31.18000030517578,31.510000228881836,29.756017684936523,3300
2015-04-29,31.520000457763672,31.520000457763672,31.469999313354492,31.469999313354492,29.718244552612305,600
2015-04-30,31.299999237060547,31.309999465942383,31.299999237060547,31.309999465942383,29.567150115966797,300
2015-05-01,31.309999465942383,31.309999465942383,31.309999465942383,31.309999465942383,29.567150115966797,0
2015-05-04,32.0,32.189998626708984,31.809999465942383,32.189998626708984,30.398162841796875,4400
2015-05-05,32.189998626708984,32.189998626708984,32.189998626708984,32.189998626708984,30.398162841796875,0
2015-05-06,32.20000076293945,32.20000076293945,31.6200008392334,32.189998626708984,30.398162841796875,1100
2015-05-07,31.729999542236328,32.20000076293945,31.729999542236328,32.20000076293945,30.407609939575195,5900
2015-05-08,31.510000228881836,31.510000228881836,31.510000228881836,31.510000228881836,29.756017684936523,300
2015-05-11,31.450000762939453,32.119998931884766,30.979999542236328,31.1299991607666,29.397171020507812,29200
2015-05-12,31.079999923706055,31.3799991607666,30.979999542236328,31.3799991607666,29.633255004882812,1100
2015-05-13,31.1200008392334,31.40999984741211,31.1200008392334,31.200000762939453,29.463274002075195,700
2015-05-14,31.079999923706055,31.8700008392334,30.989999771118164,31.649999618530273,29.888225555419922,2700
2015-05-15,31.979999542236328,31.979999542236328,31.5,31.979999542236328,30.199853897094727,2400
2015-05-18,31.979999542236328,31.979999542236328,31.979999542236328,31.979999542236328,30.199853897094727,0
2015-05-19,31.56999969482422,31.56999969482422,31.5,31.5,29.74657440185547,600
2015-05-20,31.790000915527344,32.40999984741211,31.790000915527344,32.11000061035156,30.32261848449707,700
2015-05-21,32.560001373291016,32.560001373291016,32.0,32.0,30.21874237060547,800
2015-05-22,32.0,32.0,32.0,32.0,30.21874237060547,0
2015-05-26,32.0,32.0099983215332,32.0,32.0,30.21874237060547,600
2015-05-27,32.0,32.0,32.0,32.0,30.21874237060547,0
2015-05-28,32.0,32.209999084472656,32.0,32.209999084472656,30.41705322265625,1700
2015-05-29,32.7400016784668,32.7400016784668,32.52000045776367,32.52000045776367,30.709796905517578,300
2015-06-01,32.08000183105469,32.08000183105469,32.08000183105469,32.08000183105469,30.294292449951172,200
2015-06-02,32.380001068115234,32.380001068115234,32.0,32.0,30.21874237060547,1100
2015-06-03,32.0,32.0,32.0,32.0,30.21874237060547,0
2015-06-04,32.0,32.0,32.0,32.0,30.21874237060547,400
2015-06-05,32.63999938964844,32.63999938964844,32.63999938964844,32.63999938964844,30.823116302490234,100
2015-06-08,32.75,32.75,32.04999923706055,32.09000015258789,30.30373191833496,1800
2015-06-09,32.310001373291016,32.75,32.310001373291016,32.63999938964844,30.823116302490234,800
2015-06-10,32.70000076293945,32.75,32.650001525878906,32.650001525878906,30.832563400268555,900
2015-06-11,32.7400016784668,32.75,32.119998931884766,32.119998931884766,30.332061767578125,1000
2015-06-12,32.75,32.75,32.75,32.75,30.9269962310791,500
2015-06-15,32.72999954223633,32.72999954223633,32.529998779296875,32.529998779296875,30.719240188598633,400
2015-06-16,32.189998626708984,32.75,32.189998626708984,32.75,30.9269962310791,500
2015-06-17,32.400001525878906,32.7400016784668,32.04999923706055,32.7400016784668,30.91754913330078,600
2015-06-18,32.22999954223633,32.40999984741211,32.220001220703125,32.34000015258789,30.539817810058594,1000
2015-06-19,32.220001220703125,32.52000045776367,32.0,32.0,30.21874237060547,6800
2015-06-22,32.5099983215332,32.52000045776367,32.5099983215332,32.52000045776367,30.709796905517578,400
2015-06-23,32.58000183105469,32.58000183105469,32.58000183105469,32.58000183105469,30.766460418701172,300
2015-06-24,32.599998474121094,32.599998474121094,32.599998474121094,32.599998474121094,30.785341262817383,300
2015-06-25,32.599998474121094,32.599998474121094,32.599998474121094,32.599998474121094,30.785341262817383,0
2015-06-26,32.599998474121094,32.599998474121094,32.599998474121094,32.599998474121094,30.785341262817383,0
2015-06-29,32.599998474121094,32.599998474121094,32.599998474121094,32.599998474121094,30.785341262817383,0
2015-06-30,32.459999084472656,32.459999084472656,32.040000915527344,32.040000915527344,30.256515502929688,500
2015-07-01,32.029998779296875,32.029998779296875,32.029998779296875,32.029998779296875,30.247072219848633,600
2015-07-02,32.029998779296875,32.029998779296875,32.029998779296875,32.029998779296875,30.247072219848633,0
2015-07-06,32.029998779296875,32.029998779296875,32.029998779296875,32.029998779296875,30.247072219848633,0
2015-07-07,32.630001068115234,32.65999984741211,32.59000015258789,32.65999984741211,30.842002868652344,800
2015-07-08,32.75,32.75,32.220001220703125,32.220001220703125,30.426498413085938,200
2015-07-09,32.220001220703125,32.220001220703125,32.220001220703125,32.220001220703125,30.426498413085938,0
2015-07-10,32.220001220703125,32.220001220703125,32.220001220703125,32.220001220703125,30.426498413085938,0
2015-07-13,32.72999954223633,32.72999954223633,32.72999954223633,32.72999954223633,30.90810775756836,200
2015-07-14,32.08000183105469,32.08000183105469,32.08000183105469,32.08000183105469,30.294292449951172,200
2015-07-15,32.08000183105469,32.08000183105469,32.08000183105469,32.08000183105469,30.294292449951172,300
2015-07-16,32.70000076293945,32.70000076293945,32.29999923706055,32.29999923706055,30.502042770385742,300
2015-07-17,31.950000762939453,31.950000762939453,31.950000762939453,31.950000762939453,30.171527862548828,200
2015-07-20,32.040000915527344,32.040000915527344,31.959999084472656,31.959999084472656,30.18096923828125,1100
2015-07-21,32.02000045776367,32.02000045776367,31.950000762939453,32.0,30.21874237060547,700
2015-07-22,32.04999923706055,32.27000045776367,31.950000762939453,31.950000762939453,30.171527862548828,700
2015-07-23,31.950000762939453,31.950000762939453,31.950000762939453,31.950000762939453,30.171527862548828,2800
2015-07-24,31.40999984741211,32.5,31.350000381469727,31.700000762939453,29.935441970825195,1700
2015-07-27,31.75,31.75,31.43000030517578,31.43000030517578,29.68047332763672,400
2015-07-28,31.43000030517578,31.43000030517578,31.43000030517578,31.43000030517578,29.68047332763672,0
2015-07-29,31.43000030517578,31.43000030517578,31.43000030517578,31.43000030517578,29.68047332763672,0
2015-07-30,31.43000030517578,31.43000030517578,31.43000030517578,31.43000030517578,29.68047332763672,0
2015-07-31,31.350000381469727,31.350000381469727,31.350000381469727,31.350000381469727,29.604923248291016,900
2015-08-03,31.350000381469727,31.399999618530273,31.350000381469727,31.350000381469727,29.604923248291016,1600
2015-08-04,31.350000381469727,31.350000381469727,31.350000381469727,31.350000381469727,29.604923248291016,0
2015-08-05,31.3799991607666,31.459999084472656,31.350000381469727,31.350000381469727,29.604923248291016,1600
2015-08-06,31.420000076293945,31.420000076293945,31.420000076293945,31.420000076293945,29.67102813720703,100
2015-08-07,31.420000076293945,31.420000076293945,31.420000076293945,31.420000076293945,29.67102813720703,0
2015-08-10,31.420000076293945,31.420000076293945,31.420000076293945,31.420000076293945,29.67102813720703,0
2015-08-11,31.420000076293945,31.420000076293945,31.420000076293945,31.420000076293945,29.67102813720703,0
2015-08-12,31.350000381469727,31.360000610351562,31.350000381469727,31.360000610351562,29.61436653137207,3500
2015-08-13,30.520000457763672,31.049999237060547,30.309999465942383,30.43000030517578,28.736135482788086,1000
2015-08-14,30.43000030517578,30.43000030517578,30.43000030517578,30.43000030517578,28.736135482788086,0
2015-08-17,30.760000228881836,30.760000228881836,30.760000228881836,30.760000228881836,29.047767639160156,300
2015-08-18,30.760000228881836,30.760000228881836,30.760000228881836,30.760000228881836,29.047767639160156,0
2015-08-19,30.760000228881836,30.760000228881836,30.760000228881836,30.760000228881836,29.047767639160156,0
2015-08-20,30.760000228881836,30.760000228881836,30.760000228881836,30.760000228881836,29.047767639160156,0
2015-08-21,30.760000228881836,31.09000015258789,30.760000228881836,31.09000015258789,29.359397888183594,300
2015-08-24,30.299999237060547,30.299999237060547,30.040000915527344,30.040000915527344,28.36784553527832,900
2015-08-25,31.239999771118164,31.239999771118164,30.989999771118164,30.989999771118164,29.264963150024414,200
2015-08-26,30.75,30.75,30.600000381469727,30.600000381469727,28.89667320251465,800
2015-08-27,29.940000534057617,30.700000762939453,29.700000762939453,30.700000762939453,28.991107940673828,1600
2015-08-28,32.880001068115234,33.4900016784668,32.619998931884766,32.619998931884766,30.804229736328125,500
2015-08-31,32.40999984741211,32.40999984741211,31.5,31.5,29.74657440185547,400
2015-09-01,32.619998931884766,32.619998931884766,32.619998931884766,32.619998931884766,30.804229736328125,400
2015-09-02,32.619998931884766,32.619998931884766,31.81999969482422,31.81999969482422,30.048765182495117,600
2015-09-03,32.150001525878906,32.150001525878906,32.150001525878906,32.150001525878906,30.360393524169922,200
2015-09-04,32.0,32.619998931884766,30.989999771118164,32.619998931884766,30.804229736328125,55300
2015-09-08,32.119998931884766,32.9900016784668,29.020000457763672,29.079999923706055,27.46128273010254,21300
2015-09-09,30.010000228881836,30.010000228881836,27.219999313354492,27.3799991607666,25.855911254882812,20600
2015-09-10,27.579999923706055,28.229999542236328,27.1200008392334,27.15999984741211,25.64815902709961,7400
2015-09-11,27.34000015258789,27.799999237060547,26.920000076293945,27.09000015258789,25.582054138183594,10400
2015-09-14,27.020000457763672,27.309999465942383,26.920000076293945,26.920000076293945,25.42151641845703,12400
2015-09-15,27.040000915527344,27.239999771118164,26.5,26.510000228881836,25.034339904785156,11900
2015-09-16,26.510000228881836,26.780000686645508,25.06999969482422,25.31999969482422,23.91057777404785,14300
2015-09-17,25.020000457763672,27.25,25.0,26.989999771118164,25.487621307373047,25600
2015-09-18,27.0,27.0,24.399999618530273,25.399999618530273,23.986125946044922,77500
2015-09-21,25.610000610351562,26.139999389648438,25.200000762939453,25.200000762939453,23.79726219177246,2300
2015-09-22,25.59000015258789,25.709999084472656,24.780000686645508,24.780000686645508,23.4006404876709,5900
2015-09-23,25.079999923706055,25.079999923706055,24.200000762939453,24.84000015258789,23.457298278808594,12600
2015-09-24,24.760000228881836,24.979999542236328,24.25,24.260000228881836,22.909584045410156,5000
2015-09-25,24.43000030517578,24.979999542236328,24.149999618530273,24.309999465942383,22.956798553466797,3700
2015-09-28,24.170000076293945,24.65999984741211,24.100000381469727,24.25,22.9001407623291,2700
2015-09-29,24.5,24.639999389648438,24.0,24.420000076293945,23.060678482055664,3800
2015-09-30,24.889999389648438,25.239999771118164,24.15999984741211,24.729999542236328,23.353422164916992,3300
2015-10-01,25.0,25.0,24.1200008392334,24.6299991607666,23.25898551940918,2700
2015-10-02,24.479999542236328,24.639999389648438,23.5,24.219999313354492,22.871809005737305,9600
2015-10-05,24.889999389648438,24.979999542236328,24.5,24.940000534057617,23.551733016967773,4400
2015-10-06,24.670000076293945,26.209999084472656,24.670000076293945,25.190000534057617,23.78781509399414,3100
2015-10-07,25.729999542236328,25.729999542236328,25.030000686645508,25.059999465942383,23.66505241394043,1300
2015-10-08,25.709999084472656,27.309999465942383,25.010000228881836,26.329999923706055,24.86435890197754,8600
2015-10-09,26.739999771118164,27.18000030517578,26.0,26.709999084472656,25.22320556640625,9800
2015-10-12,26.979999542236328,27.350000381469727,26.600000381469727,26.709999084472656,25.22320556640625,1800
2015-10-13,27.049999237060547,27.049999237060547,26.5,26.5,25.0248966217041,2200
2015-10-14,26.5,26.5,26.5,26.5,25.0248966217041,0
2015-10-15,26.540000915527344,29.270000457763672,24.56999969482422,26.3700008392334,24.902132034301758,11100
2015-10-16,26.059999465942383,26.549999237060547,26.059999465942383,26.549999237060547,25.072113037109375,600
2015-10-19,26.450000762939453,26.450000762939453,25.899999618530273,25.950000762939453,24.505510330200195,1000
2015-10-20,25.639999389648438,25.68000030517578,25.600000381469727,25.600000381469727,24.17499351501465,1100
2015-10-21,25.450000762939453,26.100000381469727,25.15999984741211,25.350000381469727,23.93891143798828,3900
2015-10-22,25.350000381469727,25.450000762939453,24.0,24.3799991607666,23.022905349731445,18400
2015-10-23,24.579999923706055,25.149999618530273,24.579999923706055,25.149999618530273,23.750041961669922,2900
2015-10-26,25.0,25.059999465942383,25.0,25.010000228881836,23.617835998535156,1600
2015-10-27,25.239999771118164,25.239999771118164,25.239999771118164,25.239999771118164,23.83503532409668,900
2015-10-28,25.059999465942383,25.5,25.0,25.299999237060547,23.891693115234375,2800
2015-10-29,25.489999771118164,25.489999771118164,25.1200008392334,25.1200008392334,23.721712112426758,400
2015-10-30,25.479999542236328,25.479999542236328,25.420000076293945,25.420000076293945,24.00501251220703,600
2015-11-02,25.420000076293945,25.420000076293945,25.420000076293945,25.420000076293945,24.00501251220703,0
2015-11-03,25.420000076293945,25.420000076293945,25.420000076293945,25.420000076293945,24.00501251220703,0
2015-11-04,25.549999237060547,26.09000015258789,25.40999984741211,26.059999465942383,24.609390258789062,2400
2015-11-05,25.600000381469727,25.600000381469727,25.5,25.600000381469727,24.17499351501465,1000
2015-11-06,25.600000381469727,25.600000381469727,25.600000381469727,25.600000381469727,24.17499351501465,0
2015-11-09,25.329999923706055,25.59000015258789,25.329999923706055,25.59000015258789,24.165552139282227,2600
2015-11-10,25.59000015258789,25.59000015258789,25.59000015258789,25.59000015258789,24.165552139282227,0
2015-11-11,25.110000610351562,25.1299991607666,25.110000610351562,25.1299991607666,23.73115348815918,400
2015-11-12,25.1299991607666,25.1299991607666,25.1299991607666,25.1299991607666,23.73115348815918,0
2015-11-13,25.260000228881836,25.479999542236328,25.110000610351562,25.110000610351562,23.712268829345703,1000
2015-11-16,25.110000610351562,25.110000610351562,25.110000610351562,25.110000610351562,23.712268829345703,0
2015-11-17,25.110000610351562,25.110000610351562,25.110000610351562,25.110000610351562,23.712268829345703,0
2015-11-18,25.489999771118164,25.540000915527344,25.219999313354492,25.219999313354492,23.816146850585938,1300
2015-11-19,25.200000762939453,25.200000762939453,25.200000762939453,25.200000762939453,23.79726219177246,100
2015-11-20,25.100000381469727,25.920000076293945,25.100000381469727,25.920000076293945,24.477182388305664,3100
2015-11-23,26.0,26.600000381469727,26.0,26.600000381469727,25.11933135986328,4200
2015-11-24,26.600000381469727,26.600000381469727,26.600000381469727,26.600000381469727,25.11933135986328,0
2015-11-25,26.600000381469727,26.600000381469727,26.600000381469727,26.600000381469727,25.11933135986328,0
2015-11-27,26.579999923706055,26.600000381469727,26.579999923706055,26.600000381469727,25.11933135986328,600
2015-11-30,26.600000381469727,26.600000381469727,26.600000381469727,26.600000381469727,25.405864715576172,0
2015-12-01,26.5,26.5,26.360000610351562,26.360000610351562,25.1766357421875,300
2015-12-02,26.389999389648438,26.389999389648438,26.389999389648438,26.389999389648438,25.205289840698242,100
2015-12-03,26.389999389648438,26.389999389648438,26.389999389648438,26.389999389648438,25.205289840698242,0
2015-12-04,26.389999389648438,26.389999389648438,26.389999389648438,26.389999389648438,25.205289840698242,0
2015-12-07,26.389999389648438,26.389999389648438,26.389999389648438,26.389999389648438,25.205289840698242,0
2015-12-08,26.979999542236328,26.979999542236328,26.979999542236328,26.979999542236328,25.768802642822266,300
2015-12-09,26.979999542236328,26.979999542236328,26.979999542236328,26.979999542236328,25.768802642822266,0
2015-12-10,26.8799991607666,26.8799991607666,26.709999084472656,26.709999084472656,25.510923385620117,200
2015-12-11,26.709999084472656,26.709999084472656,26.709999084472656,26.709999084472656,25.510923385620117,0
2015-12-14,26.709999084472656,26.709999084472656,26.709999084472656,26.709999084472656,25.510923385620117,0
2015-12-15,26.709999084472656,26.709999084472656,26.709999084472656,26.709999084472656,25.510923385620117,0
2015-12-16,26.709999084472656,26.709999084472656,26.709999084472656,26.709999084472656,25.510923385620117,0
2015-12-17,26.299999237060547,26.299999237060547,26.299999237060547,26.299999237060547,25.11932945251465,100
2015-12-18,26.760000228881836,26.989999771118164,26.479999542236328,26.989999771118164,25.77835464477539,1500
2015-12-21,26.989999771118164,26.989999771118164,26.989999771118164,26.989999771118164,25.77835464477539,0
2015-12-22,26.299999237060547,26.329999923706055,26.299999237060547,26.299999237060547,25.11932945251465,300
2015-12-23,26.760000228881836,26.760000228881836,26.06999969482422,26.06999969482422,24.899656295776367,1100
2015-12-24,26.06999969482422,26.06999969482422,26.06999969482422,26.06999969482422,24.899656295776367,0
2015-12-28,26.010000228881836,26.260000228881836,26.010000228881836,26.149999618530273,24.976062774658203,700
2015-12-29,26.149999618530273,26.149999618530273,26.149999618530273,26.149999618530273,24.976062774658203,0
2015-12-30,26.34000015258789,26.34000015258789,26.020000457763672,26.020000457763672,24.85190200805664,500
2015-12-31,26.5,26.5,26.020000457763672,26.020000457763672,24.85190200805664,300
2016-01-04,26.020000457763672,26.020000457763672,26.020000457763672,26.020000457763672,24.85190200805664,0
2016-01-05,26.020000457763672,26.020000457763672,26.020000457763672,26.020000457763672,24.85190200805664,0
2016-01-06,26.020000457763672,26.020000457763672,26.020000457763672,26.020000457763672,24.85190200805664,0
2016-01-07,26.020000457763672,26.020000457763672,26.020000457763672,26.020000457763672,24.85190200805664,0
2016-01-08,26.020000457763672,26.020000457763672,26.020000457763672,26.020000457763672,24.85190200805664,0
2016-01-11,26.020000457763672,26.020000457763672,26.020000457763672,26.020000457763672,24.85190200805664,0
2016-01-12,26.0,26.0,25.799999237060547,25.799999237060547,24.641775131225586,2400
2016-01-13,25.5,25.5,25.440000534057617,25.440000534057617,24.29793930053711,2500
2016-01-14,25.440000534057617,25.440000534057617,24.75,24.75,23.638916015625,8000
2016-01-15,24.760000228881836,24.790000915527344,24.5,24.790000915527344,23.677120208740234,2000
2016-01-19,24.760000228881836,24.760000228881836,24.75,24.75,23.638916015625,1400
2016-01-20,24.690000534057617,24.690000534057617,23.90999984741211,23.950000762939453,22.874828338623047,6000
2016-01-21,23.989999771118164,24.0,23.799999237060547,23.799999237060547,22.73155975341797,3700
2016-01-22,23.989999771118164,24.5,23.760000228881836,24.489999771118164,23.39058494567871,4000
2016-01-25,24.290000915527344,24.489999771118164,24.290000915527344,24.489999771118164,23.39058494567871,500
2016-01-26,24.059999465942383,24.5,24.059999465942383,24.5,23.400135040283203,400
2016-01-27,24.5,24.5,24.5,24.5,23.400135040283203,100
2016-01-28,24.5,24.989999771118164,24.309999465942383,24.309999465942383,23.218664169311523,600
2016-01-29,24.040000915527344,24.040000915527344,24.040000915527344,24.040000915527344,22.96078872680664,300
2016-02-01,24.350000381469727,24.350000381469727,24.350000381469727,24.350000381469727,23.25687026977539,200
2016-02-02,24.959999084472656,24.959999084472656,23.989999771118164,24.0,22.922582626342773,2800
2016-02-03,24.0,24.200000762939453,23.989999771118164,24.0,22.922582626342773,1400
2016-02-04,24.139999389648438,24.18000030517578,23.989999771118164,24.0,22.922582626342773,1300
2016-02-05,24.0,24.0,23.84000015258789,23.959999084472656,22.88437843322754,1000
2016-02-08,23.920000076293945,23.920000076293945,22.270000457763672,23.459999084472656,22.406822204589844,2600
2016-02-09,23.100000381469727,23.780000686645508,23.100000381469727,23.780000686645508,22.712459564208984,1200
2016-02-10,23.010000228881836,23.010000228881836,22.5,23.0,21.96747589111328,600
2016-02-11,23.149999618530273,23.149999618530273,23.149999618530273,23.149999618530273,22.110742568969727,200
2016-02-12,23.270000457763672,23.270000457763672,22.520000457763672,22.520000457763672,21.509023666381836,1000
2016-02-16,22.760000228881836,22.760000228881836,22.760000228881836,22.760000228881836,21.738250732421875,200
2016-02-17,22.540000915527344,22.540000915527344,22.540000915527344,22.540000915527344,21.528125762939453,200
2016-02-18,23.0,23.0,23.0,23.0,21.96747589111328,200
2016-02-19,22.549999237060547,22.549999237060547,22.549999237060547,22.549999237060547,21.537675857543945,200
2016-02-22,23.25,23.3799991607666,23.0,23.010000228881836,21.977025985717773,7600
2016-02-23,23.450000762939453,23.450000762939453,23.420000076293945,23.420000076293945,22.368619918823242,200
2016-02-24,23.93000030517578,23.940000534057617,23.93000030517578,23.940000534057617,22.865276336669922,200
2016-02-25,23.530000686645508,23.530000686645508,23.190000534057617,23.190000534057617,22.148944854736328,600
2016-02-26,22.8799991607666,22.8799991607666,22.690000534057617,22.690000534057617,21.6713924407959,800
2016-02-29,22.5,22.5,22.5,22.5,21.489919662475586,1600
2016-03-01,22.5,22.5,21.950000762939453,22.0,21.012367248535156,23000
2016-03-02,22.09000015258789,22.100000381469727,22.09000015258789,22.100000381469727,21.107877731323242,1900
2016-03-03,22.09000015258789,22.75,22.09000015258789,22.75,21.72869873046875,3500
2016-03-04,22.899999618530273,23.399999618530273,22.850000381469727,23.059999465942383,22.024778366088867,3100
2016-03-07,23.5,23.5,23.489999771118164,23.5,22.445030212402344,1100
2016-03-08,23.09000015258789,23.09000015258789,23.079999923706055,23.079999923706055,22.04388427734375,400
2016-03-09,23.489999771118164,23.489999771118164,23.25,23.25,22.20625114440918,600
2016-03-10,23.559999465942383,23.559999465942383,23.559999465942383,23.559999465942383,22.502336502075195,100
2016-03-11,23.600000381469727,23.600000381469727,23.600000381469727,23.600000381469727,22.540538787841797,100
2016-03-14,23.600000381469727,23.600000381469727,23.600000381469727,23.600000381469727,22.540538787841797,100
2016-03-15,23.600000381469727,23.649999618530273,23.600000381469727,23.600000381469727,22.540538787841797,800
2016-03-16,23.65999984741211,23.65999984741211,23.65999984741211,23.65999984741211,22.59784507751465,100
2016-03-17,23.739999771118164,23.739999771118164,23.559999465942383,23.559999465942383,22.502336502075195,500
2016-03-18,23.81999969482422,24.0,23.81999969482422,24.0,22.922582626342773,1800
2016-03-21,24.0,24.040000915527344,24.0,24.020000457763672,22.94168472290039,700
2016-03-22,24.010000228881836,24.06999969482422,24.010000228881836,24.06999969482422,22.989439010620117,300
2016-03-23,24.239999771118164,24.270000457763672,24.239999771118164,24.270000457763672,23.180463790893555,400
2016-03-24,24.149999618530273,24.31999969482422,24.110000610351562,24.110000610351562,23.027645111083984,400
2016-03-28,24.5,24.56999969482422,24.5,24.56999969482422,23.466991424560547,1400
2016-03-29,24.5,24.5,24.5,24.5,23.400135040283203,700
2016-03-30,24.5,24.510000228881836,24.5,24.510000228881836,23.40968894958496,300
2016-03-31,24.6299991607666,24.6299991607666,24.559999465942383,24.559999465942383,23.457441329956055,400
2016-04-01,24.559999465942383,24.559999465942383,24.559999465942383,24.559999465942383,23.457441329956055,0
2016-04-04,24.700000762939453,25.420000076293945,24.649999618530273,25.420000076293945,24.27883529663086,2900
2016-04-05,25.399999618530273,25.5,25.399999618530273,25.5,24.355243682861328,300
2016-04-06,25.5,25.5,25.5,25.5,24.355243682861328,200
2016-04-07,25.0,25.0,25.0,25.0,23.877689361572266,100
2016-04-08,25.0,25.0,25.0,25.0,23.877689361572266,200
2016-04-11,25.5,25.5,25.489999771118164,25.489999771118164,24.345691680908203,500
2016-04-12,25.0,25.0,25.0,25.0,23.877689361572266,200
2016-04-13,25.450000762939453,25.450000762939453,25.450000762939453,25.450000762939453,24.3074893951416,500
2016-04-14,25.5,25.5,25.020000457763672,25.020000457763672,23.896793365478516,800
2016-04-15,25.3799991607666,25.959999084472656,25.209999084472656,25.209999084472656,24.078262329101562,600
2016-04-18,26.0,26.5,26.0,26.5,25.310352325439453,800
2016-04-19,25.5,25.889999389648438,25.149999618530273,25.889999389648438,24.72773551940918,12100
2016-04-20,25.459999084472656,25.799999237060547,25.450000762939453,25.799999237060547,24.641775131225586,900
2016-04-21,25.5,25.93000030517578,25.5,25.559999465942383,24.41254997253418,4400
2016-04-22,25.510000228881836,26.0,25.510000228881836,26.0,24.832799911499023,1400
2016-04-25,25.809999465942383,26.0,25.809999465942383,26.0,24.832799911499023,300
2016-04-26,26.450000762939453,26.459999084472656,25.600000381469727,26.399999618530273,25.214841842651367,3700
2016-04-27,25.8700008392334,25.8700008392334,25.149999618530273,25.149999618530273,24.02095603942871,8200
2016-04-28,25.15999984741211,25.860000610351562,25.06999969482422,25.06999969482422,23.944547653198242,7500
2016-04-29,25.06999969482422,25.06999969482422,25.06999969482422,25.06999969482422,23.944547653198242,0
2016-05-02,26.309999465942383,26.309999465942383,25.770000457763672,25.799999237060547,24.641775131225586,700
2016-05-03,25.799999237060547,25.799999237060547,25.799999237060547,25.799999237060547,24.641775131225586,0
2016-05-04,25.799999237060547,25.799999237060547,25.799999237060547,25.799999237060547,24.641775131225586,400
2016-05-05,26.1200008392334,26.1200008392334,25.3700008392334,25.3700008392334,24.231082916259766,400
2016-05-06,25.260000228881836,25.780000686645508,25.260000228881836,25.299999237060547,24.164222717285156,9700
2016-05-09,25.079999923706055,25.969999313354492,25.079999923706055,25.969999313354492,24.804141998291016,4500
2016-05-10,25.75,26.15999984741211,25.350000381469727,25.81999969482422,24.660877227783203,5800
2016-05-11,26.020000457763672,26.489999771118164,25.420000076293945,26.389999389648438,25.205289840698242,5000
2016-05-12,26.450000762939453,27.0,26.190000534057617,26.600000381469727,25.405864715576172,2600
2016-05-13,26.829999923706055,27.0,26.389999389648438,26.889999389648438,25.682844161987305,2900
2016-05-16,26.459999084472656,27.5,26.459999084472656,27.5,26.265459060668945,2400
2016-05-17,26.860000610351562,26.860000610351562,26.860000610351562,26.860000610351562,25.654191970825195,300
2016-05-18,26.5,27.889999389648438,26.5,27.889999389648438,26.637948989868164,2500
2016-05-19,27.649999618530273,28.0,27.510000228881836,28.0,26.743013381958008,900
2016-05-20,28.0,28.989999771118164,28.0,28.969999313354492,27.669469833374023,1400
2016-05-23,29.0,31.75,28.649999618530273,31.75,30.324665069580078,12400
2016-05-24,31.649999618530273,31.75,30.850000381469727,31.729999542236328,30.305564880371094,10300
2016-05-25,31.020000457763672,32.5,31.020000457763672,32.5,31.040996551513672,4700
2016-05-26,31.719999313354492,32.5,31.719999313354492,31.969999313354492,30.5347900390625,2600
2016-05-27,31.850000381469727,32.75,31.149999618530273,31.889999389648438,30.458383560180664,70100
2016-05-31,31.8799991607666,32.099998474121094,31.399999618530273,31.969999313354492,30.5347900390625,8300
2016-06-01,32.04999923706055,32.099998474121094,31.549999237060547,31.809999465942383,30.381973266601562,2300
2016-06-02,31.600000381469727,32.06999969482422,31.270000457763672,31.6200008392334,30.200502395629883,3900
2016-06-03,31.600000381469727,31.959999084472656,31.209999084472656,31.209999084472656,29.80890655517578,4000
2016-06-06,31.56999969482422,33.31999969482422,31.56999969482422,32.290000915527344,30.840425491333008,9100
2016-06-07,32.0,32.54999923706055,32.0,32.220001220703125,30.773569107055664,8000
2016-06-08,32.2599983215332,32.2599983215332,32.0,32.2400016784668,30.79267120361328,1800
2016-06-09,32.2400016784668,32.2400016784668,32.2400016784668,32.2400016784668,30.79267120361328,200
2016-06-10,31.93000030517578,32.599998474121094,31.8700008392334,32.599998474121094,31.136505126953125,3600
2016-06-13,31.309999465942383,32.22999954223633,30.559999465942383,30.860000610351562,29.474620819091797,3200
2016-06-14,30.6200008392334,31.110000610351562,30.270000457763672,30.270000457763672,28.911108016967773,19300
2016-06-15,30.3700008392334,31.399999618530273,30.299999237060547,31.010000228881836,29.617887496948242,10200
2016-06-16,30.969999313354492,30.969999313354492,30.260000228881836,30.309999465942383,28.949312210083008,5600
2016-06-17,30.3700008392334,30.700000762939453,30.15999984741211,30.170000076293945,28.815595626831055,2500
2016-06-20,30.15999984741211,30.25,29.559999465942383,29.559999465942383,28.232980728149414,4000
2016-06-21,29.209999084472656,29.489999771118164,29.209999084472656,29.40999984741211,28.08971405029297,4300
2016-06-22,29.5,30.5,29.5,30.5,29.130781173706055,4100
2016-06-23,32.0,32.0,29.610000610351562,29.610000610351562,28.28073501586914,6000
2016-06-24,28.969999313354492,28.969999313354492,27.209999084472656,27.209999084472656,25.988475799560547,56300
2016-06-27,27.350000381469727,27.350000381469727,25.079999923706055,25.75,24.59402084350586,6600
2016-06-28,26.6299991607666,26.860000610351562,26.399999618530273,26.68000030517578,25.482271194458008,3500
2016-06-29,28.0,30.0,27.969999313354492,30.0,28.653228759765625,8300
2016-06-30,30.0,31.299999237060547,30.0,30.649999618530273,29.274045944213867,2300
2016-07-01,31.15999984741211,31.15999984741211,31.15999984741211,31.15999984741211,29.761152267456055,600
2016-07-05,30.610000610351562,30.610000610351562,30.0,30.0,28.653228759765625,2800
2016-07-06,30.780000686645508,31.25,30.559999465942383,31.18000030517578,29.780256271362305,1000
2016-07-07,30.15999984741211,30.549999237060547,30.040000915527344,30.149999618530273,28.79649543762207,3800
2016-07-08,30.290000915527344,30.6299991607666,30.290000915527344,30.329999923706055,28.968414306640625,1400
2016-07-11,31.25,31.25,30.56999969482422,30.670000076293945,29.293149948120117,3200
2016-07-12,30.5,31.709999084472656,30.5,30.989999771118164,29.598785400390625,3100
2016-07-13,31.719999313354492,31.75,31.719999313354492,31.75,30.324665069580078,700
2016-07-14,31.989999771118164,31.989999771118164,31.65999984741211,31.8799991607666,30.448829650878906,900
2016-07-15,31.889999389648438,31.889999389648438,31.889999389648438,31.889999389648438,30.458383560180664,400
2016-07-18,31.959999084472656,32.0,31.959999084472656,32.0,30.563444137573242,3400
2016-07-19,31.799999237060547,32.099998474121094,31.510000228881836,32.040000915527344,30.601648330688477,3600
2016-07-20,32.040000915527344,32.29999923706055,31.5,32.29999923706055,30.8499755859375,5700
2016-07-21,32.15999984741211,32.29999923706055,31.5,32.119998931884766,30.678054809570312,1700
2016-07-22,31.5,32.27000045776367,31.5,32.27000045776367,30.821325302124023,900
2016-07-25,32.16999816894531,32.16999816894531,32.16999816894531,32.16999816894531,30.725811004638672,200
2016-07-26,32.2400016784668,32.400001525878906,32.2400016784668,32.38999938964844,30.93593406677246,1300
2016-07-27,31.950000762939453,32.2400016784668,31.950000762939453,32.2400016784668,30.79267120361328,700
2016-07-28,32.2400016784668,32.2400016784668,32.2400016784668,32.2400016784668,30.79267120361328,200
2016-07-29,32.189998626708984,32.189998626708984,32.189998626708984,32.189998626708984,30.744911193847656,500
2016-08-01,32.0,32.0,31.90999984741211,31.90999984741211,30.47748374938965,500
2016-08-02,31.6299991607666,31.6299991607666,31.6299991607666,31.6299991607666,30.210052490234375,400
2016-08-03,31.6299991607666,31.6299991607666,31.6299991607666,31.6299991607666,30.210052490234375,0
2016-08-04,32.099998474121094,32.099998474121094,32.099998474121094,32.099998474121094,30.658954620361328,300
2016-08-05,32.189998626708984,32.189998626708984,32.189998626708984,32.189998626708984,30.744911193847656,200
2016-08-08,32.310001373291016,32.310001373291016,32.310001373291016,32.310001373291016,30.859527587890625,400
2016-08-09,31.780000686645508,31.959999084472656,31.75,31.959999084472656,30.525239944458008,1000
2016-08-10,32.0,32.0,31.81999969482422,32.0,30.563444137573242,4400
2016-08-11,32.0,32.0,32.0,32.0,30.563444137573242,0
2016-08-12,31.760000228881836,31.760000228881836,31.760000228881836,31.760000228881836,30.334217071533203,300
2016-08-15,31.760000228881836,32.38999938964844,31.75,32.38999938964844,30.93593406677246,1200
2016-08-16,31.81999969482422,31.81999969482422,31.81999969482422,31.81999969482422,30.39152717590332,300
2016-08-17,31.81999969482422,31.81999969482422,31.81999969482422,31.81999969482422,30.39152717590332,0
2016-08-18,31.81999969482422,31.81999969482422,31.81999969482422,31.81999969482422,30.39152717590332,0
2016-08-19,32.18000030517578,32.369998931884766,31.799999237060547,31.799999237060547,30.37242317199707,800
2016-08-22,32.08000183105469,32.08000183105469,32.06999969482422,32.08000183105469,30.639854431152344,1500
2016-08-23,32.0,32.0,32.0,32.0,30.563444137573242,600
2016-08-24,32.2400016784668,32.2400016784668,32.2400016784668,32.2400016784668,30.79267120361328,200
2016-08-25,32.08000183105469,32.18000030517578,32.08000183105469,32.18000030517578,30.735361099243164,1400
2016-08-26,32.369998931884766,32.369998931884766,32.0,32.08000183105469,30.639854431152344,600
2016-08-29,32.08000183105469,32.08000183105469,32.08000183105469,32.08000183105469,30.639854431152344,0
2016-08-30,32.349998474121094,32.349998474121094,32.0099983215332,32.0099983215332,30.572994232177734,700
2016-08-31,31.75,31.829999923706055,31.75,31.829999923706055,30.40107536315918,500
2016-09-01,31.829999923706055,31.829999923706055,31.829999923706055,31.829999923706055,30.40107536315918,0
2016-09-02,31.5,32.0,31.5,32.0,30.563444137573242,900
2016-09-06,31.969999313354492,32.0,30.979999542236328,31.799999237060547,30.37242317199707,1400
2016-09-07,31.989999771118164,32.0,31.360000610351562,31.360000610351562,29.952173233032227,400
2016-09-08,31.360000610351562,31.360000610351562,31.360000610351562,31.360000610351562,29.952173233032227,0
2016-09-09,31.959999084472656,31.959999084472656,31.0,31.0,29.60833740234375,800
2016-09-12,32.0,32.0,31.799999237060547,31.850000381469727,30.420177459716797,800
2016-09-13,31.959999084472656,31.959999084472656,31.459999084472656,31.459999084472656,30.047685623168945,900
2016-09-14,31.559999465942383,31.989999771118164,31.559999465942383,31.989999771118164,30.553892135620117,700
2016-09-15,31.829999923706055,31.940000534057617,31.829999923706055,31.899999618530273,30.467931747436523,700
2016-09-16,31.920000076293945,31.920000076293945,30.920000076293945,30.920000076293945,29.53192710876465,4400
2016-09-19,31.020000457763672,31.020000457763672,29.860000610351562,30.700000762939453,29.321805953979492,1200
2016-09-20,29.8700008392334,30.059999465942383,29.6299991607666,29.6299991607666,28.299837112426758,2100
2016-09-21,28.790000915527344,29.959999084472656,28.790000915527344,29.649999618530273,28.318939208984375,2300
2016-09-22,30.1200008392334,31.579999923706055,30.0,31.540000915527344,30.124095916748047,4300
2016-09-23,31.540000915527344,31.540000915527344,31.540000915527344,31.540000915527344,30.124095916748047,0
2016-09-26,30.950000762939453,30.950000762939453,30.229999542236328,30.229999542236328,28.87290382385254,400
2016-09-27,30.0,30.25,30.0,30.0,28.653228759765625,1000
2016-09-28,31.209999084472656,31.209999084472656,30.639999389648438,30.639999389648438,29.264497756958008,700
2016-09-29,31.479999542236328,31.479999542236328,31.049999237060547,31.049999237060547,29.656091690063477,1300
2016-09-30,30.899999618530273,31.690000534057617,30.899999618530273,31.690000534057617,30.26736068725586,1500
2016-10-03,30.809999465942383,31.110000610351562,30.809999465942383,31.110000610351562,29.71339988708496,400
2016-10-04,32.040000915527344,32.040000915527344,30.969999313354492,30.969999313354492,29.579683303833008,2200
2016-10-05,31.700000762939453,31.729999542236328,30.979999542236328,30.979999542236328,29.589235305786133,1400
2016-10-06,31.56999969482422,31.56999969482422,31.510000228881836,31.510000228881836,30.095439910888672,400
2016-10-07,31.09000015258789,31.09000015258789,31.09000015258789,31.09000015258789,29.69429588317871,500
2016-10-10,31.329999923706055,31.8799991607666,31.329999923706055,31.8799991607666,30.448829650878906,1500
2016-10-11,32.06999969482422,32.06999969482422,30.799999237060547,31.43000030517578,30.019033432006836,3100
2016-10-12,31.43000030517578,31.43000030517578,31.43000030517578,31.43000030517578,30.019033432006836,0
2016-10-13,31.899999618530273,31.899999618530273,30.850000381469727,30.850000381469727,29.465070724487305,1900
2016-10-14,31.049999237060547,31.8799991607666,31.049999237060547,31.8799991607666,30.448829650878906,3100
2016-10-17,31.149999618530273,31.149999618530273,31.149999618530273,31.149999618530273,29.751602172851562,200
2016-10-18,31.209999084472656,31.770000457763672,31.0,31.770000457763672,30.343767166137695,4700
2016-10-19,31.729999542236328,31.729999542236328,31.350000381469727,31.5,30.08588981628418,1800
2016-10-20,31.149999618530273,31.350000381469727,30.75,31.18000030517578,29.780256271362305,46300
2016-10-21,31.459999084472656,31.559999465942383,31.299999237060547,31.299999237060547,29.894866943359375,1300
2016-10-24,31.5,31.549999237060547,31.200000762939453,31.549999237060547,30.133644104003906,1800
2016-10-25,31.469999313354492,31.469999313354492,31.059999465942383,31.18000030517578,29.780256271362305,3300
2016-10-26,31.049999237060547,31.549999237060547,30.5,30.860000610351562,29.474620819091797,7000
2016-10-27,31.030000686645508,31.389999389648438,30.979999542236328,31.309999465942383,29.9044189453125,3700
2016-10-28,31.350000381469727,31.459999084472656,31.260000228881836,31.459999084472656,30.047685623168945,1600
2016-10-31,31.100000381469727,31.889999389648438,31.0,31.149999618530273,29.751602172851562,3200
2016-11-01,31.049999237060547,31.6200008392334,30.5,31.049999237060547,29.656091690063477,1700
2016-11-02,31.299999237060547,31.829999923706055,29.170000076293945,29.989999771118164,28.6436767578125,6600
2016-11-03,30.209999084472656,30.450000762939453,28.8799991607666,29.299999237060547,27.98465347290039,7300
2016-11-04,29.989999771118164,29.989999771118164,28.700000762939453,28.940000534057617,27.64081573486328,14200
2016-11-07,29.399999618530273,30.90999984741211,29.399999618530273,30.5,29.130781173706055,10900
2016-11-08,30.600000381469727,31.020000457763672,29.600000381469727,29.600000381469727,28.27118682861328,14400
2016-11-09,29.219999313354492,31.040000915527344,29.219999313354492,29.950000762939453,28.6054744720459,15100
2016-11-10,30.309999465942383,30.850000381469727,30.299999237060547,30.850000381469727,29.465070724487305,1500
2016-11-11,30.860000610351562,31.549999237060547,28.979999542236328,31.549999237060547,30.133644104003906,7200
2016-11-14,31.780000686645508,31.780000686645508,31.0,31.610000610351562,30.19095230102539,2200
2016-11-15,31.200000762939453,31.5,31.049999237060547,31.049999237060547,29.656091690063477,1600
2016-11-16,31.229999542236328,31.559999465942383,31.06999969482422,31.559999465942383,30.14319610595703,2800
2016-11-17,31.59000015258789,31.68000030517578,31.459999084472656,31.68000030517578,30.257808685302734,1900
2016-11-18,31.459999084472656,31.75,31.3799991607666,31.75,30.324665069580078,2600
2016-11-21,31.510000228881836,31.510000228881836,31.510000228881836,31.510000228881836,30.095439910888672,300
2016-11-22,32.0,32.22999954223633,31.530000686645508,31.530000686645508,30.114543914794922,2100
2016-11-23,31.979999542236328,31.989999771118164,31.489999771118164,31.489999771118164,30.076337814331055,800
2016-11-25,32.0,32.0,32.0,32.0,30.563444137573242,700
2016-11-28,32.0,32.0,31.829999923706055,31.899999618530273,30.467931747436523,2300
2016-11-29,31.260000228881836,31.260000228881836,29.989999771118164,30.600000381469727,29.50375747680664,11300
2016-11-30,30.579999923706055,31.649999618530273,30.299999237060547,31.450000762939453,30.32330894470215,10800
2016-12-01,31.329999923706055,31.5,30.450000762939453,30.450000762939453,29.359130859375,2800
2016-12-02,30.489999771118164,31.15999984741211,30.299999237060547,30.780000686645508,29.677309036254883,11500
2016-12-05,30.139999389648438,31.299999237060547,30.139999389648438,31.010000228881836,29.89906883239746,4300
2016-12-06,31.1299991607666,31.399999618530273,30.479999542236328,31.350000381469727,30.22688865661621,8600
2016-12-07,30.850000381469727,31.299999237060547,30.6200008392334,31.200000762939453,30.08226203918457,10400
2016-12-08,31.299999237060547,31.5,31.020000457763672,31.40999984741211,30.284740447998047,3100
2016-12-09,31.049999237060547,31.760000228881836,30.790000915527344,30.790000915527344,29.68695068359375,5700
2016-12-12,30.649999618530273,30.649999618530273,30.649999618530273,30.649999618530273,29.551965713500977,900
2016-12-13,31.389999389648438,31.389999389648438,31.389999389648438,31.389999389648438,30.26545524597168,300
2016-12-14,31.989999771118164,31.989999771118164,31.18000030517578,31.18000030517578,30.062978744506836,800
2016-12-15,30.8799991607666,30.8799991607666,30.8799991607666,30.8799991607666,29.773723602294922,500
2016-12-16,31.149999618530273,31.25,30.1299991607666,30.1299991607666,29.050594329833984,12700
2016-12-19,30.399999618530273,30.940000534057617,30.1200008392334,30.700000762939453,29.600175857543945,4100
2016-12-20,30.540000915527344,31.399999618530273,30.540000915527344,30.799999237060547,29.696590423583984,13600
2016-12-21,30.639999389648438,31.440000534057617,30.639999389648438,31.020000457763672,29.90871238708496,6600
2016-12-22,30.700000762939453,31.200000762939453,29.979999542236328,30.850000381469727,29.744800567626953,13100
2016-12-23,30.84000015258789,31.110000610351562,30.84000015258789,30.959999084472656,29.850860595703125,7700
2016-12-27,30.809999465942383,31.15999984741211,30.809999465942383,30.809999465942383,29.706233978271484,5400
2016-12-28,30.860000610351562,32.310001373291016,30.860000610351562,31.5,30.37151527404785,1400
2016-12-29,31.200000762939453,31.200000762939453,31.15999984741211,31.15999984741211,30.0436954498291,1000
2016-12-30,31.200000762939453,32.38999938964844,31.200000762939453,31.729999542236328,30.59327507019043,2600
2017-01-03,30.18000030517578,31.850000381469727,30.0,31.780000686645508,30.641483306884766,1300
2017-01-04,30.450000762939453,31.959999084472656,27.56999969482422,30.899999618530273,29.79300880432129,5400
2017-01-05,30.799999237060547,31.649999618530273,30.700000762939453,30.700000762939453,29.600175857543945,3500
2017-01-06,30.860000610351562,31.209999084472656,30.5,30.81999969482422,29.71587371826172,9200
2017-01-09,30.719999313354492,31.209999084472656,30.6299991607666,31.049999237060547,29.93763542175293,4400
2017-01-10,31.450000762939453,31.450000762939453,30.229999542236328,30.940000534057617,29.83157730102539,4200
2017-01-11,30.889999389648438,30.899999618530273,30.700000762939453,30.709999084472656,29.60981559753418,2800
2017-01-12,30.770000457763672,31.079999923706055,30.100000381469727,30.65999984741211,29.561607360839844,7100
2017-01-13,30.670000076293945,31.049999237060547,30.670000076293945,31.049999237060547,29.93763542175293,2000
2017-01-17,30.809999465942383,30.809999465942383,30.809999465942383,30.809999465942383,29.706233978271484,300
2017-01-18,30.940000534057617,31.100000381469727,30.110000610351562,31.100000381469727,29.9858455657959,3000
2017-01-19,30.399999618530273,31.469999313354492,30.299999237060547,30.75,29.64838409423828,6600
2017-01-20,30.8799991607666,31.440000534057617,30.75,31.049999237060547,29.93763542175293,7800
2017-01-23,30.729999542236328,31.25,30.25,31.25,30.130470275878906,1400
2017-01-24,31.0,31.15999984741211,30.899999618530273,31.0,29.889429092407227,21400
2017-01-25,31.0,31.700000762939453,31.0,31.15999984741211,30.0436954498291,1200
2017-01-26,31.100000381469727,31.43000030517578,31.0,31.0,29.889429092407227,4200
2017-01-27,31.270000457763672,31.5,31.100000381469727,31.40999984741211,30.284740447998047,2300
2017-01-30,31.670000076293945,31.670000076293945,31.059999465942383,31.059999465942383,29.947277069091797,600
2017-01-31,30.969999313354492,31.43000030517578,30.969999313354492,31.43000030517578,30.30402374267578,5200
2017-02-01,31.280000686645508,31.3700008392334,31.0,31.139999389648438,30.024410247802734,1500
2017-02-02,31.0,31.709999084472656,31.0,31.709999084472656,30.573989868164062,1900
2017-02-03,31.389999389648438,31.389999389648438,30.93000030517578,30.93000030517578,29.82193374633789,1600
2017-02-06,31.31999969482422,31.329999923706055,31.239999771118164,31.260000228881836,30.140113830566406,1300
2017-02-07,31.639999389648438,31.639999389648438,31.639999389648438,31.639999389648438,30.506498336791992,200
2017-02-08,31.030000686645508,31.170000076293945,31.0,31.170000076293945,30.05333709716797,500
2017-02-09,31.549999237060547,31.940000534057617,31.5,31.65999984741211,30.525781631469727,3600
2017-02-10,31.899999618530273,32.0,31.899999618530273,31.989999771118164,30.843961715698242,600
2017-02-13,32.2400016784668,32.27000045776367,32.20000076293945,32.20000076293945,31.046436309814453,800
2017-02-14,32.15999984741211,32.15999984741211,31.860000610351562,31.860000610351562,30.71862030029297,500
2017-02-15,31.610000610351562,31.940000534057617,31.610000610351562,31.940000534057617,30.795751571655273,400
2017-02-16,31.600000381469727,31.600000381469727,31.600000381469727,31.600000381469727,30.467931747436523,300
2017-02-17,32.099998474121094,32.099998474121094,31.110000610351562,31.68000030517578,30.54506492614746,800
2017-02-21,32.150001525878906,32.150001525878906,31.209999084472656,31.899999618530273,30.757183074951172,2200
2017-02-22,31.8700008392334,31.899999618530273,31.860000610351562,31.899999618530273,30.757183074951172,800
2017-02-23,31.899999618530273,31.899999618530273,31.899999618530273,31.899999618530273,30.757183074951172,0
2017-02-24,31.899999618530273,31.899999618530273,31.899999618530273,31.899999618530273,30.757183074951172,0
2017-02-27,31.5,31.5,31.3799991607666,31.3799991607666,30.255813598632812,28800
2017-02-28,30.860000610351562,31.360000610351562,30.860000610351562,31.049999237060547,29.93763542175293,5900
2017-03-01,31.6299991607666,31.670000076293945,31.59000015258789,31.59000015258789,30.458290100097656,1300
2017-03-02,31.200000762939453,31.200000762939453,30.559999465942383,30.559999465942383,29.46518898010254,2700
2017-03-03,30.780000686645508,30.780000686645508,29.75,29.8799991607666,28.809551239013672,84600
2017-03-06,30.100000381469727,30.100000381469727,30.049999237060547,30.049999237060547,28.973459243774414,1300
2017-03-07,30.030000686645508,30.149999618530273,30.030000686645508,30.149999618530273,29.06987762451172,1700
2017-03-08,29.639999389648438,30.0,29.639999389648438,29.65999984741211,28.59743309020996,2300
2017-03-09,29.940000534057617,30.040000915527344,29.899999618530273,30.040000915527344,28.96381950378418,6200
2017-03-10,30.049999237060547,30.049999237060547,29.90999984741211,29.90999984741211,28.838476181030273,1100
2017-03-13,29.90999984741211,29.90999984741211,29.90999984741211,29.90999984741211,28.838476181030273,0
2017-03-14,29.950000762939453,29.979999542236328,29.950000762939453,29.979999542236328,28.905967712402344,1500
2017-03-15,30.18000030517578,30.18000030517578,30.18000030517578,30.18000030517578,29.098804473876953,400
2017-03-16,30.489999771118164,30.489999771118164,30.489999771118164,30.489999771118164,29.39769744873047,700
2017-03-17,30.09000015258789,30.56999969482422,30.09000015258789,30.56999969482422,29.47483253479004,2900
2017-03-20,30.56999969482422,30.56999969482422,30.56999969482422,30.56999969482422,29.47483253479004,0
2017-03-21,31.610000610351562,32.02000045776367,31.100000381469727,31.100000381469727,29.9858455657959,1400
2017-03-22,31.18000030517578,31.200000762939453,30.510000228881836,30.899999618530273,29.79300880432129,1200
2017-03-23,30.760000228881836,30.760000228881836,30.760000228881836,30.760000228881836,29.65802574157715,300
2017-03-24,30.760000228881836,30.760000228881836,30.760000228881836,30.760000228881836,29.65802574157715,0
2017-03-27,31.40999984741211,31.40999984741211,31.40999984741211,31.40999984741211,30.284740447998047,500
2017-03-28,31.440000534057617,31.440000534057617,31.440000534057617,31.440000534057617,30.31366539001465,400
2017-03-29,30.530000686645508,30.799999237060547,30.510000228881836,30.799999237060547,29.696590423583984,500
2017-03-30,30.639999389648438,30.639999389648438,30.639999389648438,30.639999389648438,29.54232406616211,500
2017-03-31,30.950000762939453,30.950000762939453,30.950000762939453,30.950000762939453,29.841217041015625,600
2017-04-03,31.18000030517578,31.18000030517578,31.18000030517578,31.18000030517578,30.062978744506836,400
2017-04-04,32.11000061035156,32.11000061035156,31.270000457763672,31.270000457763672,30.14975357055664,500
2017-04-05,31.700000762939453,31.700000762939453,31.049999237060547,31.1299991607666,30.0147705078125,1100
2017-04-06,31.020000457763672,31.020000457763672,31.020000457763672,31.020000457763672,29.90871238708496,500
2017-04-07,31.0,31.010000228881836,31.0,31.010000228881836,29.89906883239746,2800
2017-04-10,30.770000457763672,30.780000686645508,30.770000457763672,30.770000457763672,29.667667388916016,2700
2017-04-11,30.790000915527344,31.399999618530273,30.790000915527344,31.399999618530273,30.275096893310547,1000
2017-04-12,31.469999313354492,31.469999313354492,31.309999465942383,31.350000381469727,30.22688865661621,1700
2017-04-13,31.079999923706055,31.399999618530273,30.15999984741211,31.25,30.130470275878906,4000
2017-04-17,31.1299991607666,31.5,31.040000915527344,31.299999237060547,30.178678512573242,2400
2017-04-18,31.25,31.25,31.25,31.25,30.130470275878906,400
2017-04-19,31.780000686645508,31.780000686645508,31.020000457763672,31.559999465942383,30.429365158081055,600
2017-04-20,32.0,32.0,32.0,32.0,30.853601455688477,600
2017-04-21,32.209999084472656,32.38999938964844,32.099998474121094,32.130001068115234,30.978944778442383,1400
2017-04-24,32.099998474121094,32.099998474121094,31.479999542236328,31.75,30.61255645751953,1300
2017-04-25,31.260000228881836,31.700000762939453,31.25,31.350000381469727,30.22688865661621,4800
2017-04-26,31.200000762939453,31.459999084472656,30.5,31.110000610351562,29.995487213134766,9900
2017-04-27,31.0,31.0,30.649999618530273,30.670000076293945,29.57124900817871,1800
2017-04-28,30.06999969482422,30.440000534057617,30.059999465942383,30.270000457763672,29.18558120727539,1200
2017-05-01,30.68000030517578,30.68000030517578,29.6200008392334,29.6200008392334,28.558866500854492,700
2017-05-02,27.709999084472656,30.0,27.709999084472656,29.950000762939453,28.877044677734375,4600
2017-05-03,28.940000534057617,30.34000015258789,28.940000534057617,30.34000015258789,29.253070831298828,6600
2017-05-04,29.719999313354492,30.489999771118164,29.5,30.3799991607666,29.291637420654297,2600
2017-05-05,29.399999618530273,30.260000228881836,29.25,29.799999237060547,28.7324161529541,4100
2017-05-08,29.1299991607666,30.18000030517578,29.1299991607666,30.100000381469727,29.021669387817383,7000
2017-05-09,30.229999542236328,31.049999237060547,29.549999237060547,30.43000030517578,29.339847564697266,7300
2017-05-10,30.139999389648438,30.600000381469727,30.139999389648438,30.450000762939453,29.359130859375,5400
2017-05-11,30.229999542236328,30.899999618530273,29.899999618530273,30.25,29.166296005249023,4700
2017-05-12,30.579999923706055,30.969999313354492,30.06999969482422,30.510000228881836,29.416980743408203,6300
2017-05-15,30.420000076293945,30.559999465942383,30.100000381469727,30.100000381469727,29.021669387817383,1000
2017-05-16,29.31999969482422,30.209999084472656,29.31999969482422,29.979999542236328,28.905967712402344,13100
2017-05-17,29.950000762939453,29.950000762939453,29.610000610351562,29.610000610351562,28.549222946166992,500
2017-05-18,29.200000762939453,30.93000030517578,29.200000762939453,29.989999771118164,28.91560935974121,7100
2017-05-19,30.079999923706055,30.5,29.649999618530273,30.299999237060547,29.21450424194336,9700
2017-05-22,30.459999084472656,30.850000381469727,30.299999237060547,30.469999313354492,29.3784122467041,11200
2017-05-23,30.299999237060547,30.65999984741211,29.729999542236328,30.399999618530273,29.31092071533203,26800
2017-05-24,30.270000457763672,30.649999618530273,30.239999771118164,30.520000457763672,29.42662239074707,10200
2017-05-25,30.549999237060547,31.360000610351562,30.200000762939453,31.09000015258789,29.97620391845703,16800
2017-05-26,30.209999084472656,31.110000610351562,30.190000534057617,31.020000457763672,29.90871238708496,2800
2017-05-30,30.93000030517578,31.469999313354492,30.610000610351562,31.350000381469727,30.22688865661621,7100
2017-05-31,31.350000381469727,31.3700008392334,30.729999542236328,31.09000015258789,29.97620391845703,7200
2017-06-01,31.770000457763672,32.13999938964844,31.260000228881836,32.099998474121094,30.95001792907715,4000
2017-06-02,32.20000076293945,32.20000076293945,31.260000228881836,32.13999938964844,30.98858642578125,3000
2017-06-05,31.959999084472656,32.25,31.40999984741211,32.0099983215332,30.863243103027344,3700
2017-06-06,31.799999237060547,32.20000076293945,31.700000762939453,32.04999923706055,30.901809692382812,2800
2017-06-07,32.08000183105469,32.08000183105469,32.08000183105469,32.08000183105469,30.93073844909668,1700
2017-06-08,32.119998931884766,32.880001068115234,32.119998931884766,32.75,31.57673454284668,12200
2017-06-09,32.68000030517578,32.81999969482422,32.529998779296875,32.63999938964844,31.470672607421875,4800
2017-06-12,31.799999237060547,32.72999954223633,30.459999084472656,32.06999969482422,30.921092987060547,7400
2017-06-13,32.0099983215332,32.20000076293945,32.0099983215332,32.130001068115234,30.978944778442383,3100
2017-06-14,32.09000015258789,32.20000076293945,31.860000610351562,31.90999984741211,30.766826629638672,6200
2017-06-15,31.690000534057617,32.04999923706055,31.65999984741211,32.04999923706055,30.901809692382812,900
2017-06-16,31.760000228881836,31.760000228881836,31.40999984741211,31.530000686645508,30.400440216064453,23300
2017-06-19,31.34000015258789,31.940000534057617,31.34000015258789,31.610000610351562,30.477575302124023,1800
2017-06-20,31.600000381469727,31.600000381469727,31.030000686645508,31.190000534057617,30.072620391845703,7600
2017-06-21,31.299999237060547,31.5,30.950000762939453,31.25,30.130470275878906,1800
2017-06-22,28.290000915527344,31.40999984741211,28.290000915527344,31.40999984741211,30.284740447998047,2600
2017-06-23,30.790000915527344,31.579999923706055,29.600000381469727,31.579999923706055,30.44864845275879,27500
2017-06-26,31.389999389648438,31.950000762939453,30.31999969482422,31.510000228881836,30.38115692138672,3000
2017-06-27,30.950000762939453,31.940000534057617,30.329999923706055,31.0,29.889429092407227,8800
2017-06-28,31.389999389648438,32.0,31.0,32.0,30.853601455688477,2100
2017-06-29,31.450000762939453,31.469999313354492,31.100000381469727,31.100000381469727,29.9858455657959,1500
2017-06-30,31.200000762939453,31.670000076293945,30.459999084472656,31.670000076293945,30.535425186157227,1000
2017-07-03,31.670000076293945,31.670000076293945,31.670000076293945,31.670000076293945,30.535425186157227,0
2017-07-05,31.670000076293945,31.670000076293945,31.670000076293945,31.670000076293945,30.535425186157227,0
2017-07-06,31.31999969482422,31.399999618530273,30.979999542236328,30.979999542236328,29.87014389038086,800
2017-07-07,31.780000686645508,31.899999618530273,31.510000228881836,31.510000228881836,30.38115692138672,2200
2017-07-10,31.75,32.75,29.700000762939453,31.5,30.37151527404785,2200
2017-07-11,31.360000610351562,31.360000610351562,31.360000610351562,31.360000610351562,30.236528396606445,800
2017-07-12,31.489999771118164,31.5,31.209999084472656,31.209999084472656,30.091901779174805,1800
2017-07-13,31.399999618530273,31.549999237060547,31.399999618530273,31.549999237060547,30.419721603393555,900
2017-07-14,31.450000762939453,31.579999923706055,31.329999923706055,31.329999923706055,30.207603454589844,1400
2017-07-17,31.649999618530273,31.65999984741211,31.530000686645508,31.530000686645508,30.400440216064453,1600
2017-07-18,31.440000534057617,31.65999984741211,31.420000076293945,31.65999984741211,30.525781631469727,4500
2017-07-19,31.649999618530273,32.900001525878906,31.649999618530273,32.79999923706055,31.624940872192383,9100
2017-07-20,32.59000015258789,32.79999923706055,32.5,32.75,31.57673454284668,2100
2017-07-21,32.869998931884766,32.869998931884766,32.650001525878906,32.650001525878906,31.480318069458008,900
2017-07-24,32.599998474121094,32.599998474121094,32.310001373291016,32.310001373291016,31.152498245239258,3100
2017-07-25,32.70000076293945,32.70000076293945,32.15999984741211,32.220001220703125,31.06572151184082,3100
2017-07-26,32.15999984741211,32.209999084472656,31.639999389648438,32.0,30.853601455688477,32400
2017-07-27,32.0,32.0,32.0,32.0,30.853601455688477,600
2017-07-28,32.0,32.16999816894531,31.850000381469727,31.850000381469727,30.70897674560547,3300
2017-07-31,32.209999084472656,32.470001220703125,31.770000457763672,32.189998626708984,31.036792755126953,6500
2017-08-01,32.209999084472656,32.59000015258789,31.950000762939453,32.33000183105469,31.171781539916992,4900
2017-08-02,32.290000915527344,32.290000915527344,32.290000915527344,32.290000915527344,31.13321304321289,300
2017-08-03,32.5,32.58000183105469,32.5,32.58000183105469,31.412824630737305,800
2017-08-04,32.5,32.5099983215332,32.43000030517578,32.5099983215332,31.3453311920166,700
2017-08-07,32.599998474121094,32.599998474121094,32.29999923706055,32.29999923706055,31.142854690551758,300
2017-08-08,32.29999923706055,32.29999923706055,32.29999923706055,32.29999923706055,31.142854690551758,0
2017-08-09,32.13999938964844,32.13999938964844,32.04999923706055,32.04999923706055,30.901809692382812,700
2017-08-10,32.20000076293945,32.20000076293945,31.75,31.75,30.61255645751953,400
2017-08-11,31.799999237060547,31.93000030517578,31.610000610351562,31.93000030517578,30.78611183166504,1300
2017-08-14,31.850000381469727,32.400001525878906,31.850000381469727,32.380001068115234,31.219989776611328,1900
2017-08-15,32.369998931884766,32.369998931884766,32.22999954223633,32.22999954223633,31.075363159179688,100
2017-08-16,32.25,32.29999923706055,31.770000457763672,32.0099983215332,30.863243103027344,1300
2017-08-17,32.099998474121094,32.68000030517578,31.889999389648438,32.68000030517578,31.509241104125977,7000
2017-08-18,32.310001373291016,32.31999969482422,32.2599983215332,32.2599983215332,31.104286193847656,900
2017-08-21,32.2599983215332,32.2599983215332,32.2599983215332,32.2599983215332,31.104286193847656,0
2017-08-22,32.5,33.099998474121094,32.5,32.77000045776367,31.596017837524414,4200
2017-08-23,32.790000915527344,34.09000015258789,32.790000915527344,33.849998474121094,32.63732147216797,19000
2017-08-24,33.66999816894531,33.86000061035156,33.5,33.560001373291016,32.35771560668945,2500
2017-08-25,33.880001068115234,34.400001525878906,33.869998931884766,34.25,33.02299880981445,9900
2017-08-28,34.29999923706055,34.29999923706055,33.90999984741211,33.90999984741211,32.69517517089844,700
2017-08-29,33.9900016784668,34.34000015258789,33.9900016784668,34.31999969482422,33.09048843383789,1900
2017-08-30,34.369998931884766,34.400001525878906,33.7599983215332,34.400001525878906,33.167625427246094,3100
2017-08-31,34.400001525878906,34.5,34.349998474121094,34.349998474121094,33.11941146850586,1700
2017-09-01,34.5,34.5,34.5,34.5,33.264041900634766,500
2017-09-05,34.33000183105469,34.5,34.25,34.5,33.264041900634766,5800
2017-09-06,34.599998474121094,35.29999923706055,34.54999923706055,35.290000915527344,34.02574157714844,17200
2017-09-07,34.900001525878906,35.5,34.900001525878906,35.33000183105469,34.064308166503906,7100
2017-09-08,35.45000076293945,36.0,35.439998626708984,35.849998474121094,34.565677642822266,9400
2017-09-11,35.959999084472656,36.20000076293945,35.45000076293945,36.20000076293945,34.90313720703125,6000
2017-09-12,35.5,36.29999923706055,35.4900016784668,36.29999923706055,34.99955749511719,7400
2017-09-13,36.279998779296875,36.70000076293945,35.77000045776367,36.18000030517578,34.88385772705078,25000
2017-09-14,36.43000030517578,36.720001220703125,36.06999969482422,36.18000030517578,34.88385772705078,14900
2017-09-15,36.38999938964844,36.529998779296875,35.290000915527344,36.15999984741211,34.86457061767578,36900
2017-09-18,36.400001525878906,36.68000030517578,35.61000061035156,36.119998931884766,34.82600402832031,20700
2017-09-19,36.459999084472656,36.459999084472656,35.47999954223633,35.529998779296875,34.257137298583984,7400
2017-09-20,35.90999984741211,36.099998474121094,35.599998474121094,36.099998474121094,34.80671691894531,2300
2017-09-21,35.779998779296875,35.93000030517578,35.33000183105469,35.88999938964844,34.604244232177734,2400
2017-09-22,35.79999923706055,36.459999084472656,35.79999923706055,36.459999084472656,35.1538200378418,1500
2017-09-25,36.380001068115234,36.4900016784668,36.0,36.34000015258789,35.038124084472656,2500
2017-09-26,36.119998931884766,36.119998931884766,36.119998931884766,36.119998931884766,34.82600402832031,300
2017-09-27,35.84000015258789,35.970001220703125,35.33000183105469,35.79999923706055,34.5174674987793,4200
2017-09-28,36.20000076293945,36.20000076293945,36.20000076293945,36.20000076293945,34.90313720703125,600
2017-09-29,36.13999938964844,36.56999969482422,36.13999938964844,36.349998474121094,35.047760009765625,3600
2017-10-02,36.619998931884766,36.619998931884766,36.619998931884766,36.619998931884766,35.30809020996094,300
2017-10-03,36.61000061035156,36.720001220703125,36.5099983215332,36.5099983215332,35.2020263671875,6700
2017-10-04,36.5099983215332,36.79999923706055,36.5099983215332,36.61000061035156,35.2984504699707,6500
2017-10-05,36.540000915527344,36.72999954223633,36.540000915527344,36.599998474121094,35.2888069152832,2300
2017-10-06,36.849998474121094,36.900001525878906,36.779998779296875,36.900001525878906,35.578060150146484,2200
2017-10-09,36.900001525878906,36.900001525878906,36.900001525878906,36.900001525878906,35.578060150146484,0
2017-10-10,36.79999923706055,37.099998474121094,36.79999923706055,37.099998474121094,35.77089309692383,4900
2017-10-11,37.0,37.20000076293945,36.810001373291016,37.0,35.67448043823242,2600
2017-10-12,37.0,37.0,36.849998474121094,36.849998474121094,35.529850006103516,600
2017-10-13,36.81999969482422,36.81999969482422,36.81999969482422,36.81999969482422,35.50092697143555,700
2017-10-16,36.81999969482422,36.81999969482422,36.81999969482422,36.81999969482422,35.50092697143555,0
2017-10-17,36.81999969482422,36.81999969482422,34.58000183105469,35.54999923706055,34.27642059326172,16700
2017-10-18,35.47999954223633,35.47999954223633,34.91999816894531,34.91999816894531,33.66899108886719,700
2017-10-19,34.880001068115234,35.90999984741211,34.880001068115234,35.63999938964844,34.363197326660156,6300
2017-10-20,35.779998779296875,35.779998779296875,35.779998779296875,35.779998779296875,34.49818420410156,300
2017-10-23,36.15999984741211,36.15999984741211,36.15999984741211,36.15999984741211,34.86457061767578,300
2017-10-24,36.15999984741211,36.15999984741211,36.15999984741211,36.15999984741211,34.86457061767578,0
2017-10-25,36.15999984741211,36.15999984741211,36.15999984741211,36.15999984741211,34.86457061767578,0
2017-10-26,36.2400016784668,36.25,35.810001373291016,35.810001373291016,34.5271110534668,22800
2017-10-27,35.9900016784668,36.0,35.45000076293945,35.4900016784668,34.218570709228516,6000
2017-10-30,35.5,36.0,35.38999938964844,36.0,34.71030044555664,11200
2017-10-31,35.97999954223633,37.099998474121094,35.5,37.099998474121094,35.77089309692383,19100
2017-11-01,36.70000076293945,36.83000183105469,36.099998474121094,36.83000183105469,35.51057052612305,5000
2017-11-02,36.88999938964844,37.15999984741211,36.66999816894531,36.90999984741211,35.58769989013672,3400
2017-11-03,37.15999984741211,37.15999984741211,37.15999984741211,37.15999984741211,35.8287467956543,1700
2017-11-06,36.79999923706055,37.130001068115234,36.29999923706055,37.130001068115234,35.79981994628906,1600
2017-11-07,36.900001525878906,37.099998474121094,36.900001525878906,37.04999923706055,35.722686767578125,2400
2017-11-08,36.72999954223633,36.939998626708984,36.36000061035156,36.939998626708984,35.61662673950195,3800
2017-11-09,36.95000076293945,36.95000076293945,36.95000076293945,36.95000076293945,35.62627029418945,600
2017-11-10,36.9900016784668,36.9900016784668,36.54999923706055,36.54999923706055,35.240596771240234,300
2017-11-13,36.54999923706055,36.54999923706055,36.54999923706055,36.54999923706055,35.240596771240234,0
2017-11-14,37.0,37.0,36.83000183105469,36.83000183105469,35.51057052612305,1000
2017-11-15,36.099998474121094,36.099998474121094,36.099998474121094,36.099998474121094,34.80671691894531,400
2017-11-16,35.959999084472656,36.29999923706055,35.939998626708984,35.9900016784668,34.70066452026367,7700
2017-11-17,36.0,36.95000076293945,36.0,36.95000076293945,35.62627029418945,9600
2017-11-20,36.650001525878906,37.0,36.619998931884766,37.0,35.67448043823242,900
2017-11-21,36.54999923706055,37.0099983215332,36.54999923706055,37.0099983215332,35.684120178222656,1800
2017-11-22,35.95000076293945,36.81999969482422,35.95000076293945,36.81999969482422,35.50092697143555,1200
2017-11-24,35.130001068115234,36.4900016784668,35.08000183105469,36.4900016784668,35.1827507019043,600
2017-11-27,37.130001068115234,37.130001068115234,36.0,36.0,34.71030044555664,2100
2017-11-28,36.4900016784668,36.900001525878906,36.4900016784668,36.900001525878906,35.578060150146484,1700
2017-11-29,36.209999084472656,36.619998931884766,36.209999084472656,36.619998931884766,35.30809020996094,400
2017-11-30,34.779998779296875,37.06999969482422,34.779998779296875,36.5,35.58103942871094,1800
2017-12-01,36.099998474121094,36.099998474121094,36.099998474121094,36.099998474121094,35.19110870361328,500
2017-12-04,36.790000915527344,36.790000915527344,36.5,36.5099983215332,35.59078598022461,800
2017-12-05,36.939998626708984,36.939998626708984,36.5,36.5,35.58103942871094,800
2017-12-06,36.5,36.880001068115234,36.400001525878906,36.709999084472656,35.7857551574707,11900
2017-12-07,36.630001068115234,36.84000015258789,36.5,36.84000015258789,35.912479400634766,2900
2017-12-08,36.75,37.060001373291016,36.5,36.5,35.58103942871094,1500
2017-12-11,36.5,37.040000915527344,36.5,36.75,35.82474899291992,4400
2017-12-12,36.529998779296875,36.79999923706055,36.529998779296875,36.79999923706055,35.87348556518555,700
2017-12-13,36.81999969482422,36.97999954223633,36.52000045776367,36.95000076293945,36.019710540771484,7100
2017-12-14,36.790000915527344,37.11000061035156,36.790000915527344,37.11000061035156,36.175682067871094,9400
2017-12-15,37.0099983215332,37.349998474121094,36.900001525878906,37.349998474121094,36.409637451171875,19700
2017-12-18,37.400001525878906,37.400001525878906,36.900001525878906,37.290000915527344,36.35115051269531,3900
2017-12-19,37.29999923706055,37.38999938964844,37.0099983215332,37.349998474121094,36.409637451171875,4800
2017-12-20,37.36000061035156,37.36000061035156,37.04999923706055,37.04999923706055,36.117191314697266,1300
2017-12-21,37.0,37.349998474121094,36.650001525878906,37.099998474121094,36.16593551635742,14000
2017-12-22,37.400001525878906,37.400001525878906,37.400001525878906,37.400001525878906,36.45838165283203,200
2017-12-26,37.290000915527344,37.290000915527344,37.0099983215332,37.0099983215332,36.07819747924805,800
2017-12-27,37.0099983215332,37.0099983215332,37.0099983215332,37.0099983215332,36.07819747924805,0
2017-12-28,37.0099983215332,37.0099983215332,37.0099983215332,37.0099983215332,36.07819747924805,0
2017-12-29,37.349998474121094,37.400001525878906,36.70000076293945,36.70000076293945,35.776004791259766,800
2018-01-02,36.65999984741211,37.400001525878906,36.65999984741211,37.09000015258789,36.156185150146484,3100
2018-01-03,37.38999938964844,37.400001525878906,37.119998931884766,37.2599983215332,36.321903228759766,1800
2018-01-04,37.20000076293945,37.310001373291016,37.20000076293945,37.310001373291016,36.37064743041992,900
2018-01-05,37.310001373291016,37.310001373291016,36.59000015258789,37.13999938964844,36.20492935180664,1500
2018-01-08,36.779998779296875,37.150001525878906,36.779998779296875,37.150001525878906,36.21467590332031,700
2018-01-09,37.290000915527344,37.290000915527344,37.25,37.25,36.312156677246094,800
2018-01-10,37.290000915527344,37.290000915527344,37.04999923706055,37.04999923706055,36.117191314697266,400
2018-01-11,36.79999923706055,37.38999938964844,36.77000045776367,37.04999923706055,36.117191314697266,1000
2018-01-12,37.439998626708984,37.439998626708984,37.25,37.439998626708984,36.497371673583984,1300
2018-01-16,37.33000183105469,37.45000076293945,37.29999923706055,37.45000076293945,36.50712585449219,2600
2018-01-17,37.45000076293945,37.45000076293945,37.45000076293945,37.45000076293945,36.50712585449219,0
2018-01-18,37.45000076293945,37.45000076293945,37.45000076293945,37.45000076293945,36.50712585449219,0
2018-01-19,37.38999938964844,37.38999938964844,37.38999938964844,37.38999938964844,36.448631286621094,500
2018-01-22,37.45000076293945,37.45000076293945,36.88999938964844,37.09000015258789,36.156185150146484,800
2018-01-23,37.119998931884766,37.119998931884766,37.119998931884766,37.119998931884766,36.18543243408203,700
2018-01-24,37.20000076293945,37.20000076293945,37.0,37.0,36.06845474243164,1000
2018-01-25,37.43000030517578,37.43000030517578,37.43000030517578,37.43000030517578,36.48762893676758,300
2018-01-26,37.2400016784668,37.2400016784668,37.02000045776367,37.099998474121094,36.16593551635742,3300
2018-01-29,36.2599983215332,36.61000061035156,36.2599983215332,36.36000061035156,35.4445686340332,1500
2018-01-30,36.88999938964844,36.88999938964844,36.599998474121094,36.599998474121094,35.67852020263672,400
2018-01-31,37.0,37.099998474121094,37.0,37.099998474121094,36.16593551635742,1500
2018-02-01,37.099998474121094,37.099998474121094,37.099998474121094,37.099998474121094,36.16593551635742,0
2018-02-02,36.709999084472656,36.709999084472656,36.709999084472656,36.709999084472656,35.7857551574707,200
2018-02-05,36.90999984741211,36.90999984741211,36.90999984741211,36.90999984741211,35.980716705322266,200
2018-02-06,37.15999984741211,37.15999984741211,37.15999984741211,37.15999984741211,36.22442626953125,600
2018-02-07,37.15999984741211,37.15999984741211,37.15999984741211,37.15999984741211,36.22442626953125,0
2018-02-08,37.15999984741211,37.15999984741211,37.15999984741211,37.15999984741211,36.22442626953125,0
2018-02-09,36.439998626708984,36.83000183105469,36.25,36.83000183105469,35.902732849121094,4900
2018-02-12,36.83000183105469,36.83000183105469,36.83000183105469,36.83000183105469,35.902732849121094,0
2018-02-13,36.5,36.5,36.29999923706055,36.29999923706055,35.386077880859375,500
2018-02-14,36.15999984741211,36.16999816894531,36.15999984741211,36.16999816894531,35.25934600830078,1000
2018-02-15,35.75,37.0,35.75,36.349998474121094,35.434814453125,1200
2018-02-16,36.29999923706055,36.349998474121094,35.79999923706055,36.31999969482422,35.405574798583984,1200
2018-02-20,36.25,36.36000061035156,36.25,36.36000061035156,35.4445686340332,800
2018-02-21,36.459999084472656,36.709999084472656,36.400001525878906,36.70000076293945,35.776004791259766,1100
2018-02-22,36.650001525878906,36.650001525878906,36.349998474121094,36.43000030517578,35.51280212402344,7600
2018-02-23,36.43000030517578,36.43000030517578,36.43000030517578,36.43000030517578,35.51280212402344,0
2018-02-26,36.43000030517578,36.43000030517578,36.43000030517578,36.43000030517578,35.51280212402344,0
2018-02-27,36.43000030517578,36.43000030517578,36.43000030517578,36.43000030517578,35.51280212402344,0
2018-02-28,36.36000061035156,36.36000061035156,36.36000061035156,36.36000061035156,35.4445686340332,300
2018-03-01,36.75,36.75,36.75,36.75,35.82474899291992,400
2018-03-02,36.25,37.029998779296875,35.849998474121094,37.029998779296875,36.097694396972656,7700
2018-03-05,36.099998474121094,36.349998474121094,36.029998779296875,36.349998474121094,35.434814453125,1000
2018-03-06,36.099998474121094,37.45000076293945,35.34000015258789,36.290000915527344,35.37632751464844,3100
2018-03-07,36.290000915527344,37.20000076293945,33.95000076293945,36.25,35.33733367919922,2800
2018-03-08,35.79999923706055,36.380001068115234,35.779998779296875,36.380001068115234,35.46406555175781,2400
2018-03-09,35.41999816894531,36.849998474121094,35.41999816894531,36.630001068115234,35.70777130126953,1600
2018-03-12,36.63999938964844,36.63999938964844,36.5,36.5,35.58103942871094,600
2018-03-13,36.27000045776367,36.27000045776367,36.27000045776367,36.27000045776367,35.35683059692383,900
2018-03-14,36.63999938964844,37.25,36.63999938964844,37.25,36.312156677246094,900
2018-03-15,37.0,37.4900016784668,36.65999984741211,37.20000076293945,36.26342010498047,1100
2018-03-16,36.630001068115234,37.400001525878906,36.630001068115234,37.400001525878906,36.45838165283203,2500
2018-03-19,36.630001068115234,37.349998474121094,36.630001068115234,37.349998474121094,36.409637451171875,4600
2018-03-20,37.209999084472656,37.349998474121094,37.209999084472656,37.349998474121094,36.409637451171875,2300
2018-03-21,37.25,37.5,36.90999984741211,37.2599983215332,36.321903228759766,1500
2018-03-22,37.18000030517578,37.18000030517578,37.18000030517578,37.18000030517578,36.24392318725586,600
2018-03-23,37.41999816894531,37.41999816894531,36.79999923706055,36.79999923706055,35.87348556518555,6100
2018-03-26,37.0,37.400001525878906,37.0,37.400001525878906,36.45838165283203,1200
2018-03-27,37.45000076293945,37.70000076293945,37.45000076293945,37.70000076293945,36.75082778930664,3900
2018-03-28,37.650001525878906,37.68000030517578,37.380001068115234,37.459999084472656,36.516868591308594,1800
2018-03-29,37.68000030517578,37.689998626708984,37.529998779296875,37.529998779296875,36.58510971069336,600
2018-04-02,37.5099983215332,37.5099983215332,37.5099983215332,37.5099983215332,36.56561279296875,300
2018-04-03,37.5,37.5,37.5,37.5,36.55586242675781,600
2018-04-04,37.70000076293945,37.900001525878906,37.540000915527344,37.540000915527344,36.59485626220703,13200
2018-04-05,37.849998474121094,37.849998474121094,37.650001525878906,37.650001525878906,36.70208740234375,600
2018-04-06,37.619998931884766,37.849998474121094,37.27000045776367,37.810001373291016,36.85805892944336,1700
2018-04-09,37.79999923706055,37.939998626708984,37.650001525878906,37.88999938964844,36.93604278564453,3700
2018-04-10,37.70000076293945,37.900001525878906,37.70000076293945,37.86000061035156,36.906803131103516,36900
2018-04-11,37.599998474121094,37.900001525878906,37.540000915527344,37.650001525878906,36.70208740234375,9100
2018-04-12,37.900001525878906,37.900001525878906,37.79999923706055,37.81999969482422,36.8678092956543,10400
2018-04-13,37.83000183105469,37.900001525878906,37.83000183105469,37.900001525878906,36.945796966552734,600
2018-04-16,37.5,37.75,37.45000076293945,37.619998931884766,36.6728401184082,4600
2018-04-17,37.88999938964844,37.900001525878906,37.810001373291016,37.810001373291016,36.85805892944336,4700
2018-04-18,37.810001373291016,37.810001373291016,37.0,37.130001068115234,36.1951789855957,3900
2018-04-19,37.08000183105469,37.650001525878906,37.08000183105469,37.4900016784668,36.546119689941406,7600
2018-04-20,37.5,37.869998931884766,37.400001525878906,37.869998931884766,36.91654586791992,2900
2018-04-23,37.459999084472656,37.720001220703125,37.25,37.33000183105469,36.39014434814453,3600
2018-04-24,37.5,37.5,36.97999954223633,37.470001220703125,36.5266227722168,3300
2018-04-25,37.31999969482422,37.709999084472656,37.31999969482422,37.709999084472656,36.76057434082031,1600
2018-04-26,36.9900016784668,37.880001068115234,36.9900016784668,37.5,36.55586242675781,900
2018-04-27,37.869998931884766,37.869998931884766,37.130001068115234,37.400001525878906,36.45838165283203,1200
2018-04-30,36.849998474121094,37.15999984741211,36.79999923706055,37.099998474121094,36.16593551635742,2500
2018-05-01,37.45000076293945,37.5,37.45000076293945,37.5,36.55586242675781,1100
2018-05-02,37.459999084472656,37.869998931884766,36.66999816894531,37.63999938964844,36.69233703613281,7300
2018-05-03,37.650001525878906,37.88999938964844,37.29999923706055,37.599998474121094,36.653343200683594,6200
2018-05-04,37.619998931884766,37.630001068115234,37.56999969482422,37.59000015258789,36.64360046386719,1700
2018-05-07,37.7400016784668,37.7400016784668,37.47999954223633,37.47999954223633,36.5363655090332,1400
2018-05-08,37.68000030517578,37.86000061035156,37.4900016784668,37.84000015258789,36.887306213378906,2400
2018-05-09,37.599998474121094,37.95000076293945,37.599998474121094,37.95000076293945,36.99453353881836,12200
2018-05-10,38.36000061035156,38.560001373291016,38.099998474121094,38.349998474121094,37.384464263916016,2900
2018-05-11,38.25,38.95000076293945,38.13999938964844,38.77000045776367,37.793888092041016,3300
2018-05-14,37.72999954223633,38.15999984741211,37.25,37.97999954223633,37.023780822753906,14900
2018-05-15,37.97999954223633,38.47999954223633,37.79999923706055,38.47999954223633,37.51118850708008,3600
2018-05-16,38.68000030517578,39.900001525878906,38.58000183105469,38.58000183105469,37.608673095703125,10900
2018-05-17,38.459999084472656,38.79999923706055,37.95000076293945,38.54999923706055,37.57942581176758,10200
2018-05-18,38.83000183105469,40.5,38.400001525878906,39.5,38.50551223754883,18400
2018-05-21,39.4900016784668,40.060001373291016,38.47999954223633,39.880001068115234,38.87594223022461,25600
2018-05-22,39.7400016784668,40.95000076293945,39.150001525878906,40.599998474121094,39.57781219482422,11900
2018-05-23,40.45000076293945,40.970001220703125,40.40999984741211,40.880001068115234,39.850765228271484,4800
2018-05-24,40.810001373291016,41.95000076293945,40.810001373291016,41.40999984741211,40.3674201965332,4000
2018-05-25,41.40999984741211,42.29999923706055,41.40999984741211,42.0,40.942569732666016,1600
2018-05-29,42.20000076293945,42.400001525878906,40.84000015258789,42.400001525878906,41.332496643066406,5600
2018-05-30,42.63999938964844,42.689998626708984,41.810001373291016,41.810001373291016,40.757354736328125,6000
2018-05-31,41.41999816894531,41.41999816894531,41.34000015258789,41.34000015258789,40.29918670654297,600
2018-06-01,41.470001220703125,42.439998626708984,41.470001220703125,42.099998474121094,41.0400505065918,3700
2018-06-04,42.20000076293945,42.20000076293945,41.45000076293945,41.45000076293945,40.40641403198242,1300
2018-06-05,42.40999984741211,42.40999984741211,41.20000076293945,41.20000076293945,40.16271209716797,2700
2018-06-06,41.95000076293945,42.25,40.90999984741211,41.56999969482422,40.52339553833008,5400
2018-06-07,42.099998474121094,42.59000015258789,42.0,42.400001525878906,41.332496643066406,5500
2018-06-08,42.20000076293945,42.20000076293945,41.9900016784668,42.04999923706055,40.99130630493164,3600
2018-06-11,43.25,43.25,42.54999923706055,42.939998626708984,41.85890197753906,1800
2018-06-12,42.720001220703125,43.25,42.439998626708984,43.25,42.16109848022461,3200
2018-06-13,43.75,43.91999816894531,43.33000183105469,43.7400016784668,42.638763427734375,2700
2018-06-14,43.75,43.75,43.27000045776367,43.4900016784668,42.395057678222656,4300
2018-06-15,43.56999969482422,43.70000076293945,42.41999816894531,43.29999923706055,42.209835052490234,4400
2018-06-18,43.0099983215332,43.2599983215332,42.7599983215332,43.2599983215332,42.170841217041016,4000
2018-06-19,42.900001525878906,43.36000061035156,41.939998626708984,42.970001220703125,41.888145446777344,6200
2018-06-20,42.709999084472656,43.5,42.349998474121094,43.4900016784668,42.395057678222656,10400
2018-06-21,43.150001525878906,43.7400016784668,43.099998474121094,43.11000061035156,42.024620056152344,2600
2018-06-22,41.88999938964844,44.099998474121094,41.88999938964844,44.099998474121094,42.98969268798828,21300
2018-06-25,43.459999084472656,45.2599983215332,41.11000061035156,45.2599983215332,44.120487213134766,9900
2018-06-26,45.0,45.97999954223633,44.380001068115234,45.97999954223633,44.82236099243164,11400
2018-06-27,46.0,46.5,42.939998626708984,45.70000076293945,44.54941177368164,13700
2018-06-28,45.599998474121094,45.810001373291016,44.68000030517578,45.0,43.867034912109375,9200
2018-06-29,42.65999984741211,44.7400016784668,42.65999984741211,43.9900016784668,42.88246536254883,35800
2018-07-02,43.79999923706055,43.86000061035156,42.849998474121094,43.75,42.64850616455078,3300
2018-07-03,43.9900016784668,43.9900016784668,43.349998474121094,43.79999923706055,42.69725036621094,1100
2018-07-05,44.25,44.75,43.70000076293945,44.5,43.3796272277832,6300
2018-07-06,42.5,44.900001525878906,42.5,44.400001525878906,43.282142639160156,2500
2018-07-09,44.400001525878906,44.400001525878906,44.400001525878906,44.400001525878906,43.282142639160156,600
2018-07-10,42.040000915527344,44.79999923706055,42.040000915527344,43.400001525878906,42.30731964111328,2900
2018-07-11,43.88999938964844,44.79999923706055,41.77000045776367,44.220001220703125,43.10667419433594,2600
2018-07-12,44.599998474121094,44.7400016784668,43.43000030517578,44.369998931884766,43.25289535522461,3400
2018-07-13,41.5,43.970001220703125,41.5,43.970001220703125,42.86296844482422,3200
2018-07-16,43.970001220703125,43.970001220703125,43.040000915527344,43.599998474121094,42.502281188964844,3400
2018-07-17,43.599998474121094,44.0,43.599998474121094,43.70000076293945,42.599769592285156,1200
2018-07-18,43.2599983215332,43.599998474121094,43.2599983215332,43.599998474121094,42.502281188964844,1500
2018-07-19,43.900001525878906,43.900001525878906,40.5,42.709999084472656,41.63468933105469,1500
2018-07-20,42.75,43.29999923706055,42.75,43.0,41.91739273071289,1700
2018-07-23,42.779998779296875,43.599998474121094,42.779998779296875,43.34000015258789,42.24882888793945,3700
2018-07-24,42.650001525878906,43.369998931884766,41.93000030517578,41.959999084472656,40.90357208251953,10600
2018-07-25,41.900001525878906,43.06999969482422,41.5,43.06999969482422,41.985626220703125,17500
2018-07-26,43.060001373291016,43.720001220703125,42.06999969482422,42.45000076293945,41.38124084472656,9000
2018-07-27,41.61000061035156,42.84000015258789,41.61000061035156,42.310001373291016,41.2447624206543,1800
2018-07-30,41.779998779296875,41.810001373291016,41.02000045776367,41.40999984741211,40.3674201965332,4500
2018-07-31,41.97999954223633,41.97999954223633,41.61000061035156,41.61000061035156,40.5623893737793,800
2018-08-01,41.130001068115234,41.40999984741211,40.75,41.0,39.967742919921875,4000
2018-08-02,41.130001068115234,42.52000045776367,40.5,40.5,39.4803352355957,3900
2018-08-03,40.5,40.5,39.45000076293945,39.68000030517578,38.68098068237305,1900
2018-08-06,39.279998779296875,39.279998779296875,38.54999923706055,38.54999923706055,37.57942581176758,1500
2018-08-07,39.439998626708984,39.439998626708984,38.650001525878906,38.70000076293945,37.72565460205078,3700
2018-08-08,39.720001220703125,40.2400016784668,38.25,38.97999954223633,37.998600006103516,7200
2018-08-09,39.2599983215332,43.18000030517578,39.2599983215332,39.470001220703125,38.47626495361328,8400
2018-08-10,38.0,40.4900016784668,38.0,40.4900016784668,39.470584869384766,1400
2018-08-13,39.16999816894531,39.56999969482422,38.7599983215332,39.099998474121094,38.115577697753906,6900
2018-08-14,39.25,39.400001525878906,38.709999084472656,38.79999923706055,37.82313537597656,4700
2018-08-15,39.060001373291016,40.2400016784668,38.95000076293945,40.2400016784668,39.22687911987305,3400
2018-08-16,40.04999923706055,40.209999084472656,39.529998779296875,40.209999084472656,39.1976318359375,2300
2018-08-17,40.11000061035156,40.189998626708984,39.33000183105469,39.47999954223633,38.48601531982422,4400
2018-08-20,39.61000061035156,39.83000183105469,39.27000045776367,39.400001525878906,38.40802764892578,5200
2018-08-21,39.47999954223633,39.5099983215332,39.15999984741211,39.20000076293945,38.21306228637695,3100
2018-08-22,39.4900016784668,39.4900016784668,39.220001220703125,39.38999938964844,38.398277282714844,1600
2018-08-23,39.400001525878906,39.400001525878906,39.400001525878906,39.400001525878906,38.40802764892578,700
2018-08-24,39.720001220703125,40.11000061035156,39.5,40.02000045776367,39.01241683959961,5000
2018-08-27,40.38999938964844,41.970001220703125,40.16999816894531,41.0,39.967742919921875,8600
2018-08-28,39.04999923706055,42.31999969482422,39.04999923706055,39.900001525878906,38.89543914794922,5500
2018-08-29,40.18000030517578,40.5,39.880001068115234,40.29999923706055,39.28536605834961,6600
2018-08-30,40.189998626708984,40.45000076293945,39.849998474121094,39.849998474121094,38.84669494628906,1700
2018-08-31,40.349998474121094,40.349998474121094,39.54999923706055,40.099998474121094,39.09040069580078,1800
2018-09-04,39.9900016784668,40.099998474121094,39.75,39.75,38.74921417236328,2700
2018-09-05,39.5,40.20000076293945,39.5,40.20000076293945,39.18788528442383,1600
2018-09-06,40.099998474121094,40.099998474121094,39.20000076293945,39.599998474121094,38.60299301147461,2600
2018-09-07,39.52000045776367,39.86000061035156,39.52000045776367,39.84000015258789,38.83694839477539,500
2018-09-10,39.529998779296875,40.349998474121094,39.209999084472656,39.79999923706055,38.79795455932617,11100
2018-09-11,39.900001525878906,39.900001525878906,38.79999923706055,38.79999923706055,37.82313537597656,1700
2018-09-12,38.79999923706055,38.79999923706055,38.04999923706055,38.119998931884766,37.16025161743164,1600
2018-09-13,38.45000076293945,38.45000076293945,37.84000015258789,37.84000015258789,36.887306213378906,800
2018-09-14,38.4900016784668,38.4900016784668,37.619998931884766,37.619998931884766,36.6728401184082,700
2018-09-17,39.400001525878906,41.470001220703125,38.33000183105469,38.33000183105469,37.36497116088867,1400
2018-09-18,38.5,38.5,38.400001525878906,38.400001525878906,37.433204650878906,700
2018-09-19,38.45000076293945,38.560001373291016,38.0,38.0,37.043277740478516,48800
2018-09-20,38.0,38.650001525878906,38.0,38.650001525878906,37.676910400390625,2300
2018-09-21,38.630001068115234,39.75,38.630001068115234,39.13999938964844,38.154571533203125,4800
2018-09-24,38.70000076293945,39.0,38.70000076293945,39.0,38.018096923828125,600
2018-09-25,39.0,39.0,39.0,39.0,38.018096923828125,0
2018-09-26,39.70000076293945,39.70000076293945,39.70000076293945,39.70000076293945,38.700477600097656,500
2018-09-27,39.689998626708984,39.689998626708984,39.400001525878906,39.40999984741211,38.41777420043945,1900
2018-09-28,38.75,39.0,38.75,39.0,38.018096923828125,1000
2018-10-01,39.56999969482422,39.56999969482422,38.70000076293945,38.810001373291016,37.832881927490234,1900
2018-10-02,39.189998626708984,39.189998626708984,38.5,38.5,37.53068542480469,1800
2018-10-03,38.5,38.5,38.5,38.5,37.53068542480469,0
2018-10-04,38.70000076293945,38.70000076293945,38.20000076293945,38.20000076293945,37.23823928833008,900
2018-10-05,39.099998474121094,39.2599983215332,39.0,39.0,38.018096923828125,1900
2018-10-08,39.2599983215332,39.29999923706055,39.2599983215332,39.29999923706055,38.310543060302734,900
2018-10-09,39.5,39.5,38.22999954223633,38.27000045776367,37.306480407714844,3700
2018-10-10,38.5,39.20000076293945,38.33000183105469,38.33000183105469,37.36497116088867,2800
2018-10-11,38.0099983215332,38.70000076293945,38.0,38.0,37.043277740478516,4300
2018-10-12,38.0,38.4900016784668,38.0,38.4900016784668,37.520938873291016,600
2018-10-15,38.13999938964844,38.29999923706055,38.0,38.130001068115234,37.17000198364258,3800
2018-10-16,38.02000045776367,38.2400016784668,36.88999938964844,37.75,36.79956817626953,13300
2018-10-17,38.0,38.0,36.939998626708984,36.939998626708984,36.00996017456055,1300
2018-10-18,36.7599983215332,37.310001373291016,36.40999984741211,36.650001525878906,35.72726821899414,1700
2018-10-19,36.08000183105469,36.2400016784668,36.08000183105469,36.2400016784668,35.32759094238281,600
2018-10-22,36.400001525878906,36.439998626708984,36.150001525878906,36.150001525878906,35.23985290527344,2200
2018-10-23,37.16999816894531,37.16999816894531,35.290000915527344,36.29999923706055,35.386077880859375,4300
2018-10-24,35.45000076293945,35.810001373291016,35.18000030517578,35.75,34.84992599487305,4200
2018-10-25,35.790000915527344,37.97999954223633,35.380001068115234,35.560001373291016,34.66470718383789,9600
2018-10-26,35.43000030517578,35.43000030517578,35.43000030517578,35.43000030517578,34.53797912597656,400
2018-10-29,35.91999816894531,36.400001525878906,35.209999084472656,36.400001525878906,35.483558654785156,700
2018-10-30,35.95000076293945,35.95000076293945,35.369998931884766,35.40999984741211,34.51848220825195,2200
2018-10-31,35.56999969482422,36.0,34.630001068115234,35.119998931884766,34.235782623291016,3200
2018-11-01,35.220001220703125,35.5,35.0,35.290000915527344,34.40150451660156,2500
2018-11-02,35.2400016784668,35.599998474121094,34.68000030517578,35.02000045776367,34.138301849365234,3700
2018-11-05,35.0,35.939998626708984,34.63999938964844,35.5099983215332,34.615962982177734,4800
2018-11-06,35.29999923706055,35.83000183105469,34.880001068115234,35.2599983215332,34.372257232666016,2100
2018-11-07,35.7400016784668,36.0,35.150001525878906,35.529998779296875,34.635459899902344,3300
2018-11-08,34.20000076293945,35.20000076293945,34.20000076293945,35.0,34.118804931640625,2600
2018-11-09,34.95000076293945,35.400001525878906,34.900001525878906,35.400001525878906,34.50873947143555,2000
2018-11-12,35.45000076293945,35.45000076293945,35.18000030517578,35.25,34.362510681152344,2300
2018-11-13,35.83000183105469,35.849998474121094,35.029998779296875,35.150001525878906,34.26502990722656,5000
2018-11-14,35.45000076293945,35.70000076293945,34.63999938964844,35.689998626708984,34.79143142700195,4400
2018-11-15,35.70000076293945,36.0,35.220001220703125,35.720001220703125,34.8206787109375,1500
2018-11-16,35.83000183105469,36.0,35.0,35.099998474121094,34.216285705566406,4900
2018-11-19,35.5,36.5,34.9900016784668,36.5,35.58103942871094,9200
2018-11-20,36.0,37.099998474121094,35.720001220703125,37.09000015258789,36.156185150146484,5300
2018-11-21,37.099998474121094,37.970001220703125,36.599998474121094,37.5,36.55586242675781,3700
2018-11-23,37.5,37.70000076293945,36.84000015258789,36.84000015258789,35.912479400634766,2700
2018-11-26,36.849998474121094,37.349998474121094,36.31999969482422,36.599998474121094,35.67852020263672,4400
2018-11-27,36.45000076293945,36.68000030517578,36.45000076293945,36.459999084472656,35.54204559326172,1300
2018-11-28,36.650001525878906,36.650001525878906,35.29999923706055,35.81999969482422,34.91815948486328,5400
2018-11-29,34.75,35.400001525878906,34.75,35.380001068115234,34.928035736083984,1300
2018-11-30,35.9900016784668,35.9900016784668,35.45000076293945,35.45000076293945,34.99713897705078,1400
2018-12-03,36.0,36.150001525878906,35.11000061035156,35.11000061035156,34.66148376464844,7500
2018-12-04,35.400001525878906,35.400001525878906,34.75,34.81999969482422,34.375186920166016,3400
2018-12-06,34.75,35.279998779296875,34.529998779296875,34.529998779296875,34.088890075683594,2600
2018-12-07,35.29999923706055,35.29999923706055,34.279998779296875,34.310001373291016,33.8717041015625,2000
2018-12-10,34.470001220703125,34.470001220703125,33.099998474121094,33.099998474121094,32.67715835571289,1400
2018-12-11,33.38999938964844,33.38999938964844,31.0,31.31999969482422,30.919897079467773,45200
2018-12-12,31.489999771118164,32.02000045776367,31.100000381469727,31.25,30.850791931152344,5400
2018-12-13,31.3799991607666,31.3799991607666,31.149999618530273,31.149999618530273,30.7520694732666,1000
2018-12-14,31.149999618530273,31.149999618530273,31.059999465942383,31.059999465942383,30.663219451904297,1300
2018-12-17,30.920000076293945,31.25,30.850000381469727,31.110000610351562,30.712581634521484,1900
2018-12-18,31.110000610351562,31.75,30.299999237060547,30.299999237060547,29.912927627563477,800
2018-12-19,31.639999389648438,31.639999389648438,31.15999984741211,31.15999984741211,30.76194190979004,900
2018-12-20,30.690000534057617,30.690000534057617,30.690000534057617,30.690000534057617,30.29794692993164,600
2018-12-21,30.549999237060547,30.790000915527344,29.5,29.5,29.12314796447754,8900
2018-12-24,29.799999237060547,29.799999237060547,29.0,29.0,28.629535675048828,1900
2018-12-26,29.030000686645508,29.030000686645508,27.979999542236328,28.520000457763672,28.155668258666992,6300
2018-12-27,28.600000381469727,28.8799991607666,28.200000762939453,28.8799991607666,28.511066436767578,2300
2018-12-28,29.600000381469727,29.600000381469727,29.600000381469727,29.600000381469727,29.22187042236328,400
2018-12-31,31.5,32.0,31.5,31.899999618530273,31.492488861083984,1300
2019-01-02,33.349998474121094,33.349998474121094,33.349998474121094,33.349998474121094,32.92396545410156,600
2019-01-03,33.70000076293945,33.790000915527344,33.70000076293945,33.790000915527344,33.35834503173828,600
2019-01-04,34.33000183105469,35.2400016784668,34.33000183105469,35.2400016784668,34.78982162475586,1500
2019-01-07,34.91999816894531,34.91999816894531,32.720001220703125,32.720001220703125,32.3020133972168,4600
2019-01-08,32.75,33.029998779296875,32.75,33.029998779296875,32.60805130004883,1000
2019-01-09,33.029998779296875,33.029998779296875,33.029998779296875,33.029998779296875,32.60805130004883,200
2019-01-10,31.459999084472656,31.459999084472656,31.049999237060547,31.049999237060547,30.65334701538086,1100
2019-01-11,31.469999313354492,31.469999313354492,31.469999313354492,31.469999313354492,31.067981719970703,1200
2019-01-14,31.459999084472656,32.5,31.459999084472656,32.5,32.08482360839844,3300
2019-01-15,32.849998474121094,33.400001525878906,32.849998474121094,33.400001525878906,32.97332763671875,1600
2019-01-16,34.08000183105469,34.08000183105469,33.5,33.93000030517578,33.49655532836914,800
2019-01-17,34.189998626708984,34.33000183105469,33.189998626708984,33.189998626708984,32.76600646972656,3000
2019-01-18,33.810001373291016,33.83000183105469,32.65999984741211,32.900001525878906,32.47971725463867,3200
2019-01-22,34.72999954223633,34.72999954223633,31.329999923706055,31.469999313354492,31.067981719970703,2500
2019-01-23,31.450000762939453,32.47999954223633,31.450000762939453,32.47999954223633,32.06507873535156,2900
2019-01-24,32.540000915527344,32.540000915527344,32.52000045776367,32.52000045776367,32.10456848144531,600
2019-01-25,32.61000061035156,33.0099983215332,32.209999084472656,32.40999984741211,31.995973587036133,2000
2019-01-28,32.5,32.88999938964844,32.29999923706055,32.88999938964844,32.46984100341797,1200
2019-01-29,33.439998626708984,33.439998626708984,33.08000183105469,33.400001525878906,32.97332763671875,700
2019-01-30,33.15999984741211,33.15999984741211,33.13999938964844,33.150001525878906,32.72652053833008,900
2019-01-31,33.720001220703125,33.959999084472656,33.630001068115234,33.630001068115234,33.20038986206055,3300
2019-02-01,34.0,35.77000045776367,33.849998474121094,34.75,34.30607986450195,3900
2019-02-04,37.0,37.0,34.75,35.25,34.7996940612793,1500
2019-02-05,35.470001220703125,35.470001220703125,32.529998779296875,33.25,32.82524490356445,8100
2019-02-06,33.20000076293945,34.08000183105469,33.0,33.65999984741211,33.230003356933594,4600
2019-02-07,33.16999816894531,33.369998931884766,33.16999816894531,33.369998931884766,32.94371032714844,1000
2019-02-08,34.099998474121094,34.099998474121094,33.43000030517578,33.43000030517578,33.00294494628906,1500
2019-02-11,34.400001525878906,35.04999923706055,33.900001525878906,33.900001525878906,33.466941833496094,1600
2019-02-12,34.0,34.5,33.439998626708984,33.93000030517578,33.49655532836914,2900
2019-02-13,33.83000183105469,33.849998474121094,33.25,33.33000183105469,32.90422439575195,1900
2019-02-14,33.0,33.0,32.7599983215332,32.7599983215332,32.34149932861328,1300
2019-02-15,32.61000061035156,32.61000061035156,32.5,32.5,32.08482360839844,1700
2019-02-19,32.5,33.0,32.5,32.650001525878906,32.23291015625,6300
2019-02-20,32.650001525878906,32.70000076293945,32.16999816894531,32.16999816894531,31.759037017822266,5000
2019-02-21,32.29999923706055,32.65999984741211,31.989999771118164,32.34000015258789,31.926868438720703,3200
2019-02-22,32.459999084472656,33.0,32.459999084472656,32.70000076293945,32.28226852416992,1800
2019-02-25,32.209999084472656,32.209999084472656,32.209999084472656,32.209999084472656,31.79852867126465,500
2019-02-26,32.099998474121094,32.220001220703125,31.8700008392334,32.060001373291016,31.65044593811035,2200
2019-02-27,32.65999984741211,33.0,32.20000076293945,33.0,32.57843780517578,4000
2019-02-28,32.900001525878906,34.040000915527344,32.040000915527344,34.040000915527344,33.60515213012695,5900
2019-03-01,35.66999816894531,36.0,34.33000183105469,34.439998626708984,34.000038146972656,4000
2019-03-04,34.5,35.20000076293945,34.0099983215332,34.29999923706055,33.8618278503418,6300
2019-03-05,35.720001220703125,35.720001220703125,33.779998779296875,33.849998474121094,33.41757583618164,9400
2019-03-06,33.75,34.63999938964844,32.880001068115234,33.099998474121094,32.67715835571289,5800
2019-03-07,33.5,33.880001068115234,32.29999923706055,32.61000061035156,32.19342041015625,6800
2019-03-08,33.5,35.470001220703125,33.0,33.72999954223633,33.299110412597656,4600
2019-03-11,33.81999969482422,35.189998626708984,33.81999969482422,35.189998626708984,34.74045944213867,1100
2019-03-12,35.38999938964844,36.34000015258789,34.58000183105469,34.59000015258789,34.14812469482422,6800
2019-03-13,34.369998931884766,35.0,34.349998474121094,35.0,34.552886962890625,4000
2019-03-14,34.9900016784668,36.34000015258789,34.47999954223633,35.720001220703125,35.26369094848633,10500
2019-03-15,35.970001220703125,36.88999938964844,35.79999923706055,36.38999938964844,35.92512893676758,8200
2019-03-18,36.75,37.369998931884766,36.75,37.369998931884766,36.892608642578125,2500
2019-03-19,37.20000076293945,37.20000076293945,36.11000061035156,36.65999984741211,36.191680908203125,4400
2019-03-20,36.709999084472656,37.20000076293945,36.70000076293945,37.20000076293945,36.72478485107422,1800
2019-03-21,36.77000045776367,37.459999084472656,35.79999923706055,36.5,36.03372573852539,7900
2019-03-22,36.459999084472656,36.459999084472656,34.880001068115234,35.0,34.552886962890625,3000
2019-03-25,35.599998474121094,36.22999954223633,35.0,35.900001525878906,35.44139099121094,2900
2019-03-26,35.79999923706055,37.59000015258789,35.79999923706055,37.59000015258789,37.10980224609375,2200
2019-03-27,37.33000183105469,37.52000045776367,36.5099983215332,37.5,37.02095031738281,4700
2019-03-28,37.130001068115234,37.20000076293945,34.81999969482422,35.150001525878906,34.70097351074219,20000
2019-03-29,35.38999938964844,35.599998474121094,34.5,34.849998474121094,34.40480041503906,13400
2019-04-01,35.68000030517578,35.68000030517578,35.5,35.5,35.04650115966797,6300
2019-04-02,34.5,35.54999923706055,34.5,35.290000915527344,34.83918380737305,7000
2019-04-03,34.560001373291016,35.29999923706055,34.5,34.619998931884766,34.17774200439453,6000
2019-04-04,34.20000076293945,35.689998626708984,33.75,34.79999923706055,34.35544204711914,4800
2019-04-05,34.900001525878906,35.29999923706055,34.70000076293945,35.29999923706055,34.84905242919922,8700
2019-04-08,35.650001525878906,35.650001525878906,35.650001525878906,35.650001525878906,35.194583892822266,500
2019-04-09,35.119998931884766,35.709999084472656,35.119998931884766,35.709999084472656,35.253814697265625,400
2019-04-10,35.88999938964844,36.65999984741211,35.369998931884766,35.79999923706055,35.34266662597656,5300
2019-04-11,36.25,36.25,35.70000076293945,35.880001068115234,35.42164611816406,1300
2019-04-12,35.790000915527344,36.66999816894531,35.45000076293945,36.47999954223633,36.013980865478516,5300
2019-04-15,36.66999816894531,36.77000045776367,36.43000030517578,36.77000045776367,36.30027770996094,700
2019-04-16,36.400001525878906,36.68000030517578,36.400001525878906,36.5099983215332,36.04359436035156,1500
2019-04-17,37.0,37.0,36.5,36.5,36.03372573852539,1100
2019-04-18,36.5,36.709999084472656,36.20000076293945,36.709999084472656,36.24104309082031,1100
2019-04-22,36.310001373291016,37.459999084472656,35.52000045776367,35.52000045776367,35.066246032714844,6900
2019-04-23,35.65999984741211,37.86000061035156,35.599998474121094,36.04999923706055,35.589473724365234,3400
2019-04-24,36.279998779296875,37.54999923706055,35.459999084472656,36.220001220703125,35.75730514526367,4000
2019-04-25,36.22999954223633,36.22999954223633,36.22999954223633,36.22999954223633,35.767173767089844,300
2019-04-26,36.22999954223633,36.22999954223633,36.22999954223633,36.22999954223633,35.767173767089844,100
2019-04-29,36.310001373291016,37.02000045776367,35.86000061035156,36.04999923706055,35.589473724365234,5300
2019-04-30,36.45000076293945,36.84000015258789,36.16999816894531,36.5099983215332,36.04359436035156,6700
2019-05-01,36.900001525878906,37.150001525878906,36.599998474121094,36.61000061035156,36.1423225402832,3000
2019-05-02,37.099998474121094,37.099998474121094,35.560001373291016,36.79999923706055,36.329891204833984,9400
2019-05-03,36.91999816894531,37.33000183105469,36.5,37.33000183105469,36.85312271118164,2700
2019-05-06,37.349998474121094,37.439998626708984,36.59000015258789,37.439998626708984,36.96171569824219,4200
2019-05-07,37.0,37.720001220703125,37.0,37.5,37.02095031738281,5500
2019-05-08,37.22999954223633,37.65999984741211,37.08000183105469,37.11000061035156,36.63593292236328,3700
2019-05-09,37.11000061035156,37.11000061035156,37.11000061035156,37.11000061035156,36.63593292236328,200
2019-05-10,35.779998779296875,35.779998779296875,35.779998779296875,35.779998779296875,35.32292175292969,600
2019-05-13,36.209999084472656,36.209999084472656,36.209999084472656,36.209999084472656,35.74742889404297,500
2019-05-14,36.9900016784668,36.9900016784668,36.9900016784668,36.9900016784668,36.5174674987793,200
2019-05-15,37.25,37.75,37.25,37.75,37.267757415771484,900
2019-05-16,37.599998474121094,38.5,37.5099983215332,37.5099983215332,37.03082275390625,4300
2019-05-17,38.0,38.0,38.0,38.0,37.514564514160156,800
2019-05-20,37.900001525878906,38.34000015258789,37.25,37.939998626708984,37.45532989501953,1900
2019-05-21,37.27000045776367,37.310001373291016,36.310001373291016,36.310001373291016,35.846153259277344,21100
2019-05-22,37.20000076293945,37.25,37.20000076293945,37.209999084472656,36.73465347290039,2400
2019-05-23,37.61000061035156,37.70000076293945,37.27000045776367,37.27000045776367,36.793888092041016,1900
2019-05-24,37.54999923706055,37.79999923706055,37.52000045776367,37.79999923706055,37.317115783691406,800
2019-05-28,37.83000183105469,38.04999923706055,37.83000183105469,37.849998474121094,37.366477966308594,1600
2019-05-29,37.900001525878906,38.04999923706055,37.11000061035156,37.11000061035156,36.63593292236328,1500
2019-05-30,37.79999923706055,37.880001068115234,37.79999923706055,37.880001068115234,37.39609909057617,800
2019-05-31,37.959999084472656,38.540000915527344,37.150001525878906,37.150001525878906,36.67542266845703,1500
2019-06-03,37.86000061035156,37.86000061035156,37.33000183105469,37.79999923706055,37.317115783691406,1200
2019-06-04,38.540000915527344,38.540000915527344,38.0,38.0,37.514564514160156,900
2019-06-05,37.900001525878906,37.900001525878906,37.900001525878906,37.900001525878906,37.41584396362305,1400
2019-06-06,38.400001525878906,38.400001525878906,38.15999984741211,38.400001525878906,37.909454345703125,3100
2019-06-07,38.5,38.5,38.279998779296875,38.38999938964844,37.89958190917969,1800
2019-06-10,38.150001525878906,38.150001525878906,37.5,37.97999954223633,37.49481964111328,2100
2019-06-11,38.20000076293945,38.20000076293945,38.20000076293945,38.20000076293945,37.71200942993164,700
2019-06-12,38.15999984741211,38.15999984741211,38.15999984741211,38.15999984741211,37.67251968383789,500
2019-06-13,37.9900016784668,37.9900016784668,37.9900016784668,37.9900016784668,37.50469207763672,500
2019-06-14,38.18000030517578,38.349998474121094,37.97999954223633,38.349998474121094,37.86009216308594,7700
2019-06-17,39.0,39.119998931884766,38.150001525878906,38.150001525878906,37.66264724731445,2100
2019-06-18,38.27000045776367,38.27000045776367,38.27000045776367,38.27000045776367,37.7811164855957,600
2019-06-19,38.27000045776367,38.27000045776367,38.27000045776367,38.27000045776367,37.7811164855957,400
2019-06-20,38.95000076293945,39.09000015258789,38.95000076293945,39.09000015258789,38.590641021728516,1100
2019-06-21,38.959999084472656,38.959999084472656,37.560001373291016,37.560001373291016,37.08018493652344,4300
2019-06-24,37.779998779296875,37.779998779296875,37.029998779296875,37.029998779296875,36.55695343017578,2200
2019-06-25,36.79999923706055,36.83000183105469,36.79999923706055,36.83000183105469,36.35951232910156,600
2019-06-26,36.849998474121094,37.25,36.20000076293945,36.20000076293945,35.7375602722168,5100
2019-06-27,35.7599983215332,36.45000076293945,35.7599983215332,36.11000061035156,35.64870834350586,1500
2019-06-28,36.970001220703125,36.970001220703125,35.34000015258789,35.349998474121094,34.898414611816406,15000
2019-07-01,36.209999084472656,36.209999084472656,36.0,36.0,35.54011154174805,2400
2019-07-02,36.0,36.029998779296875,35.9900016784668,36.029998779296875,35.56972885131836,1600
2019-07-03,38.689998626708984,38.689998626708984,38.689998626708984,38.689998626708984,38.19574737548828,400
2019-07-05,38.689998626708984,38.689998626708984,38.689998626708984,38.689998626708984,38.19574737548828,100
2019-07-08,35.66999816894531,36.959999084472656,35.27000045776367,36.959999084472656,36.48784637451172,1000
2019-07-09,36.36000061035156,36.68000030517578,36.0099983215332,36.0099983215332,35.549983978271484,2900
2019-07-10,36.0099983215332,36.0099983215332,36.0099983215332,36.0099983215332,35.549983978271484,300
2019-07-11,36.45000076293945,37.189998626708984,36.400001525878906,37.0,36.527339935302734,2700
2019-07-12,36.43000030517578,36.70000076293945,35.5,36.43000030517578,35.96461868286133,31800
2019-07-15,36.43000030517578,36.43000030517578,36.43000030517578,36.43000030517578,35.96461868286133,200
2019-07-16,36.68000030517578,36.79999923706055,36.68000030517578,36.79999923706055,36.329891204833984,3700
2019-07-17,36.599998474121094,37.279998779296875,35.619998931884766,35.720001220703125,35.26369094848633,12800
2019-07-18,36.0,36.0,34.619998931884766,35.349998474121094,34.898414611816406,11000
2019-07-19,35.439998626708984,35.439998626708984,34.15999984741211,34.529998779296875,34.088890075683594,9600
2019-07-22,34.75,35.79999923706055,34.75,35.79999923706055,35.34266662597656,1200
2019-07-23,35.90999984741211,36.189998626708984,35.5,35.5,35.04650115966797,3900
2019-07-24,34.900001525878906,36.43000030517578,34.900001525878906,35.31999969482422,34.868797302246094,5300
2019-07-25,35.31999969482422,35.779998779296875,35.13999938964844,35.13999938964844,34.691097259521484,4100
2019-07-26,36.04999923706055,37.68000030517578,36.0,37.68000030517578,37.19865036010742,6500
2019-07-29,37.790000915527344,38.470001220703125,37.25,37.650001525878906,37.169036865234375,4600
2019-07-30,38.0,38.40999984741211,37.36000061035156,38.060001373291016,37.57379913330078,3800
2019-07-31,38.869998931884766,40.400001525878906,38.38999938964844,38.86000061035156,38.36357879638672,5900
2019-08-01,39.54999923706055,39.79999923706055,39.040000915527344,39.16999816894531,38.66961669921875,2600
2019-08-02,39.79999923706055,39.939998626708984,39.5,39.5,38.99540328979492,1100
2019-08-05,38.7599983215332,38.7599983215332,37.47999954223633,37.47999954223633,37.00120544433594,1100
2019-08-06,39.900001525878906,39.900001525878906,37.90999984741211,38.79999923706055,38.304344177246094,2400
2019-08-07,38.5,39.40999984741211,38.40999984741211,38.810001373291016,38.31421661376953,3400
2019-08-08,39.33000183105469,39.599998474121094,38.869998931884766,39.34000015258789,38.83744430541992,4900
2019-08-09,39.599998474121094,39.599998474121094,37.560001373291016,37.81999969482422,37.33686447143555,5500
2019-08-12,36.79999923706055,37.060001373291016,35.66999816894531,35.720001220703125,35.26369094848633,8100
2019-08-13,35.959999084472656,35.959999084472656,34.970001220703125,35.400001525878906,34.94778060913086,4300
2019-08-14,35.54999923706055,35.54999923706055,34.119998931884766,34.22999954223633,33.792724609375,4500
2019-08-15,35.0,35.18000030517578,33.5,35.13999938964844,34.691097259521484,10600
2019-08-16,34.20000076293945,35.040000915527344,33.83000183105469,35.040000915527344,34.592376708984375,12400
2019-08-19,35.40999984741211,35.40999984741211,35.099998474121094,35.099998474121094,34.651607513427734,5200
2019-08-20,35.380001068115234,35.709999084472656,35.380001068115234,35.40999984741211,34.95764923095703,5400
2019-08-21,35.54999923706055,35.709999084472656,35.040000915527344,35.33000183105469,34.8786735534668,4500
2019-08-22,35.709999084472656,35.709999084472656,35.119998931884766,35.119998931884766,34.67135238647461,700
2019-08-23,35.02000045776367,35.099998474121094,34.75,35.0,34.552886962890625,8700
2019-08-26,34.47999954223633,35.4900016784668,34.400001525878906,34.75,34.30607986450195,6500
2019-08-27,35.0,35.20000076293945,35.0,35.16999816894531,34.7207145690918,6100
2019-08-28,35.189998626708984,35.25,34.59000015258789,34.9900016784668,34.54301834106445,13200
2019-08-29,35.22999954223633,35.22999954223633,34.06999969482422,34.79999923706055,34.35544204711914,6600
2019-08-30,34.93000030517578,36.0099983215332,34.630001068115234,35.9900016784668,35.530242919921875,5100
2019-09-03,36.0,37.7599983215332,36.0,36.93000030517578,36.45823287963867,6300
2019-09-04,37.36000061035156,38.2400016784668,36.65999984741211,37.97999954223633,37.49481964111328,3300
2019-09-05,38.34000015258789,38.34000015258789,37.779998779296875,37.779998779296875,37.29737091064453,2100
2019-09-06,36.849998474121094,37.130001068115234,36.529998779296875,36.529998779296875,36.06333923339844,3800
2019-09-09,36.97999954223633,37.66999816894531,36.79999923706055,37.47999954223633,37.00120544433594,1300
2019-09-10,37.720001220703125,37.720001220703125,36.83000183105469,36.84000015258789,36.369380950927734,1800
2019-09-11,37.650001525878906,37.75,36.84000015258789,37.75,37.267757415771484,1300
2019-09-12,38.47999954223633,38.93000030517578,37.9900016784668,38.93000030517578,38.432682037353516,2100
2019-09-13,38.900001525878906,38.90999984741211,38.040000915527344,38.040000915527344,37.554054260253906,3400
2019-09-16,38.06999969482422,38.220001220703125,37.5,38.189998626708984,37.70213317871094,2900
2019-09-17,37.599998474121094,37.599998474121094,37.560001373291016,37.560001373291016,37.08018493652344,1200
2019-09-18,38.16999816894531,38.31999969482422,37.63999938964844,37.7599983215332,37.277626037597656,7600
2019-09-19,37.7599983215332,37.9900016784668,36.810001373291016,37.09000015258789,36.616188049316406,7800
2019-09-20,37.18000030517578,39.47999954223633,37.15999984741211,39.22999954223633,38.728851318359375,17300
2019-09-23,39.0099983215332,39.9900016784668,38.540000915527344,38.540000915527344,38.047664642333984,14200
2019-09-24,37.91999816894531,38.790000915527344,37.650001525878906,37.650001525878906,37.169036865234375,7900
2019-09-25,37.970001220703125,38.70000076293945,37.310001373291016,38.11000061035156,37.6231575012207,4600
2019-09-26,38.11000061035156,38.25,38.0,38.0099983215332,37.52443313598633,3100
2019-09-27,37.2400016784668,37.88999938964844,36.720001220703125,37.0,36.527339935302734,4000
2019-09-30,37.7400016784668,37.95000076293945,37.209999084472656,37.95000076293945,37.46520233154297,2700
2019-10-01,37.130001068115234,37.58000183105469,37.130001068115234,37.130001068115234,36.655677795410156,1200
2019-10-02,37.650001525878906,37.650001525878906,35.61000061035156,35.61000061035156,35.155094146728516,4100
2019-10-03,35.630001068115234,36.45000076293945,35.630001068115234,35.95000076293945,35.490753173828125,2200
2019-10-04,37.34000015258789,37.34000015258789,36.16999816894531,36.31999969482422,35.85602569580078,2100
2019-10-07,36.65999984741211,36.77000045776367,36.56999969482422,36.56999969482422,36.10282897949219,1600
2019-10-08,36.619998931884766,37.66999816894531,36.349998474121094,37.2400016784668,36.76427459716797,3700
2019-10-09,37.599998474121094,38.20000076293945,36.86000061035156,36.86000061035156,36.38912582397461,3400
2019-10-10,36.619998931884766,36.900001525878906,36.54999923706055,36.560001373291016,36.092960357666016,2000
2019-10-11,36.7599983215332,36.810001373291016,36.29999923706055,36.29999923706055,35.836280822753906,88600
2019-10-14,36.15999984741211,38.099998474121094,35.459999084472656,36.75,36.28053283691406,274500
2019-10-15,36.70000076293945,36.790000915527344,36.04999923706055,36.56999969482422,36.10282897949219,12700
2019-10-16,36.810001373291016,38.310001373291016,36.810001373291016,37.779998779296875,37.29737091064453,4800
2019-10-17,37.849998474121094,38.95000076293945,37.09000015258789,38.47999954223633,37.98843002319336,9200
2019-10-18,38.0099983215332,38.58000183105469,37.939998626708984,38.58000183105469,38.087154388427734,3000
2019-10-21,38.470001220703125,39.029998779296875,38.27000045776367,39.029998779296875,38.531402587890625,2000
2019-10-22,38.5099983215332,38.77000045776367,37.93000030517578,38.599998474121094,38.106895446777344,4900
2019-10-23,38.599998474121094,38.709999084472656,37.52000045776367,38.709999084472656,38.215492248535156,3300
2019-10-24,38.650001525878906,38.650001525878906,37.79999923706055,38.290000915527344,37.80086135864258,800
2019-10-25,38.290000915527344,38.290000915527344,38.290000915527344,38.290000915527344,37.80086135864258,200
2019-10-28,38.56999969482422,40.9900016784668,38.29999923706055,40.650001525878906,40.13071060180664,17400
2019-10-29,39.11000061035156,40.79999923706055,39.11000061035156,40.0,39.489013671875,7000
2019-10-30,40.33000183105469,40.5,39.56999969482422,40.5,39.982627868652344,1700
2019-10-31,40.709999084472656,41.0,39.02000045776367,39.380001068115234,38.87693405151367,14600
2019-11-01,39.65999984741211,39.95000076293945,38.689998626708984,39.93000030517578,39.4199104309082,7100
2019-11-04,39.9900016784668,40.290000915527344,39.58000183105469,40.2400016784668,39.725948333740234,4600
2019-11-05,39.709999084472656,40.2599983215332,39.709999084472656,40.2599983215332,39.745689392089844,2000
2019-11-06,39.9900016784668,40.25,39.43000030517578,39.5,38.99540328979492,5100
2019-11-07,39.70000076293945,40.29999923706055,38.72999954223633,39.29999923706055,38.79795455932617,3900
2019-11-08,39.310001373291016,39.310001373291016,38.790000915527344,38.790000915527344,38.294471740722656,2500
2019-11-11,38.75,38.75,38.439998626708984,38.56999969482422,38.0772819519043,600
2019-11-12,38.56999969482422,39.029998779296875,38.56999969482422,39.029998779296875,38.531402587890625,3100
2019-11-13,38.619998931884766,39.130001068115234,38.4900016784668,39.130001068115234,38.630130767822266,2500
2019-11-14,38.68000030517578,38.97999954223633,38.650001525878906,38.709999084472656,38.215492248535156,3100
2019-11-15,38.810001373291016,38.810001373291016,38.29999923706055,38.29999923706055,37.81072998046875,900
2019-11-18,38.40999984741211,39.06999969482422,38.40999984741211,38.72999954223633,38.23523712158203,1200
2019-11-19,38.91999816894531,40.04999923706055,38.91999816894531,40.04999923706055,39.53837585449219,2200
2019-11-20,40.08000183105469,40.08000183105469,38.43000030517578,38.43000030517578,37.93907165527344,7500
2019-11-21,38.529998779296875,39.38999938964844,38.529998779296875,39.029998779296875,38.531402587890625,4700
2019-11-22,39.18000030517578,39.31999969482422,38.560001373291016,38.560001373291016,38.06740951538086,1400
2019-11-25,39.75,39.75,39.5,39.560001373291016,39.05463790893555,2400
2019-11-26,39.45000076293945,39.709999084472656,39.45000076293945,39.709999084472656,39.20271682739258,800
2019-11-27,39.75,40.15999984741211,39.599998474121094,39.599998474121094,39.09412384033203,5500
2019-11-29,39.84000015258789,40.29999923706055,38.650001525878906,38.650001525878906,38.1562614440918,3000
2019-12-02,38.470001220703125,39.150001525878906,38.060001373291016,38.119998931884766,37.63302993774414,4900
2019-12-03,39.11000061035156,39.95000076293945,38.900001525878906,38.900001525878906,38.40306854248047,4600
2019-12-04,39.599998474121094,39.810001373291016,39.13999938964844,39.13999938964844,38.63999938964844,6000
2019-12-05,38.58000183105469,39.029998779296875,38.58000183105469,39.029998779296875,39.029998779296875,500
2019-12-06,38.20000076293945,39.9900016784668,38.20000076293945,39.29999923706055,39.29999923706055,2500
2019-12-09,38.52000045776367,39.95000076293945,38.470001220703125,38.5,38.5,6200
2019-12-10,38.790000915527344,39.689998626708984,38.709999084472656,39.689998626708984,39.689998626708984,2500
2019-12-11,39.220001220703125,39.79999923706055,39.220001220703125,39.79999923706055,39.79999923706055,1000
2019-12-12,40.060001373291016,40.060001373291016,39.650001525878906,39.650001525878906,39.650001525878906,800
2019-12-13,39.84000015258789,40.04999923706055,39.5,40.04999923706055,40.04999923706055,1500
2019-12-16,39.81999969482422,40.0,39.81999969482422,39.95000076293945,39.95000076293945,2500
2019-12-17,39.900001525878906,40.43000030517578,39.869998931884766,40.43000030517578,40.43000030517578,1700
2019-12-18,40.099998474121094,40.9900016784668,39.91999816894531,40.380001068115234,40.380001068115234,3500
2019-12-19,40.45000076293945,40.5,40.400001525878906,40.439998626708984,40.439998626708984,3400
2019-12-20,40.689998626708984,40.70000076293945,40.45000076293945,40.45000076293945,40.45000076293945,12200
2019-12-23,40.599998474121094,40.599998474121094,39.529998779296875,39.849998474121094,39.849998474121094,4000
2019-12-24,40.22999954223633,40.400001525878906,39.75,39.75,39.75,1700
2019-12-26,39.72999954223633,40.16999816894531,39.72999954223633,40.16999816894531,40.16999816894531,500
2019-12-27,40.16999816894531,40.16999816894531,40.16999816894531,40.16999816894531,40.16999816894531,400
2019-12-30,40.040000915527344,40.15999984741211,39.709999084472656,39.97999954223633,39.97999954223633,1900
2019-12-31,39.75,40.0,39.5,39.54999923706055,39.54999923706055,4500
2020-01-02,39.56999969482422,39.56999969482422,39.130001068115234,39.130001068115234,39.130001068115234,2300
2020-01-03,38.79999923706055,39.13999938964844,38.650001525878906,38.900001525878906,38.900001525878906,2800
2020-01-06,38.900001525878906,39.0,38.5,38.5,38.5,4200
2020-01-07,38.79999923706055,39.54999923706055,38.7400016784668,38.900001525878906,38.900001525878906,3700
2020-01-08,38.900001525878906,39.349998474121094,38.900001525878906,39.060001373291016,39.060001373291016,1900
2020-01-09,39.349998474121094,40.16999816894531,39.349998474121094,39.790000915527344,39.790000915527344,3900
2020-01-10,39.81999969482422,41.400001525878906,39.349998474121094,41.209999084472656,41.209999084472656,8400
2020-01-13,41.41999816894531,41.560001373291016,41.150001525878906,41.560001373291016,41.560001373291016,1700
2020-01-14,41.560001373291016,41.560001373291016,41.0,41.0,41.0,700
2020-01-15,41.15999984741211,41.15999984741211,41.15999984741211,41.15999984741211,41.15999984741211,400
2020-01-16,41.15999984741211,41.15999984741211,41.15999984741211,41.15999984741211,41.15999984741211,0
2020-01-17,41.02000045776367,41.189998626708984,40.02000045776367,40.02000045776367,40.02000045776367,3800
2020-01-21,40.709999084472656,40.709999084472656,40.0,40.25,40.25,1400
2020-01-22,40.25,40.75,40.25,40.75,40.75,8900
2020-01-23,40.5,40.529998779296875,40.400001525878906,40.400001525878906,40.400001525878906,2700
2020-01-24,40.5,40.75,40.06999969482422,40.5099983215332,40.5099983215332,6800
2020-01-27,40.29999923706055,40.47999954223633,40.0,40.150001525878906,40.150001525878906,4400
2020-01-28,40.2400016784668,41.5,40.2400016784668,41.5,41.5,1100
2020-01-29,40.36000061035156,40.400001525878906,40.06999969482422,40.06999969482422,40.06999969482422,600
2020-01-30,40.150001525878906,40.38999938964844,40.119998931884766,40.119998931884766,40.119998931884766,1400
2020-01-31,39.880001068115234,40.939998626708984,39.880001068115234,40.5,40.5,5500
2020-02-03,40.5,41.439998626708984,40.5,40.93000030517578,40.93000030517578,3200
2020-02-04,41.56999969482422,41.56999969482422,41.0,41.0099983215332,41.0099983215332,1600
2020-02-05,41.099998474121094,41.099998474121094,41.060001373291016,41.060001373291016,41.060001373291016,500
2020-02-06,41.150001525878906,41.150001525878906,40.970001220703125,40.970001220703125,40.970001220703125,1400
2020-02-07,41.2400016784668,41.2400016784668,41.2400016784668,41.2400016784668,41.2400016784668,900
2020-02-10,40.58000183105469,41.599998474121094,40.58000183105469,40.90999984741211,40.90999984741211,11100
2020-02-11,41.04999923706055,42.36000061035156,41.0099983215332,41.91999816894531,41.91999816894531,10400
2020-02-12,42.189998626708984,42.400001525878906,40.45000076293945,41.959999084472656,41.959999084472656,5500
2020-02-13,42.04999923706055,42.04999923706055,41.560001373291016,41.560001373291016,41.560001373291016,1100
2020-02-14,41.130001068115234,41.9900016784668,40.380001068115234,41.900001525878906,41.900001525878906,5000
2020-02-18,41.75,42.20000076293945,41.400001525878906,42.20000076293945,42.20000076293945,2200
2020-02-19,42.380001068115234,42.38999938964844,41.880001068115234,42.220001220703125,42.220001220703125,11500
2020-02-20,42.25,43.029998779296875,42.25,43.029998779296875,43.029998779296875,2300
2020-02-21,43.41999816894531,43.5,43.09000015258789,43.400001525878906,43.400001525878906,3800
2020-02-24,41.5099983215332,42.209999084472656,41.5,41.86000061035156,41.86000061035156,5300
2020-02-25,42.20000076293945,42.380001068115234,42.150001525878906,42.290000915527344,42.290000915527344,1600
2020-02-26,42.099998474121094,42.5099983215332,41.52000045776367,41.97999954223633,41.97999954223633,7500
2020-02-27,40.52000045776367,40.52000045776367,40.52000045776367,40.52000045776367,40.52000045776367,700
2020-02-28,40.880001068115234,40.880001068115234,39.099998474121094,40.2400016784668,40.2400016784668,7300
2020-03-02,39.970001220703125,41.720001220703125,39.970001220703125,41.380001068115234,41.380001068115234,2300
2020-03-03,40.459999084472656,41.79999923706055,40.459999084472656,41.290000915527344,41.290000915527344,1900
2020-03-04,42.0,48.880001068115234,42.0,48.599998474121094,48.599998474121094,11300
2020-03-05,48.599998474121094,48.599998474121094,45.220001220703125,45.97999954223633,45.97999954223633,13200
2020-03-06,44.97999954223633,46.22999954223633,44.45000076293945,45.060001373291016,45.060001373291016,9900
2020-03-09,44.72999954223633,44.72999954223633,41.15999984741211,43.18000030517578,43.18000030517578,6200
2020-03-10,44.790000915527344,44.79999923706055,42.52000045776367,43.79999923706055,43.79999923706055,8100
2020-03-11,42.68000030517578,46.66999816894531,42.15999984741211,42.15999984741211,42.15999984741211,10000
2020-03-12,41.4900016784668,41.5,36.83000183105469,36.83000183105469,36.83000183105469,15000
2020-03-13,41.79999923706055,42.0,39.77000045776367,39.77000045776367,39.77000045776367,4600
2020-03-16,39.2400016784668,39.2400016784668,35.0,35.27000045776367,35.27000045776367,6900
2020-03-17,37.0,37.630001068115234,36.849998474121094,37.630001068115234,37.630001068115234,4100
2020-03-18,33.0,33.0,31.549999237060547,31.549999237060547,31.549999237060547,1800
2020-03-19,30.809999465942383,35.70000076293945,30.809999465942383,35.70000076293945,35.70000076293945,3800
2020-03-20,35.0,35.650001525878906,28.989999771118164,34.77000045776367,34.77000045776367,19900
2020-03-23,33.54999923706055,33.54999923706055,29.809999465942383,31.84000015258789,31.84000015258789,3900
2020-03-24,30.770000457763672,32.33000183105469,30.350000381469727,30.5,30.5,8100
2020-03-25,30.3799991607666,32.0,28.670000076293945,31.989999771118164,31.989999771118164,9600
2020-03-26,33.290000915527344,33.90999984741211,31.530000686645508,33.4900016784668,33.4900016784668,10100
2020-03-27,32.47999954223633,33.0,31.760000228881836,31.760000228881836,31.760000228881836,4200
2020-03-30,31.8700008392334,32.7400016784668,31.8700008392334,32.689998626708984,32.689998626708984,2100
2020-03-31,32.459999084472656,32.70000076293945,32.09000015258789,32.70000076293945,32.70000076293945,2900
2020-04-01,31.43000030517578,32.70000076293945,31.399999618530273,32.04999923706055,32.04999923706055,12200
2020-04-02,32.70000076293945,33.5,32.0,33.5,33.5,12000
2020-04-03,32.27000045776367,33.0,32.27000045776367,32.27000045776367,32.27000045776367,1300
2020-04-06,32.66999816894531,34.5,32.66999816894531,34.5,34.5,3700
2020-04-07,34.959999084472656,35.369998931884766,34.0,35.369998931884766,35.369998931884766,6300
2020-04-08,36.279998779296875,36.279998779296875,34.5,35.939998626708984,35.939998626708984,7200
2020-04-09,35.369998931884766,36.0,35.25,36.0,36.0,25700
2020-04-13,35.630001068115234,35.75,35.25,35.4900016784668,35.4900016784668,12900
2020-04-14,35.5,35.599998474121094,35.25,35.25,35.25,7100
2020-04-15,34.380001068115234,34.5,33.0,33.0099983215332,33.0099983215332,9300
2020-04-16,33.0,33.689998626708984,32.900001525878906,33.400001525878906,33.400001525878906,5600
2020-04-17,34.22999954223633,34.900001525878906,33.72999954223633,34.900001525878906,34.900001525878906,3500
2020-04-20,33.86000061035156,33.86000061035156,33.540000915527344,33.540000915527344,33.540000915527344,500
2020-04-21,33.52000045776367,34.25,33.52000045776367,33.709999084472656,33.709999084472656,3600
2020-04-22,33.25,36.04999923706055,33.25,36.04999923706055,36.04999923706055,5400
2020-04-23,36.04999923706055,36.04999923706055,36.04999923706055,36.04999923706055,36.04999923706055,500
2020-04-24,35.93000030517578,35.93000030517578,35.599998474121094,35.599998474121094,35.599998474121094,600
2020-04-27,36.0,36.209999084472656,36.0,36.209999084472656,36.209999084472656,1500
2020-04-28,36.5,39.150001525878906,36.5,38.130001068115234,38.130001068115234,3700
2020-04-29,40.0,41.04999923706055,39.95000076293945,40.54999923706055,40.54999923706055,7300
2020-04-30,40.599998474121094,40.599998474121094,38.41999816894531,38.41999816894531,38.41999816894531,4800
2020-05-01,38.95000076293945,39.0,37.5,38.79999923706055,38.79999923706055,8600
2020-05-04,37.9900016784668,38.970001220703125,37.130001068115234,38.5,38.5,3200
2020-05-05,38.75,39.0099983215332,37.90999984741211,37.90999984741211,37.90999984741211,1200
2020-05-06,38.849998474121094,38.9900016784668,36.5,36.5,36.5,3200
2020-05-07,38.9900016784668,39.400001525878906,37.209999084472656,38.9900016784668,38.9900016784668,5000
2020-05-08,39.720001220703125,39.720001220703125,39.189998626708984,39.540000915527344,39.540000915527344,1900
2020-05-11,38.72999954223633,39.75,38.08000183105469,38.08000183105469,38.08000183105469,6300
2020-05-12,39.119998931884766,39.119998931884766,36.65999984741211,37.0099983215332,37.0099983215332,4100
2020-05-13,36.38999938964844,37.97999954223633,36.25,36.40999984741211,36.40999984741211,3800
2020-05-14,36.0099983215332,36.70000076293945,36.0099983215332,36.70000076293945,36.70000076293945,1800
2020-05-15,36.2599983215332,37.81999969482422,36.0,37.81999969482422,37.81999969482422,4200
2020-05-18,38.400001525878906,38.939998626708984,37.72999954223633,38.86000061035156,38.86000061035156,8100
2020-05-19,38.33000183105469,39.0,37.79999923706055,37.79999923706055,37.79999923706055,3900
2020-05-20,38.36000061035156,38.5,38.20000076293945,38.20000076293945,38.20000076293945,2400
2020-05-21,38.0,38.16999816894531,37.59000015258789,37.59000015258789,37.59000015258789,2700
2020-05-22,38.22999954223633,38.22999954223633,38.22999954223633,38.22999954223633,38.22999954223633,400
2020-05-26,38.29999923706055,40.790000915527344,38.29999923706055,40.400001525878906,40.400001525878906,5600
2020-05-27,39.97999954223633,40.0,39.189998626708984,39.970001220703125,39.970001220703125,2400
2020-05-28,39.5,40.400001525878906,38.93000030517578,39.599998474121094,39.599998474121094,8200
2020-05-29,39.5,40.38999938964844,39.20000076293945,40.38999938964844,40.38999938964844,3000
2020-06-01,40.040000915527344,41.34000015258789,40.040000915527344,40.689998626708984,40.689998626708984,9400
2020-06-02,40.95000076293945,41.5,40.45000076293945,40.959999084472656,40.959999084472656,10400
2020-06-03,41.0099983215332,42.619998931884766,40.0,42.15999984741211,42.15999984741211,20600
2020-06-04,42.150001525878906,44.95000076293945,42.0,44.619998931884766,44.619998931884766,8300
2020-06-05,44.95000076293945,46.220001220703125,43.63999938964844,45.02000045776367,45.02000045776367,9800
2020-06-08,45.060001373291016,47.5,45.060001373291016,46.540000915527344,46.540000915527344,16300
2020-06-09,45.97999954223633,51.900001525878906,45.0,51.0099983215332,51.0099983215332,22100
2020-06-10,51.31999969482422,53.119998931884766,50.0,50.72999954223633,50.72999954223633,15800
2020-06-11,48.959999084472656,52.099998474121094,48.959999084472656,49.5099983215332,49.5099983215332,9000
2020-06-12,49.97999954223633,50.599998474121094,49.34000015258789,49.34000015258789,49.34000015258789,11100
2020-06-15,48.970001220703125,53.97999954223633,47.810001373291016,53.400001525878906,53.400001525878906,12300
2020-06-16,53.95000076293945,53.95000076293945,49.400001525878906,51.099998474121094,51.099998474121094,8900
2020-06-17,51.779998779296875,53.22999954223633,49.599998474121094,52.0,52.0,18900
2020-06-18,50.81999969482422,51.47999954223633,50.06999969482422,50.130001068115234,50.130001068115234,10500
2020-06-19,51.279998779296875,55.4900016784668,51.0099983215332,52.65999984741211,52.65999984741211,57500
2020-06-22,51.90999984741211,55.38999938964844,51.90999984741211,53.970001220703125,53.970001220703125,28600
2020-06-23,54.720001220703125,56.43000030517578,53.45000076293945,54.63999938964844,54.63999938964844,16300
2020-06-24,54.08000183105469,56.09000015258789,53.31999969482422,54.59000015258789,54.59000015258789,15300
2020-06-25,55.25,56.880001068115234,55.20000076293945,56.70000076293945,56.70000076293945,14400
2020-06-26,56.790000915527344,57.45000076293945,51.18000030517578,53.099998474121094,53.099998474121094,196800
2020-06-29,53.38999938964844,55.43000030517578,52.5099983215332,55.13999938964844,55.13999938964844,16600
2020-06-30,54.349998474121094,54.349998474121094,53.029998779296875,54.16999816894531,54.16999816894531,6600
2020-07-01,53.9900016784668,54.84000015258789,53.16999816894531,53.9900016784668,53.9900016784668,5200
2020-07-02,54.0,54.400001525878906,53.150001525878906,53.81999969482422,53.81999969482422,5000
2020-07-06,54.08000183105469,55.88999938964844,54.0,54.90999984741211,54.90999984741211,5100
2020-07-07,54.900001525878906,55.9900016784668,53.38999938964844,54.099998474121094,54.099998474121094,11700
2020-07-08,54.08000183105469,55.439998626708984,53.7599983215332,54.70000076293945,54.70000076293945,7700
2020-07-09,54.70000076293945,54.70000076293945,52.41999816894531,53.369998931884766,53.369998931884766,10000
2020-07-10,53.0,54.470001220703125,51.72999954223633,53.400001525878906,53.400001525878906,12700
2020-07-13,52.84000015258789,52.84000015258789,51.11000061035156,51.38999938964844,51.38999938964844,5600
2020-07-14,51.34000015258789,51.34000015258789,49.5099983215332,50.20000076293945,50.20000076293945,6700
2020-07-15,50.5,52.0,49.79999923706055,51.38999938964844,51.38999938964844,10100
2020-07-16,51.5,51.88999938964844,50.599998474121094,51.400001525878906,51.400001525878906,3200
2020-07-17,50.95000076293945,51.970001220703125,50.790000915527344,50.86000061035156,50.86000061035156,5200
2020-07-20,50.86000061035156,51.959999084472656,50.04999923706055,51.66999816894531,51.66999816894531,7100
2020-07-21,51.060001373291016,52.54999923706055,51.060001373291016,52.54999923706055,52.54999923706055,4600
2020-07-22,52.540000915527344,52.54999923706055,51.709999084472656,52.369998931884766,52.369998931884766,3300
2020-07-23,52.02000045776367,52.650001525878906,50.27000045776367,50.40999984741211,50.40999984741211,11300
2020-07-24,49.88999938964844,52.15999984741211,49.88999938964844,50.2400016784668,50.2400016784668,6000
2020-07-27,51.290000915527344,51.720001220703125,50.77000045776367,50.77000045776367,50.77000045776367,4100
2020-07-28,50.5,50.5,50.06999969482422,50.06999969482422,50.06999969482422,2800
2020-07-29,50.0,51.13999938964844,48.970001220703125,49.66999816894531,49.66999816894531,4500
2020-07-30,49.68000030517578,50.5,48.66999816894531,48.66999816894531,48.66999816894531,1900
2020-07-31,48.97999954223633,49.20000076293945,48.97999954223633,49.20000076293945,49.20000076293945,1600
2020-08-03,49.20000076293945,51.72999954223633,49.20000076293945,51.70000076293945,51.70000076293945,5500
2020-08-04,50.9900016784668,51.689998626708984,50.58000183105469,51.689998626708984,51.689998626708984,1900
2020-08-05,51.040000915527344,51.9900016784668,50.529998779296875,51.9900016784668,51.9900016784668,2000
2020-08-06,51.5,54.189998626708984,51.5,54.09000015258789,54.09000015258789,8200
2020-08-07,51.849998474121094,55.2599983215332,51.0099983215332,52.970001220703125,52.970001220703125,10400
2020-08-10,53.25,53.599998474121094,52.66999816894531,52.66999816894531,52.66999816894531,2300
2020-08-11,48.04999923706055,52.7599983215332,48.04999923706055,52.33000183105469,52.33000183105469,2100
2020-08-12,52.63999938964844,53.619998931884766,52.63999938964844,52.779998779296875,52.779998779296875,3100
2020-08-13,51.36000061035156,52.79999923706055,51.130001068115234,52.29999923706055,52.29999923706055,1700
2020-08-14,51.45000076293945,52.869998931884766,50.22999954223633,52.869998931884766,52.869998931884766,2000
2020-08-17,51.33000183105469,51.33000183105469,51.33000183105469,51.33000183105469,51.33000183105469,400
2020-08-18,53.16999816894531,53.970001220703125,53.16999816894531,53.459999084472656,53.459999084472656,1000
2020-08-19,54.810001373291016,55.13999938964844,53.61000061035156,54.900001525878906,54.900001525878906,3600
2020-08-20,54.599998474121094,54.599998474121094,53.0,53.40999984741211,53.40999984741211,4400
2020-08-21,53.41999816894531,53.41999816894531,51.0,51.5,51.5,8400
2020-08-24,52.0,52.90999984741211,50.40999984741211,51.220001220703125,51.220001220703125,6300
2020-08-25,51.849998474121094,53.970001220703125,51.849998474121094,53.70000076293945,53.70000076293945,6400
2020-08-26,53.5,55.4900016784668,53.5,54.849998474121094,54.849998474121094,5700
2020-08-27,54.54999923706055,54.849998474121094,52.02000045776367,52.02000045776367,52.02000045776367,7800
2020-08-28,52.9900016784668,55.529998779296875,52.619998931884766,54.11000061035156,54.11000061035156,3300
2020-08-31,54.11000061035156,54.689998626708984,53.18000030517578,53.18000030517578,53.18000030517578,3700
2020-09-01,53.93000030517578,54.09000015258789,53.59000015258789,54.09000015258789,54.09000015258789,2038
