Date,Open,High,Low,Close,Adj Close,Volume
1986-03-13,0.0885416641831398,0.1015625,0.0885416641831398,0.0972222238779068,0.06205500289797783,1031788800
1986-03-14,0.0972222238779068,0.1024305522441864,0.0972222238779068,0.1006944477558136,0.06427128612995148,308160000
1986-03-17,0.1006944477558136,0.1032986119389534,0.1006944477558136,0.1024305522441864,0.06537942588329315,133171200
1986-03-18,0.1024305522441864,0.1032986119389534,0.0989583358168602,0.0998263880610466,0.06371721625328064,67766400
1986-03-19,0.0998263880610466,0.1006944477558136,0.0972222238779068,0.0980902761220932,0.06260908395051956,47894400
1986-03-20,0.0980902761220932,0.0980902761220932,0.0946180522441864,0.0954861119389534,0.06094687432050705,58435200
1986-03-21,0.0954861119389534,0.0972222238779068,0.0911458358168602,0.0928819477558136,0.05928471311926842,59990400
1986-03-24,0.0928819477558136,0.0928819477558136,0.0894097238779068,0.0902777761220932,0.0576225183904171,65289600
1986-03-25,0.0902777761220932,0.0920138880610466,0.0894097238779068,0.0920138880610466,0.058730632066726685,32083200
1986-03-26,0.0920138880610466,0.0954861119389534,0.0911458358168602,0.0946180522441864,0.06039281561970711,22752000
1986-03-27,0.0946180522441864,0.0963541641831398,0.0946180522441864,0.0963541641831398,0.061500951647758484,16848000
1986-03-31,0.0963541641831398,0.0963541641831398,0.09375,0.0954861119389534,0.06094687432050705,12873600
1986-04-01,0.0954861119389534,0.0954861119389534,0.0946180522441864,0.0946180522441864,0.06039281561970711,11088000
1986-04-02,0.0946180522441864,0.0972222238779068,0.0946180522441864,0.0954861119389534,0.06094687432050705,27014400
1986-04-03,0.0963541641831398,0.0989583358168602,0.0963541641831398,0.0963541641831398,0.061500951647758484,23040000
1986-04-04,0.0963541641831398,0.0972222238779068,0.0963541641831398,0.0963541641831398,0.061500951647758484,26582400
1986-04-07,0.0963541641831398,0.0972222238779068,0.0928819477558136,0.0946180522441864,0.06039281561970711,16560000
1986-04-08,0.0946180522441864,0.0972222238779068,0.0946180522441864,0.0954861119389534,0.06094687432050705,10252800
1986-04-09,0.0954861119389534,0.0980902761220932,0.0954861119389534,0.0972222238779068,0.06205500289797783,12153600
1986-04-10,0.0972222238779068,0.0989583358168602,0.0954861119389534,0.0980902761220932,0.06260908395051956,13881600
1986-04-11,0.0989583358168602,0.1015625,0.0989583358168602,0.0998263880610466,0.06371721625328064,17222400
1986-04-14,0.0998263880610466,0.1015625,0.0998263880610466,0.1006944477558136,0.06427128612995148,12153600
1986-04-15,0.1006944477558136,0.1006944477558136,0.0972222238779068,0.1006944477558136,0.06427128612995148,9302400
1986-04-16,0.1006944477558136,0.1050347238779068,0.0998263880610466,0.1041666641831398,0.06648752093315125,31910400
1986-04-17,0.1041666641831398,0.1050347238779068,0.1041666641831398,0.1050347238779068,0.06704160571098328,22003200
1986-04-18,0.1050347238779068,0.1050347238779068,0.1006944477558136,0.1015625,0.06482534110546112,21628800
1986-04-21,0.1015625,0.1024305522441864,0.0989583358168602,0.1015625,0.06482534110546112,22924800
1986-04-22,0.1015625,0.1015625,0.0998263880610466,0.0998263880610466,0.06371721625328064,15552000
1986-04-23,0.0998263880610466,0.1006944477558136,0.0989583358168602,0.1002604141831398,0.06399425119161606,15609600
1986-04-24,0.1002604141831398,0.1119791641831398,0.0998263880610466,0.1102430522441864,0.07036598026752472,62352000
1986-04-25,0.1111111119389534,0.1219618022441864,0.1111111119389534,0.1171875,0.07479845732450485,85795200
1986-04-28,0.1171875,0.1189236119389534,0.1163194477558136,0.1180555522441864,0.0753525048494339,28886400
1986-04-29,0.1180555522441864,0.1180555522441864,0.1137152761220932,0.1145833358168602,0.07313629239797592,30326400
1986-04-30,0.1145833358168602,0.1154513880610466,0.109375,0.1119791641831398,0.071474090218544,30902400
1986-05-01,0.1119791641831398,0.1119791641831398,0.1085069477558136,0.1102430522441864,0.07036598026752472,54345600
1986-05-02,0.1102430522441864,0.1119791641831398,0.109375,0.1102430522441864,0.07036598026752472,20246400
1986-05-05,0.1102430522441864,0.1102430522441864,0.109375,0.109375,0.06981189548969269,3254400
1986-05-06,0.1102430522441864,0.1119791641831398,0.1102430522441864,0.1102430522441864,0.07036598026752472,9734400
1986-05-07,0.1102430522441864,0.1111111119389534,0.1085069477558136,0.1102430522441864,0.07036598026752472,5155200
1986-05-08,0.1102430522441864,0.1111111119389534,0.109375,0.1111111119389534,0.07092002779245377,3542400
1986-05-09,0.1111111119389534,0.1111111119389534,0.1102430522441864,0.1102430522441864,0.07036598026752472,6076800
1986-05-12,0.1102430522441864,0.1137152761220932,0.1102430522441864,0.1111111119389534,0.07092002779245377,10483200
1986-05-13,0.1111111119389534,0.1128472238779068,0.1111111119389534,0.1119791641831398,0.071474090218544,3830400
1986-05-14,0.1119791641831398,0.1119791641831398,0.1111111119389534,0.1111111119389534,0.07092002779245377,9302400
1986-05-15,0.1111111119389534,0.1128472238779068,0.1111111119389534,0.1111111119389534,0.07092002779245377,3801600
1986-05-16,0.1111111119389534,0.1145833358168602,0.1111111119389534,0.1119791641831398,0.071474090218544,11952000
1986-05-19,0.1119791641831398,0.1119791641831398,0.109375,0.1102430522441864,0.07036598026752472,11001600
1986-05-20,0.1102430522441864,0.1102430522441864,0.1085069477558136,0.109375,0.06981189548969269,61977600
1986-05-21,0.109375,0.1102430522441864,0.1076388880610466,0.1076388880610466,0.06870374828577042,8092800
1986-05-22,0.1076388880610466,0.1085069477558136,0.1076388880610466,0.1076388880610466,0.06870374828577042,4406400
1986-05-23,0.1076388880610466,0.109375,0.1076388880610466,0.1076388880610466,0.06870374828577042,4089600
1986-05-27,0.1076388880610466,0.1111111119389534,0.1076388880610466,0.1111111119389534,0.07092002779245377,13881600
1986-05-28,0.1111111119389534,0.1145833358168602,0.1111111119389534,0.1145833358168602,0.07313629239797592,15523200
1986-05-29,0.1145833358168602,0.1189236119389534,0.1137152761220932,0.1171875,0.07479845732450485,45676800
1986-05-30,0.1180555522441864,0.1232638880610466,0.1180555522441864,0.1215277761220932,0.07756874710321426,27072000
1986-06-02,0.1215277761220932,0.1215277761220932,0.1180555522441864,0.1180555522441864,0.0753525048494339,19728000
1986-06-03,0.1180555522441864,0.1180555522441864,0.1163194477558136,0.1180555522441864,0.0753525048494339,5011200
1986-06-04,0.1180555522441864,0.1189236119389534,0.1163194477558136,0.1171875,0.07479845732450485,4723200
1986-06-05,0.1171875,0.1189236119389534,0.1163194477558136,0.1189236119389534,0.07590659707784653,13708800
1986-06-06,0.1189236119389534,0.1189236119389534,0.1171875,0.1189236119389534,0.07590659707784653,3427200
1986-06-09,0.1189236119389534,0.1189236119389534,0.1137152761220932,0.1137152761220932,0.07258222252130508,12672000
1986-06-10,0.1137152761220932,0.1137152761220932,0.1119791641831398,0.1137152761220932,0.07258222252130508,3427200
1986-06-11,0.1137152761220932,0.1137152761220932,0.1119791641831398,0.1137152761220932,0.07258222252130508,2304000
1986-06-12,0.1137152761220932,0.1137152761220932,0.1085069477558136,0.109375,0.06981189548969269,13708800
1986-06-13,0.109375,0.1102430522441864,0.1085069477558136,0.109375,0.06981189548969269,7891200
1986-06-16,0.109375,0.1102430522441864,0.1076388880610466,0.1085069477558136,0.06925785541534424,9590400
1986-06-17,0.109375,0.1119791641831398,0.109375,0.1102430522441864,0.07036598026752472,13075200
1986-06-18,0.1102430522441864,0.1102430522441864,0.1076388880610466,0.109375,0.06981189548969269,4348800
1986-06-19,0.109375,0.1102430522441864,0.1076388880610466,0.1085069477558136,0.06925785541534424,8467200
1986-06-20,0.1085069477558136,0.109375,0.1085069477558136,0.1089409738779068,0.06953486800193787,3801600
1986-06-23,0.1089409738779068,0.1102430522441864,0.1067708358168602,0.1102430522441864,0.07036598026752472,46195200
1986-06-24,0.1102430522441864,0.1111111119389534,0.1085069477558136,0.109375,0.06981189548969269,14572800
1986-06-25,0.109375,0.1102430522441864,0.1076388880610466,0.1076388880610466,0.06870374828577042,15235200
1986-06-26,0.1076388880610466,0.1085069477558136,0.1041666641831398,0.1041666641831398,0.06648752093315125,19152000
1986-06-27,0.1041666641831398,0.1050347238779068,0.1024305522441864,0.1032986119389534,0.06593344360589981,10396800
1986-06-30,0.1032986119389534,0.109375,0.1024305522441864,0.1067708358168602,0.06814970821142197,62352000
1986-07-01,0.1067708358168602,0.1067708358168602,0.1059027761220932,0.1067708358168602,0.06814970821142197,47577600
1986-07-02,0.1067708358168602,0.1067708358168602,0.1059027761220932,0.1067708358168602,0.06814970821142197,52617600
1986-07-03,0.1076388880610466,0.109375,0.1076388880610466,0.1085069477558136,0.06925785541534424,14140800
1986-07-07,0.1085069477558136,0.1085069477558136,0.1041666641831398,0.1041666641831398,0.06648752093315125,14054400
1986-07-08,0.1041666641831398,0.1041666641831398,0.1006944477558136,0.1015625,0.06482534110546112,14256000
1986-07-09,0.1015625,0.1015625,0.0963541641831398,0.0972222238779068,0.06205500289797783,46137600
1986-07-10,0.0972222238779068,0.0980902761220932,0.0902777761220932,0.0946180522441864,0.06039281561970711,46886400
1986-07-11,0.0946180522441864,0.0989583358168602,0.0946180522441864,0.0972222238779068,0.06205500289797783,17395200
1986-07-14,0.0946180522441864,0.0980902761220932,0.0946180522441864,0.0959201380610466,0.06122395396232605,28598400
1986-07-15,0.0959201380610466,0.0989583358168602,0.0946180522441864,0.0972222238779068,0.06205500289797783,13190400
1986-07-16,0.0980902761220932,0.1006944477558136,0.0980902761220932,0.1006944477558136,0.06427128612995148,9360000
1986-07-17,0.1006944477558136,0.1024305522441864,0.0998263880610466,0.1024305522441864,0.06537942588329315,6940800
1986-07-18,0.1024305522441864,0.1041666641831398,0.0998263880610466,0.1032986119389534,0.06593344360589981,12326400
1986-07-21,0.1032986119389534,0.1050347238779068,0.1032986119389534,0.1032986119389534,0.06593344360589981,3513600
1986-07-22,0.1032986119389534,0.1067708358168602,0.1032986119389534,0.1067708358168602,0.06814970821142197,10512000
1986-07-23,0.1067708358168602,0.1085069477558136,0.1041666641831398,0.1041666641831398,0.06648752093315125,20793600
1986-07-24,0.1059027761220932,0.109375,0.1059027761220932,0.1076388880610466,0.06870374828577042,14140800
1986-07-25,0.1076388880610466,0.109375,0.1076388880610466,0.1085069477558136,0.06925785541534424,20448000
1986-07-28,0.1085069477558136,0.1085069477558136,0.1059027761220932,0.1059027761220932,0.06759563833475113,11808000
1986-07-29,0.1059027761220932,0.1067708358168602,0.1015625,0.1032986119389534,0.06593344360589981,14054400
1986-07-30,0.1032986119389534,0.1032986119389534,0.0963541641831398,0.0998263880610466,0.06371721625328064,26409600
1986-07-31,0.0998263880610466,0.1006944477558136,0.0989583358168602,0.0989583358168602,0.06316313147544861,15638400
1986-08-01,0.0989583358168602,0.0998263880610466,0.0972222238779068,0.0980902761220932,0.06260908395051956,12902400
1986-08-04,0.0980902761220932,0.0980902761220932,0.0954861119389534,0.0980902761220932,0.06260908395051956,12441600
1986-08-05,0.0980902761220932,0.0989583358168602,0.0972222238779068,0.0972222238779068,0.06205500289797783,2822400
1986-08-06,0.0972222238779068,0.0980902761220932,0.0946180522441864,0.0963541641831398,0.061500951647758484,18316800
1986-08-07,0.0963541641831398,0.0972222238779068,0.0946180522441864,0.0954861119389534,0.06094687432050705,3657600
1986-08-08,0.0954861119389534,0.0980902761220932,0.0954861119389534,0.0963541641831398,0.061500951647758484,4147200
1986-08-11,0.0980902761220932,0.1006944477558136,0.0980902761220932,0.0998263880610466,0.06371721625328064,7948800
1986-08-12,0.0998263880610466,0.1024305522441864,0.0998263880610466,0.1024305522441864,0.06537942588329315,9993600
1986-08-13,0.1024305522441864,0.1032986119389534,0.1015625,0.1032986119389534,0.06593344360589981,6883200
1986-08-14,0.1032986119389534,0.1067708358168602,0.1032986119389534,0.1059027761220932,0.06759563833475113,20131200
1986-08-15,0.1059027761220932,0.1067708358168602,0.1050347238779068,0.1063368022441864,0.06787266582250595,6105600
1986-08-18,0.1063368022441864,0.1067708358168602,0.1050347238779068,0.1050347238779068,0.06704160571098328,12787200
1986-08-19,0.1050347238779068,0.10546875,0.1032986119389534,0.1050347238779068,0.06704160571098328,20390400
1986-08-20,0.1050347238779068,0.1050347238779068,0.1041666641831398,0.1041666641831398,0.06648752093315125,20764800
1986-08-21,0.1041666641831398,0.1059027761220932,0.1041666641831398,0.1041666641831398,0.06648752093315125,49536000
1986-08-22,0.1041666641831398,0.1050347238779068,0.1006944477558136,0.1024305522441864,0.06537942588329315,5760000
1986-08-25,0.1024305522441864,0.1024305522441864,0.1006944477558136,0.1024305522441864,0.06537942588329315,2419200
1986-08-26,0.1024305522441864,0.1024305522441864,0.1015625,0.1015625,0.06482534110546112,10857600
1986-08-27,0.1015625,0.1024305522441864,0.1006944477558136,0.1015625,0.06482534110546112,9532800
1986-08-28,0.1015625,0.1024305522441864,0.1015625,0.1015625,0.06482534110546112,3427200
1986-08-29,0.1015625,0.1024305522441864,0.0972222238779068,0.0989583358168602,0.06316313147544861,25430400
1986-09-02,0.0989583358168602,0.0989583358168602,0.0950520858168602,0.0963541641831398,0.061500951647758484,5212800
1986-09-03,0.0954861119389534,0.0954861119389534,0.0911458358168602,0.09375,0.059838779270648956,18316800
1986-09-04,0.0954861119389534,0.1015625,0.0954861119389534,0.1015625,0.06482534110546112,39427200
1986-09-05,0.1015625,0.1059027761220932,0.1006944477558136,0.1059027761220932,0.06759563833475113,26352000
1986-09-08,0.1059027761220932,0.1067708358168602,0.1050347238779068,0.1050347238779068,0.06704160571098328,9619200
1986-09-09,0.1050347238779068,0.109375,0.1050347238779068,0.1067708358168602,0.06814970821142197,37526400
1986-09-10,0.1067708358168602,0.1076388880610466,0.1050347238779068,0.1050347238779068,0.06704160571098328,10886400
1986-09-11,0.1050347238779068,0.1059027761220932,0.1006944477558136,0.1006944477558136,0.06427128612995148,35654400
1986-09-12,0.1006944477558136,0.1015625,0.0980902761220932,0.0980902761220932,0.06260908395051956,24451200
1986-09-15,0.0980902761220932,0.0998263880610466,0.0963541641831398,0.0998263880610466,0.06371721625328064,22492800
1986-09-16,0.0998263880610466,0.1006944477558136,0.0980902761220932,0.0998263880610466,0.06371721625328064,5184000
1986-09-17,0.0998263880610466,0.1041666641831398,0.0989583358168602,0.1024305522441864,0.06537942588329315,8035200
1986-09-18,0.1024305522441864,0.1050347238779068,0.1024305522441864,0.1032986119389534,0.06593344360589981,5356800
1986-09-19,0.1032986119389534,0.1041666641831398,0.1024305522441864,0.1032986119389534,0.06593344360589981,2505600
1986-09-22,0.1032986119389534,0.1032986119389534,0.1024305522441864,0.1024305522441864,0.06537942588329315,4492800
1986-09-23,0.1024305522441864,0.1050347238779068,0.1024305522441864,0.1041666641831398,0.06648752093315125,5961600
1986-09-24,0.1041666641831398,0.1041666641831398,0.1024305522441864,0.1028645858168602,0.06565643101930618,4780800
1986-09-25,0.1028645858168602,0.1032986119389534,0.1006944477558136,0.1006944477558136,0.06427128612995148,5155200
1986-09-26,0.1006944477558136,0.1015625,0.0998263880610466,0.1006944477558136,0.06427128612995148,2332800
1986-09-29,0.1006944477558136,0.1006944477558136,0.0980902761220932,0.0980902761220932,0.06260908395051956,6192000
1986-09-30,0.0980902761220932,0.0998263880610466,0.0980902761220932,0.0980902761220932,0.06260908395051956,5184000
1986-10-01,0.0980902761220932,0.0998263880610466,0.0954861119389534,0.0972222238779068,0.06205500289797783,32428800
1986-10-02,0.0972222238779068,0.0989583358168602,0.0963541641831398,0.0972222238779068,0.06205500289797783,22723200
1986-10-03,0.0972222238779068,0.0989583358168602,0.0972222238779068,0.0980902761220932,0.06260908395051956,14716800
1986-10-06,0.1006944477558136,0.1076388880610466,0.1006944477558136,0.1059027761220932,0.06759563833475113,85334400
1986-10-07,0.1059027761220932,0.1102430522441864,0.1059027761220932,0.1080729141831398,0.06898082047700882,59788800
1986-10-08,0.1080729141831398,0.1124131977558136,0.1067708358168602,0.1111111119389534,0.07092002779245377,119606400
1986-10-09,0.1111111119389534,0.1171875,0.1111111119389534,0.1145833358168602,0.07313629239797592,92563200
1986-10-10,0.1145833358168602,0.1223958358168602,0.1128472238779068,0.1197916641831398,0.07646065205335617,76752000
1986-10-13,0.1197916641831398,0.1197916641831398,0.1145833358168602,0.1145833358168602,0.07313629239797592,27129600
1986-10-14,0.1154513880610466,0.1171875,0.1154513880610466,0.1163194477558136,0.0742444097995758,12873600
1986-10-15,0.1163194477558136,0.1223958358168602,0.1163194477558136,0.1215277761220932,0.07756874710321426,63532800
1986-10-16,0.1215277761220932,0.1223958358168602,0.1206597238779068,0.1215277761220932,0.07756874710321426,21859200
1986-10-17,0.1215277761220932,0.1258680522441864,0.1215277761220932,0.125,0.07978504151105881,124444800
1986-10-20,0.125,0.1276041716337204,0.1223958358168602,0.1258680522441864,0.08033905178308487,43545600
1986-10-21,0.1267361044883728,0.1310763955116272,0.1267361044883728,0.1310763955116272,0.08366349339485168,112377600
1986-10-22,0.1310763955116272,0.1323784738779068,0.1302083283662796,0.1310763955116272,0.08366349339485168,54576000
1986-10-23,0.1310763955116272,0.1319444477558136,0.1297743022441864,0.1310763955116272,0.08366349339485168,70444800
1986-10-24,0.1310763955116272,0.1310763955116272,0.1267361044883728,0.1302083283662796,0.08310943841934204,101376000
1986-10-27,0.1310763955116272,0.1345486044883728,0.1310763955116272,0.1345486044883728,0.08587973564863205,125654400
1986-10-28,0.1345486044883728,0.1397569477558136,0.1345486044883728,0.1375868022441864,0.0878189355134964,142646400
1986-10-29,0.1375868022441864,0.1380208283662796,0.1319444477558136,0.1336805522441864,0.08532566577196121,53222400
1986-10-30,0.1336805522441864,0.1380208283662796,0.1328125,0.1362847238779068,0.08698781579732895,44380800
1986-10-31,0.1362847238779068,0.1380208283662796,0.1336805522441864,0.1345486044883728,0.08587973564863205,63734400
1986-11-03,0.1354166716337204,0.1380208283662796,0.1354166716337204,0.1371527761220932,0.08754191547632217,42192000
1986-11-04,0.1371527761220932,0.1423611044883728,0.1371527761220932,0.1423611044883728,0.09086625277996063,54403200
1986-11-05,0.1423611044883728,0.1519097238779068,0.1414930522441864,0.1510416716337204,0.09640690684318542,45100800
1986-11-06,0.1510416716337204,0.1579861044883728,0.1501736044883728,0.1545138955116272,0.09862314909696579,72576000
1986-11-07,0.1545138955116272,0.1553819477558136,0.1510416716337204,0.1536458283662796,0.09806904941797256,44323200
1986-11-10,0.1536458283662796,0.1536458283662796,0.1467013955116272,0.1475694477558136,0.09419064223766327,28684800
1986-11-11,0.1484375,0.1501736044883728,0.1484375,0.1484375,0.0947447195649147,11894400
1986-11-12,0.1484375,0.1519097238779068,0.1467013955116272,0.1484375,0.0947447195649147,34156800
1986-11-13,0.1484375,0.1493055522441864,0.1458333283662796,0.1462673544883728,0.0933595672249794,30211200
1986-11-14,0.1462673544883728,0.1475694477558136,0.1432291716337204,0.1475694477558136,0.09419064223766327,18720000
1986-11-17,0.1475694477558136,0.1501736044883728,0.1458333283662796,0.1484375,0.0947447195649147,24307200
1986-11-18,0.1484375,0.1493055522441864,0.140625,0.140625,0.08975817263126373,59673600
1986-11-19,0.140625,0.1467013955116272,0.140625,0.1458333283662796,0.09308253973722458,48729600
1986-11-20,0.1458333283662796,0.1571180522441864,0.1458333283662796,0.1571180522441864,0.10028529167175293,98179200
1986-11-21,0.1579861044883728,0.1640625,0.1579861044883728,0.1623263955116272,0.10360974073410034,91065600
1986-11-24,0.1623263955116272,0.1762152761220932,0.1571180522441864,0.1753472238779068,0.11192066967487335,173836800
1986-11-25,0.1753472238779068,0.1779513955116272,0.1744791716337204,0.1770833283662796,0.11302881687879562,95788800
1986-11-26,0.1770833283662796,0.1779513955116272,0.1753472238779068,0.1753472238779068,0.11192066967487335,38793600
1986-11-28,0.1753472238779068,0.1762152761220932,0.1710069477558136,0.1727430522441864,0.11025848984718323,41328000
1986-12-01,0.1727430522441864,0.1736111044883728,0.1684027761220932,0.1692708283662796,0.10804226249456406,40291200
1986-12-02,0.1701388955116272,0.1736111044883728,0.1701388955116272,0.1701388955116272,0.10859628021717072,28771200
1986-12-03,0.1701388955116272,0.171875,0.1684027761220932,0.1688368022441864,0.10776519030332565,35164800
1986-12-04,0.1688368022441864,0.1727430522441864,0.1675347238779068,0.1710069477558136,0.10915035754442215,42508800
1986-12-05,0.1710069477558136,0.171875,0.1701388955116272,0.1701388955116272,0.10859628021717072,107510400
1986-12-08,0.1701388955116272,0.171875,0.1657986044883728,0.1684027761220932,0.10748815536499023,22665600
1986-12-09,0.1684027761220932,0.1692708283662796,0.1666666716337204,0.1675347238779068,0.1069340854883194,16099200
1986-12-10,0.1675347238779068,0.1692708283662796,0.1657986044883728,0.1688368022441864,0.10776519030332565,27590400
1986-12-11,0.1688368022441864,0.1710069477558136,0.1684027761220932,0.1701388955116272,0.10859628021717072,11635200
1986-12-12,0.1701388955116272,0.1701388955116272,0.1640625,0.1640625,0.10471788793802261,25286400
1986-12-15,0.1640625,0.1649305522441864,0.1571180522441864,0.1597222238779068,0.10194754600524902,50774400
1986-12-16,0.1605902761220932,0.1640625,0.1605902761220932,0.1614583283662796,0.10305565595626831,77299200
1986-12-17,0.1614583283662796,0.1640625,0.1614583283662796,0.1631944477558136,0.10416379570960999,23356800
1986-12-18,0.1631944477558136,0.1649305522441864,0.1623263955116272,0.1644965261220932,0.10499490052461624,12672000
1986-12-19,0.1649305522441864,0.1701388955116272,0.1649305522441864,0.1684027761220932,0.10748815536499023,56592000
1986-12-22,0.1684027761220932,0.171875,0.1684027761220932,0.1701388955116272,0.10859628021717072,18316800
1986-12-23,0.1701388955116272,0.171875,0.1701388955116272,0.171875,0.10970442742109299,23788800
1986-12-24,0.171875,0.171875,0.1710069477558136,0.1714409738779068,0.10942739993333817,7027200
1986-12-26,0.1714409738779068,0.1727430522441864,0.1710069477558136,0.1710069477558136,0.10915035754442215,3715200
1986-12-29,0.1710069477558136,0.1727430522441864,0.1640625,0.1640625,0.10471788793802261,41702400
1986-12-30,0.1640625,0.1666666716337204,0.1623263955116272,0.1657986044883728,0.10582596063613892,25401600
1986-12-31,0.1657986044883728,0.1701388955116272,0.1657986044883728,0.1675347238779068,0.1069340854883194,23356800
1987-01-02,0.1675347238779068,0.1692708283662796,0.1649305522441864,0.1657986044883728,0.10582596063613892,12643200
1987-01-05,0.1657986044883728,0.1770833283662796,0.1649305522441864,0.1753472238779068,0.11192066967487335,48499200
1987-01-06,0.1753472238779068,0.1788194477558136,0.1744791716337204,0.1779513955116272,0.11358284950256348,40032000
1987-01-07,0.1779513955116272,0.1875,0.1779513955116272,0.1875,0.11967755854129791,60998400
1987-01-08,0.1883680522441864,0.1953125,0.1883680522441864,0.1935763955116272,0.12355596572160721,61488000
1987-01-09,0.1935763955116272,0.2022569477558136,0.1927083283662796,0.2013888955116272,0.12854257225990295,63705600
1987-01-12,0.2013888955116272,0.2161458283662796,0.1996527761220932,0.2144097238779068,0.13685350120067596,128793600
1987-01-13,0.2126736044883728,0.2126736044883728,0.2048611044883728,0.2083333283662796,0.1329750418663025,76320000
1987-01-14,0.2083333283662796,0.2092013955116272,0.2039930522441864,0.2083333283662796,0.1329750418663025,69465600
1987-01-15,0.2083333283662796,0.2248263955116272,0.2083333283662796,0.2196180522441864,0.1401779055595398,117014400
1987-01-16,0.2196180522441864,0.2196180522441864,0.2100694477558136,0.2144097238779068,0.13685350120067596,65433600
1987-01-19,0.2144097238779068,0.2222222238779068,0.2100694477558136,0.2222222238779068,0.14184005558490753,88243200
1987-01-20,0.2222222238779068,0.2309027761220932,0.2213541716337204,0.2256944477558136,0.1440562754869461,95760000
1987-01-21,0.2256944477558136,0.2413194477558136,0.2213541716337204,0.2352430522441864,0.15015102922916412,108489600
1987-01-22,0.2352430522441864,0.2595486044883728,0.2282986044883728,0.2586805522441864,0.16511070728302002,116035200
1987-01-23,0.2586805522441864,0.2690972089767456,0.234375,0.234375,0.1495969146490097,317894400
1987-01-26,0.2361111044883728,0.2413194477558136,0.2282986044883728,0.2387152761220932,0.1523672342300415,116553600
1987-01-27,0.2387152761220932,0.2517361044883728,0.2387152761220932,0.2482638955116272,0.15846192836761475,114105600
1987-01-28,0.2482638955116272,0.2526041567325592,0.2413194477558136,0.2491319477558136,0.15901604294776917,76723200
1987-01-29,0.2491319477558136,0.2517361044883728,0.2335069477558136,0.2387152761220932,0.1523672342300415,79228800
1987-01-30,0.2387152761220932,0.2543402910232544,0.2352430522441864,0.25390625,0.1620633602142334,104169600
1987-02-02,0.25390625,0.2586805522441864,0.2534722089767456,0.2534722089767456,0.16178631782531738,46915200
1987-02-03,0.2534722089767456,0.2560763955116272,0.2447916716337204,0.2491319477558136,0.15901604294776917,59328000
1987-02-04,0.2491319477558136,0.2508680522441864,0.2465277761220932,0.25,0.15957008302211761,31737600
1987-02-05,0.25,0.2517361044883728,0.2456597238779068,0.2482638955116272,0.15846192836761475,42652800
1987-02-06,0.2482638955116272,0.2495659738779068,0.2378472238779068,0.2391493022441864,0.15264424681663513,45619200
1987-02-09,0.2387152761220932,0.2387152761220932,0.2356770783662796,0.2369791716337204,0.15125912427902222,136080000
1987-02-10,0.2369791716337204,0.2378472238779068,0.2317708283662796,0.2378472238779068,0.15181319415569305,44668800
1987-02-11,0.2387152761220932,0.2491319477558136,0.2387152761220932,0.2491319477558136,0.15901604294776917,60307200
1987-02-12,0.2491319477558136,0.2677951455116272,0.2491319477558136,0.2664930522441864,0.1700972467660904,185731200
1987-02-13,0.2664930522441864,0.2699652910232544,0.2578125,0.2638888955116272,0.1684350222349167,81763200
1987-02-17,0.2638888955116272,0.2664930522441864,0.2578125,0.265625,0.16954319179058075,70732800
1987-02-18,0.265625,0.2699652910232544,0.2482638955116272,0.2491319477558136,0.15901604294776917,128592000
1987-02-19,0.2482638955116272,0.2482638955116272,0.2361111044883728,0.2387152761220932,0.1523672342300415,317750400
1987-02-20,0.2387152761220932,0.2387152761220932,0.2326388955116272,0.2361111044883728,0.1507050096988678,87897600
1987-02-23,0.2361111044883728,0.2543402910232544,0.2309027761220932,0.2508680522441864,0.16012412309646606,125913600
1987-02-24,0.2508680522441864,0.2638888955116272,0.2508680522441864,0.2630208432674408,0.16788101196289062,120816000
1987-02-25,0.2630208432674408,0.2677951455116272,0.2569444477558136,0.2586805522441864,0.16511070728302002,65001600
1987-02-26,0.2586805522441864,0.2760416567325592,0.2534722089767456,0.2682291567325592,0.1712053120136261,145209600
1987-02-27,0.2682291567325592,0.2699652910232544,0.2621527910232544,0.2664930522441864,0.1700972467660904,37555200
1987-03-02,0.2664930522441864,0.2664930522441864,0.2569444477558136,0.2586805522441864,0.16511070728302002,79516800
1987-03-03,0.2586805522441864,0.2612847089767456,0.2552083432674408,0.2586805522441864,0.16511070728302002,81100800
1987-03-04,0.2586805522441864,0.2777777910232544,0.2578125,0.2769097089767456,0.17674598097801208,98179200
1987-03-05,0.2769097089767456,0.2960069477558136,0.2769097089767456,0.2899305522441864,0.18505698442459106,128188800
1987-03-06,0.2899305522441864,0.2916666567325592,0.2821180522441864,0.2890625,0.18450292944908142,63561600
1987-03-09,0.2890625,0.2899305522441864,0.2821180522441864,0.2838541567325592,0.18117853999137878,38275200
1987-03-10,0.2838541567325592,0.2960069477558136,0.2829861044883728,0.2925347089767456,0.1867191344499588,74102400
1987-03-11,0.296875,0.2986111044883728,0.2934027910232544,0.296875,0.1894894391298294,43862400
1987-03-12,0.296875,0.3003472089767456,0.2899305522441864,0.2981770932674408,0.19032055139541626,71337600
1987-03-13,0.2981770932674408,0.3003472089767456,0.28125,0.2873263955116272,0.18339473009109497,105120000
1987-03-16,0.2864583432674408,0.2864583432674408,0.2769097089767456,0.2855902910232544,0.18228664994239807,88473600
1987-03-17,0.2855902910232544,0.296875,0.2847222089767456,0.2951388955116272,0.18838128447532654,54547200
1987-03-18,0.296875,0.3133680522441864,0.296875,0.3107638955116272,0.19835448265075684,119347200
1987-03-19,0.3107638955116272,0.3168402910232544,0.3055555522441864,0.3168402910232544,0.20223286747932434,62812800
1987-03-20,0.3168402910232544,0.3168402910232544,0.3116319477558136,0.3133680522441864,0.20001667737960815,38246400
1987-03-23,0.3133680522441864,0.3177083432674408,0.3081597089767456,0.3111979067325592,0.19863146543502808,67478400
1987-03-24,0.3038194477558136,0.3151041567325592,0.3038194477558136,0.3133680522441864,0.20001667737960815,69609600
1987-03-25,0.3133680522441864,0.3151041567325592,0.3098958432674408,0.3120659589767456,0.1991855800151825,33840000
1987-03-26,0.3120659589767456,0.3125,0.3090277910232544,0.3098958432674408,0.19780032336711884,33379200
1987-03-27,0.3116319477558136,0.3255208432674408,0.3116319477558136,0.3185763955116272,0.2033410221338272,120873600
1987-03-30,0.3185763955116272,0.3359375,0.3072916567325592,0.3359375,0.2144223153591156,186134400
1987-03-31,0.3315972089767456,0.34375,0.3315972089767456,0.3359375,0.2144223153591156,125337600
1987-04-01,0.3359375,0.3428819477558136,0.3142361044883728,0.3159722089767456,0.20167876780033112,259430400
1987-04-02,0.3211805522441864,0.3368055522441864,0.3211805522441864,0.3298611044883728,0.21054387092590332,159955200
1987-04-03,0.3298611044883728,0.3480902910232544,0.3298611044883728,0.3463541567325592,0.22107109427452087,155606400
1987-04-06,0.3463541567325592,0.3472222089767456,0.3385416567325592,0.3446180522441864,0.2199629694223404,98956800
1987-04-07,0.3446180522441864,0.3446180522441864,0.3263888955116272,0.3263888955116272,0.20832759141921997,73728000
1987-04-08,0.3263888955116272,0.3394097089767456,0.3263888955116272,0.3359375,0.2144223153591156,106214400
1987-04-09,0.3359375,0.3359375,0.3272569477558136,0.3298611044883728,0.21054387092590332,71568000
1987-04-10,0.3298611044883728,0.3324652910232544,0.3289930522441864,0.33203125,0.21192899346351624,43372800
1987-04-13,0.3315972089767456,0.3315972089767456,0.3194444477558136,0.3211805522441864,0.20500315725803375,50256000
1987-04-14,0.3211805522441864,0.3315972089767456,0.3159722089767456,0.3263888955116272,0.20832759141921997,87379200
1987-04-15,0.3289930522441864,0.3368055522441864,0.3289930522441864,0.3333333432674408,0.2127600610256195,95961600
1987-04-16,0.3333333432674408,0.3489583432674408,0.3324652910232544,0.3420138955116272,0.2183007150888443,188092800
1987-04-20,0.3420138955116272,0.3454861044883728,0.3315972089767456,0.3324652910232544,0.21220603585243225,100310400
1987-04-21,0.3324652910232544,0.3402777910232544,0.3255208432674408,0.3376736044883728,0.2155303806066513,113184000
1987-04-22,0.3376736044883728,0.3428819477558136,0.3376736044883728,0.3420138955116272,0.2183007150888443,74678400
1987-04-23,0.3420138955116272,0.3454861044883728,0.3368055522441864,0.3420138955116272,0.2183007150888443,48326400
1987-04-24,0.3420138955116272,0.3454861044883728,0.3376736044883728,0.34375,0.21940885484218597,54172800
1987-04-27,0.34375,0.3463541567325592,0.3376736044883728,0.34375,0.21940885484218597,53107200
1987-04-28,0.34375,0.3697916567325592,0.3402777910232544,0.3689236044883728,0.23547667264938354,111081600
1987-04-29,0.3689236044883728,0.3784722089767456,0.3585069477558136,0.3585069477558136,0.22882789373397827,85161600
1987-04-30,0.3585069477558136,0.3689236044883728,0.3532986044883728,0.3611111044883728,0.2304900735616684,88041600
1987-05-01,0.3611111044883728,0.3654513955116272,0.3567708432674408,0.3645833432674408,0.23270636796951294,37843200
1987-05-04,0.3645833432674408,0.3741319477558136,0.3628472089767456,0.3715277910232544,0.23713885247707367,34531200
1987-05-05,0.3723958432674408,0.4019097089767456,0.3723958432674408,0.4019097089767456,0.2565310597419739,110995200
1987-05-06,0.4019097089767456,0.4053819477558136,0.390625,0.3923611044883728,0.25043633580207825,153504000
1987-05-07,0.3923611044883728,0.4114583432674408,0.3897569477558136,0.4105902910232544,0.2620716392993927,289699200
1987-05-08,0.4114583432674408,0.4453125,0.4114583432674408,0.4392361044883728,0.2803558111190796,150048000
1987-05-11,0.4392361044883728,0.4392361044883728,0.4266493022441864,0.4270833432674408,0.27259883284568787,127382400
1987-05-12,0.4270833432674408,0.4314236044883728,0.40625,0.4123263955116272,0.26317980885505676,148464000
1987-05-13,0.4149305522441864,0.4244791567325592,0.4149305522441864,0.4227430522441864,0.2698284387588501,73382400
1987-05-14,0.4227430522441864,0.4340277910232544,0.4227430522441864,0.4262152910232544,0.2720447778701782,59961600
1987-05-15,0.4253472089767456,0.4253472089767456,0.4140625,0.4140625,0.26428791880607605,84326400
1987-05-18,0.4140625,0.4140625,0.3888888955116272,0.4001736044883728,0.2554228603839874,172598400
1987-05-19,0.4001736044883728,0.4001736044883728,0.3862847089767456,0.3862847089767456,0.24655801057815552,78336000
1987-05-20,0.3845486044883728,0.3845486044883728,0.3723958432674408,0.3802083432674408,0.2426794171333313,228355200
1987-05-21,0.3810763955116272,0.3914930522441864,0.3810763955116272,0.3871527910232544,0.24711193144321442,93312000
1987-05-22,0.3871527910232544,0.3888888955116272,0.3741319477558136,0.3758680522441864,0.23990914225578308,64627200
1987-05-26,0.3758680522441864,0.3819444477558136,0.375,0.3802083432674408,0.2426794171333313,46886400
1987-05-27,0.3802083432674408,0.3888888955116272,0.3784722089767456,0.3802083432674408,0.2426794171333313,48758400
1987-05-28,0.3802083432674408,0.4045138955116272,0.3793402910232544,0.4036458432674408,0.25763916969299316,108662400
1987-05-29,0.4036458432674408,0.4105902910232544,0.3993055522441864,0.4001736044883728,0.2554228603839874,80380800
1987-06-01,0.4001736044883728,0.4001736044883728,0.3923611044883728,0.3923611044883728,0.25043633580207825,30326400
1987-06-02,0.3923611044883728,0.3984375,0.3854166567325592,0.390625,0.24932818114757538,51552000
1987-06-03,0.3923611044883728,0.3984375,0.3923611044883728,0.3932291567325592,0.2509903311729431,21628800
1987-06-04,0.3932291567325592,0.3932291567325592,0.3880208432674408,0.390625,0.24932818114757538,20390400
1987-06-05,0.390625,0.3923611044883728,0.3715277910232544,0.3793402910232544,0.24212537705898285,59270400
1987-06-08,0.3793402910232544,0.3819444477558136,0.3732638955116272,0.3810763955116272,0.24323347210884094,111571200
1987-06-09,0.3810763955116272,0.3819444477558136,0.3767361044883728,0.3784722089767456,0.24157126247882843,25833600
1987-06-10,0.3784722089767456,0.3802083432674408,0.3515625,0.359375,0.22938203811645508,176256000
1987-06-11,0.3654513955116272,0.3671875,0.3376736044883728,0.3385416567325592,0.2160845249891281,268704000
1987-06-12,0.3385416567325592,0.3524305522441864,0.3376736044883728,0.3411458432674408,0.21774664521217346,196156800
1987-06-15,0.3411458432674408,0.3463541567325592,0.3342013955116272,0.3411458432674408,0.21774664521217346,125222400
1987-06-16,0.3411458432674408,0.3524305522441864,0.3402777910232544,0.3480902910232544,0.22217907011508942,73526400
1987-06-17,0.3498263955116272,0.3611111044883728,0.3498263955116272,0.3602430522441864,0.22993604838848114,71078400
1987-06-18,0.359375,0.3645833432674408,0.3541666567325592,0.3641493022441864,0.23242934048175812,56188800
1987-06-19,0.3654513955116272,0.3689236044883728,0.3611111044883728,0.3628472089767456,0.23159822821617126,40809600
1987-06-22,0.3645833432674408,0.3645833432674408,0.3576388955116272,0.3602430522441864,0.22993604838848114,87436800
1987-06-23,0.3602430522441864,0.3602430522441864,0.3489583432674408,0.3567708432674408,0.22771979868412018,100771200
1987-06-24,0.3585069477558136,0.3680555522441864,0.3585069477558136,0.3637152910232544,0.23215234279632568,82684800
1987-06-25,0.3628472089767456,0.3645833432674408,0.359375,0.3628472089767456,0.23159822821617126,44035200
1987-06-26,0.3637152910232544,0.3654513955116272,0.3602430522441864,0.3637152910232544,0.23215234279632568,21945600
1987-06-29,0.3637152910232544,0.3637152910232544,0.3559027910232544,0.3619791567325592,0.23104412853717804,25632000
1987-06-30,0.3628472089767456,0.3637152910232544,0.3532986044883728,0.3541666567325592,0.22605763375759125,38332800
1987-07-01,0.3532986044883728,0.3585069477558136,0.3524305522441864,0.3559027910232544,0.22716569900512695,21945600
1987-07-02,0.3567708432674408,0.3567708432674408,0.3428819477558136,0.3472222089767456,0.22162513434886932,56880000
1987-07-06,0.3463541567325592,0.3506944477558136,0.3368055522441864,0.3385416567325592,0.2160845249891281,65491200
1987-07-07,0.3376736044883728,0.3376736044883728,0.3107638955116272,0.3133680522441864,0.20001667737960815,197078400
1987-07-08,0.3159722089767456,0.3289930522441864,0.3072916567325592,0.3237847089767456,0.20666544139385223,193449600
1987-07-09,0.3255208432674408,0.3402777910232544,0.3237847089767456,0.3324652910232544,0.21220603585243225,92707200
1987-07-10,0.3307291567325592,0.3385416567325592,0.3263888955116272,0.3368055522441864,0.21497631072998047,75830400
1987-07-13,0.3368055522441864,0.3454861044883728,0.3333333432674408,0.3446180522441864,0.2199629694223404,48326400
1987-07-14,0.3472222089767456,0.3654513955116272,0.3454861044883728,0.3645833432674408,0.23270636796951294,152812800
1987-07-15,0.3645833432674408,0.3671875,0.3550347089767456,0.3550347089767456,0.22661161422729492,96768000
1987-07-16,0.3559027910232544,0.3576388955116272,0.3472222089767456,0.3541666567325592,0.22605763375759125,72979200
1987-07-17,0.3541666567325592,0.3611111044883728,0.3532986044883728,0.3550347089767456,0.22661161422729492,51264000
1987-07-20,0.3541666567325592,0.3541666567325592,0.3446180522441864,0.3454861044883728,0.22051697969436646,42019200
1987-07-21,0.3454861044883728,0.3506944477558136,0.3420138955116272,0.3446180522441864,0.2199629694223404,36547200
1987-07-22,0.3446180522441864,0.3489583432674408,0.3420138955116272,0.3472222089767456,0.22162513434886932,53366400
1987-07-23,0.3472222089767456,0.3472222089767456,0.3263888955116272,0.3394097089767456,0.21663852035999298,148492800
1987-07-24,0.3402777910232544,0.3454861044883728,0.3394097089767456,0.3420138955116272,0.2183007150888443,57744000
1987-07-27,0.3420138955116272,0.3463541567325592,0.3368055522441864,0.3463541567325592,0.22107109427452087,41817600
1987-07-28,0.3480902910232544,0.3532986044883728,0.3446180522441864,0.3454861044883728,0.22051697969436646,38160000
1987-07-29,0.3454861044883728,0.3463541567325592,0.3394097089767456,0.3446180522441864,0.2199629694223404,27676800
1987-07-30,0.3446180522441864,0.3446180522441864,0.3333333432674408,0.3368055522441864,0.21497631072998047,55555200
1987-07-31,0.3350694477558136,0.3350694477558136,0.3194444477558136,0.3263888955116272,0.20832759141921997,186624000
1987-08-03,0.3263888955116272,0.328125,0.3168402910232544,0.3185763955116272,0.2033410221338272,116352000
1987-08-04,0.3185763955116272,0.3255208432674408,0.3185763955116272,0.3255208432674408,0.20777350664138794,135072000
1987-08-05,0.3263888955116272,0.3420138955116272,0.3255208432674408,0.3376736044883728,0.2155303806066513,211190400
1987-08-06,0.3385416567325592,0.3528645932674408,0.3385416567325592,0.3506944477558136,0.2238413393497467,152553600
1987-08-07,0.3506944477558136,0.3628472089767456,0.3498263955116272,0.359375,0.22938203811645508,171014400
1987-08-10,0.3602430522441864,0.3611111044883728,0.3559027910232544,0.359375,0.22938203811645508,56448000
1987-08-11,0.3611111044883728,0.3628472089767456,0.3506944477558136,0.3524305522441864,0.22494947910308838,68544000
1987-08-12,0.3524305522441864,0.3532986044883728,0.3472222089767456,0.3472222089767456,0.22162513434886932,42364800
1987-08-13,0.3472222089767456,0.3628472089767456,0.3472222089767456,0.3576388955116272,0.22827383875846863,80640000
1987-08-14,0.3576388955116272,0.3602430522441864,0.3559027910232544,0.359375,0.22938203811645508,50832000
1987-08-17,0.359375,0.3619791567325592,0.3576388955116272,0.3619791567325592,0.23104412853717804,33667200
1987-08-18,0.359375,0.3611111044883728,0.3524305522441864,0.3559027910232544,0.22716569900512695,46944000
1987-08-19,0.3559027910232544,0.3567708432674408,0.3489583432674408,0.3559027910232544,0.22716569900512695,48902400
1987-08-20,0.3559027910232544,0.3671875,0.3559027910232544,0.3654513955116272,0.233260378241539,82051200
1987-08-21,0.3645833432674408,0.3758680522441864,0.3645833432674408,0.3715277910232544,0.23713885247707367,68976000
1987-08-24,0.3715277910232544,0.3897569477558136,0.3663194477558136,0.3880208432674408,0.24766600131988525,97747200
1987-08-25,0.3914930522441864,0.4053819477558136,0.3871527910232544,0.3984375,0.25431475043296814,185961600
1987-08-26,0.3984375,0.4097222089767456,0.3967013955116272,0.4010416567325592,0.25597700476646423,114105600
1987-08-27,0.4010416567325592,0.4036458432674408,0.3967013955116272,0.4019097089767456,0.2565310597419739,72432000
1987-08-28,0.4027777910232544,0.4210069477558136,0.4027777910232544,0.4175347089767456,0.2665041387081146,114796800
1987-08-31,0.4157986044883728,0.4175347089767456,0.4053819477558136,0.4123263955116272,0.26317980885505676,84326400
1987-09-01,0.4097222089767456,0.4123263955116272,0.3923611044883728,0.3940972089767456,0.25154438614845276,93859200
1987-09-02,0.390625,0.4001736044883728,0.3897569477558136,0.3993055522441864,0.25486886501312256,78393600
1987-09-03,0.4036458432674408,0.4088541567325592,0.3949652910232544,0.4001736044883728,0.2554228603839874,70934400
1987-09-04,0.4001736044883728,0.4010416567325592,0.3880208432674408,0.3888888955116272,0.24822001159191132,48355200
1987-09-08,0.3880208432674408,0.3888888955116272,0.3758680522441864,0.3871527910232544,0.24711193144321442,96336000
1987-09-09,0.3888888955116272,0.3958333432674408,0.3871527910232544,0.3914930522441864,0.2498822808265686,60710400
1987-09-10,0.3932291567325592,0.4019097089767456,0.3923611044883728,0.3975694477558136,0.25376060605049133,58176000
1987-09-11,0.3975694477558136,0.4045138955116272,0.3958333432674408,0.4036458432674408,0.25763916969299316,41040000
1987-09-14,0.4045138955116272,0.4166666567325592,0.4045138955116272,0.4140625,0.26428791880607605,94464000
1987-09-15,0.4149305522441864,0.4149305522441864,0.4036458432674408,0.4092881977558136,0.2612406015396118,39052800
1987-09-16,0.4097222089767456,0.4166666567325592,0.4053819477558136,0.4053819477558136,0.25874730944633484,57715200
1987-09-17,0.40625,0.4079861044883728,0.3949652910232544,0.4027777910232544,0.2570851445198059,69436800
1987-09-18,0.4027777910232544,0.4027777910232544,0.3958333432674408,0.3993055522441864,0.25486886501312256,31651200
1987-09-21,0.3715277910232544,0.3975694477558136,0.3680555522441864,0.3715277910232544,0.23713885247707367,85548800
1987-09-22,0.3715277910232544,0.4010416567325592,0.3680555522441864,0.3975694477558136,0.25376060605049133,82006400
1987-09-23,0.4010416567325592,0.4192708432674408,0.4010416567325592,0.4184027910232544,0.26705828309059143,107696000
1987-09-24,0.4166666567325592,0.4392361044883728,0.4166666567325592,0.4253472089767456,0.2714906632900238,118438400
1987-09-25,0.4270833432674408,0.4513888955116272,0.4253472089767456,0.4305555522441864,0.27481499314308167,82454400
1987-09-28,0.4305555522441864,0.453125,0.4288194477558136,0.4444444477558136,0.28368011116981506,95542400
1987-09-29,0.4479166567325592,0.453125,0.4418402910232544,0.4461805522441864,0.2847883105278015,57411200
1987-09-30,0.4444444477558136,0.4626736044883728,0.4444444477558136,0.4600694477558136,0.293653279542923,85680000
1987-10-01,0.4600694477558136,0.4774305522441864,0.4583333432674408,0.4756944477558136,0.3036263883113861,127222400
1987-10-02,0.4791666567325592,0.5052083134651184,0.4774305522441864,0.5034722089767456,0.3213562071323395,131644800
1987-10-05,0.5104166865348816,0.5486111044883728,0.5104166865348816,0.5486111044883728,0.3501676619052887,184320000
1987-10-06,0.5486111044883728,0.5503472089767456,0.5095486044883728,0.5121527910232544,0.3268970251083374,203040000
1987-10-07,0.5138888955116272,0.5225694179534912,0.4965277910232544,0.5069444179534912,0.32357263565063477,125638400
1987-10-08,0.5086805820465088,0.515625,0.4826388955116272,0.5,0.31914016604423523,96940800
1987-10-09,0.5017361044883728,0.5225694179534912,0.4982638955116272,0.4982638955116272,0.31803208589553833,93888000
1987-10-12,0.5,0.5069444179534912,0.4791666567325592,0.4965277910232544,0.3169238567352295,117187200
1987-10-13,0.5017361044883728,0.5138888955116272,0.4930555522441864,0.5086805820465088,0.32468077540397644,96809600
1987-10-14,0.5086805820465088,0.5190972089767456,0.4913194477558136,0.4947916567325592,0.31581583619117737,114220800
1987-10-15,0.4895833432674408,0.5052083134651184,0.4861111044883728,0.4895833432674408,0.3124913275241852,128822400
1987-10-16,0.4895833432674408,0.5173611044883728,0.4461805522441864,0.4496527910232544,0.2870044708251953,210240000
1987-10-19,0.4270833432674408,0.4409722089767456,0.3125,0.3142361044883728,0.20057058334350586,146880000
1987-10-20,0.3194444477558136,0.3611111044883728,0.2986111044883728,0.3333333432674408,0.2127600610256195,324000000
1987-10-21,0.359375,0.4201388955116272,0.3472222089767456,0.3932291567325592,0.2509903311729431,262080000
1987-10-22,0.3940972089767456,0.4027777910232544,0.3541666567325592,0.3697916567325592,0.23603078722953796,223200000
1987-10-23,0.3645833432674408,0.3680555522441864,0.3298611044883728,0.3350694477558136,0.2138681709766388,112764800
1987-10-26,0.3229166567325592,0.3333333432674408,0.2586805522441864,0.2725694477558136,0.1739756315946579,148320000
1987-10-27,0.2829861044883728,0.2986111044883728,0.2725694477558136,0.2864583432674408,0.18284064531326294,234720000
1987-10-28,0.2777777910232544,0.2951388955116272,0.2673611044883728,0.2864583432674408,0.18284064531326294,149760000
1987-10-29,0.2864583432674408,0.3385416567325592,0.2864583432674408,0.3315972089767456,0.21165192127227783,167040000
1987-10-30,0.3454861044883728,0.3628472089767456,0.3368055522441864,0.3454861044883728,0.22051697969436646,168480000
1987-11-02,0.3420138955116272,0.3541666567325592,0.3368055522441864,0.3489583432674408,0.22273318469524384,84771200
1987-11-03,0.3420138955116272,0.3472222089767456,0.3038194477558136,0.3333333432674408,0.2127600610256195,116150400
1987-11-04,0.3263888955116272,0.3524305522441864,0.3194444477558136,0.3385416567325592,0.2160845249891281,95340800
1987-11-05,0.3402777910232544,0.3559027910232544,0.3385416567325592,0.3506944477558136,0.2238413393497467,81430400
1987-11-06,0.3489583432674408,0.3506944477558136,0.3263888955116272,0.3298611044883728,0.21054387092590332,75353600
1987-11-09,0.3246527910232544,0.3298611044883728,0.3159722089767456,0.3263888955116272,0.20832759141921997,86585600
1987-11-10,0.3229166567325592,0.3368055522441864,0.3159722089767456,0.3263888955116272,0.20832759141921997,91164800
1987-11-11,0.3298611044883728,0.3420138955116272,0.328125,0.3402777910232544,0.21719256043434143,54617600
1987-11-12,0.3524305522441864,0.3611111044883728,0.3402777910232544,0.3472222089767456,0.22162513434886932,99171200
1987-11-13,0.3472222089767456,0.3489583432674408,0.3350694477558136,0.3350694477558136,0.2138681709766388,58492800
1987-11-16,0.3385416567325592,0.3454861044883728,0.3298611044883728,0.3315972089767456,0.21165192127227783,59472000
1987-11-17,0.3246527910232544,0.3298611044883728,0.3142361044883728,0.3246527910232544,0.20721948146820068,69321600
1987-11-18,0.3298611044883728,0.3333333432674408,0.3125,0.3333333432674408,0.2127600610256195,89308800
1987-11-19,0.3350694477558136,0.3368055522441864,0.3194444477558136,0.3211805522441864,0.20500315725803375,75024000
1987-11-20,0.3159722089767456,0.3315972089767456,0.3107638955116272,0.3298611044883728,0.21054387092590332,82467200
1987-11-23,0.328125,0.3385416567325592,0.3263888955116272,0.3315972089767456,0.21165192127227783,44640000
1987-11-24,0.3368055522441864,0.3402777910232544,0.3159722089767456,0.3298611044883728,0.21054387092590332,72230400
1987-11-25,0.3298611044883728,0.3315972089767456,0.3194444477558136,0.3194444477558136,0.20389509201049805,32153600
1987-11-27,0.3194444477558136,0.3211805522441864,0.3125,0.3142361044883728,0.20057058334350586,18316800
1987-11-30,0.3072916567325592,0.3125,0.28125,0.3107638955116272,0.19835448265075684,164160000
1987-12-01,0.3090277910232544,0.3177083432674408,0.2986111044883728,0.3038194477558136,0.1939219832420349,73539200
1987-12-02,0.3020833432674408,0.3107638955116272,0.296875,0.3055555522441864,0.19503013789653778,68515200
1987-12-03,0.3072916567325592,0.3107638955116272,0.2795138955116272,0.2803819477558136,0.17896223068237305,127670400
1987-12-04,0.2795138955116272,0.2942708432674408,0.2777777910232544,0.2916666567325592,0.18616507947444916,121750400
1987-12-07,0.2986111044883728,0.3038194477558136,0.2934027910232544,0.3003472089767456,0.19170573353767395,66211200
1987-12-08,0.3003472089767456,0.3298611044883728,0.2986111044883728,0.3298611044883728,0.21054387092590332,112521600
1987-12-09,0.328125,0.3350694477558136,0.3194444477558136,0.3211805522441864,0.20500315725803375,83792000
1987-12-10,0.3159722089767456,0.34375,0.3072916567325592,0.3298611044883728,0.21054387092590332,165600000
1987-12-11,0.3315972089767456,0.3368055522441864,0.3246527910232544,0.3333333432674408,0.2127600610256195,72473600
1987-12-14,0.3333333432674408,0.3541666567325592,0.3315972089767456,0.3524305522441864,0.22494947910308838,95110400
1987-12-15,0.3559027910232544,0.3602430522441864,0.3472222089767456,0.3559027910232544,0.22716569900512695,112217600
1987-12-16,0.3506944477558136,0.3802083432674408,0.3489583432674408,0.3767361044883728,0.2404632568359375,105536000
1987-12-17,0.3802083432674408,0.3802083432674408,0.359375,0.3611111044883728,0.2304900735616684,94016000
1987-12-18,0.3645833432674408,0.3732638955116272,0.3611111044883728,0.3611111044883728,0.2304900735616684,52486400
1987-12-21,0.3645833432674408,0.3715277910232544,0.3524305522441864,0.3576388955116272,0.22827383875846863,51161600
1987-12-22,0.3576388955116272,0.3680555522441864,0.3472222089767456,0.3645833432674408,0.23270636796951294,41772800
1987-12-23,0.3697916567325592,0.3732638955116272,0.3628472089767456,0.3697916567325592,0.23603078722953796,60710400
1987-12-24,0.3697916567325592,0.3732638955116272,0.3680555522441864,0.3697916567325592,0.23603078722953796,12672000
1987-12-28,0.3680555522441864,0.3697916567325592,0.3472222089767456,0.3559027910232544,0.22716569900512695,50716800
1987-12-29,0.3559027910232544,0.3819444477558136,0.3506944477558136,0.3784722089767456,0.24157126247882843,79459200
1987-12-30,0.3784722089767456,0.3888888955116272,0.3767361044883728,0.3871527910232544,0.24711193144321442,70704000
1987-12-31,0.3836805522441864,0.3871527910232544,0.3732638955116272,0.3767361044883728,0.2404632568359375,61545600
1988-01-04,0.3802083432674408,0.3923611044883728,0.3784722089767456,0.3888888955116272,0.24822001159191132,110345600
1988-01-05,0.3975694477558136,0.4027777910232544,0.3923611044883728,0.3958333432674408,0.25265252590179443,155520000
1988-01-06,0.3975694477558136,0.4149305522441864,0.3958333432674408,0.40625,0.2593013644218445,121680000
1988-01-07,0.4027777910232544,0.4210069477558136,0.3993055522441864,0.4201388955116272,0.2681664228439331,90675200
1988-01-08,0.4184027910232544,0.4288194477558136,0.3862847089767456,0.3888888955116272,0.24822001159191132,145440000
1988-01-11,0.3871527910232544,0.4027777910232544,0.3802083432674408,0.4019097089767456,0.2565310597419739,143568000
1988-01-12,0.4027777910232544,0.40625,0.3767361044883728,0.3940972089767456,0.25154438614845276,168480000
1988-01-13,0.3888888955116272,0.40625,0.3802083432674408,0.3940972089767456,0.25154438614845276,96147200
1988-01-14,0.3975694477558136,0.4027777910232544,0.3888888955116272,0.390625,0.24932818114757538,40608000
1988-01-15,0.4097222089767456,0.4114583432674408,0.4010416567325592,0.4010416567325592,0.25597700476646423,92172800
1988-01-18,0.4027777910232544,0.4027777910232544,0.390625,0.3975694477558136,0.25376060605049133,30038400
1988-01-19,0.3888888955116272,0.4045138955116272,0.3871527910232544,0.3975694477558136,0.25376060605049133,47417600
1988-01-20,0.3940972089767456,0.3975694477558136,0.3645833432674408,0.375,0.23935511708259583,208800000
1988-01-21,0.3767361044883728,0.390625,0.3767361044883728,0.3819444477558136,0.2437874972820282,125107200
1988-01-22,0.3862847089767456,0.3897569477558136,0.3663194477558136,0.3741319477558136,0.23880113661289215,75296000
1988-01-25,0.3767361044883728,0.390625,0.3767361044883728,0.3871527910232544,0.24711193144321442,75497600
1988-01-26,0.3819444477558136,0.3880208432674408,0.3767361044883728,0.3784722089767456,0.24157126247882843,43558400
1988-01-27,0.3802083432674408,0.390625,0.3802083432674408,0.3871527910232544,0.24711193144321442,100409600
1988-01-28,0.3888888955116272,0.3940972089767456,0.3888888955116272,0.3923611044883728,0.25043633580207825,29318400
1988-01-29,0.3923611044883728,0.3958333432674408,0.3784722089767456,0.3871527910232544,0.24711193144321442,66700800
1988-02-01,0.3940972089767456,0.3958333432674408,0.3819444477558136,0.3836805522441864,0.2448958158493042,48729600
1988-02-02,0.3836805522441864,0.3888888955116272,0.3802083432674408,0.3871527910232544,0.24711193144321442,60752000
1988-02-03,0.3871527910232544,0.3871527910232544,0.3628472089767456,0.3663194477558136,0.23381444811820984,75801600
1988-02-04,0.3680555522441864,0.3697916567325592,0.3454861044883728,0.3541666567325592,0.22605763375759125,114710400
1988-02-05,0.3611111044883728,0.3715277910232544,0.3559027910232544,0.3576388955116272,0.22827383875846863,94102400
1988-02-08,0.3524305522441864,0.3645833432674408,0.3524305522441864,0.359375,0.22938203811645508,72876800
1988-02-09,0.3628472089767456,0.3680555522441864,0.3611111044883728,0.3663194477558136,0.23381444811820984,49939200
1988-02-10,0.3680555522441864,0.375,0.3645833432674408,0.3732638955116272,0.23824694752693176,77024000
1988-02-11,0.375,0.3802083432674408,0.3732638955116272,0.3802083432674408,0.2426794171333313,69436800
1988-02-12,0.3802083432674408,0.390625,0.3784722089767456,0.3836805522441864,0.2448958158493042,80220800
1988-02-16,0.3819444477558136,0.4010416567325592,0.3784722089767456,0.3993055522441864,0.25486886501312256,67334400
1988-02-17,0.4027777910232544,0.4079861044883728,0.3975694477558136,0.3993055522441864,0.25486886501312256,101318400
1988-02-18,0.3975694477558136,0.4097222089767456,0.3958333432674408,0.4027777910232544,0.2570851445198059,84153600
1988-02-19,0.4045138955116272,0.4079861044883728,0.4010416567325592,0.4079861044883728,0.2604094445705414,53164800
1988-02-22,0.4079861044883728,0.4097222089767456,0.4027777910232544,0.4079861044883728,0.2604094445705414,52227200
1988-02-23,0.4079861044883728,0.4166666567325592,0.4079861044883728,0.4131944477558136,0.26373377442359924,91728000
1988-02-24,0.4131944477558136,0.421875,0.4131944477558136,0.4157986044883728,0.2653960585594177,79558400
1988-02-25,0.4149305522441864,0.4201388955116272,0.4019097089767456,0.4036458432674408,0.25763916969299316,61558400
1988-02-26,0.4045138955116272,0.4079861044883728,0.3975694477558136,0.4045138955116272,0.2581932544708252,29923200
1988-02-29,0.40625,0.4131944477558136,0.4027777910232544,0.4123263955116272,0.26317980885505676,39324800
1988-03-01,0.4149305522441864,0.4166666567325592,0.40625,0.4097222089767456,0.2615177035331726,43299200
1988-03-02,0.4097222089767456,0.421875,0.4079861044883728,0.4131944477558136,0.26373377442359924,67894400
1988-03-03,0.4166666567325592,0.4270833432674408,0.4149305522441864,0.4236111044883728,0.2703825533390045,83664000
1988-03-04,0.4236111044883728,0.4253472089767456,0.4149305522441864,0.421875,0.2692744731903076,68355200
1988-03-07,0.4236111044883728,0.4357638955116272,0.421875,0.4348958432674408,0.2775854468345642,78003200
1988-03-08,0.4375,0.4496527910232544,0.4357638955116272,0.4435763955116272,0.2831260859966278,96896000
1988-03-09,0.4409722089767456,0.4479166567325592,0.4392361044883728,0.4444444477558136,0.28368011116981506,81734400
1988-03-10,0.4461805522441864,0.4513888955116272,0.4331597089767456,0.4357638955116272,0.27813947200775146,97948800
1988-03-11,0.4340277910232544,0.4375,0.4236111044883728,0.4340277910232544,0.27703142166137695,84297600
1988-03-14,0.4322916567325592,0.4427083432674408,0.4270833432674408,0.4418402910232544,0.28201794624328613,46281600
1988-03-15,0.4427083432674408,0.4427083432674408,0.4322916567325592,0.4340277910232544,0.27703142166137695,43760000
1988-03-16,0.4357638955116272,0.4496527910232544,0.4305555522441864,0.4496527910232544,0.2870044708251953,54547200
1988-03-17,0.4513888955116272,0.4548611044883728,0.4427083432674408,0.4435763955116272,0.2831260859966278,125308800
1988-03-18,0.4427083432674408,0.4444444477558136,0.4045138955116272,0.4045138955116272,0.2581932544708252,169920000
1988-03-21,0.40625,0.4079861044883728,0.3940972089767456,0.4079861044883728,0.2604094445705414,198720000
1988-03-22,0.4079861044883728,0.421875,0.4079861044883728,0.4184027910232544,0.26705828309059143,115833600
1988-03-23,0.4288194477558136,0.4331597089767456,0.4079861044883728,0.4097222089767456,0.2615177035331726,151200000
1988-03-24,0.4079861044883728,0.4079861044883728,0.3871527910232544,0.3923611044883728,0.25043633580207825,159840000
1988-03-25,0.3940972089767456,0.4001736044883728,0.3871527910232544,0.3897569477558136,0.24877412617206573,47331200
1988-03-28,0.3854166567325592,0.3958333432674408,0.3819444477558136,0.3949652910232544,0.2520985007286072,67145600
1988-03-29,0.3975694477558136,0.4045138955116272,0.390625,0.3923611044883728,0.25043633580207825,80710400
1988-03-30,0.3940972089767456,0.3958333432674408,0.3767361044883728,0.3802083432674408,0.2426794171333313,100713600
1988-03-31,0.3784722089767456,0.3923611044883728,0.3784722089767456,0.3923611044883728,0.25043633580207825,50256000
1988-04-04,0.3888888955116272,0.3923611044883728,0.3784722089767456,0.3836805522441864,0.2448958158493042,47721600
1988-04-05,0.3854166567325592,0.3888888955116272,0.3784722089767456,0.3888888955116272,0.24822001159191132,41760000
1988-04-06,0.3888888955116272,0.4045138955116272,0.3871527910232544,0.4036458432674408,0.25763916969299316,75296000
1988-04-07,0.4045138955116272,0.4079861044883728,0.3975694477558136,0.3975694477558136,0.25376060605049133,74921600
1988-04-08,0.3993055522441864,0.40625,0.3967013955116272,0.4027777910232544,0.2570851445198059,57974400
1988-04-11,0.40625,0.40625,0.3958333432674408,0.3993055522441864,0.25486886501312256,40406400
1988-04-12,0.3975694477558136,0.4010416567325592,0.3819444477558136,0.3871527910232544,0.24711193144321442,52444800
1988-04-13,0.3888888955116272,0.3958333432674408,0.3854166567325592,0.3958333432674408,0.25265252590179443,42204800
1988-04-14,0.3854166567325592,0.3923611044883728,0.3663194477558136,0.3680555522441864,0.23492252826690674,110028800
1988-04-15,0.3697916567325592,0.3819444477558136,0.3663194477558136,0.3767361044883728,0.2404632568359375,114220800
1988-04-18,0.375,0.3836805522441864,0.3732638955116272,0.3802083432674408,0.2426794171333313,48051200
1988-04-19,0.3802083432674408,0.3958333432674408,0.375,0.3767361044883728,0.2404632568359375,75772800
1988-04-20,0.3767361044883728,0.3819444477558136,0.3732638955116272,0.3784722089767456,0.24157126247882843,65404800
1988-04-21,0.3819444477558136,0.3854166567325592,0.3732638955116272,0.3776041567325592,0.24101723730564117,63977600
1988-04-22,0.3784722089767456,0.3871527910232544,0.3784722089767456,0.3836805522441864,0.2448958158493042,33926400
1988-04-25,0.3836805522441864,0.3871527910232544,0.3802083432674408,0.3828125,0.24434158205986023,23385600
1988-04-26,0.3871527910232544,0.3923611044883728,0.3836805522441864,0.3871527910232544,0.24711193144321442,46454400
1988-04-27,0.3871527910232544,0.3888888955116272,0.3767361044883728,0.3854166567325592,0.24600380659103394,47894400
1988-04-28,0.3854166567325592,0.3871527910232544,0.3819444477558136,0.3845486044883728,0.24544982612133026,28467200
1988-04-29,0.3819444477558136,0.3819444477558136,0.3767361044883728,0.3784722089767456,0.24157126247882843,64771200
1988-05-02,0.3784722089767456,0.3836805522441864,0.3715277910232544,0.3819444477558136,0.2437874972820282,49260800
1988-05-03,0.3836805522441864,0.3958333432674408,0.3836805522441864,0.3923611044883728,0.25043633580207825,62739200
1988-05-04,0.3940972089767456,0.4010416567325592,0.3888888955116272,0.3967013955116272,0.25320664048194885,75152000
1988-05-05,0.3940972089767456,0.3975694477558136,0.390625,0.3958333432674408,0.25265252590179443,24883200
1988-05-06,0.3940972089767456,0.4027777910232544,0.3940972089767456,0.3975694477558136,0.25376060605049133,43977600
1988-05-09,0.3975694477558136,0.4045138955116272,0.3940972089767456,0.3975694477558136,0.25376060605049133,34790400
1988-05-10,0.3975694477558136,0.4001736044883728,0.390625,0.3958333432674408,0.25265252590179443,46828800
1988-05-11,0.3923611044883728,0.3923611044883728,0.3819444477558136,0.3871527910232544,0.24711193144321442,59484800
1988-05-12,0.3871527910232544,0.3923611044883728,0.3854166567325592,0.3888888955116272,0.24822001159191132,26409600
1988-05-13,0.3923611044883728,0.3958333432674408,0.390625,0.3940972089767456,0.25154438614845276,17913600
1988-05-16,0.3940972089767456,0.4088541567325592,0.3940972089767456,0.4045138955116272,0.2581932544708252,59788800
1988-05-17,0.4097222089767456,0.4114583432674408,0.4027777910232544,0.4027777910232544,0.2570851445198059,70428800
1988-05-18,0.4027777910232544,0.4053819477558136,0.3923611044883728,0.3940972089767456,0.25154438614845276,81372800
1988-05-19,0.3888888955116272,0.3975694477558136,0.3871527910232544,0.3958333432674408,0.25265252590179443,57728000
1988-05-20,0.3975694477558136,0.4010416567325592,0.3888888955116272,0.390625,0.24932818114757538,42521600
1988-05-23,0.390625,0.3923611044883728,0.3784722089767456,0.3819444477558136,0.2437874972820282,50227200
1988-05-24,0.3819444477558136,0.3940972089767456,0.3802083432674408,0.3940972089767456,0.25154438614845276,55324800
1988-05-25,0.3923611044883728,0.3958333432674408,0.3854166567325592,0.3871527910232544,0.24711193144321442,53580800
1988-05-26,0.3888888955116272,0.3958333432674408,0.3871527910232544,0.3897569477558136,0.24877412617206573,43385600
1988-05-27,0.390625,0.390625,0.3854166567325592,0.3854166567325592,0.24600380659103394,33148800
1988-05-31,0.3854166567325592,0.4045138955116272,0.3836805522441864,0.4027777910232544,0.2570851445198059,44048000
1988-06-01,0.4045138955116272,0.4166666567325592,0.4010416567325592,0.4114583432674408,0.26262572407722473,95788800
1988-06-02,0.4131944477558136,0.4166666567325592,0.4079861044883728,0.4097222089767456,0.2615177035331726,63228800
1988-06-03,0.4097222089767456,0.4149305522441864,0.4079861044883728,0.4131944477558136,0.26373377442359924,34832000
1988-06-06,0.4131944477558136,0.4236111044883728,0.4114583432674408,0.421875,0.2692744731903076,81747200
1988-06-07,0.4236111044883728,0.4305555522441864,0.4192708432674408,0.4236111044883728,0.2703825533390045,82166400
1988-06-08,0.421875,0.4340277910232544,0.421875,0.4305555522441864,0.27481499314308167,66281600
1988-06-09,0.4322916567325592,0.4366319477558136,0.4279513955116272,0.4288194477558136,0.27370700240135193,69264000
1988-06-10,0.4288194477558136,0.4357638955116272,0.4253472089767456,0.4322916567325592,0.2759232819080353,45014400
1988-06-13,0.4340277910232544,0.4375,0.4322916567325592,0.4331597089767456,0.2764773368835449,31116800
1988-06-14,0.4375,0.4409722089767456,0.4357638955116272,0.4375,0.27924758195877075,60377600
1988-06-15,0.4357638955116272,0.4444444477558136,0.4340277910232544,0.4444444477558136,0.28368011116981506,51033600
1988-06-16,0.4392361044883728,0.4427083432674408,0.4375,0.4409722089767456,0.2814639210700989,73712000
1988-06-17,0.4409722089767456,0.4461805522441864,0.4357638955116272,0.4375,0.27924758195877075,42105600
1988-06-20,0.4357638955116272,0.4375,0.4305555522441864,0.4357638955116272,0.27813947200775146,28137600
1988-06-21,0.4340277910232544,0.4444444477558136,0.4340277910232544,0.4444444477558136,0.28368011116981506,39715200
1988-06-22,0.4513888955116272,0.46875,0.4470486044883728,0.4652777910232544,0.2969776391983032,127324800
1988-06-23,0.4652777910232544,0.4670138955116272,0.4565972089767456,0.4583333432674408,0.2925451695919037,41052800
1988-06-24,0.4583333432674408,0.4600694477558136,0.4513888955116272,0.453125,0.2892207205295563,28553600
1988-06-27,0.453125,0.453125,0.4444444477558136,0.4444444477558136,0.28368011116981506,23628800
1988-06-28,0.4444444477558136,0.4583333432674408,0.4427083432674408,0.4565972089767456,0.291437029838562,32140800
1988-06-29,0.4583333432674408,0.4618055522441864,0.4548611044883728,0.4565972089767456,0.291437029838562,49808000
1988-06-30,0.4600694477558136,0.4652777910232544,0.4583333432674408,0.4652777910232544,0.2969776391983032,31548800
1988-07-01,0.4652777910232544,0.4722222089767456,0.4635416567325592,0.4722222089767456,0.3014100193977356,42940800
1988-07-05,0.46875,0.484375,0.4652777910232544,0.4835069477558136,0.3086129426956177,48096000
1988-07-06,0.484375,0.4895833432674408,0.4756944477558136,0.4774305522441864,0.304734468460083,89379200
1988-07-07,0.4739583432674408,0.4791666567325592,0.4704861044883728,0.4774305522441864,0.304734468460083,68428800
1988-07-08,0.4722222089767456,0.4774305522441864,0.4704861044883728,0.4756944477558136,0.3036263883113861,40089600
1988-07-11,0.4774305522441864,0.4774305522441864,0.4635416567325592,0.4635416567325592,0.2958695590496063,65763200
1988-07-12,0.4652777910232544,0.4670138955116272,0.4496527910232544,0.4557291567325592,0.2908829152584076,90000000
1988-07-13,0.4548611044883728,0.4635416567325592,0.4513888955116272,0.4635416567325592,0.2958695590496063,57427200
1988-07-14,0.4635416567325592,0.4652777910232544,0.4583333432674408,0.4652777910232544,0.2969776391983032,34848000
1988-07-15,0.4652777910232544,0.4670138955116272,0.4600694477558136,0.4652777910232544,0.2969776391983032,31577600
1988-07-18,0.4670138955116272,0.4704861044883728,0.4652777910232544,0.46875,0.2991938292980194,20102400
1988-07-19,0.4670138955116272,0.46875,0.4565972089767456,0.4583333432674408,0.2925451695919037,36460800
1988-07-20,0.4618055522441864,0.4618055522441864,0.4427083432674408,0.4444444477558136,0.28368011116981506,111094400
1988-07-21,0.4427083432674408,0.4444444477558136,0.4201388955116272,0.4236111044883728,0.2703825533390045,128937600
1988-07-22,0.421875,0.4340277910232544,0.4201388955116272,0.4288194477558136,0.27370700240135193,68816000
1988-07-25,0.4305555522441864,0.4340277910232544,0.4184027910232544,0.4201388955116272,0.2681664228439331,52704000
1988-07-26,0.4027777910232544,0.4097222089767456,0.3940972089767456,0.4027777910232544,0.2570851445198059,228960000
1988-07-27,0.4045138955116272,0.4097222089767456,0.3993055522441864,0.4001736044883728,0.2554228603839874,68140800
1988-07-28,0.3993055522441864,0.40625,0.3958333432674408,0.4045138955116272,0.2581932544708252,57945600
1988-07-29,0.40625,0.4166666567325592,0.4045138955116272,0.4131944477558136,0.26373377442359924,59385600
1988-08-01,0.4149305522441864,0.4166666567325592,0.40625,0.40625,0.2593013644218445,51824000
1988-08-02,0.40625,0.4079861044883728,0.3940972089767456,0.3993055522441864,0.25486886501312256,65475200
1988-08-03,0.3975694477558136,0.3993055522441864,0.3854166567325592,0.390625,0.24932818114757538,91987200
1988-08-04,0.390625,0.3923611044883728,0.3854166567325592,0.3854166567325592,0.24600380659103394,53494400
1988-08-05,0.3854166567325592,0.3854166567325592,0.359375,0.3715277910232544,0.23713885247707367,201600000
1988-08-08,0.3732638955116272,0.3732638955116272,0.3663194477558136,0.3697916567325592,0.23603078722953796,148320000
1988-08-09,0.3680555522441864,0.3697916567325592,0.3541666567325592,0.359375,0.22938203811645508,138828800
1988-08-10,0.3559027910232544,0.359375,0.3472222089767456,0.3506944477558136,0.2238413393497467,113168000
1988-08-11,0.3541666567325592,0.3611111044883728,0.3472222089767456,0.359375,0.22938203811645508,123104000
1988-08-12,0.359375,0.3628472089767456,0.3576388955116272,0.3611111044883728,0.2304900735616684,58262400
1988-08-15,0.3611111044883728,0.3628472089767456,0.3472222089767456,0.3524305522441864,0.22494947910308838,41081600
1988-08-16,0.3506944477558136,0.3663194477558136,0.3489583432674408,0.3645833432674408,0.23270636796951294,90876800
1988-08-17,0.3645833432674408,0.3741319477558136,0.3567708432674408,0.3645833432674408,0.23270636796951294,59110400
1988-08-18,0.3663194477558136,0.3697916567325592,0.3645833432674408,0.3663194477558136,0.23381444811820984,32025600
1988-08-19,0.3663194477558136,0.3680555522441864,0.3489583432674408,0.3506944477558136,0.2238413393497467,67376000
1988-08-22,0.3489583432674408,0.3506944477558136,0.3315972089767456,0.3333333432674408,0.2127600610256195,110172800
1988-08-23,0.3350694477558136,0.3454861044883728,0.3315972089767456,0.3428819477558136,0.21885479986667633,88313600
1988-08-24,0.34375,0.3585069477558136,0.3420138955116272,0.3576388955116272,0.22827383875846863,102585600
1988-08-25,0.3489583432674408,0.3576388955116272,0.3472222089767456,0.3524305522441864,0.22494947910308838,72633600
1988-08-26,0.3524305522441864,0.359375,0.3524305522441864,0.3567708432674408,0.22771979868412018,24451200
1988-08-29,0.3611111044883728,0.3645833432674408,0.359375,0.3619791567325592,0.23104412853717804,35033600
1988-08-30,0.3611111044883728,0.3628472089767456,0.3541666567325592,0.3559027910232544,0.22716569900512695,20966400
1988-08-31,0.3576388955116272,0.359375,0.3420138955116272,0.3472222089767456,0.22162513434886932,71884800
1988-09-01,0.34375,0.3454861044883728,0.3333333432674408,0.3394097089767456,0.21663852035999298,82380800
1988-09-02,0.3454861044883728,0.359375,0.34375,0.3576388955116272,0.22827383875846863,115328000
1988-09-06,0.3576388955116272,0.3645833432674408,0.3559027910232544,0.3611111044883728,0.2304900735616684,67750400
1988-09-07,0.3628472089767456,0.3663194477558136,0.3524305522441864,0.359375,0.22938203811645508,72115200
1988-09-08,0.3576388955116272,0.3697916567325592,0.3559027910232544,0.3611111044883728,0.2304900735616684,69206400
1988-09-09,0.359375,0.3802083432674408,0.3576388955116272,0.375,0.23935511708259583,111123200
1988-09-12,0.3732638955116272,0.3819444477558136,0.3715277910232544,0.3732638955116272,0.23824694752693176,43257600
1988-09-13,0.3697916567325592,0.3767361044883728,0.3663194477558136,0.375,0.23935511708259583,40608000
1988-09-14,0.3810763955116272,0.3836805522441864,0.3732638955116272,0.375,0.23935511708259583,79212800
1988-09-15,0.375,0.3767361044883728,0.3611111044883728,0.3628472089767456,0.23159822821617126,72921600
1988-09-16,0.3628472089767456,0.3645833432674408,0.359375,0.3611111044883728,0.2304900735616684,48700800
1988-09-19,0.3645833432674408,0.3645833432674408,0.3541666567325592,0.359375,0.22938203811645508,44697600
1988-09-20,0.3611111044883728,0.3697916567325592,0.359375,0.3697916567325592,0.23603078722953796,53625600
1988-09-21,0.3715277910232544,0.375,0.3715277910232544,0.3732638955116272,0.23824694752693176,16054400
1988-09-22,0.375,0.3819444477558136,0.3732638955116272,0.3784722089767456,0.24157126247882843,59686400
1988-09-23,0.3784722089767456,0.3784722089767456,0.3732638955116272,0.3732638955116272,0.23824694752693176,35091200
1988-09-26,0.3732638955116272,0.375,0.359375,0.3637152910232544,0.23215234279632568,50211200
1988-09-27,0.3611111044883728,0.3628472089767456,0.3576388955116272,0.3611111044883728,0.2304900735616684,35366400
1988-09-28,0.3628472089767456,0.3680555522441864,0.359375,0.3680555522441864,0.23492252826690674,25516800
1988-09-29,0.3663194477558136,0.3715277910232544,0.3645833432674408,0.3680555522441864,0.23492252826690674,56460800
1988-09-30,0.3663194477558136,0.3680555522441864,0.359375,0.3628472089767456,0.23159822821617126,37251200
1988-10-03,0.3559027910232544,0.359375,0.3506944477558136,0.3567708432674408,0.22771979868412018,41097600
1988-10-04,0.3576388955116272,0.3611111044883728,0.3532986044883728,0.3550347089767456,0.22661161422729492,29260800
1988-10-05,0.3559027910232544,0.3559027910232544,0.3472222089767456,0.3489583432674408,0.22273318469524384,67088000
1988-10-06,0.3489583432674408,0.3524305522441864,0.3472222089767456,0.3472222089767456,0.22162513434886932,33609600
1988-10-07,0.3472222089767456,0.3489583432674408,0.3324652910232544,0.3454861044883728,0.22051697969436646,208064000
1988-10-10,0.3472222089767456,0.3472222089767456,0.3315972089767456,0.3420138955116272,0.2183007150888443,106358400
1988-10-11,0.3454861044883728,0.3506944477558136,0.3402777910232544,0.3454861044883728,0.22051697969436646,65952000
1988-10-12,0.34375,0.359375,0.3402777910232544,0.3515625,0.22439542412757874,137532800
1988-10-13,0.3498263955116272,0.3628472089767456,0.3489583432674408,0.3576388955116272,0.22827383875846863,82467200
1988-10-14,0.3611111044883728,0.3628472089767456,0.3541666567325592,0.3559027910232544,0.22716569900512695,56764800
1988-10-17,0.3559027910232544,0.3645833432674408,0.3559027910232544,0.3611111044883728,0.2304900735616684,25673600
1988-10-18,0.359375,0.3663194477558136,0.3559027910232544,0.3645833432674408,0.23270636796951294,37222400
1988-10-19,0.3715277910232544,0.3732638955116272,0.3628472089767456,0.3697916567325592,0.23603078722953796,80681600
1988-10-20,0.3663194477558136,0.375,0.3663194477558136,0.3715277910232544,0.23713885247707367,73296000
1988-10-21,0.3680555522441864,0.3715277910232544,0.3645833432674408,0.3680555522441864,0.23492252826690674,24262400
1988-10-24,0.3697916567325592,0.3697916567325592,0.3602430522441864,0.3611111044883728,0.2304900735616684,28627200
1988-10-25,0.3611111044883728,0.3628472089767456,0.3472222089767456,0.3506944477558136,0.2238413393497467,74547200
1988-10-26,0.3489583432674408,0.3506944477558136,0.3368055522441864,0.3454861044883728,0.22051697969436646,157420800
1988-10-27,0.3420138955116272,0.34375,0.3315972089767456,0.34375,0.21940885484218597,114336000
1988-10-28,0.3420138955116272,0.3454861044883728,0.3368055522441864,0.34375,0.21940885484218597,46540800
1988-10-31,0.3420138955116272,0.3420138955116272,0.3368055522441864,0.3402777910232544,0.21719256043434143,41283200
1988-11-01,0.3402777910232544,0.3454861044883728,0.3385416567325592,0.3385416567325592,0.2160845249891281,53280000
1988-11-02,0.3385416567325592,0.3385416567325592,0.3246527910232544,0.328125,0.20943577587604523,221801600
1988-11-03,0.328125,0.3315972089767456,0.3203125,0.328125,0.20943577587604523,118339200
1988-11-04,0.3229166567325592,0.3315972089767456,0.3229166567325592,0.3229166567325592,0.20611131191253662,106601600
1988-11-07,0.3229166567325592,0.3263888955116272,0.3194444477558136,0.3246527910232544,0.20721948146820068,55065600
1988-11-08,0.328125,0.3402777910232544,0.3263888955116272,0.3376736044883728,0.2155303806066513,56604800
1988-11-09,0.3333333432674408,0.3472222089767456,0.3315972089767456,0.3454861044883728,0.22051697969436646,124732800
1988-11-10,0.3454861044883728,0.3506944477558136,0.3402777910232544,0.3402777910232544,0.21719256043434143,78796800
1988-11-11,0.3368055522441864,0.3402777910232544,0.3298611044883728,0.3307291567325592,0.21109788119792938,54934400
1988-11-14,0.3333333432674408,0.3385416567325592,0.3298611044883728,0.3368055522441864,0.21497631072998047,34329600
1988-11-15,0.3368055522441864,0.3368055522441864,0.3229166567325592,0.3263888955116272,0.20832759141921997,93900800
1988-11-16,0.3272569477558136,0.328125,0.3159722089767456,0.3211805522441864,0.20500315725803375,199008000
1988-11-17,0.3211805522441864,0.3246527910232544,0.3177083432674408,0.3194444477558136,0.20389509201049805,65865600
1988-11-18,0.3211805522441864,0.3246527910232544,0.3177083432674408,0.3237847089767456,0.20666544139385223,34428800
1988-11-21,0.3194444477558136,0.3211805522441864,0.3142361044883728,0.3194444477558136,0.20389509201049805,47100800
1988-11-22,0.3194444477558136,0.3229166567325592,0.3159722089767456,0.3194444477558136,0.20389509201049805,30310400
1988-11-23,0.3211805522441864,0.3263888955116272,0.3194444477558136,0.3255208432674408,0.20777350664138794,56547200
1988-11-25,0.3211805522441864,0.3229166567325592,0.3177083432674408,0.3220486044883728,0.20555728673934937,11462400
1988-11-28,0.3211805522441864,0.3298611044883728,0.3211805522441864,0.3263888955116272,0.20832759141921997,58736000
1988-11-29,0.3263888955116272,0.3298611044883728,0.3246527910232544,0.3298611044883728,0.21054387092590332,21872000
1988-11-30,0.328125,0.3315972089767456,0.328125,0.328125,0.20943577587604523,35193600
1988-12-01,0.3298611044883728,0.34375,0.3263888955116272,0.3402777910232544,0.21719256043434143,82006400
1988-12-02,0.3368055522441864,0.3489583432674408,0.3368055522441864,0.3454861044883728,0.22051697969436646,91497600
1988-12-05,0.3454861044883728,0.3506944477558136,0.3385416567325592,0.34375,0.21940885484218597,70140800
1988-12-06,0.34375,0.3454861044883728,0.3402777910232544,0.3454861044883728,0.22051697969436646,44364800
1988-12-07,0.34375,0.3472222089767456,0.3411458432674408,0.3420138955116272,0.2183007150888443,30886400
1988-12-08,0.3420138955116272,0.34375,0.3385416567325592,0.3402777910232544,0.21719256043434143,40176000
1988-12-09,0.3385416567325592,0.3420138955116272,0.3368055522441864,0.3402777910232544,0.21719256043434143,22304000
1988-12-12,0.3385416567325592,0.3402777910232544,0.3289930522441864,0.3289930522441864,0.20998980104923248,38892800
1988-12-13,0.328125,0.3315972089767456,0.328125,0.3315972089767456,0.21165192127227783,39168000
1988-12-14,0.3315972089767456,0.3385416567325592,0.3298611044883728,0.3359375,0.2144223153591156,28006400
1988-12-15,0.3402777910232544,0.3420138955116272,0.3368055522441864,0.3402777910232544,0.21719256043434143,23196800
1988-12-16,0.3385416567325592,0.3489583432674408,0.3385416567325592,0.3454861044883728,0.22051697969436646,51795200
1988-12-19,0.3515625,0.3576388955116272,0.3506944477558136,0.3524305522441864,0.22494947910308838,83532800
1988-12-20,0.3567708432674408,0.3645833432674408,0.3541666567325592,0.3559027910232544,0.22716569900512695,92188800
1988-12-21,0.3576388955116272,0.3645833432674408,0.3559027910232544,0.3628472089767456,0.23159822821617126,46438400
1988-12-22,0.3645833432674408,0.3680555522441864,0.359375,0.3611111044883728,0.2304900735616684,74592000
1988-12-23,0.359375,0.3611111044883728,0.3576388955116272,0.3611111044883728,0.2304900735616684,17120000
1988-12-27,0.3611111044883728,0.3645833432674408,0.359375,0.359375,0.22938203811645508,30771200
1988-12-28,0.3611111044883728,0.3628472089767456,0.359375,0.3628472089767456,0.23159822821617126,21267200
1988-12-29,0.3611111044883728,0.3715277910232544,0.3611111044883728,0.3697916567325592,0.23603078722953796,38275200
1988-12-30,0.3715277910232544,0.3767361044883728,0.3697916567325592,0.3697916567325592,0.23603078722953796,63820800
1989-01-03,0.3715277910232544,0.3732638955116272,0.3663194477558136,0.3723958432674408,0.2376929372549057,51824000
1989-01-04,0.3715277910232544,0.3810763955116272,0.3715277910232544,0.3767361044883728,0.2404632568359375,53897600
1989-01-05,0.3802083432674408,0.3802083432674408,0.3697916567325592,0.3706597089767456,0.2365848422050476,47244800
1989-01-06,0.3715277910232544,0.3732638955116272,0.3680555522441864,0.3680555522441864,0.23492252826690674,59052800
1989-01-09,0.3680555522441864,0.3697916567325592,0.3619791567325592,0.3645833432674408,0.23270636796951294,46006400
1989-01-10,0.3628472089767456,0.3645833432674408,0.359375,0.3611111044883728,0.2304900735616684,54128000
1989-01-11,0.3602430522441864,0.3645833432674408,0.3576388955116272,0.3645833432674408,0.23270636796951294,48297600
1989-01-12,0.3628472089767456,0.3732638955116272,0.3628472089767456,0.3645833432674408,0.23270636796951294,54588800
1989-01-13,0.3645833432674408,0.3697916567325592,0.3645833432674408,0.3680555522441864,0.23492252826690674,35568000
1989-01-16,0.3697916567325592,0.3758680522441864,0.3663194477558136,0.3689236044883728,0.23547667264938354,27532800
1989-01-17,0.3654513955116272,0.3671875,0.3559027910232544,0.3576388955116272,0.22827383875846863,41744000
1989-01-18,0.359375,0.359375,0.3489583432674408,0.3576388955116272,0.22827383875846863,63632000
1989-01-19,0.3628472089767456,0.3732638955116272,0.3628472089767456,0.3715277910232544,0.23713885247707367,84297600
1989-01-20,0.3715277910232544,0.3776041567325592,0.3697916567325592,0.3758680522441864,0.23990914225578308,61027200
1989-01-23,0.375,0.375,0.3671875,0.3680555522441864,0.23492252826690674,52227200
1989-01-24,0.3680555522441864,0.3715277910232544,0.3645833432674408,0.3663194477558136,0.23381444811820984,56217600
1989-01-25,0.3680555522441864,0.3697916567325592,0.3645833432674408,0.3680555522441864,0.23492252826690674,49046400
1989-01-26,0.3654513955116272,0.3784722089767456,0.3645833432674408,0.3767361044883728,0.2404632568359375,87132800
1989-01-27,0.3758680522441864,0.3923611044883728,0.3732638955116272,0.3845486044883728,0.24544982612133026,166419200
1989-01-30,0.3854166567325592,0.4079861044883728,0.3836805522441864,0.40625,0.2593013644218445,110086400
1989-01-31,0.4097222089767456,0.4184027910232544,0.40625,0.4140625,0.26428791880607605,125091200
1989-02-01,0.4131944477558136,0.4149305522441864,0.4097222089767456,0.4114583432674408,0.26262572407722473,131212800
1989-02-02,0.4131944477558136,0.4375,0.4114583432674408,0.4227430522441864,0.2698284387588501,180028800
1989-02-03,0.4201388955116272,0.4340277910232544,0.4166666567325592,0.4236111044883728,0.2703825533390045,91324800
1989-02-06,0.421875,0.4236111044883728,0.4149305522441864,0.4201388955116272,0.2681664228439331,87580800
1989-02-07,0.4210069477558136,0.4340277910232544,0.4201388955116272,0.4314236044883728,0.2753690779209137,127094400
1989-02-08,0.4305555522441864,0.4444444477558136,0.4270833432674408,0.4340277910232544,0.27703142166137695,133315200
1989-02-09,0.4305555522441864,0.4496527910232544,0.4288194477558136,0.4427083432674408,0.28257203102111816,199036800
1989-02-10,0.4375,0.4409722089767456,0.4279513955116272,0.4296875,0.2742610573768616,129036800
1989-02-13,0.4270833432674408,0.4305555522441864,0.4236111044883728,0.4253472089767456,0.2714906632900238,94073600
1989-02-14,0.4296875,0.4322916567325592,0.4166666567325592,0.4184027910232544,0.26705828309059143,62956800
1989-02-15,0.4201388955116272,0.4322916567325592,0.4184027910232544,0.4322916567325592,0.2759232819080353,81936000
1989-02-16,0.4340277910232544,0.4409722089767456,0.4253472089767456,0.4357638955116272,0.27813947200775146,61385600
1989-02-17,0.4375,0.4392361044883728,0.4322916567325592,0.4340277910232544,0.27703142166137695,29692800
1989-02-21,0.4322916567325592,0.4357638955116272,0.4270833432674408,0.4288194477558136,0.27370700240135193,33753600
1989-02-22,0.4270833432674408,0.4288194477558136,0.4166666567325592,0.4166666567325592,0.265950083732605,95513600
1989-02-23,0.4184027910232544,0.421875,0.4114583432674408,0.4192708432674408,0.2676123380661011,75945600
1989-02-24,0.4184027910232544,0.421875,0.4079861044883728,0.4079861044883728,0.2604094445705414,76016000
1989-02-27,0.4079861044883728,0.4184027910232544,0.40625,0.4149305522441864,0.2648420035839081,68787200
1989-02-28,0.4166666567325592,0.4184027910232544,0.4097222089767456,0.4131944477558136,0.26373377442359924,43443200
1989-03-01,0.4166666567325592,0.4184027910232544,0.4114583432674408,0.4114583432674408,0.26262572407722473,59888000
1989-03-02,0.4114583432674408,0.4236111044883728,0.4114583432674408,0.421875,0.2692744731903076,92304000
1989-03-03,0.421875,0.4305555522441864,0.4201388955116272,0.4288194477558136,0.27370700240135193,68947200
1989-03-06,0.4288194477558136,0.4322916567325592,0.4236111044883728,0.4305555522441864,0.27481499314308167,56633600
1989-03-07,0.4149305522441864,0.4166666567325592,0.3697916567325592,0.3715277910232544,0.23713885247707367,788688000
1989-03-08,0.3732638955116272,0.3784722089767456,0.3637152910232544,0.3645833432674408,0.23270636796951294,253612800
1989-03-09,0.3663194477558136,0.3663194477558136,0.3576388955116272,0.359375,0.22938203811645508,123305600
1989-03-10,0.3576388955116272,0.3645833432674408,0.3541666567325592,0.359375,0.22938203811645508,66902400
1989-03-13,0.3611111044883728,0.3663194477558136,0.359375,0.3663194477558136,0.23381444811820984,60204800
1989-03-14,0.3697916567325592,0.3697916567325592,0.3628472089767456,0.3663194477558136,0.23381444811820984,63718400
1989-03-15,0.3663194477558136,0.3663194477558136,0.3489583432674408,0.3489583432674408,0.22273318469524384,104889600
1989-03-16,0.3524305522441864,0.3576388955116272,0.3506944477558136,0.3559027910232544,0.22716569900512695,102886400
1989-03-17,0.3489583432674408,0.3506944477558136,0.3194444477558136,0.3229166567325592,0.20611131191253662,245577600
1989-03-20,0.3220486044883728,0.3229166567325592,0.3177083432674408,0.3229166567325592,0.20611131191253662,238995200
1989-03-21,0.3246527910232544,0.3472222089767456,0.3211805522441864,0.3463541567325592,0.22107109427452087,224467200
1989-03-22,0.34375,0.3454861044883728,0.3368055522441864,0.3402777910232544,0.21719256043434143,167024000
1989-03-23,0.3385416567325592,0.3489583432674408,0.3385416567325592,0.3489583432674408,0.22273318469524384,87811200
1989-03-27,0.3472222089767456,0.3515625,0.34375,0.3454861044883728,0.22051697969436646,75542400
1989-03-28,0.3489583432674408,0.3506944477558136,0.3420138955116272,0.3454861044883728,0.22051697969436646,70803200
1989-03-29,0.3454861044883728,0.3454861044883728,0.3420138955116272,0.34375,0.21940885484218597,30009600
1989-03-30,0.3454861044883728,0.3472222089767456,0.3411458432674408,0.3463541567325592,0.22107109427452087,46742400
1989-03-31,0.3472222089767456,0.3489583432674408,0.34375,0.3463541567325592,0.22107109427452087,29734400
1989-04-03,0.3472222089767456,0.3524305522441864,0.3446180522441864,0.3489583432674408,0.22273318469524384,35049600
1989-04-04,0.3489583432674408,0.3489583432674408,0.34375,0.3472222089767456,0.22162513434886932,25027200
1989-04-05,0.3472222089767456,0.3506944477558136,0.3454861044883728,0.3498263955116272,0.22328728437423706,19641600
1989-04-06,0.3506944477558136,0.3576388955116272,0.3489583432674408,0.3559027910232544,0.22716569900512695,51680000
1989-04-07,0.3559027910232544,0.359375,0.3541666567325592,0.3559027910232544,0.22716569900512695,29446400
1989-04-10,0.3559027910232544,0.3628472089767456,0.3559027910232544,0.3567708432674408,0.22771979868412018,28668800
1989-04-11,0.3576388955116272,0.3611111044883728,0.3498263955116272,0.3567708432674408,0.22771979868412018,28726400
1989-04-12,0.359375,0.359375,0.3307291567325592,0.3342013955116272,0.21331416070461273,71020800
1989-04-13,0.3315972089767456,0.3498263955116272,0.3298611044883728,0.3385416567325592,0.2160845249891281,92880000
1989-04-14,0.3420138955116272,0.3559027910232544,0.3420138955116272,0.3524305522441864,0.22494947910308838,62624000
1989-04-17,0.3559027910232544,0.3637152910232544,0.3524305522441864,0.3576388955116272,0.22827383875846863,51638400
1989-04-18,0.3645833432674408,0.3697916567325592,0.3611111044883728,0.3697916567325592,0.23603078722953796,69334400
1989-04-19,0.3819444477558136,0.3871527910232544,0.3784722089767456,0.3810763955116272,0.24323347210884094,168969600
1989-04-20,0.3819444477558136,0.3923611044883728,0.3784722089767456,0.3888888955116272,0.24822001159191132,138800000
1989-04-21,0.3888888955116272,0.3888888955116272,0.3819444477558136,0.3836805522441864,0.2448958158493042,58188800
1989-04-24,0.3819444477558136,0.3854166567325592,0.3784722089767456,0.3828125,0.24434158205986023,29331200
1989-04-25,0.3854166567325592,0.3871527910232544,0.3784722089767456,0.3802083432674408,0.2426794171333313,24896000
1989-04-26,0.3819444477558136,0.3819444477558136,0.3723958432674408,0.375,0.23935511708259583,44508800
1989-04-27,0.375,0.3810763955116272,0.375,0.3802083432674408,0.2426794171333313,34588800
1989-04-28,0.3802083432674408,0.390625,0.3732638955116272,0.3880208432674408,0.24766600131988525,69782400
1989-05-01,0.3845486044883728,0.3888888955116272,0.3767361044883728,0.3793402910232544,0.24212537705898285,33737600
1989-05-02,0.3802083432674408,0.3819444477558136,0.3715277910232544,0.375,0.23935511708259583,34371200
1989-05-03,0.375,0.3802083432674408,0.375,0.375,0.23935511708259583,28857600
1989-05-04,0.3767361044883728,0.3767361044883728,0.3628472089767456,0.3645833432674408,0.23270636796951294,37424000
1989-05-05,0.3697916567325592,0.3697916567325592,0.359375,0.3611111044883728,0.2304900735616684,35827200
1989-05-08,0.3611111044883728,0.3628472089767456,0.3541666567325592,0.3576388955116272,0.22827383875846863,49001600
1989-05-09,0.359375,0.3715277910232544,0.3576388955116272,0.3680555522441864,0.23492252826690674,54588800
1989-05-10,0.3715277910232544,0.3802083432674408,0.3697916567325592,0.375,0.23935511708259583,58752000
1989-05-11,0.3767361044883728,0.3767361044883728,0.3715277910232544,0.375,0.23935511708259583,34400000
1989-05-12,0.3793402910232544,0.3819444477558136,0.3715277910232544,0.3767361044883728,0.2404632568359375,71091200
1989-05-15,0.3758680522441864,0.3819444477558136,0.375,0.3802083432674408,0.2426794171333313,74736000
1989-05-16,0.3802083432674408,0.3923611044883728,0.3784722089767456,0.390625,0.24932818114757538,83433600
1989-05-17,0.3914930522441864,0.4027777910232544,0.3914930522441864,0.3984375,0.25431475043296814,89811200
1989-05-18,0.3975694477558136,0.4071180522441864,0.3975694477558136,0.4045138955116272,0.2581932544708252,52572800
1989-05-19,0.4036458432674408,0.4131944477558136,0.4036458432674408,0.4045138955116272,0.2581932544708252,62566400
1989-05-22,0.4045138955116272,0.4131944477558136,0.4010416567325592,0.4114583432674408,0.26262572407722473,74275200
1989-05-23,0.4045138955116272,0.4097222089767456,0.390625,0.3932291567325592,0.2509903311729431,97545600
1989-05-24,0.3897569477558136,0.3993055522441864,0.3871527910232544,0.3993055522441864,0.25486886501312256,69363200
1989-05-25,0.3993055522441864,0.40625,0.3958333432674408,0.3993055522441864,0.25486886501312256,33840000
1989-05-26,0.4027777910232544,0.4097222089767456,0.4010416567325592,0.4088541567325592,0.260963499546051,37884800
1989-05-30,0.4097222089767456,0.4140625,0.40625,0.4097222089767456,0.2615177035331726,63907200
1989-05-31,0.4097222089767456,0.4236111044883728,0.4097222089767456,0.4201388955116272,0.2681664228439331,80969600
1989-06-01,0.4184027910232544,0.421875,0.4149305522441864,0.4166666567325592,0.265950083732605,62796800
1989-06-02,0.4175347089767456,0.4184027910232544,0.4045138955116272,0.4045138955116272,0.2581932544708252,54041600
1989-06-05,0.40625,0.40625,0.3923611044883728,0.3940972089767456,0.25154438614845276,61414400
1989-06-06,0.3940972089767456,0.4071180522441864,0.3923611044883728,0.40625,0.2593013644218445,53897600
1989-06-07,0.4079861044883728,0.4166666567325592,0.4079861044883728,0.4149305522441864,0.2648420035839081,44928000
1989-06-08,0.4149305522441864,0.4184027910232544,0.4131944477558136,0.4149305522441864,0.2648420035839081,29216000
1989-06-09,0.4149305522441864,0.4175347089767456,0.4114583432674408,0.4149305522441864,0.2648420035839081,36144000
1989-06-12,0.4149305522441864,0.4184027910232544,0.4071180522441864,0.4097222089767456,0.2615177035331726,51680000
1989-06-13,0.4053819477558136,0.40625,0.3975694477558136,0.3975694477558136,0.25376060605049133,40563200
1989-06-14,0.4010416567325592,0.4027777910232544,0.3923611044883728,0.4010416567325592,0.25597700476646423,47302400
1989-06-15,0.4010416567325592,0.4010416567325592,0.390625,0.3940972089767456,0.25154438614845276,52112000
1989-06-16,0.3932291567325592,0.3958333432674408,0.390625,0.3940972089767456,0.25154438614845276,47360000
1989-06-19,0.3958333432674408,0.3958333432674408,0.3854166567325592,0.3923611044883728,0.25043633580207825,27158400
1989-06-20,0.3923611044883728,0.3940972089767456,0.3784722089767456,0.3784722089767456,0.24157126247882843,45804800
1989-06-21,0.3697916567325592,0.3888888955116272,0.3697916567325592,0.3819444477558136,0.2437874972820282,80496000
1989-06-22,0.3836805522441864,0.3854166567325592,0.3819444477558136,0.3854166567325592,0.24600380659103394,36070400
1989-06-23,0.3854166567325592,0.3888888955116272,0.3836805522441864,0.3845486044883728,0.24544982612133026,33536000
1989-06-26,0.3836805522441864,0.3854166567325592,0.3767361044883728,0.3802083432674408,0.2426794171333313,30240000
1989-06-27,0.3802083432674408,0.3836805522441864,0.3732638955116272,0.3741319477558136,0.23880113661289215,35897600
1989-06-28,0.375,0.375,0.3611111044883728,0.3663194477558136,0.23381444811820984,57456000
1989-06-29,0.3671875,0.3671875,0.3559027910232544,0.3611111044883728,0.2304900735616684,77196800
1989-06-30,0.3611111044883728,0.3715277910232544,0.3559027910232544,0.3680555522441864,0.23492252826690674,67248000
1989-07-03,0.3689236044883728,0.3767361044883728,0.3689236044883728,0.375,0.23935511708259583,14688000
1989-07-05,0.3784722089767456,0.3854166567325592,0.375,0.3836805522441864,0.2448958158493042,26537600
1989-07-06,0.3871527910232544,0.3888888955116272,0.3637152910232544,0.3663194477558136,0.23381444811820984,94780800
1989-07-07,0.3663194477558136,0.3767361044883728,0.3654513955116272,0.3715277910232544,0.23713885247707367,41456000
1989-07-10,0.3732638955116272,0.3819444477558136,0.3715277910232544,0.3810763955116272,0.24323347210884094,27257600
1989-07-11,0.3810763955116272,0.3854166567325592,0.3697916567325592,0.3715277910232544,0.23713885247707367,43488000
1989-07-12,0.3680555522441864,0.3715277910232544,0.3611111044883728,0.3697916567325592,0.23603078722953796,52156800
1989-07-13,0.3689236044883728,0.3732638955116272,0.3645833432674408,0.3680555522441864,0.23492252826690674,33408000
1989-07-14,0.3697916567325592,0.3715277910232544,0.359375,0.3663194477558136,0.23381444811820984,42768000
1989-07-17,0.3663194477558136,0.3715277910232544,0.3645833432674408,0.3697916567325592,0.23603078722953796,31289600
1989-07-18,0.3697916567325592,0.3767361044883728,0.3697916567325592,0.3715277910232544,0.23713885247707367,42982400
1989-07-19,0.375,0.3784722089767456,0.3697916567325592,0.3758680522441864,0.23990914225578308,29763200
1989-07-20,0.3767361044883728,0.3836805522441864,0.3715277910232544,0.3715277910232544,0.23713885247707367,44524800
1989-07-21,0.3680555522441864,0.3923611044883728,0.3663194477558136,0.3836805522441864,0.2448958158493042,99763200
1989-07-24,0.3802083432674408,0.3871527910232544,0.3767361044883728,0.3836805522441864,0.2448958158493042,38361600
1989-07-25,0.3819444477558136,0.3958333432674408,0.3576388955116272,0.3611111044883728,0.2304900735616684,326028800
1989-07-26,0.3663194477558136,0.3697916567325592,0.3611111044883728,0.3663194477558136,0.23381444811820984,123638400
1989-07-27,0.3723958432674408,0.375,0.3697916567325592,0.3732638955116272,0.23824694752693176,45561600
1989-07-28,0.375,0.3784722089767456,0.3697916567325592,0.3767361044883728,0.2404632568359375,29216000
1989-07-31,0.375,0.3819444477558136,0.3732638955116272,0.3802083432674408,0.2426794171333313,33334400
1989-08-01,0.3802083432674408,0.3836805522441864,0.375,0.3767361044883728,0.2404632568359375,62134400
1989-08-02,0.375,0.3802083432674408,0.375,0.3767361044883728,0.2404632568359375,28368000
1989-08-03,0.3776041567325592,0.3836805522441864,0.3767361044883728,0.3819444477558136,0.2437874972820282,27590400
1989-08-04,0.3802083432674408,0.3993055522441864,0.3784722089767456,0.3958333432674408,0.25265252590179443,178128000
1989-08-07,0.4010416567325592,0.4027777910232544,0.3958333432674408,0.4010416567325592,0.25597700476646423,93571200
1989-08-08,0.3993055522441864,0.4114583432674408,0.3993055522441864,0.4097222089767456,0.2615177035331726,110547200
1989-08-09,0.4088541567325592,0.4166666567325592,0.4079861044883728,0.4079861044883728,0.2604094445705414,113772800
1989-08-10,0.4097222089767456,0.4097222089767456,0.4045138955116272,0.40625,0.2593013644218445,48339200
1989-08-11,0.4097222089767456,0.4131944477558136,0.4010416567325592,0.4010416567325592,0.25597700476646423,61472000
1989-08-14,0.4010416567325592,0.4010416567325592,0.3958333432674408,0.3958333432674408,0.25265252590179443,68988800
1989-08-15,0.3958333432674408,0.4027777910232544,0.3932291567325592,0.3993055522441864,0.25486886501312256,17856000
1989-08-16,0.4010416567325592,0.4027777910232544,0.3854166567325592,0.3880208432674408,0.24766600131988525,46668800
1989-08-17,0.3871527910232544,0.3940972089767456,0.3836805522441864,0.3923611044883728,0.25043633580207825,39958400
1989-08-18,0.3923611044883728,0.4010416567325592,0.3923611044883728,0.3993055522441864,0.25486886501312256,24912000
1989-08-21,0.3993055522441864,0.4019097089767456,0.3888888955116272,0.3897569477558136,0.24877412617206573,32096000
1989-08-22,0.3888888955116272,0.4079861044883728,0.3888888955116272,0.4053819477558136,0.25874730944633484,64771200
1989-08-23,0.4071180522441864,0.4140625,0.4027777910232544,0.4114583432674408,0.26262572407722473,46092800
1989-08-24,0.4157986044883728,0.4201388955116272,0.4045138955116272,0.4097222089767456,0.2615177035331726,92764800
1989-08-25,0.4079861044883728,0.4114583432674408,0.4010416567325592,0.4088541567325592,0.260963499546051,85145600
1989-08-28,0.4079861044883728,0.4131944477558136,0.4045138955116272,0.4105902910232544,0.2620716392993927,28540800
1989-08-29,0.4157986044883728,0.4166666567325592,0.4053819477558136,0.40625,0.2593013644218445,54416000
1989-08-30,0.4079861044883728,0.4140625,0.40625,0.4114583432674408,0.26262572407722473,40377600
1989-08-31,0.4131944477558136,0.4149305522441864,0.4079861044883728,0.4079861044883728,0.2604094445705414,14198400
1989-09-01,0.4097222089767456,0.4184027910232544,0.4079861044883728,0.4157986044883728,0.2653960585594177,44409600
1989-09-05,0.4149305522441864,0.4236111044883728,0.4140625,0.4166666567325592,0.265950083732605,93340800
1989-09-06,0.4149305522441864,0.4166666567325592,0.4079861044883728,0.4114583432674408,0.26262572407722473,42377600
1989-09-07,0.4097222089767456,0.4114583432674408,0.4027777910232544,0.4045138955116272,0.2581932544708252,41904000
1989-09-08,0.4027777910232544,0.4131944477558136,0.4010416567325592,0.4097222089767456,0.2615177035331726,39785600
1989-09-11,0.4079861044883728,0.4131944477558136,0.40625,0.4123263955116272,0.26317980885505676,27907200
1989-09-12,0.4131944477558136,0.4236111044883728,0.4114583432674408,0.4184027910232544,0.26705828309059143,67795200
1989-09-13,0.4236111044883728,0.4409722089767456,0.4201388955116272,0.4322916567325592,0.2759232819080353,181020800
1989-09-14,0.4357638955116272,0.4479166567325592,0.4322916567325592,0.4427083432674408,0.28257203102111816,78163200
1989-09-15,0.4444444477558136,0.4479166567325592,0.4340277910232544,0.4357638955116272,0.27813947200775146,89148800
1989-09-18,0.4340277910232544,0.4409722089767456,0.4340277910232544,0.4409722089767456,0.2814639210700989,39110400
1989-09-19,0.4427083432674408,0.4444444477558136,0.4340277910232544,0.4340277910232544,0.27703142166137695,49203200
1989-09-20,0.4357638955116272,0.4513888955116272,0.4322916567325592,0.4513888955116272,0.2881125509738922,72128000
1989-09-21,0.4565972089767456,0.4635416567325592,0.4479166567325592,0.4548611044883728,0.29032889008522034,89350400
1989-09-22,0.4548611044883728,0.4583333432674408,0.4496527910232544,0.4583333432674408,0.2925451695919037,43948800
1989-09-25,0.4583333432674408,0.4722222089767456,0.4548611044883728,0.4652777910232544,0.2969776391983032,69939200
1989-09-26,0.4652777910232544,0.46875,0.4618055522441864,0.4670138955116272,0.29808565974235535,39987200
1989-09-27,0.4600694477558136,0.4678819477558136,0.4565972089767456,0.4626736044883728,0.29531532526016235,69235200
1989-09-28,0.4618055522441864,0.4722222089767456,0.4618055522441864,0.4722222089767456,0.3014100193977356,41427200
1989-09-29,0.4722222089767456,0.4826388955116272,0.4704861044883728,0.4756944477558136,0.3036263883113861,64323200
1989-10-02,0.4739583432674408,0.4861111044883728,0.4722222089767456,0.4835069477558136,0.3086129426956177,50428800
1989-10-03,0.4895833432674408,0.4895833432674408,0.4782986044883728,0.4791666567325592,0.3058426082134247,68918400
1989-10-04,0.4791666567325592,0.5260416865348816,0.4756944477558136,0.5243055820465088,0.33465397357940674,260019200
1989-10-05,0.5243055820465088,0.5711805820465088,0.5225694179534912,0.5503472089767456,0.3512757420539856,284758400
1989-10-06,0.5529513955116272,0.5590277910232544,0.5434027910232544,0.5538194179534912,0.35349196195602417,87609600
1989-10-09,0.5520833134651184,0.5694444179534912,0.5486111044883728,0.5677083134651184,0.36235707998275757,58534400
1989-10-10,0.5729166865348816,0.5763888955116272,0.5607638955116272,0.5642361044883728,0.36014053225517273,68297600
1989-10-11,0.5572916865348816,0.5590277910232544,0.5486111044883728,0.5555555820465088,0.35460031032562256,106400000
1989-10-12,0.5555555820465088,0.5590277910232544,0.5434027910232544,0.5451388955116272,0.3479512631893158,58880000
1989-10-13,0.5399305820465088,0.5416666865348816,0.5069444179534912,0.5104166865348816,0.32578879594802856,102643200
1989-10-16,0.4913194477558136,0.5295138955116272,0.4791666567325592,0.5260416865348816,0.33576202392578125,253065600
1989-10-17,0.5225694179534912,0.5659722089767456,0.515625,0.5460069179534912,0.3485054075717926,177206400
1989-10-18,0.5477430820465088,0.5607638955116272,0.5451388955116272,0.5590277910232544,0.35681644082069397,134784000
1989-10-19,0.5625,0.5972222089767456,0.5572916865348816,0.5850694179534912,0.3734382688999176,179424000
1989-10-20,0.5833333134651184,0.59375,0.5729166865348816,0.5920138955116272,0.37787073850631714,93542400
1989-10-23,0.5885416865348816,0.5954861044883728,0.5729166865348816,0.5772569179534912,0.3684517741203308,60912000
1989-10-24,0.5729166865348816,0.5729166865348816,0.546875,0.5616319179534912,0.35847869515419006,157088000
1989-10-25,0.5659722089767456,0.5746527910232544,0.5503472089767456,0.5538194179534912,0.35349196195602417,71481600
1989-10-26,0.546875,0.5572916865348816,0.5381944179534912,0.5399305820465088,0.3446270227432251,135459200
1989-10-27,0.5399305820465088,0.5416666865348816,0.5295138955116272,0.5347222089767456,0.34130266308784485,97040000
1989-10-30,0.5416666865348816,0.5538194179534912,0.5407986044883728,0.5529513955116272,0.3529379367828369,45920000
1989-10-31,0.5572916865348816,0.5694444179534912,0.5555555820465088,0.5677083134651184,0.36235707998275757,56563200
1989-11-01,0.5677083134651184,0.5763888955116272,0.5677083134651184,0.5703125,0.3640191853046417,74649600
1989-11-02,0.5616319179534912,0.5616319179534912,0.5277777910232544,0.5295138955116272,0.33797821402549744,226051200
1989-11-03,0.53125,0.546875,0.5295138955116272,0.5434027910232544,0.34684324264526367,98755200
1989-11-06,0.5434027910232544,0.5538194179534912,0.53125,0.5364583134651184,0.3424106240272522,88025600
1989-11-07,0.5381944179534912,0.5720486044883728,0.5364583134651184,0.5625,0.35903269052505493,131542400
1989-11-08,0.5703125,0.5868055820465088,0.5694444179534912,0.578125,0.36900585889816284,106486400
1989-11-09,0.5833333134651184,0.5868055820465088,0.5729166865348816,0.5815972089767456,0.3712220788002014,111526400
1989-11-10,0.5833333134651184,0.5902777910232544,0.5815972089767456,0.5868055820465088,0.3745464086532593,59168000
1989-11-13,0.5868055820465088,0.6128472089767456,0.5815972089767456,0.6119791865348816,0.3906140923500061,178905600
1989-11-14,0.6163194179534912,0.6197916865348816,0.5972222089767456,0.6006944179534912,0.3834114670753479,95241600
1989-11-15,0.6024305820465088,0.6197916865348816,0.5989583134651184,0.6145833134651184,0.39227619767189026,94492800
1989-11-16,0.6180555820465088,0.6197916865348816,0.5989583134651184,0.6076388955116272,0.3878439664840698,68054400
1989-11-17,0.6085069179534912,0.6128472089767456,0.6024305820465088,0.6032986044883728,0.38507381081581116,31651200
1989-11-20,0.6024305820465088,0.6024305820465088,0.5868055820465088,0.6006944179534912,0.3834114670753479,56937600
1989-11-21,0.6006944179534912,0.6145833134651184,0.6006944179534912,0.6119791865348816,0.3906140923500061,67116800
1989-11-22,0.6128472089767456,0.6145833134651184,0.6076388955116272,0.6128472089767456,0.3911682963371277,38230400
1989-11-24,0.6171875,0.6180555820465088,0.6076388955116272,0.6085069179534912,0.3883979618549347,17971200
1989-11-27,0.6076388955116272,0.609375,0.5954861044883728,0.6024305820465088,0.3845195472240448,37280000
1989-11-28,0.6041666865348816,0.6128472089767456,0.5989583134651184,0.6041666865348816,0.3856276273727417,56662400
1989-11-29,0.6076388955116272,0.6111111044883728,0.5850694179534912,0.59375,0.3789788782596588,85894400
1989-11-30,0.5833333134651184,0.6059027910232544,0.5815972089767456,0.6041666865348816,0.3856276273727417,111209600
1989-12-01,0.6050347089767456,0.609375,0.5894097089767456,0.5902777910232544,0.3767625689506531,52070400
1989-12-04,0.5902777910232544,0.6059027910232544,0.5859375,0.5989583134651184,0.38230323791503906,40534400
1989-12-05,0.6024305820465088,0.6059027910232544,0.5972222089767456,0.6024305820465088,0.3845195472240448,44048000
1989-12-06,0.6006944179534912,0.6041666865348816,0.5868055820465088,0.5920138955116272,0.37787073850631714,57382400
1989-12-07,0.5833333134651184,0.5989583134651184,0.5833333134651184,0.59375,0.3789788782596588,40348800
1989-12-08,0.59375,0.5972222089767456,0.5763888955116272,0.5885416865348816,0.3756544888019562,107625600
1989-12-11,0.5885416865348816,0.5885416865348816,0.5694444179534912,0.5763888955116272,0.36789774894714355,103376000
1989-12-12,0.5815972089767456,0.5815972089767456,0.5590277910232544,0.5729166865348816,0.3656812906265259,93628800
1989-12-13,0.5607638955116272,0.5729166865348816,0.5503472089767456,0.5555555820465088,0.35460031032562256,95788800
1989-12-14,0.5486111044883728,0.5538194179534912,0.5416666865348816,0.5416666865348816,0.3457350730895996,61516800
1989-12-15,0.5434027910232544,0.5451388955116272,0.5208333134651184,0.5347222089767456,0.34130266308784485,107164800
1989-12-18,0.5364583134651184,0.5486111044883728,0.5347222089767456,0.5434027910232544,0.34684324264526367,78435200
1989-12-19,0.5434027910232544,0.5590277910232544,0.5399305820465088,0.5581597089767456,0.3562624454498291,70473600
1989-12-20,0.5642361044883728,0.5763888955116272,0.5607638955116272,0.5746527910232544,0.36678946018218994,111008000
1989-12-21,0.5746527910232544,0.5798611044883728,0.5642361044883728,0.5798611044883728,0.37011396884918213,55020800
1989-12-22,0.5798611044883728,0.5989583134651184,0.5746527910232544,0.5954861044883728,0.3800869286060333,54892800
1989-12-26,0.5963541865348816,0.5998263955116272,0.5885416865348816,0.59375,0.3789788782596588,23817600
1989-12-27,0.5972222089767456,0.6041666865348816,0.5920138955116272,0.5989583134651184,0.38230323791503906,62796800
1989-12-28,0.5798611044883728,0.5954861044883728,0.5763888955116272,0.5920138955116272,0.37787073850631714,123091200
1989-12-29,0.59375,0.6128472089767456,0.5920138955116272,0.6041666865348816,0.3856276273727417,77628800
1990-01-02,0.6059027910232544,0.6163194179534912,0.5980902910232544,0.6163194179534912,0.39338454604148865,53033600
1990-01-03,0.6215277910232544,0.6267361044883728,0.6145833134651184,0.6197916865348816,0.39560064673423767,113772800
1990-01-04,0.6197916865348816,0.6388888955116272,0.6163194179534912,0.6380208134651184,0.40723612904548645,125740800
1990-01-05,0.6354166865348816,0.6388888955116272,0.6215277910232544,0.6223958134651184,0.39726293087005615,69564800
1990-01-08,0.6215277910232544,0.6319444179534912,0.6145833134651184,0.6319444179534912,0.40335753560066223,58982400
1990-01-09,0.6319444179534912,0.6388888955116272,0.6267361044883728,0.6302083134651184,0.4022495746612549,70300800
1990-01-10,0.625,0.6336805820465088,0.6119791865348816,0.6128472089767456,0.3911682963371277,103766400
1990-01-11,0.6163194179534912,0.6215277910232544,0.5902777910232544,0.6006944179534912,0.3834114670753479,95772800
1990-01-12,0.5911458134651184,0.6059027910232544,0.5833333134651184,0.5980902910232544,0.38174909353256226,148908800
1990-01-15,0.5954861044883728,0.6041666865348816,0.5920138955116272,0.5980902910232544,0.38174909353256226,62467200
1990-01-16,0.59375,0.6197916865348816,0.5868055820465088,0.6163194179534912,0.39338454604148865,80092800
1990-01-17,0.6111111044883728,0.6284722089767456,0.6041666865348816,0.6076388955116272,0.3878439664840698,97587200
1990-01-18,0.6223958134651184,0.6597222089767456,0.6215277910232544,0.6597222089767456,0.42108774185180664,292361600
1990-01-19,0.6614583134651184,0.6666666865348816,0.6493055820465088,0.6536458134651184,0.41720929741859436,99257600
1990-01-22,0.6527777910232544,0.6527777910232544,0.6284722089767456,0.6302083134651184,0.4022495746612549,167686400
1990-01-23,0.6319444179534912,0.6336805820465088,0.6197916865348816,0.6232638955116272,0.3978169858455658,139347200
1990-01-24,0.6111111044883728,0.6302083134651184,0.6050347089767456,0.6302083134651184,0.4022495746612549,180345600
1990-01-25,0.6354166865348816,0.6423611044883728,0.6284722089767456,0.6302083134651184,0.4022495746612549,112752000
1990-01-26,0.6284722089767456,0.6336805820465088,0.625,0.6302083134651184,0.4022495746612549,68083200
1990-01-29,0.6354166865348816,0.640625,0.6267361044883728,0.6354166865348816,0.40557390451431274,55078400
1990-01-30,0.6371527910232544,0.6423611044883728,0.625,0.6336805820465088,0.4044657349586487,73107200
1990-01-31,0.6388888955116272,0.6423611044883728,0.6336805820465088,0.6423611044883728,0.4100063145160675,112937600
1990-02-01,0.6423611044883728,0.6545138955116272,0.6423611044883728,0.6510416865348816,0.4155470132827759,89193600
1990-02-02,0.6458333134651184,0.6631944179534912,0.6458333134651184,0.6510416865348816,0.4155470132827759,71395200
1990-02-05,0.6501736044883728,0.6545138955116272,0.6475694179534912,0.6545138955116272,0.4177633821964264,59731200
1990-02-06,0.6527777910232544,0.6545138955116272,0.640625,0.6527777910232544,0.41665518283843994,81964800
1990-02-07,0.6493055820465088,0.6579861044883728,0.6458333134651184,0.6475694179534912,0.41333088278770447,134150400
1990-02-08,0.6501736044883728,0.6597222089767456,0.6475694179534912,0.6545138955116272,0.4177633821964264,95225600
1990-02-09,0.6545138955116272,0.6579861044883728,0.6527777910232544,0.65625,0.41887155175209045,62380800
1990-02-12,0.65625,0.6631944179534912,0.6527777910232544,0.6579861044883728,0.41997960209846497,56086400
1990-02-13,0.6597222089767456,0.6614583134651184,0.65625,0.6579861044883728,0.41997960209846497,58752000
1990-02-14,0.6614583134651184,0.6614583134651184,0.65625,0.6597222089767456,0.42108774185180664,35868800
1990-02-15,0.6597222089767456,0.6805555820465088,0.6597222089767456,0.6736111044883728,0.42995262145996094,89494400
1990-02-16,0.6822916865348816,0.6857638955116272,0.6788194179534912,0.6805555820465088,0.43438512086868286,70876800
1990-02-20,0.6788194179534912,0.6979166865348816,0.6736111044883728,0.6961805820465088,0.44435814023017883,132652800
1990-02-21,0.6857638955116272,0.6944444179534912,0.6649305820465088,0.6675347089767456,0.4260742664337158,103347200
1990-02-22,0.671875,0.6822916865348816,0.6684027910232544,0.6692708134651184,0.42718222737312317,60809600
1990-02-23,0.6649305820465088,0.6788194179534912,0.6631944179534912,0.6770833134651184,0.4321690499782562,56851200
1990-02-26,0.6770833134651184,0.6944444179534912,0.6753472089767456,0.6892361044883728,0.4399259388446808,69219200
1990-02-27,0.6909722089767456,0.6909722089767456,0.6805555820465088,0.6805555820465088,0.43438512086868286,62019200
1990-02-28,0.6805555820465088,0.6927083134651184,0.6805555820465088,0.6857638955116272,0.43770959973335266,39312000
1990-03-01,0.6840277910232544,0.7065972089767456,0.6840277910232544,0.6944444179534912,0.44325026869773865,76867200
1990-03-02,0.6961805820465088,0.7248263955116272,0.6953125,0.7204861044883728,0.4598720967769623,100208000
1990-03-05,0.71875,0.734375,0.7100694179534912,0.7309027910232544,0.466520756483078,75526400
1990-03-06,0.7274305820465088,0.7291666865348816,0.7118055820465088,0.7256944179534912,0.46319645643234253,68630400
1990-03-07,0.7274305820465088,0.7326388955116272,0.7135416865348816,0.7135416865348816,0.45543959736824036,47606400
1990-03-08,0.7152777910232544,0.7447916865348816,0.7065972089767456,0.7378472089767456,0.4709533452987671,88976000
1990-03-09,0.7361111044883728,0.75,0.7309027910232544,0.7395833134651184,0.4720615744590759,75744000
1990-03-12,0.7378472089767456,0.7552083134651184,0.7361111044883728,0.7517361044883728,0.47981828451156616,68873600
1990-03-13,0.7534722089767456,0.7569444179534912,0.7378472089767456,0.7378472089767456,0.4709533452987671,85203200
1990-03-14,0.7447916865348816,0.7552083134651184,0.7361111044883728,0.7491319179534912,0.47815605998039246,130966400
1990-03-15,0.7491319179534912,0.7760416865348816,0.7482638955116272,0.7708333134651184,0.49200761318206787,81676800
1990-03-16,0.7777777910232544,0.8003472089767456,0.7760416865348816,0.7916666865348816,0.5053050518035889,118899200
1990-03-19,0.7899305820465088,0.8125,0.7847222089767456,0.8090277910232544,0.5163865089416504,81171200
1990-03-20,0.8090277910232544,0.8107638955116272,0.78125,0.7847222089767456,0.5008726716041565,92144000
1990-03-21,0.7838541865348816,0.8020833134651184,0.7795138955116272,0.7864583134651184,0.5019806623458862,69840000
1990-03-22,0.7881944179534912,0.7899305820465088,0.765625,0.7725694179534912,0.49311602115631104,92419200
1990-03-23,0.7777777910232544,0.7864583134651184,0.7569444179534912,0.765625,0.48868316411972046,53596800
1990-03-26,0.7673611044883728,0.78125,0.7664930820465088,0.7743055820465088,0.49422386288642883,55929600
1990-03-27,0.7717013955116272,0.7847222089767456,0.7690972089767456,0.78125,0.49865636229515076,52515200
1990-03-28,0.7795138955116272,0.7795138955116272,0.7534722089767456,0.7708333134651184,0.49200761318206787,99532800
1990-03-29,0.7664930820465088,0.7829861044883728,0.7638888955116272,0.7673611044883728,0.4897916316986084,64784000
1990-03-30,0.7638888955116272,0.7708333134651184,0.7586805820465088,0.7690972089767456,0.4908996522426605,36691200
1990-04-02,0.7621527910232544,0.7803819179534912,0.7586805820465088,0.7743055820465088,0.49422386288642883,74057600
1990-04-03,0.7829861044883728,0.8072916865348816,0.78125,0.8055555820465088,0.5141702890396118,84643200
1990-04-04,0.8055555820465088,0.8246527910232544,0.8020833134651184,0.8125,0.518602728843689,79644800
1990-04-05,0.8116319179534912,0.8133680820465088,0.7951388955116272,0.7951388955116272,0.5075212121009827,66368000
1990-04-06,0.796875,0.8003472089767456,0.7864583134651184,0.7934027910232544,0.5064132809638977,72876800
1990-04-09,0.7899305820465088,0.8003472089767456,0.7899305820465088,0.7951388955116272,0.5075212121009827,31174400
1990-04-10,0.7960069179534912,0.8194444179534912,0.7951388955116272,0.8194444179534912,0.5230354070663452,45187200
1990-04-11,0.8229166865348816,0.8402777910232544,0.8211805820465088,0.8402777910232544,0.5363328456878662,70371200
1990-04-12,0.8454861044883728,0.8472222089767456,0.8333333134651184,0.8385416865348816,0.5352246761322021,48252800
1990-04-16,0.8472222089767456,0.8576388955116272,0.8350694179534912,0.84375,0.5385489463806152,39468800
1990-04-17,0.8420138955116272,0.875,0.8298611044883728,0.8611111044883728,0.5496299862861633,66777600
1990-04-18,0.8559027910232544,0.8576388955116272,0.8159722089767456,0.8420138955116272,0.5374407172203064,97795200
1990-04-19,0.8333333134651184,0.8506944179534912,0.8229166865348816,0.8263888955116272,0.5274675488471985,58003200
1990-04-20,0.8333333134651184,0.8402777910232544,0.8159722089767456,0.8229166865348816,0.5252514481544495,44659200
1990-04-23,0.8177083134651184,0.8263888955116272,0.7951388955116272,0.8194444179534912,0.5230354070663452,64876800
1990-04-24,0.8298611044883728,0.8298611044883728,0.7847222089767456,0.8055555820465088,0.5141702890396118,47913600
1990-04-25,0.8090277910232544,0.8159722089767456,0.7916666865348816,0.8055555820465088,0.5141702890396118,53868800
1990-04-26,0.8125,0.8159722089767456,0.7951388955116272,0.796875,0.5086295008659363,46294400
1990-04-27,0.7934027910232544,0.7951388955116272,0.7725694179534912,0.78125,0.49865636229515076,57123200
1990-04-30,0.78125,0.8055555820465088,0.7743055820465088,0.8055555820465088,0.5141702890396118,51449600
1990-05-01,0.8159722089767456,0.8159722089767456,0.7881944179534912,0.7934027910232544,0.5064132809638977,52473600
1990-05-02,0.7951388955116272,0.8125,0.7951388955116272,0.8090277910232544,0.5163865089416504,33264000
1990-05-03,0.8125,0.8298611044883728,0.8090277910232544,0.8194444179534912,0.5230354070663452,45891200
1990-05-04,0.8263888955116272,0.8576388955116272,0.8194444179534912,0.8576388955116272,0.5474140048027039,47811200
1990-05-07,0.8611111044883728,0.9166666865348816,0.8541666865348816,0.8888888955116272,0.5673602223396301,97347200
1990-05-08,0.8715277910232544,0.8819444179534912,0.8645833134651184,0.8715277910232544,0.5562789440155029,50822400
1990-05-09,0.8732638955116272,0.8784722089767456,0.8611111044883728,0.8715277910232544,0.5562789440155029,35164800
1990-05-10,0.8784722089767456,0.9027777910232544,0.8715277910232544,0.8958333134651184,0.571792721748352,48800000
1990-05-11,0.9027777910232544,0.9166666865348816,0.8784722089767456,0.9097222089767456,0.5806577801704407,49164800
1990-05-14,0.9201388955116272,0.9236111044883728,0.9097222089767456,0.9131944179534912,0.582874059677124,47232000
1990-05-15,0.9097222089767456,0.9131944179534912,0.8923611044883728,0.8993055820465088,0.5740089416503906,54118400
1990-05-16,0.8958333134651184,0.8993055820465088,0.8819444179534912,0.8993055820465088,0.5740089416503906,38553600
1990-05-17,0.8993055820465088,0.90625,0.8923611044883728,0.8993055820465088,0.5740089416503906,41731200
1990-05-18,0.8975694179534912,0.9618055820465088,0.8958333134651184,0.9479166865348816,0.6050364971160889,101820800
1990-05-21,0.9548611044883728,1.0034722089767456,0.9548611044883728,0.9756944179534912,0.6227664351463318,159593600
1990-05-22,0.9861111044883728,1.0034722089767456,0.9583333134651184,0.9930555820465088,0.633847713470459,142435200
1990-05-23,1.0,1.0555555820465088,0.9982638955116272,1.0538194179534912,0.6726319193840027,141180800
1990-05-24,1.0659722089767456,1.09375,1.0555555820465088,1.0625,0.678172767162323,146649600
1990-05-25,1.03125,1.0590277910232544,1.0277777910232544,1.03125,0.6582265496253967,104688000
1990-05-29,1.03125,1.0486111640930176,1.0277777910232544,1.0451388359069824,0.6670916080474854,61478400
1990-05-30,1.0572916269302368,1.0625,1.0381944179534912,1.0486111640930176,0.6693079471588135,65072000
1990-05-31,1.0381944179534912,1.0486111640930176,1.0069444179534912,1.0138888359069824,0.6471452713012695,69436800
1990-06-01,1.0173611640930176,1.0451388359069824,1.0138888359069824,1.0434027910232544,0.6659834384918213,69065600
1990-06-04,1.0399305820465088,1.0729166269302368,1.0277777910232544,1.0625,0.678172767162323,59158400
1990-06-05,1.0729166269302368,1.0763888359069824,1.0104166269302368,1.0190972089767456,0.6504696011543274,80256000
1990-06-06,1.0173611640930176,1.0347222089767456,1.0069444179534912,1.0138888359069824,0.6471452713012695,86288000
1990-06-07,1.0173611640930176,1.0243055820465088,0.9861111044883728,1.0,0.6382803320884705,90118400
1990-06-08,1.0,1.0243055820465088,0.9930555820465088,1.0208333730697632,0.6515775918960571,63766400
1990-06-11,1.0138888359069824,1.0486111640930176,1.0138888359069824,1.0399305820465088,0.6637669205665588,58236800
1990-06-12,1.0486111640930176,1.0555555820465088,1.0347222089767456,1.0538194179534912,0.6726319193840027,46656000
1990-06-13,1.0538194179534912,1.0798611640930176,1.0434027910232544,1.0625,0.678172767162323,80265600
1990-06-14,1.0625,1.0659722089767456,1.03125,1.0486111640930176,0.6693079471588135,58204800
1990-06-15,1.0347222089767456,1.0694444179534912,1.0347222089767456,1.0555555820465088,0.6737400889396667,51552000
1990-06-18,1.0520833730697632,1.0590277910232544,1.0347222089767456,1.0399305820465088,0.6637669205665588,52790400
1990-06-19,1.0381944179534912,1.0486111640930176,1.0243055820465088,1.0416666269302368,0.6648755073547363,41715200
1990-06-20,1.046875,1.0798611640930176,1.0416666269302368,1.078125,0.6881456971168518,39561600
1990-06-21,1.0763888359069824,1.0798611640930176,1.0555555820465088,1.0694444179534912,0.6826053261756897,34304000
1990-06-22,1.0729166269302368,1.0798611640930176,1.0486111640930176,1.0520833730697632,0.6715240478515625,34032000
1990-06-25,1.0503472089767456,1.0625,1.03125,1.0347222089767456,0.6604428291320801,68979200
1990-06-26,1.0451388359069824,1.0503472089767456,1.0347222089767456,1.0381944179534912,0.6626589298248291,50198400
1990-06-27,1.0381944179534912,1.0625,1.0347222089767456,1.0590277910232544,0.6759564280509949,35760000
1990-06-28,1.0642361640930176,1.0729166269302368,1.0572916269302368,1.0625,0.678172767162323,30051200
1990-06-29,1.0625,1.0625,1.0451388359069824,1.0555555820465088,0.6737400889396667,34953600
1990-07-02,1.0555555820465088,1.0555555820465088,1.0225694179534912,1.0243055820465088,0.6537940502166748,35472000
1990-07-03,1.0190972089767456,1.0208333730697632,0.9930555820465088,1.0,0.6382803320884705,79257600
1990-07-05,0.9930555820465088,1.0069444179534912,0.9826388955116272,1.0034722089767456,0.6404964923858643,61852800
1990-07-06,1.0017361640930176,1.0277777910232544,0.9965277910232544,1.0173611640930176,0.6493615508079529,41801600
1990-07-09,1.0208333730697632,1.0381944179534912,1.0173611640930176,1.03125,0.6582265496253967,37315200
1990-07-10,1.03125,1.0416666269302368,1.0208333730697632,1.0243055820465088,0.6537940502166748,29696000
1990-07-11,1.0277777910232544,1.0520833730697632,1.0173611640930176,1.0486111640930176,0.6693079471588135,28918400
1990-07-12,1.0451388359069824,1.0798611640930176,1.0451388359069824,1.0763888359069824,0.6870378851890564,89040000
1990-07-13,1.0798611640930176,1.1180555820465088,1.0763888359069824,1.0885416269302368,0.6947945356369019,93628800
1990-07-16,1.09375,1.1215277910232544,1.0902777910232544,1.1006944179534912,0.7025514841079712,48729600
1990-07-17,1.1024305820465088,1.1041666269302368,1.0694444179534912,1.0798611640930176,0.6892540454864502,54473600
1990-07-18,1.0729166269302368,1.0798611640930176,1.0486111640930176,1.0555555820465088,0.6737400889396667,41849600
1990-07-19,1.046875,1.0659722089767456,1.0243055820465088,1.0659722089767456,0.6803889870643616,63132800
1990-07-20,1.0694444179534912,1.0868055820465088,1.0138888359069824,1.0173611640930176,0.6493615508079529,87724800
1990-07-23,1.0173611640930176,1.0277777910232544,0.9895833134651184,1.0,0.6382803320884705,74201600
1990-07-24,1.0069444179534912,1.0069444179534912,0.9270833134651184,0.9652777910232544,0.6161175966262817,137100800
1990-07-25,0.9722222089767456,0.9965277910232544,0.9548611044883728,0.9930555820465088,0.633847713470459,60147200
1990-07-26,0.9895833134651184,1.0277777910232544,0.9166666865348816,0.9548611044883728,0.609468936920166,303321600
1990-07-27,0.9513888955116272,0.9722222089767456,0.9409722089767456,0.9583333134651184,0.6116852164268494,51017600
1990-07-30,0.9513888955116272,0.9583333134651184,0.9131944179534912,0.9444444179534912,0.6028200387954712,87955200
1990-07-31,0.9479166865348816,0.953125,0.9166666865348816,0.9236111044883728,0.5895228981971741,42307200
1990-08-01,0.9201388955116272,0.9340277910232544,0.8854166865348816,0.9270833134651184,0.5917391180992126,111113600
1990-08-02,0.9097222089767456,0.9270833134651184,0.8923611044883728,0.9166666865348816,0.5850903391838074,91769600
1990-08-03,0.9097222089767456,0.9131944179534912,0.8385416865348816,0.8784722089767456,0.5607116222381592,117177600
1990-08-06,0.8541666865348816,0.8611111044883728,0.8125,0.8402777910232544,0.5363328456878662,113184000
1990-08-07,0.8506944179534912,0.8645833134651184,0.8333333134651184,0.8506944179534912,0.5429813265800476,91065600
1990-08-08,0.8680555820465088,0.8888888955116272,0.8611111044883728,0.8819444179534912,0.5629278421401978,86259200
1990-08-09,0.8888888955116272,0.9131944179534912,0.8784722089767456,0.9045138955116272,0.577333390712738,77052800
1990-08-10,0.9045138955116272,0.9131944179534912,0.8715277910232544,0.8958333134651184,0.571792721748352,73184000
1990-08-13,0.8854166865348816,0.9097222089767456,0.8784722089767456,0.9027777910232544,0.5762251019477844,53942400
1990-08-14,0.90625,0.9149305820465088,0.8854166865348816,0.8923611044883728,0.569576621055603,33708800
1990-08-15,0.8993055820465088,0.9131944179534912,0.8923611044883728,0.8923611044883728,0.569576621055603,51408000
1990-08-16,0.8888888955116272,0.8958333134651184,0.8576388955116272,0.8576388955116272,0.5474140048027039,53328000
1990-08-17,0.8472222089767456,0.8576388955116272,0.8333333134651184,0.8368055820465088,0.5341165661811829,95225600
1990-08-20,0.8368055820465088,0.8402777910232544,0.7708333134651184,0.7708333134651184,0.49200761318206787,113600000
1990-08-21,0.7534722089767456,0.7604166865348816,0.7048611044883728,0.7534722089767456,0.480926513671875,165648000
1990-08-22,0.7638888955116272,0.7708333134651184,0.7413194179534912,0.7465277910232544,0.4764938950538635,79232000
1990-08-23,0.7291666865348816,0.7465277910232544,0.7083333134651184,0.71875,0.45876407623291016,107443200
1990-08-24,0.7256944179534912,0.8020833134651184,0.7256944179534912,0.7951388955116272,0.5075212121009827,95443200
1990-08-27,0.8194444179534912,0.8506944179534912,0.8194444179534912,0.84375,0.5385489463806152,110115200
1990-08-28,0.8368055820465088,0.8784722089767456,0.8333333134651184,0.8732638955116272,0.557387113571167,79824000
1990-08-29,0.8680555820465088,0.8854166865348816,0.8333333134651184,0.8402777910232544,0.5363328456878662,77952000
1990-08-30,0.84375,0.8663194179534912,0.8333333134651184,0.8333333134651184,0.53190016746521,65379200
1990-08-31,0.8333333134651184,0.8611111044883728,0.8229166865348816,0.8541666865348816,0.5451976656913757,40736000
1990-09-04,0.8472222089767456,0.8680555820465088,0.84375,0.8645833134651184,0.5518465638160706,47376000
1990-09-05,0.8680555820465088,0.875,0.8125,0.8194444179534912,0.5230354070663452,54675200
1990-09-06,0.8055555820465088,0.8125,0.78125,0.7986111044883728,0.5097377300262451,115616000
1990-09-07,0.7916666865348816,0.8194444179534912,0.7847222089767456,0.8020833134651184,0.5119540095329285,53702400
1990-09-10,0.8159722089767456,0.8333333134651184,0.7743055820465088,0.7743055820465088,0.49422386288642883,74246400
1990-09-11,0.7777777910232544,0.7847222089767456,0.7569444179534912,0.7708333134651184,0.49200761318206787,78867200
1990-09-12,0.78125,0.8020833134651184,0.7743055820465088,0.796875,0.5086295008659363,75014400
1990-09-13,0.8055555820465088,0.8125,0.7916666865348816,0.7986111044883728,0.5097377300262451,49865600
1990-09-14,0.7916666865348816,0.8368055820465088,0.7829861044883728,0.8298611044883728,0.5296840071678162,67670400
1990-09-17,0.8263888955116272,0.8576388955116272,0.8229166865348816,0.84375,0.5385489463806152,70390400
1990-09-18,0.8420138955116272,0.8663194179534912,0.8298611044883728,0.8576388955116272,0.5474140048027039,60636800
1990-09-19,0.875,0.8784722089767456,0.8576388955116272,0.8611111044883728,0.5496299862861633,52694400
1990-09-20,0.8541666865348816,0.8611111044883728,0.8298611044883728,0.8298611044883728,0.5296840071678162,52444800
1990-09-21,0.8298611044883728,0.84375,0.8125,0.8402777910232544,0.5363328456878662,79891200
1990-09-24,0.8263888955116272,0.8333333134651184,0.7986111044883728,0.8125,0.518602728843689,81436800
1990-09-25,0.828125,0.8402777910232544,0.8159722089767456,0.8385416865348816,0.5352246761322021,53308800
1990-09-26,0.8402777910232544,0.84375,0.8263888955116272,0.8368055820465088,0.5341165661811829,39267200
1990-09-27,0.8472222089767456,0.8541666865348816,0.8090277910232544,0.8229166865348816,0.5252514481544495,65724800
1990-09-28,0.8090277910232544,0.8819444179534912,0.8055555820465088,0.875,0.5584951639175415,97980800
1990-10-01,0.8993055820465088,0.9375,0.8958333134651184,0.9322916865348816,0.5950634479522705,131619200
1990-10-02,0.9479166865348816,0.9513888955116272,0.9097222089767456,0.9149305820465088,0.5839821100234985,83465600
1990-10-03,0.9097222089767456,0.9357638955116272,0.90625,0.9131944179534912,0.582874059677124,57600000
1990-10-04,0.90625,0.9131944179534912,0.8888888955116272,0.890625,0.5684685707092285,69292800
1990-10-05,0.875,0.9131944179534912,0.8645833134651184,0.8993055820465088,0.5740089416503906,82099200
1990-10-08,0.9166666865348816,0.9236111044883728,0.8958333134651184,0.9166666865348816,0.5850903391838074,38678400
1990-10-09,0.90625,0.9166666865348816,0.8680555820465088,0.875,0.5584951639175415,66374400
1990-10-10,0.8611111044883728,0.8645833134651184,0.8194444179534912,0.8263888955116272,0.5274675488471985,115593600
1990-10-11,0.8298611044883728,0.8368055820465088,0.7916666865348816,0.8055555820465088,0.5141702890396118,83811200
1990-10-12,0.8125,0.8159722089767456,0.75,0.7916666865348816,0.5053050518035889,109251200
1990-10-15,0.8020833134651184,0.8055555820465088,0.7708333134651184,0.7847222089767456,0.5008726716041565,130332800
1990-10-16,0.7881944179534912,0.8003472089767456,0.75,0.7586805820465088,0.4842507541179657,300886400
1990-10-17,0.7604166865348816,0.7881944179534912,0.7430555820465088,0.7847222089767456,0.5008726716041565,135820800
1990-10-18,0.7916666865348816,0.8541666865348816,0.7881944179534912,0.8489583134651184,0.5418733954429626,123737600
1990-10-19,0.8611111044883728,0.8784722089767456,0.8402777910232544,0.8611111044883728,0.5496299862861633,170336000
1990-10-22,0.8611111044883728,0.8993055820465088,0.8576388955116272,0.8888888955116272,0.5673602223396301,80294400
1990-10-23,0.8854166865348816,0.9131944179534912,0.8784722089767456,0.8923611044883728,0.569576621055603,71884800
1990-10-24,0.8819444179534912,0.9097222089767456,0.8784722089767456,0.9079861044883728,0.5795497298240662,54732800
1990-10-25,0.9097222089767456,0.9201388955116272,0.8888888955116272,0.8993055820465088,0.5740089416503906,51497600
1990-10-26,0.8854166865348816,0.8958333134651184,0.8784722089767456,0.8802083134651184,0.5618196725845337,59126400
1990-10-29,0.8854166865348816,0.8923611044883728,0.8611111044883728,0.8680555820465088,0.5540628433227539,67881600
1990-10-30,0.8680555820465088,0.8923611044883728,0.8611111044883728,0.8871527910232544,0.5662521719932556,52563200
1990-10-31,0.8958333134651184,0.90625,0.8854166865348816,0.8854166865348816,0.5651440620422363,61200000
1990-11-01,0.875,0.8923611044883728,0.8715277910232544,0.8819444179534912,0.5629278421401978,49440000
1990-11-02,0.8819444179534912,0.9131944179534912,0.8784722089767456,0.9027777910232544,0.5762251019477844,74764800
1990-11-05,0.90625,0.9166666865348816,0.8993055820465088,0.9114583134651184,0.5817658305168152,50700800
1990-11-06,0.9131944179534912,0.9236111044883728,0.8819444179534912,0.8923611044883728,0.569576621055603,59212800
1990-11-07,0.8854166865348816,0.8993055820465088,0.8819444179534912,0.8854166865348816,0.5651440620422363,63100800
1990-11-08,0.8819444179534912,0.8993055820465088,0.875,0.8819444179534912,0.5629278421401978,43462400
1990-11-09,0.8993055820465088,0.9097222089767456,0.8958333134651184,0.8993055820465088,0.5740089416503906,43344000
1990-11-12,0.9166666865348816,0.9618055820465088,0.9166666865348816,0.9565972089767456,0.6105769872665405,87657600
1990-11-13,0.9548611044883728,0.9652777910232544,0.9409722089767456,0.953125,0.6083608269691467,67654400
1990-11-14,0.9513888955116272,0.9722222089767456,0.9479166865348816,0.9652777910232544,0.6161175966262817,59721600
1990-11-15,0.9583333134651184,0.9618055820465088,0.9340277910232544,0.9427083134651184,0.6017120480537415,63129600
1990-11-16,0.9375,0.9548611044883728,0.9340277910232544,0.9444444179534912,0.6028200387954712,67075200
1990-11-19,0.9444444179534912,0.96875,0.9444444179534912,0.9652777910232544,0.6161175966262817,45552000
1990-11-20,0.9618055820465088,0.9791666865348816,0.9461805820465088,0.9479166865348816,0.6050364971160889,68864000
1990-11-21,0.9444444179534912,0.9583333134651184,0.9305555820465088,0.9548611044883728,0.609468936920166,60739200
1990-11-23,0.9618055820465088,0.9756944179534912,0.9513888955116272,0.9548611044883728,0.609468936920166,22060800
1990-11-26,0.9513888955116272,0.9791666865348816,0.9409722089767456,0.9756944179534912,0.6227664351463318,47577600
1990-11-27,0.9791666865348816,1.0034722089767456,0.96875,0.9982638955116272,0.637172281742096,63417600
1990-11-28,1.0034722089767456,1.0104166269302368,0.9756944179534912,0.9774305820465088,0.6238746047019958,77619200
1990-11-29,0.9756944179534912,0.9895833134651184,0.96875,0.9895833134651184,0.6316316723823547,65865600
1990-11-30,0.9895833134651184,1.03125,0.9791666865348816,1.0034722089767456,0.6404964923858643,72163200
1990-12-03,1.0173611640930176,1.0347222089767456,1.0104166269302368,1.0260416269302368,0.6549021601676941,68240000
1990-12-04,1.0208333730697632,1.0451388359069824,1.0138888359069824,1.0347222089767456,0.6604428291320801,54547200
1990-12-05,1.0347222089767456,1.0520833730697632,1.03125,1.0451388359069824,0.6670916080474854,68630400
1990-12-06,1.0590277910232544,1.0659722089767456,1.0277777910232544,1.0381944179534912,0.6626589298248291,108201600
1990-12-07,1.03125,1.0451388359069824,1.0034722089767456,1.03125,0.6582265496253967,81920000
1990-12-10,1.0173611640930176,1.046875,1.0104166269302368,1.0277777910232544,0.6560102701187134,55526400
1990-12-11,1.0173611640930176,1.0347222089767456,1.0,1.0017361640930176,0.639388382434845,61766400
1990-12-12,0.9965277910232544,1.0104166269302368,0.9791666865348816,1.0069444179534912,0.642712414264679,71558400
1990-12-13,1.0138888359069824,1.0208333730697632,0.9965277910232544,1.0104166269302368,0.644929051399231,50707200
1990-12-14,1.0138888359069824,1.03125,1.0069444179534912,1.0225694179534912,0.6526859998703003,48633600
1990-12-17,1.0138888359069824,1.03125,1.0069444179534912,1.0277777910232544,0.6560102701187134,27286400
1990-12-18,1.0347222089767456,1.0520833730697632,1.03125,1.0451388359069824,0.6670916080474854,51872000
1990-12-19,1.046875,1.0520833730697632,1.0381944179534912,1.0399305820465088,0.6637669205665588,34262400
1990-12-20,1.03125,1.0555555820465088,1.0277777910232544,1.0486111640930176,0.6693079471588135,46992000
1990-12-21,1.0520833730697632,1.0555555820465088,1.0451388359069824,1.0520833730697632,0.6715240478515625,33468800
1990-12-24,1.0486111640930176,1.0486111640930176,1.0381944179534912,1.0451388359069824,0.6670916080474854,13548800
1990-12-26,1.0451388359069824,1.0520833730697632,1.0347222089767456,1.0416666269302368,0.6648755073547363,16214400
1990-12-27,1.0416666269302368,1.0451388359069824,1.0347222089767456,1.0381944179534912,0.6626589298248291,22627200
1990-12-28,1.0347222089767456,1.0451388359069824,1.03125,1.0416666269302368,0.6648755073547363,20265600
1990-12-31,1.0416666269302368,1.0451388359069824,1.0347222089767456,1.0451388359069824,0.6670916080474854,23702400
1991-01-02,1.0416666269302368,1.0451388359069824,1.0381944179534912,1.0381944179534912,0.6626589298248291,38105600
1991-01-03,1.0381944179534912,1.0555555820465088,1.0381944179534912,1.0451388359069824,0.6670916080474854,52822400
1991-01-04,1.0416666269302368,1.0625,1.0416666269302368,1.0538194179534912,0.6726319193840027,58483200
1991-01-07,1.0451388359069824,1.0798611640930176,1.0381944179534912,1.0399305820465088,0.6637669205665588,87552000
1991-01-08,1.0381944179534912,1.0451388359069824,1.0138888359069824,1.0208333730697632,0.6515775918960571,76438400
1991-01-09,1.0277777910232544,1.0520833730697632,1.0208333730697632,1.0277777910232544,0.6560102701187134,115622400
1991-01-10,1.03125,1.09375,1.03125,1.0868055820465088,0.6936864852905273,123888000
1991-01-11,1.0902777910232544,1.0972222089767456,1.0659722089767456,1.0833333730697632,0.6914701461791992,62006400
1991-01-14,1.0729166269302368,1.0763888359069824,1.0486111640930176,1.0659722089767456,0.6803889870643616,58656000
1991-01-15,1.0659722089767456,1.1041666269302368,1.0659722089767456,1.0885416269302368,0.6947945356369019,83436800
1991-01-16,1.0902777910232544,1.1510416269302368,1.0868055820465088,1.1423611640930176,0.7291465997695923,139913600
1991-01-17,1.1944444179534912,1.1979166269302368,1.1631944179534912,1.1666666269302368,0.7446603178977966,163526400
1991-01-18,1.1458333730697632,1.1875,1.1423611640930176,1.1840277910232544,0.7557414770126343,103030400
1991-01-21,1.1753472089767456,1.25,1.1753472089767456,1.2430555820465088,0.7934179306030273,154512000
1991-01-22,1.2447916269302368,1.2638888359069824,1.2135416269302368,1.234375,0.7878771424293518,113715200
1991-01-23,1.2256944179534912,1.2534722089767456,1.2256944179534912,1.2361111640930176,0.7889851927757263,77081600
1991-01-24,1.2395833730697632,1.2621527910232544,1.2326388359069824,1.2569444179534912,0.8022823333740234,86083200
1991-01-25,1.2604166269302368,1.2638888359069824,1.2361111640930176,1.2430555820465088,0.7934179306030273,86889600
1991-01-28,1.2361111640930176,1.3055555820465088,1.2361111640930176,1.28125,0.8177964687347412,130985600
1991-01-29,1.28125,1.3107638359069824,1.25,1.2847222089767456,0.820012629032135,146979200
1991-01-30,1.2847222089767456,1.3402777910232544,1.2708333730697632,1.3368055820465088,0.8532566428184509,148582400
1991-01-31,1.3402777910232544,1.3819444179534912,1.3333333730697632,1.3628472089767456,0.8698784708976746,111417600
1991-02-01,1.375,1.4027777910232544,1.3506944179534912,1.3854166269302368,0.8842843770980835,117878400
1991-02-04,1.3888888359069824,1.3993055820465088,1.3611111640930176,1.3767361640930176,0.8787433505058289,88233600
1991-02-05,1.3784722089767456,1.4166666269302368,1.3611111640930176,1.40625,0.8975816965103149,88736000
1991-02-06,1.4027777910232544,1.4791666269302368,1.3958333730697632,1.46875,0.937474250793457,106348800
1991-02-07,1.4756944179534912,1.5138888359069824,1.4201388359069824,1.4305555820465088,0.9130953550338745,133462400
1991-02-08,1.4305555820465088,1.4548611640930176,1.4131944179534912,1.4444444179534912,0.9219602942466736,74230400
1991-02-11,1.4461805820465088,1.4513888359069824,1.4201388359069824,1.4479166269302368,0.9241765141487122,152336000
1991-02-12,1.4340277910232544,1.4548611640930176,1.4236111640930176,1.4340277910232544,0.9153115749359131,96204800
1991-02-13,1.4236111640930176,1.4670138359069824,1.4131944179534912,1.4652777910232544,0.9352577924728394,95491200
1991-02-14,1.4618055820465088,1.4652777910232544,1.375,1.3993055820465088,0.8931491374969482,133702400
1991-02-15,1.4097222089767456,1.4479166269302368,1.40625,1.4340277910232544,0.9153115749359131,115449600
1991-02-19,1.4201388359069824,1.4375,1.4097222089767456,1.4236111640930176,0.9086627960205078,66560000
1991-02-20,1.4131944179534912,1.4444444179534912,1.4097222089767456,1.4270833730697632,0.9108791947364807,52550400
1991-02-21,1.4305555820465088,1.4375,1.3888888359069824,1.3888888359069824,0.8865005373954773,68275200
1991-02-22,1.3854166269302368,1.4513888359069824,1.3854166269302368,1.4201388359069824,0.9064464569091797,105340800
1991-02-25,1.4340277910232544,1.4444444179534912,1.4097222089767456,1.4305555820465088,0.9130953550338745,88521600
1991-02-26,1.4097222089767456,1.4236111640930176,1.3958333730697632,1.4131944179534912,0.9020141959190369,55539200
1991-02-27,1.4201388359069824,1.46875,1.40625,1.4618055820465088,0.933041512966156,87670400
1991-02-28,1.4722222089767456,1.4756944179534912,1.4340277910232544,1.4409722089767456,0.9197441935539246,55008000
1991-03-01,1.4305555820465088,1.4756944179534912,1.4166666269302368,1.46875,0.937474250793457,77721600
1991-03-04,1.46875,1.4930555820465088,1.4513888359069824,1.4861111640930176,0.9485554099082947,47020800
1991-03-05,1.4895833730697632,1.5625,1.4861111640930176,1.5486111640930176,0.9884477257728577,76352000
1991-03-06,1.5625,1.5694444179534912,1.4826388359069824,1.4895833730697632,0.9507717490196228,101088000
1991-03-07,1.4479166269302368,1.4930555820465088,1.4375,1.4444444179534912,0.9219602942466736,165388800
1991-03-08,1.4513888359069824,1.4722222089767456,1.4131944179534912,1.4236111640930176,0.9086627960205078,134697600
1991-03-11,1.4131944179534912,1.4236111640930176,1.3576388359069824,1.3784722089767456,0.8798518776893616,160966400
1991-03-12,1.3645833730697632,1.3732638359069824,1.328125,1.3298611640930176,0.848824143409729,152883200
1991-03-13,1.3333333730697632,1.4045138359069824,1.3333333730697632,1.3958333730697632,0.8909327387809753,110265600
1991-03-14,1.4097222089767456,1.4097222089767456,1.3472222089767456,1.3611111640930176,0.8687702417373657,100214400
1991-03-15,1.3645833730697632,1.3715277910232544,1.3368055820465088,1.3420138359069824,0.8565810918807983,76928000
1991-03-18,1.3368055820465088,1.3854166269302368,1.3333333730697632,1.3784722089767456,0.8798518776893616,66214400
1991-03-19,1.3645833730697632,1.4027777910232544,1.34375,1.375,0.8776354193687439,92505600
1991-03-20,1.375,1.4027777910232544,1.3715277910232544,1.375,0.8776354193687439,83216000
1991-03-21,1.3819444179534912,1.3993055820465088,1.3055555820465088,1.3159722089767456,0.8399592041969299,119187200
1991-03-22,1.3125,1.3263888359069824,1.2916666269302368,1.3020833730697632,0.8310940265655518,95686400
1991-03-25,1.3055555820465088,1.3715277910232544,1.3055555820465088,1.3645833730697632,0.8709865808486938,59820800
1991-03-26,1.3715277910232544,1.4618055820465088,1.3715277910232544,1.4600694179534912,0.9319334030151367,89926400
1991-03-27,1.4583333730697632,1.5173611640930176,1.4583333730697632,1.4965277910232544,0.9552045464515686,91932800
1991-03-28,1.4895833730697632,1.5034722089767456,1.4722222089767456,1.4739583730697632,0.9407979846000671,30489600
1991-04-01,1.4722222089767456,1.4965277910232544,1.4513888359069824,1.4826388359069824,0.9463393688201904,59203200
1991-04-02,1.4930555820465088,1.5625,1.4826388359069824,1.5590277910232544,0.9950965046882629,96252800
1991-04-03,1.5659722089767456,1.6215277910232544,1.5659722089767456,1.5798611640930176,1.0083940029144287,91776000
1991-04-04,1.5833333730697632,1.6215277910232544,1.5659722089767456,1.5798611640930176,1.0083940029144287,73846400
1991-04-05,1.5833333730697632,1.5868055820465088,1.5138888359069824,1.5277777910232544,0.9751499891281128,108912000
1991-04-08,1.5277777910232544,1.5729166269302368,1.5208333730697632,1.546875,0.987339973449707,46524800
1991-04-09,1.5486111640930176,1.5729166269302368,1.5243055820465088,1.53125,0.9773663282394409,60768000
1991-04-10,1.5243055820465088,1.53125,1.4652777910232544,1.4930555820465088,0.952987790107727,74336000
1991-04-11,1.5069444179534912,1.5486111640930176,1.5,1.5416666269302368,0.9840152263641357,47936000
1991-04-12,1.5208333730697632,1.5277777910232544,1.4409722089767456,1.4895833730697632,0.9507717490196228,176729600
1991-04-15,1.4722222089767456,1.5868055820465088,1.4583333730697632,1.5798611640930176,1.0083940029144287,88819200
1991-04-16,1.5798611640930176,1.5902777910232544,1.5277777910232544,1.5590277910232544,0.9950965046882629,81331200
1991-04-17,1.5833333730697632,1.6319444179534912,1.5434027910232544,1.5486111640930176,0.9884477257728577,128380800
1991-04-18,1.5451388359069824,1.5555555820465088,1.5,1.5277777910232544,0.9751499891281128,88083200
1991-04-19,1.4756944179534912,1.5208333730697632,1.4583333730697632,1.4895833730697632,0.9507717490196228,96585600
1991-04-22,1.4722222089767456,1.4756944179534912,1.4131944179534912,1.4184027910232544,0.9053385853767395,139708800
1991-04-23,1.4201388359069824,1.4305555820465088,1.3958333730697632,1.4114583730697632,0.9009060263633728,103910400
1991-04-24,1.4097222089767456,1.4548611640930176,1.3958333730697632,1.4305555820465088,0.9130953550338745,82128000
1991-04-25,1.4236111640930176,1.4409722089767456,1.3958333730697632,1.3993055820465088,0.8931491374969482,65705600
1991-04-26,1.3923611640930176,1.4201388359069824,1.3715277910232544,1.3993055820465088,0.8931491374969482,88371200
1991-04-29,1.40625,1.4097222089767456,1.3576388359069824,1.3576388359069824,0.8665540814399719,71254400
1991-04-30,1.3576388359069824,1.3784722089767456,1.3333333730697632,1.375,0.8776354193687439,115174400
1991-05-01,1.3680555820465088,1.3993055820465088,1.3472222089767456,1.3993055820465088,0.8931491374969482,111628800
1991-05-02,1.40625,1.4236111640930176,1.3923611640930176,1.3958333730697632,0.8909327387809753,66886400
1991-05-03,1.3958333730697632,1.40625,1.3854166269302368,1.40625,0.8975816965103149,23043200
1991-05-06,1.3958333730697632,1.4340277910232544,1.3923611640930176,1.4270833730697632,0.9108791947364807,44755200
1991-05-07,1.4340277910232544,1.4409722089767456,1.40625,1.40625,0.8975816965103149,50902400
1991-05-08,1.4027777910232544,1.4340277910232544,1.3923611640930176,1.4305555820465088,0.9130953550338745,57590400
1991-05-09,1.4340277910232544,1.4722222089767456,1.4270833730697632,1.46875,0.937474250793457,76294400
1991-05-10,1.4756944179534912,1.4861111640930176,1.4166666269302368,1.4270833730697632,0.9108791947364807,52070400
1991-05-13,1.4340277910232544,1.4409722089767456,1.40625,1.4322916269302368,0.9142032265663147,68745600
1991-05-14,1.4253472089767456,1.4340277910232544,1.3993055820465088,1.40625,0.8975816965103149,58812800
1991-05-15,1.3923611640930176,1.3958333730697632,1.3420138359069824,1.3611111640930176,0.8687702417373657,111158400
1991-05-16,1.3784722089767456,1.3888888359069824,1.3680555820465088,1.3802083730697632,0.8809596300125122,70243200
1991-05-17,1.375,1.3819444179534912,1.3611111640930176,1.3784722089767456,0.8798518776893616,44812800
1991-05-20,1.3819444179534912,1.3888888359069824,1.3576388359069824,1.3767361640930176,0.8787433505058289,65936000
1991-05-21,1.3854166269302368,1.4340277910232544,1.3819444179534912,1.4166666269302368,0.904230535030365,83568000
1991-05-22,1.4270833730697632,1.4826388359069824,1.4201388359069824,1.4826388359069824,0.9463393688201904,88780800
1991-05-23,1.4861111640930176,1.5243055820465088,1.4861111640930176,1.5208333730697632,0.9707176685333252,67750400
1991-05-24,1.5277777910232544,1.5625,1.5208333730697632,1.5277777910232544,0.9751499891281128,67929600
1991-05-28,1.5347222089767456,1.5520833730697632,1.5277777910232544,1.5381944179534912,0.981799304485321,43939200
1991-05-29,1.5451388359069824,1.5555555820465088,1.5243055820465088,1.53125,0.9773663282394409,64198400
1991-05-30,1.5295138359069824,1.5520833730697632,1.5138888359069824,1.53125,0.9773663282394409,61833600
1991-05-31,1.5347222089767456,1.5416666269302368,1.5,1.5243055820465088,0.9729338884353638,81782400
1991-06-03,1.5208333730697632,1.5590277910232544,1.5138888359069824,1.5555555820465088,0.9928800463676453,46947200
1991-06-04,1.5555555820465088,1.5763888359069824,1.5347222089767456,1.5694444179534912,1.001745343208313,35033600
1991-06-05,1.5625,1.5868055820465088,1.5555555820465088,1.5555555820465088,0.9928800463676453,41385600
1991-06-06,1.5659722089767456,1.5694444179534912,1.5347222089767456,1.5434027910232544,0.9851235151290894,32678400
1991-06-07,1.5243055820465088,1.53125,1.5104166269302368,1.53125,0.9773663282394409,51984000
1991-06-10,1.53125,1.5416666269302368,1.5243055820465088,1.5347222089767456,0.9795832633972168,29494400
1991-06-11,1.5416666269302368,1.5694444179534912,1.5347222089767456,1.5364583730697632,0.9806907773017883,41846400
1991-06-12,1.5381944179534912,1.5590277910232544,1.53125,1.5434027910232544,0.9851235151290894,51065600
1991-06-13,1.5416666269302368,1.5590277910232544,1.5347222089767456,1.5416666269302368,0.9840152263641357,38000000
1991-06-14,1.5451388359069824,1.5798611640930176,1.5416666269302368,1.5763888359069824,1.006177544593811,46358400
1991-06-17,1.5798611640930176,1.59375,1.5625,1.5763888359069824,1.006177544593811,29417600
1991-06-18,1.5729166269302368,1.5763888359069824,1.5243055820465088,1.5486111640930176,0.9884477257728577,46848000
1991-06-19,1.5243055820465088,1.5243055820465088,1.4305555820465088,1.4357638359069824,0.916419506072998,157036800
1991-06-20,1.4027777910232544,1.4131944179534912,1.375,1.3993055820465088,0.8931491374969482,187996800
1991-06-21,1.40625,1.4305555820465088,1.40625,1.4201388359069824,0.9064464569091797,67680000
1991-06-24,1.4027777910232544,1.4097222089767456,1.3541666269302368,1.3628472089767456,0.8698784708976746,79692800
1991-06-25,1.3784722089767456,1.3923611640930176,1.3611111640930176,1.3715277910232544,0.8754191994667053,97228800
1991-06-26,1.375,1.4097222089767456,1.3645833730697632,1.3993055820465088,0.8931491374969482,96636800
1991-06-27,1.4114583730697632,1.421875,1.390625,1.4166666269302368,0.904230535030365,56508800
1991-06-28,1.4114583730697632,1.4322916269302368,1.3645833730697632,1.4192708730697632,0.9058924913406372,61526400
1991-07-01,1.4322916269302368,1.4921875,1.4114583730697632,1.4869791269302368,0.9491091370582581,72387200
1991-07-02,1.484375,1.5052083730697632,1.4166666269302368,1.4192708730697632,0.9058924913406372,43920000
1991-07-03,1.34375,1.3541666269302368,1.2864583730697632,1.3333333730697632,0.851040244102478,191628800
1991-07-05,1.328125,1.328125,1.28125,1.2864583730697632,0.8211212158203125,78758400
1991-07-08,1.265625,1.4010416269302368,1.2604166269302368,1.3958333730697632,0.8909327387809753,109184000
1991-07-09,1.40625,1.4322916269302368,1.3854166269302368,1.4140625,0.9025679230690002,76947200
1991-07-10,1.421875,1.4322916269302368,1.3541666269302368,1.359375,0.8676624298095703,67308800
1991-07-11,1.3697916269302368,1.390625,1.3541666269302368,1.3802083730697632,0.8809596300125122,51148800
1991-07-12,1.3958333730697632,1.4270833730697632,1.375,1.4166666269302368,0.904230535030365,35174400
1991-07-15,1.4322916269302368,1.4635416269302368,1.4270833730697632,1.4557291269302368,0.929162859916687,36761600
1991-07-16,1.4583333730697632,1.4583333730697632,1.40625,1.40625,0.8975816965103149,42732800
1991-07-17,1.3697916269302368,1.4114583730697632,1.3541666269302368,1.4114583730697632,0.9009060263633728,40524800
1991-07-18,1.4166666269302368,1.4427083730697632,1.390625,1.3958333730697632,0.8909327387809753,25654400
1991-07-19,1.40625,1.4166666269302368,1.375,1.4114583730697632,0.9009060263633728,24441600
1991-07-22,1.390625,1.4322916269302368,1.3854166269302368,1.40625,0.8975816965103149,35136000
1991-07-23,1.4166666269302368,1.421875,1.3854166269302368,1.3854166269302368,0.8842843770980835,35596800
1991-07-24,1.3958333730697632,1.4010416269302368,1.3541666269302368,1.3645833730697632,0.8709865808486938,54320000
1991-07-25,1.3958333730697632,1.4166666269302368,1.3723958730697632,1.375,0.8776354193687439,90211200
1991-07-26,1.3958333730697632,1.4947916269302368,1.390625,1.4791666269302368,0.9441231489181519,149292800
1991-07-29,1.4791666269302368,1.484375,1.4322916269302368,1.4635416269302368,0.9341498613357544,136467200
1991-07-30,1.46875,1.5208333730697632,1.453125,1.515625,0.9673936367034912,78038400
1991-07-31,1.5208333730697632,1.5416666269302368,1.515625,1.53125,0.9773663282394409,111628800
1991-08-01,1.5364583730697632,1.5416666269302368,1.5208333730697632,1.5260416269302368,0.9740423560142517,53942400
1991-08-02,1.5364583730697632,1.5572916269302368,1.5260416269302368,1.5260416269302368,0.9740423560142517,81369600
1991-08-05,1.5260416269302368,1.5260416269302368,1.4947916269302368,1.5052083730697632,0.9607446193695068,28252800
1991-08-06,1.5052083730697632,1.5625,1.5052083730697632,1.5520833730697632,0.990664005279541,53097600
1991-08-07,1.5572916269302368,1.59375,1.5520833730697632,1.5833333730697632,1.0106101036071777,69235200
1991-08-08,1.5833333730697632,1.6510416269302368,1.5833333730697632,1.6458333730697632,1.050502896308899,91852800
1991-08-09,1.640625,1.7083333730697632,1.6302083730697632,1.6822916269302368,1.0737735033035278,114806400
1991-08-12,1.6614583730697632,1.7447916269302368,1.6614583730697632,1.7291666269302368,1.1036931276321411,56899200
1991-08-13,1.7447916269302368,1.7447916269302368,1.7135416269302368,1.71875,1.0970442295074463,94496000
1991-08-14,1.7239583730697632,1.7395833730697632,1.7083333730697632,1.71875,1.0970442295074463,67008000
1991-08-15,1.71875,1.734375,1.6875,1.6979166269302368,1.0837467908859253,45459200
1991-08-16,1.6822916269302368,1.7161458730697632,1.671875,1.703125,1.0870707035064697,52073600
1991-08-19,1.6145833730697632,1.6927083730697632,1.6041666269302368,1.671875,1.067124366760254,85424000
1991-08-20,1.6796875,1.7057291269302368,1.6666666269302368,1.6770833730697632,1.0704493522644043,57324800
1991-08-21,1.7083333730697632,1.7604166269302368,1.703125,1.75,1.116990327835083,73212800
1991-08-22,1.7552083730697632,1.7760416269302368,1.734375,1.75,1.116990327835083,43625600
1991-08-23,1.75,1.8020833730697632,1.75,1.7760416269302368,1.1336121559143066,43161600
1991-08-26,1.765625,1.7760416269302368,1.7395833730697632,1.7760416269302368,1.1336121559143066,44134400
1991-08-27,1.765625,1.7708333730697632,1.75,1.765625,1.126963496208191,34204800
1991-08-28,1.765625,1.8072916269302368,1.7604166269302368,1.7838541269302368,1.1385987997055054,41558400
1991-08-29,1.7916666269302368,1.8020833730697632,1.7708333730697632,1.7864583730697632,1.1402608156204224,27974400
1991-08-30,1.7864583730697632,1.796875,1.7604166269302368,1.7760416269302368,1.1336121559143066,22032000
1991-09-03,1.7708333730697632,1.7708333730697632,1.71875,1.7317708730697632,1.1053553819656372,33494400
1991-09-04,1.734375,1.7395833730697632,1.6875,1.7213541269302368,1.0987061262130737,38467200
1991-09-05,1.7291666269302368,1.7291666269302368,1.6666666269302368,1.6770833730697632,1.0704493522644043,58457600
1991-09-06,1.6875,1.7135416269302368,1.671875,1.6822916269302368,1.0737735033035278,50787200
1991-09-09,1.6822916269302368,1.6979166269302368,1.671875,1.6822916269302368,1.0737735033035278,31913600
1991-09-10,1.7083333730697632,1.71875,1.6666666269302368,1.6666666269302368,1.06380033493042,65936000
1991-09-11,1.6770833730697632,1.7135416269302368,1.6770833730697632,1.7083333730697632,1.0903953313827515,64032000
1991-09-12,1.7291666269302368,1.7864583730697632,1.7291666269302368,1.7838541269302368,1.1385987997055054,53808000
1991-09-13,1.78125,1.7864583730697632,1.71875,1.7291666269302368,1.1036931276321411,51360000
1991-09-16,1.7291666269302368,1.7395833730697632,1.7135416269302368,1.7291666269302368,1.1036931276321411,21686400
1991-09-17,1.7239583730697632,1.765625,1.7083333730697632,1.7604166269302368,1.1236393451690674,23366400
1991-09-18,1.75,1.78125,1.7447916269302368,1.765625,1.126963496208191,26940800
1991-09-19,1.7708333730697632,1.8177083730697632,1.765625,1.796875,1.1469100713729858,51363200
1991-09-20,1.8072916269302368,1.8125,1.7916666269302368,1.8020833730697632,1.1502341032028198,30316800
1991-09-23,1.796875,1.8020833730697632,1.7604166269302368,1.7682291269302368,1.1286258697509766,49769600
1991-09-24,1.7760416269302368,1.8385416269302368,1.7760416269302368,1.8333333730697632,1.1701806783676147,47625600
1991-09-25,1.8333333730697632,1.8411458730697632,1.8020833730697632,1.828125,1.166856050491333,25766400
1991-09-26,1.8229166269302368,1.875,1.8177083730697632,1.859375,1.1868025064468384,48000000
1991-09-27,1.8645833730697632,1.8645833730697632,1.828125,1.8385416269302368,1.1735048294067383,33273600
1991-09-30,1.8385416269302368,1.8645833730697632,1.8125,1.8541666269302368,1.1834782361984253,27699200
1991-10-01,1.8541666269302368,1.859375,1.8333333730697632,1.8515625,1.1818156242370605,19625600
1991-10-02,1.84375,1.8854166269302368,1.796875,1.8125,1.156882882118225,67219200
1991-10-03,1.8020833730697632,1.8385416269302368,1.796875,1.8229166269302368,1.1635316610336304,34630400
1991-10-04,1.8333333730697632,1.8541666269302368,1.8229166269302368,1.8359375,1.1718425750732422,26457600
1991-10-07,1.8177083730697632,1.8515625,1.8072916269302368,1.84375,1.1768290996551514,27187200
1991-10-08,1.8333333730697632,1.8645833730697632,1.8333333730697632,1.859375,1.1868025064468384,37708800
1991-10-09,1.8645833730697632,1.9010416269302368,1.859375,1.8645833730697632,1.190126895904541,60931200
1991-10-10,1.8854166269302368,1.8854166269302368,1.84375,1.8697916269302368,1.193451166152954,42048000
1991-10-11,1.890625,1.8958333730697632,1.828125,1.8671875,1.191788673400879,69920000
1991-10-14,1.875,1.921875,1.875,1.921875,1.2266948223114014,50624000
1991-10-15,1.921875,1.921875,1.890625,1.9036458730697632,1.215059757232666,57852800
1991-10-16,1.90625,1.90625,1.8723958730697632,1.890625,1.2067488431930542,100198400
1991-10-17,1.890625,1.890625,1.84375,1.859375,1.1868025064468384,95561600
1991-10-18,1.875,1.9010416269302368,1.8697916269302368,1.875,1.1967753171920776,37843200
1991-10-21,1.875,1.90625,1.8697916269302368,1.8958333730697632,1.2100729942321777,28704000
1991-10-22,1.90625,1.9322916269302368,1.9010416269302368,1.9036458730697632,1.215059757232666,32496000
1991-10-23,1.9114583730697632,1.9166666269302368,1.8697916269302368,1.8802083730697632,1.2000998258590698,36723200
1991-10-24,1.8854166269302368,1.8854166269302368,1.859375,1.8802083730697632,1.2000998258590698,26940800
1991-10-25,1.8802083730697632,1.890625,1.859375,1.8645833730697632,1.190126895904541,28080000
1991-10-28,1.8645833730697632,1.8802083730697632,1.828125,1.8802083730697632,1.2000998258590698,37952000
1991-10-29,1.8802083730697632,1.890625,1.8697916269302368,1.890625,1.2067488431930542,36521600
1991-10-30,1.890625,1.9739583730697632,1.890625,1.96875,1.2566144466400146,65590400
1991-10-31,1.96875,1.984375,1.9427083730697632,1.9557291269302368,1.248302936553955,41091200
1991-11-01,1.9479166269302368,1.953125,1.9166666269302368,1.9296875,1.2316817045211792,34294400
1991-11-04,1.921875,1.9270833730697632,1.890625,1.8958333730697632,1.2100729942321777,28838400
1991-11-05,1.9010416269302368,1.96875,1.8958333730697632,1.953125,1.2466413974761963,51737600
1991-11-06,1.9583333730697632,1.9895833730697632,1.9427083730697632,1.984375,1.266587495803833,38307200
1991-11-07,1.9895833730697632,1.9947916269302368,1.96875,1.9739583730697632,1.2599387168884277,20892800
1991-11-08,1.9791666269302368,2.015625,1.9791666269302368,1.984375,1.266587495803833,36492800
1991-11-11,2.0,2.0416667461395264,1.9921875,2.03125,1.2965068817138672,40563200
1991-11-12,2.046875,2.0989582538604736,2.0416667461395264,2.0807292461395264,1.3280880451202393,80035200
1991-11-13,2.0729167461395264,2.1197917461395264,2.0572917461395264,2.1041667461395264,1.343048095703125,57523200
1991-11-14,2.1145832538604736,2.1145832538604736,2.0572917461395264,2.0677082538604736,1.3197768926620483,44371200
1991-11-15,2.0625,2.09375,1.9739583730697632,1.9791666269302368,1.2632633447647095,71590400
1991-11-18,1.984375,2.0364582538604736,1.9791666269302368,2.0260417461395264,1.293182373046875,72432000
1991-11-19,2.0052082538604736,2.0286457538604736,1.9635416269302368,2.0052082538604736,1.2798848152160645,71974400
1991-11-20,2.0208332538604736,2.03125,2.0,2.0104167461395264,1.2832095623016357,36441600
1991-11-21,2.0052082538604736,2.0260417461395264,1.9947916269302368,2.0260417461395264,1.293182373046875,35558400
1991-11-22,2.0208332538604736,2.03125,1.984375,2.0,1.276560664176941,38102400
1991-11-25,1.9947916269302368,2.0208332538604736,1.984375,1.9921875,1.271573781967163,33724800
1991-11-26,2.0026042461395264,2.0052082538604736,1.9322916269302368,1.96875,1.2566144466400146,58809600
1991-11-27,1.9635416269302368,1.9895833730697632,1.9583333730697632,1.984375,1.266587495803833,15008000
1991-11-29,1.9739583730697632,2.0364582538604736,1.9739583730697632,2.0260417461395264,1.293182373046875,20524800
1991-12-02,2.0052082538604736,2.1145832538604736,2.0,2.109375,1.3463724851608276,55852800
1991-12-03,2.1041667461395264,2.140625,2.0729167461395264,2.1119792461395264,1.3480345010757446,64995200
1991-12-04,2.1197917461395264,2.1458332538604736,2.0833332538604736,2.125,1.356345534324646,36297600
1991-12-05,2.1197917461395264,2.1302082538604736,2.0989582538604736,2.1197917461395264,1.353021264076233,24892800
1991-12-06,2.1145832538604736,2.1927082538604736,2.1041667461395264,2.171875,1.3862645626068115,51580800
1991-12-09,2.1510417461395264,2.1614582538604736,2.109375,2.125,1.356345534324646,57718400
1991-12-10,2.125,2.125,2.0833332538604736,2.1197917461395264,1.353021264076233,46252800
1991-12-11,2.1276042461395264,2.140625,2.0729167461395264,2.0989582538604736,1.3397232294082642,39132800
1991-12-12,2.1041667461395264,2.1510417461395264,2.09375,2.125,1.356345534324646,36979200
1991-12-13,2.1302082538604736,2.140625,2.1145832538604736,2.125,1.356345534324646,26192000
1991-12-16,2.125,2.1302082538604736,2.0989582538604736,2.1276042461395264,1.3580076694488525,27225600
1991-12-17,2.125,2.15625,2.0885417461395264,2.1223957538604736,1.3546831607818604,27478400
1991-12-18,2.125,2.1510417461395264,2.109375,2.1432292461395264,1.3679810762405396,33561600
1991-12-19,2.1328125,2.1510417461395264,2.109375,2.140625,1.3663185834884644,38115200
1991-12-20,2.1666667461395264,2.1875,2.1302082538604736,2.1510417461395264,1.3729671239852905,35356800
1991-12-23,2.1510417461395264,2.2239582538604736,2.1354167461395264,2.2239582538604736,1.4195083379745483,46112000
1991-12-24,2.2239582538604736,2.2395832538604736,2.2083332538604736,2.2135417461395264,1.4128600358963013,23993600
1991-12-26,2.2135417461395264,2.2552082538604736,2.203125,2.2473957538604736,1.4344682693481445,24326400
1991-12-27,2.2552082538604736,2.3229167461395264,2.2447917461395264,2.2994792461395264,1.4677120447158813,36656000
1991-12-30,2.3020832538604736,2.3177082538604736,2.28125,2.3072917461395264,1.4726990461349487,35523200
1991-12-31,2.3072917461395264,2.3333332538604736,2.265625,2.3177082538604736,1.4793477058410645,40512000
1992-01-02,2.3072917461395264,2.390625,2.28125,2.375,1.5159155130386353,74265600
1992-01-03,2.375,2.3802082538604736,2.328125,2.3541667461395264,1.5026179552078247,38246400
1992-01-06,2.359375,2.453125,2.3411457538604736,2.4270832538604736,1.549159288406372,63056000
1992-01-07,2.4270832538604736,2.5052082538604736,2.4114582538604736,2.5,1.5957000255584717,64361600
1992-01-08,2.4791667461395264,2.6197917461395264,2.4739582538604736,2.5885417461395264,1.6522153615951538,90761600
1992-01-09,2.5885417461395264,2.6875,2.5833332538604736,2.6510417461395264,1.692107915878296,88348800
1992-01-10,2.6458332538604736,2.6614582538604736,2.5833332538604736,2.609375,1.665511965751648,64640000
1992-01-13,2.5833332538604736,2.6848957538604736,2.5572917461395264,2.6484375,1.6904456615447998,52803200
1992-01-14,2.65625,2.6770832538604736,2.625,2.671875,1.7054052352905273,44006400
1992-01-15,2.6822917461395264,2.7760417461395264,2.671875,2.7395832538604736,1.7486225366592407,65292800
1992-01-16,2.734375,2.75,2.65625,2.6614582538604736,1.6987565755844116,58761600
1992-01-17,2.6614582538604736,2.6979167461395264,2.578125,2.6354167461395264,1.6821352243423462,85027200
1992-01-20,2.6510417461395264,2.6510417461395264,2.5520832538604736,2.5520832538604736,1.6289445161819458,58860800
1992-01-21,2.546875,2.5625,2.4166667461395264,2.4869792461395264,1.5873891115188599,120019200
1992-01-22,2.5,2.6145832538604736,2.4791667461395264,2.6145832538604736,1.6688371896743774,56131200
1992-01-23,2.6145832538604736,2.6953125,2.578125,2.6041667461395264,1.6621880531311035,75590400
1992-01-24,2.59375,2.6145832538604736,2.5833332538604736,2.5963542461395264,1.6572010517120361,37756800
1992-01-27,2.5989582538604736,2.6145832538604736,2.5104167461395264,2.5130207538604736,1.6040112972259521,46233600
1992-01-28,2.5208332538604736,2.5364582538604736,2.4166667461395264,2.515625,1.6056731939315796,95539200
1992-01-29,2.5520832538604736,2.6197917461395264,2.5364582538604736,2.59375,1.6555391550064087,97344000
1992-01-30,2.59375,2.5989582538604736,2.53125,2.5729167461395264,1.642242431640625,41923200
1992-01-31,2.5729167461395264,2.578125,2.4947917461395264,2.5052082538604736,1.5990248918533325,49948800
1992-02-03,2.4635417461395264,2.6145832538604736,2.4479167461395264,2.6041667461395264,1.6621880531311035,80265600
1992-02-04,2.609375,2.625,2.5520832538604736,2.59375,1.6555391550064087,58438400
1992-02-05,2.5989582538604736,2.6770832538604736,2.5729167461395264,2.6510417461395264,1.692107915878296,71212800
1992-02-06,2.6354167461395264,2.6875,2.6197917461395264,2.6302082538604736,1.6788103580474854,62355200
1992-02-07,2.6302082538604736,2.65625,2.5833332538604736,2.6197917461395264,1.6721609830856323,36499200
1992-02-10,2.6171875,2.625,2.5416667461395264,2.59375,1.6555391550064087,41369600
1992-02-11,2.5885417461395264,2.5989582538604736,2.53125,2.5520832538604736,1.6289445161819458,41078400
1992-02-12,2.4713542461395264,2.640625,2.4713542461395264,2.6197917461395264,1.6721609830856323,83340800
1992-02-13,2.6145832538604736,2.6354167461395264,2.53125,2.5520832538604736,1.6289445161819458,97356800
1992-02-14,2.546875,2.5520832538604736,2.4583332538604736,2.46875,1.5757542848587036,82630400
1992-02-18,2.484375,2.546875,2.4583332538604736,2.4635417461395264,1.5724302530288696,73692800
1992-02-19,2.4583332538604736,2.4583332538604736,2.3645832538604736,2.3984375,1.530874490737915,145372800
1992-02-20,2.4166667461395264,2.484375,2.4114582538604736,2.4479167461395264,1.5624563694000244,74323200
1992-02-21,2.4375,2.46875,2.3697917461395264,2.3854167461395264,1.52256441116333,91116800
1992-02-24,2.3854167461395264,2.4270832538604736,2.3541667461395264,2.3932292461395264,1.527551293373108,59049600
1992-02-25,2.3958332538604736,2.4270832538604736,2.359375,2.4114582538604736,1.5391864776611328,57388800
1992-02-26,2.4166667461395264,2.5416667461395264,2.4166667461395264,2.5416667461395264,1.622295618057251,100668800
1992-02-27,2.5572917461395264,2.609375,2.5572917461395264,2.6015625,1.660525918006897,79577600
1992-02-28,2.6041667461395264,2.6354167461395264,2.546875,2.5729167461395264,1.642242431640625,58275200
1992-03-02,2.578125,2.6197917461395264,2.5364582538604736,2.5625,1.6355929374694824,34876800
1992-03-03,2.5729167461395264,2.609375,2.5520832538604736,2.5677082538604736,1.638917088508606,27734400
1992-03-04,2.5677082538604736,2.5885417461395264,2.5364582538604736,2.5520832538604736,1.6289445161819458,33084800
1992-03-05,2.5520832538604736,2.5677082538604736,2.484375,2.5260417461395264,1.6123225688934326,55689600
1992-03-06,2.515625,2.5416667461395264,2.4322917461395264,2.4635417461395264,1.5724302530288696,61865600
1992-03-09,2.4739582538604736,2.5104167461395264,2.4635417461395264,2.4791667461395264,1.5824025869369507,30425600
1992-03-10,2.4895832538604736,2.5572917461395264,2.484375,2.5364582538604736,1.618971586227417,45478400
1992-03-11,2.546875,2.5677082538604736,2.484375,2.5052082538604736,1.5990248918533325,39532800
1992-03-12,2.5052082538604736,2.53125,2.46875,2.5234375,1.6106600761413574,50025600
1992-03-13,2.5520832538604736,2.5625,2.5104167461395264,2.5208332538604736,1.6089982986450195,36761600
1992-03-16,2.5208332538604736,2.5885417461395264,2.5104167461395264,2.5885417461395264,1.6522153615951538,55132800
1992-03-17,2.6119792461395264,2.6822917461395264,2.5989582538604736,2.6666667461395264,1.702080488204956,94473600
1992-03-18,2.6770832538604736,2.6875,2.625,2.6328125,1.680472731590271,69228800
1992-03-19,2.6458332538604736,2.7135417461395264,2.6302082538604736,2.65625,1.6954319477081299,111574400
1992-03-20,2.65625,2.6875,2.65625,2.6770832538604736,1.7087289094924927,35772800
1992-03-23,2.6770832538604736,2.6927082538604736,2.6614582538604736,2.6770832538604736,1.7087289094924927,37843200
1992-03-24,2.6875,2.7057292461395264,2.6354167461395264,2.65625,1.6954319477081299,70227200
1992-03-25,2.65625,2.6927082538604736,2.6458332538604736,2.6770832538604736,1.7087289094924927,36739200
1992-03-26,2.6822917461395264,2.6875,2.5885417461395264,2.6041667461395264,1.6621880531311035,60403200
1992-03-27,2.59375,2.6041667461395264,2.4895832538604736,2.5260417461395264,1.6123225688934326,89971200
1992-03-30,2.53125,2.5416667461395264,2.5,2.5,1.5957000255584717,40713600
1992-03-31,2.5104167461395264,2.5416667461395264,2.453125,2.46875,1.5757542848587036,86700800
1992-04-01,2.4427082538604736,2.515625,2.4375,2.5104167461395264,1.6023491621017456,74201600
1992-04-02,2.5104167461395264,2.53125,2.4322917461395264,2.4375,1.5558087825775146,56918400
1992-04-03,2.4479167461395264,2.484375,2.4322917461395264,2.4479167461395264,1.5624563694000244,59532800
1992-04-06,2.453125,2.5338542461395264,2.453125,2.5260417461395264,1.6123225688934326,40121600
1992-04-07,2.5416667461395264,2.5520832538604736,2.4114582538604736,2.4166667461395264,1.5425105094909668,72758400
1992-04-08,2.4114582538604736,2.4479167461395264,2.359375,2.4427082538604736,1.5591320991516113,105388800
1992-04-09,2.4635417461395264,2.5052082538604736,2.4296875,2.5,1.5957000255584717,70006400
1992-04-10,2.5260417461395264,2.5416667461395264,2.375,2.4166667461395264,1.5425105094909668,126444800
1992-04-13,2.4322917461395264,2.4609375,2.3802082538604736,2.4479167461395264,1.5624563694000244,45552000
1992-04-14,2.4635417461395264,2.5052082538604736,2.4270832538604736,2.4375,1.5558087825775146,72806400
1992-04-15,2.6822917461395264,2.6927082538604736,2.6354167461395264,2.6848957538604736,1.7137154340744019,223305600
1992-04-16,2.6875,2.6875,2.6458332538604736,2.6588542461395264,1.6970940828323364,66393600
1992-04-20,2.59375,2.6041667461395264,2.40625,2.4609375,1.5707677602767944,226118400
1992-04-21,2.4635417461395264,2.46875,2.40625,2.4192707538604736,1.5441728830337524,99244800
1992-04-22,2.4270832538604736,2.46875,2.3854167461395264,2.4505207538604736,1.5641183853149414,61788800
1992-04-23,2.46875,2.4791667461395264,2.3385417461395264,2.4114582538604736,1.5391864776611328,115334400
1992-04-24,2.4166667461395264,2.4322917461395264,2.3333332538604736,2.3385417461395264,1.492645025253296,90393600
1992-04-27,2.34375,2.4270832538604736,2.34375,2.359375,1.505942463874817,99584000
1992-04-28,2.3697917461395264,2.3854167461395264,2.2291667461395264,2.2708332538604736,1.4494283199310303,199875200
1992-04-29,2.28125,2.3229167461395264,2.2552082538604736,2.3203125,1.4810097217559814,137308800
1992-04-30,2.3333332538604736,2.3489582538604736,2.2864582538604736,2.296875,1.4660502672195435,95868800
1992-05-01,2.3020832538604736,2.375,2.296875,2.3697917461395264,1.5125908851623535,62083200
1992-05-04,2.3645832538604736,2.4166667461395264,2.34375,2.375,1.5159155130386353,73920000
1992-05-05,2.3697917461395264,2.4479167461395264,2.359375,2.4270832538604736,1.549159288406372,59244800
1992-05-06,2.4375,2.4427082538604736,2.40625,2.4166667461395264,1.5425105094909668,50016000
1992-05-07,2.4166667461395264,2.4270832538604736,2.3802082538604736,2.3958332538604736,1.5292129516601562,40579200
1992-05-08,2.4166667461395264,2.4375,2.359375,2.3854167461395264,1.52256441116333,59820800
1992-05-11,2.390625,2.4010417461395264,2.359375,2.375,1.5159155130386353,41110400
1992-05-12,2.390625,2.4010417461395264,2.3489582538604736,2.3802082538604736,1.519239902496338,49904000
1992-05-13,2.3697917461395264,2.3802082538604736,2.3125,2.3489582538604736,1.4992936849594116,64320000
1992-05-14,2.3489582538604736,2.3541667461395264,2.2760417461395264,2.3072917461395264,1.4726990461349487,72307200
1992-05-15,2.296875,2.3229167461395264,2.28125,2.2916667461395264,1.4627251625061035,40812800
1992-05-18,2.3072917461395264,2.3645832538604736,2.3020832538604736,2.3489582538604736,1.4992936849594116,37526400
1992-05-19,2.359375,2.3854167461395264,2.359375,2.3854167461395264,1.52256441116333,51238400
1992-05-20,2.3854167461395264,2.4375,2.3854167461395264,2.4322917461395264,1.5524842739105225,58800000
1992-05-21,2.4375,2.4375,2.4010417461395264,2.4296875,1.5508216619491577,48566400
1992-05-22,2.4375,2.4375,2.3958332538604736,2.4114582538604736,1.5391864776611328,36969600
1992-05-26,2.4166667461395264,2.4375,2.3958332538604736,2.40625,1.535861849784851,38217600
1992-05-27,2.4114582538604736,2.421875,2.390625,2.3958332538604736,1.5292129516601562,31164800
1992-05-28,2.390625,2.4895832538604736,2.3854167461395264,2.4791667461395264,1.5824025869369507,62700800
1992-05-29,2.4947917461395264,2.546875,2.4895832538604736,2.5208332538604736,1.6089982986450195,89916800
1992-06-01,2.5104167461395264,2.5885417461395264,2.5,2.5885417461395264,1.6522153615951538,68528000
1992-06-02,2.5885417461395264,2.59375,2.546875,2.5598957538604736,1.6339305639266968,42585600
1992-06-03,2.5520832538604736,2.5885417461395264,2.5520832538604736,2.5625,1.6355929374694824,28188800
1992-06-04,2.5677082538604736,2.5729167461395264,2.5520832538604736,2.5546875,1.630607008934021,41753600
1992-06-05,2.5520832538604736,2.5625,2.515625,2.5208332538604736,1.6089982986450195,40937600
1992-06-08,2.515625,2.5208332538604736,2.4635417461395264,2.4635417461395264,1.5724302530288696,40227200
1992-06-09,2.46875,2.4791667461395264,2.375,2.3958332538604736,1.5292129516601562,84604800
1992-06-10,2.4010417461395264,2.40625,2.3333332538604736,2.34375,1.4959694147109985,65456000
1992-06-11,2.34375,2.4010417461395264,2.2395832538604736,2.25,1.4361307621002197,130732800
1992-06-12,2.296875,2.3541667461395264,2.2682292461395264,2.34375,1.4959694147109985,138028800
1992-06-15,2.34375,2.4375,2.34375,2.3671875,1.510928988456726,54940800
1992-06-16,2.359375,2.390625,2.265625,2.2734375,1.4510903358459473,57376000
1992-06-17,2.265625,2.2890625,2.234375,2.26171875,1.4436107873916626,70032000
1992-06-18,2.28125,2.3359375,2.21875,2.2578125,1.4411169290542603,53356800
1992-06-19,2.296875,2.3203125,2.2734375,2.296875,1.4660502672195435,43110400
1992-06-22,2.2890625,2.328125,2.234375,2.3203125,1.4810097217559814,54080000
1992-06-23,2.3359375,2.3671875,2.2734375,2.296875,1.4660502672195435,57420800
1992-06-24,2.3046875,2.3046875,2.2421875,2.2578125,1.4411169290542603,34096000
1992-06-25,2.2578125,2.2578125,2.078125,2.1875,1.3962376117706299,165340800
1992-06-26,2.171875,2.1796875,2.0546875,2.0859375,1.3314125537872314,140982400
1992-06-29,2.140625,2.2734375,2.1328125,2.2578125,1.4411169290542603,90963200
1992-06-30,2.2734375,2.28125,2.171875,2.1875,1.3962376117706299,74048000
1992-07-01,2.1953125,2.2734375,2.171875,2.25390625,1.4386239051818848,45136000
1992-07-02,2.2734375,2.28125,2.1484375,2.18359375,1.3937448263168335,80563200
1992-07-06,2.1875,2.1953125,2.1171875,2.171875,1.3862645626068115,36224000
1992-07-07,2.1796875,2.1796875,2.1015625,2.125,1.356345534324646,54396800
1992-07-08,2.125,2.15625,2.046875,2.14453125,1.368812084197998,93417600
1992-07-09,2.15625,2.2109375,2.1328125,2.15625,1.3762913942337036,61174400
1992-07-10,2.1640625,2.1875,2.11328125,2.171875,1.3862645626068115,28905600
1992-07-13,2.1796875,2.2265625,2.140625,2.1875,1.3962376117706299,35113600
1992-07-14,2.203125,2.234375,2.1953125,2.22265625,1.4186773300170898,41116800
1992-07-15,2.2421875,2.2890625,2.21875,2.234375,1.4261574745178223,80172800
1992-07-16,2.21875,2.2578125,2.2109375,2.2578125,1.4411169290542603,42291200
1992-07-17,2.2421875,2.25,2.1796875,2.1953125,1.4012247323989868,59865600
1992-07-20,2.171875,2.1953125,2.140625,2.1640625,1.381278157234192,48707200
1992-07-21,2.1875,2.2734375,2.171875,2.2421875,1.431144118309021,45907200
1992-07-22,2.2421875,2.2421875,2.171875,2.1875,1.3962376117706299,59008000
1992-07-23,2.1796875,2.2578125,2.1484375,2.21875,1.4161841869354248,68441600
1992-07-24,2.22265625,2.3046875,2.21875,2.2734375,1.4510903358459473,76259200
1992-07-27,2.2734375,2.296875,2.2578125,2.28125,1.456076741218567,30512000
1992-07-28,2.296875,2.328125,2.2734375,2.3125,1.4760234355926514,45363200
1992-07-29,2.328125,2.3359375,2.25,2.3125,1.4760234355926514,145273600
1992-07-30,2.296875,2.328125,2.28125,2.28515625,1.4585702419281006,32035200
1992-07-31,2.296875,2.296875,2.2578125,2.2734375,1.4510903358459473,35312000
1992-08-03,2.2734375,2.3203125,2.25,2.3046875,1.4710360765457153,31516800
1992-08-04,2.3125,2.328125,2.296875,2.30859375,1.4735296964645386,31430400
1992-08-05,2.3046875,2.3046875,2.2265625,2.25,1.4361307621002197,60150400
1992-08-06,2.234375,2.25,2.1953125,2.234375,1.4261574745178223,3705600
1992-08-07,2.234375,2.3046875,2.203125,2.2109375,1.4111979007720947,55008000
1992-08-10,2.21875,2.265625,2.2109375,2.21484375,1.4136909246444702,42067200
1992-08-11,2.2265625,2.24609375,2.1875,2.23046875,1.4236639738082886,33436800
1992-08-12,2.2421875,2.265625,2.2109375,2.21875,1.4161841869354248,30441600
1992-08-13,2.2265625,2.2421875,2.203125,2.21484375,1.4136909246444702,28227200
1992-08-14,2.21875,2.2421875,2.2109375,2.21875,1.4161841869354248,33942400
1992-08-17,2.2109375,2.21875,2.171875,2.171875,1.3862645626068115,63318400
1992-08-18,2.15625,2.2109375,2.125,2.171875,1.3862645626068115,66313600
1992-08-19,2.171875,2.203125,2.1484375,2.1640625,1.381278157234192,27433600
1992-08-20,2.171875,2.2109375,2.15625,2.19921875,1.403718113899231,36534400
1992-08-21,2.203125,2.21484375,2.15625,2.1796875,1.391251564025879,52710400
1992-08-24,2.17578125,2.1875,2.1484375,2.15625,1.3762913942337036,42800000
1992-08-25,2.1484375,2.2109375,2.140625,2.19921875,1.403718113899231,37123200
1992-08-26,2.1953125,2.2578125,2.1953125,2.23828125,1.4286507368087769,50016000
1992-08-27,2.25,2.3125,2.25,2.30078125,1.468543529510498,88028800
1992-08-28,2.296875,2.328125,2.296875,2.32421875,1.4835025072097778,49468800
1992-08-31,2.3203125,2.34375,2.296875,2.328125,1.4859962463378906,25651200
1992-09-01,2.3125,2.33203125,2.2890625,2.328125,1.4859962463378906,30825600
1992-09-02,2.328125,2.3671875,2.3046875,2.35546875,1.5034494400024414,61955200
1992-09-03,2.3671875,2.4140625,2.359375,2.39453125,1.5283821821212769,85296000
1992-09-04,2.3828125,2.390625,2.359375,2.375,1.5159155130386353,28585600
1992-09-08,2.375,2.40234375,2.3515625,2.3984375,1.530874490737915,49376000
1992-09-09,2.3984375,2.44921875,2.390625,2.44140625,1.5583010911941528,60982400
1992-09-10,2.4453125,2.46875,2.421875,2.46875,1.5757542848587036,53302400
1992-09-11,2.453125,2.4765625,2.4375,2.4609375,1.5707677602767944,30796800
1992-09-14,2.4921875,2.5625,2.4921875,2.5546875,1.630607008934021,95100800
1992-09-15,2.546875,2.5546875,2.5,2.5390625,1.6206334829330444,44614400
1992-09-16,2.4921875,2.5546875,2.484375,2.51171875,1.6031805276870728,35708800
1992-09-17,2.515625,2.546875,2.5078125,2.53515625,1.6181398630142212,23590400
1992-09-18,2.5390625,2.546875,2.44921875,2.49609375,1.5932081937789917,71683200
1992-09-21,2.4609375,2.484375,2.4453125,2.47265625,1.5782476663589478,31811200
1992-09-22,2.46875,2.47265625,2.421875,2.4296875,1.5508216619491577,30777600
1992-09-23,2.4296875,2.4921875,2.421875,2.47265625,1.5782476663589478,37654400
1992-09-24,2.4765625,2.515625,2.4765625,2.5078125,1.600687026977539,36953600
1992-09-25,2.5078125,2.51171875,2.375,2.4609375,1.5707677602767944,41817600
1992-09-28,2.390625,2.4453125,2.3828125,2.40625,1.535861849784851,52854400
1992-09-29,2.40625,2.46875,2.40625,2.4609375,1.5707677602767944,39392000
1992-09-30,2.4921875,2.515625,2.4609375,2.515625,1.6056731939315796,59843200
1992-10-01,2.5,2.53125,2.484375,2.48828125,1.5882211923599243,47804800
1992-10-02,2.4765625,2.4921875,2.4375,2.4609375,1.5707677602767944,36803200
1992-10-05,2.453125,2.5546875,2.3671875,2.5546875,1.630607008934021,71347200
1992-10-06,2.5703125,2.609375,2.5390625,2.578125,1.6455662250518799,74316800
1992-10-07,2.578125,2.6328125,2.53125,2.53515625,1.6181398630142212,58153600
1992-10-08,2.5703125,2.640625,2.5546875,2.60546875,1.663019061088562,59532800
1992-10-09,2.609375,2.609375,2.546875,2.57421875,1.6430727243423462,40182400
1992-10-12,2.59375,2.625,2.5859375,2.62109375,1.6729919910430908,34700800
1992-10-13,2.6484375,2.66796875,2.6015625,2.6328125,1.680472731590271,86643200
1992-10-14,2.63671875,2.65625,2.59375,2.609375,1.665511965751648,47456000
1992-10-15,2.6015625,2.6484375,2.5859375,2.640625,1.685458779335022,35942400
1992-10-16,2.6484375,2.671875,2.6171875,2.66796875,1.7029112577438354,47644800
1992-10-19,2.65625,2.7578125,2.65625,2.74609375,1.7527772188186646,83280000
1992-10-20,2.7578125,2.8046875,2.71875,2.74609375,1.7527772188186646,84150400
1992-10-21,2.7578125,2.8125,2.7421875,2.8125,1.7951633930206299,60396800
1992-10-22,2.8125,2.8203125,2.7578125,2.8046875,1.7901772260665894,49174400
1992-10-23,2.8203125,2.8203125,2.7578125,2.76953125,1.7677371501922607,46006400
1992-10-26,2.765625,2.8203125,2.7421875,2.8125,1.7951633930206299,40121600
1992-10-27,2.8125,2.8203125,2.734375,2.75,1.7552708387374878,49116800
1992-10-28,2.7578125,2.7734375,2.7265625,2.765625,1.7652435302734375,36172800
1992-10-29,2.7734375,2.8125,2.765625,2.8125,1.7951633930206299,32774400
1992-10-30,2.80859375,2.8125,2.765625,2.7734375,1.7702302932739258,24998400
1992-11-02,2.78125,2.8125,2.7421875,2.80078125,1.7876838445663452,31091200
1992-11-03,2.796875,2.8046875,2.73828125,2.7578125,1.7602571249008179,35267200
1992-11-04,2.7578125,2.8046875,2.75,2.765625,1.7652435302734375,23657600
1992-11-05,2.78125,2.8828125,2.7578125,2.87109375,1.832562804222107,90361600
1992-11-06,2.8671875,2.9140625,2.8515625,2.8984375,1.8500155210494995,61155200
1992-11-09,2.8984375,2.8984375,2.828125,2.87109375,1.832562804222107,54796800
1992-11-10,2.875,2.9140625,2.859375,2.90234375,1.8525090217590332,38710400
1992-11-11,2.8984375,2.96875,2.8828125,2.9296875,1.8699617385864258,60748800
1992-11-12,2.9296875,2.9453125,2.875,2.921875,1.864974856376648,46960000
1992-11-13,2.921875,2.9296875,2.890625,2.9140625,1.8599886894226074,25811200
1992-11-16,2.90625,2.921875,2.8828125,2.8984375,1.8500155210494995,19312000
1992-11-17,2.90234375,2.9375,2.7890625,2.8125,1.7951633930206299,56649600
1992-11-18,2.828125,2.890625,2.80859375,2.875,1.8350563049316406,33273600
1992-11-19,2.8828125,2.96875,2.8828125,2.9375,1.874948501586914,46857600
1992-11-20,2.9375,2.96875,2.9296875,2.96875,1.8948944807052612,41113600
1992-11-23,2.8203125,2.8671875,2.7265625,2.765625,1.7652435302734375,309884800
1992-11-24,2.8515625,2.8984375,2.7890625,2.859375,1.8250823020935059,145513600
1992-11-25,2.875,2.890625,2.8203125,2.84765625,1.8176023960113525,53152000
1992-11-27,2.859375,2.890625,2.84375,2.8671875,1.8300694227218628,17593600
1992-11-30,2.890625,2.9140625,2.8671875,2.91015625,1.8574954271316528,35251200
1992-12-01,2.8984375,2.921875,2.875,2.91015625,1.8574954271316528,33593600
1992-12-02,2.90625,2.921875,2.828125,2.8359375,1.8101226091384888,49881600
1992-12-03,2.8359375,2.890625,2.828125,2.86328125,1.827575922012329,26048000
1992-12-04,2.859375,2.890625,2.8515625,2.8671875,1.8300694227218628,23548800
1992-12-07,2.875,2.921875,2.84375,2.91796875,1.862481713294983,46422400
1992-12-08,2.9296875,2.9375,2.859375,2.890625,1.8450289964675903,26908800
1992-12-09,2.8671875,2.9140625,2.8515625,2.875,1.8350563049316406,26048000
1992-12-10,2.8125,2.8671875,2.765625,2.78125,1.775216817855835,89296000
1992-12-11,2.765625,2.78125,2.6796875,2.69921875,1.72285795211792,112934400
1992-12-14,2.7109375,2.7578125,2.703125,2.72265625,1.7378178834915161,51286400
1992-12-15,2.7265625,2.7421875,2.671875,2.69921875,1.72285795211792,45289600
1992-12-16,2.703125,2.7578125,2.6640625,2.71875,1.7353248596191406,73792000
1992-12-17,2.7265625,2.8203125,2.71875,2.8125,1.7951633930206299,51859200
1992-12-18,2.78125,2.8203125,2.765625,2.8125,1.7951633930206299,74387200
1992-12-21,2.8046875,2.875,2.7890625,2.828125,1.8051358461380005,64928000
1992-12-22,2.84375,2.859375,2.71875,2.7421875,1.7502844333648682,56928000
1992-12-23,2.75,2.7578125,2.6875,2.7265625,1.7403109073638916,59974400
1992-12-24,2.7265625,2.7265625,2.6875,2.7265625,1.7403109073638916,32723200
1992-12-28,2.7265625,2.7421875,2.6875,2.734375,1.7452985048294067,45731200
1992-12-29,2.7265625,2.734375,2.6953125,2.703125,1.7253508567810059,60035200
1992-12-30,2.7109375,2.71875,2.6640625,2.68359375,1.7128849029541016,50860800
1992-12-31,2.6875,2.6953125,2.6640625,2.66796875,1.7029112577438354,30851200
1993-01-04,2.65625,2.6796875,2.640625,2.66015625,1.6979260444641113,72646400
1993-01-05,2.65625,2.7109375,2.6484375,2.703125,1.7253508567810059,71529600
1993-01-06,2.71875,2.7890625,2.7109375,2.78125,1.775216817855835,87440000
1993-01-07,2.78125,2.80859375,2.71875,2.7265625,1.7403109073638916,58748800
1993-01-08,2.7265625,2.7578125,2.6953125,2.72265625,1.7378178834915161,43977600
1993-01-11,2.7265625,2.7890625,2.6953125,2.78515625,1.7777100801467896,58348800
1993-01-12,2.78125,2.8515625,2.7734375,2.8046875,1.7901772260665894,85129600
1993-01-13,2.796875,2.8828125,2.7578125,2.8515625,1.8200956583023071,83696000
1993-01-14,2.8828125,2.9375,2.828125,2.8515625,1.8200956583023071,121264000
1993-01-15,2.734375,2.84375,2.71875,2.8046875,1.7901772260665894,181958400
1993-01-18,2.796875,2.8046875,2.7578125,2.7890625,1.7802034616470337,50611200
1993-01-19,2.78125,2.7890625,2.7578125,2.76171875,1.762750267982483,52960000
1993-01-20,2.765625,2.78125,2.7421875,2.76171875,1.762750267982483,47968000
1993-01-21,2.7421875,2.8125,2.7109375,2.796875,1.7851903438568115,73363200
1993-01-22,2.8046875,2.8203125,2.7734375,2.79296875,1.7826964855194092,49088000
1993-01-25,2.7890625,2.8203125,2.7421875,2.765625,1.7652435302734375,49609600
1993-01-26,2.765625,2.8125,2.734375,2.75,1.7552708387374878,42345600
1993-01-27,2.734375,2.7421875,2.671875,2.6953125,1.7203646898269653,64192000
1993-01-28,2.6953125,2.72265625,2.6484375,2.71875,1.7353248596191406,77030400
1993-01-29,2.734375,2.75,2.6796875,2.703125,1.7253508567810059,39424000
1993-02-01,2.6953125,2.75,2.671875,2.734375,1.7452985048294067,42854400
1993-02-02,2.73046875,2.796875,2.7265625,2.78125,1.775216817855835,70371200
1993-02-03,2.796875,2.8203125,2.75,2.76171875,1.762750267982483,71728000
1993-02-04,2.7421875,2.7421875,2.640625,2.65625,1.6954319477081299,124214400
1993-02-05,2.6484375,2.796875,2.5703125,2.78125,1.775216817855835,177216000
1993-02-08,2.765625,2.78125,2.65625,2.6796875,1.710391879081726,92665600
1993-02-09,2.7109375,2.7265625,2.609375,2.62109375,1.6729919910430908,64550400
1993-02-10,2.640625,2.6953125,2.625,2.671875,1.7054052352905273,39193600
1993-02-11,2.6953125,2.703125,2.6484375,2.6640625,1.7004181146621704,31635200
1993-02-12,2.6640625,2.6640625,2.6015625,2.61328125,1.6680057048797607,34752000
1993-02-16,2.58984375,2.6171875,2.4921875,2.50390625,1.598193883895874,91180800
1993-02-17,2.53125,2.5390625,2.4140625,2.5078125,1.600687026977539,121913600
1993-02-18,2.5390625,2.5859375,2.46875,2.55078125,1.6281132698059082,138553600
1993-02-19,2.55859375,2.5625,2.484375,2.4921875,1.5907139778137207,97094400
1993-02-22,2.4921875,2.53125,2.3984375,2.3984375,1.530874490737915,76256000
1993-02-23,2.4375,2.515625,2.3984375,2.484375,1.5857276916503906,105974400
1993-02-24,2.46875,2.625,2.4609375,2.62109375,1.6729919910430908,77548800
1993-02-25,2.578125,2.65625,2.578125,2.63671875,1.6829651594161987,60806400
1993-02-26,2.6328125,2.65625,2.59375,2.60546875,1.663019061088562,29833600
1993-03-01,2.6171875,2.6171875,2.5390625,2.546875,1.6256195306777954,26432000
1993-03-02,2.5546875,2.6484375,2.5390625,2.64453125,1.687951683998108,38380800
1993-03-03,2.6484375,2.671875,2.609375,2.6484375,1.6904456615447998,42352000
1993-03-04,2.6484375,2.6484375,2.5546875,2.6171875,1.6704987287521362,56659200
1993-03-05,2.609375,2.65625,2.578125,2.5859375,1.6505523920059204,35724800
1993-03-08,2.58203125,2.640625,2.5625,2.61328125,1.6680057048797607,48022400
1993-03-09,2.625,2.65625,2.6171875,2.6328125,1.680472731590271,41312000
1993-03-10,2.640625,2.6796875,2.609375,2.65625,1.6954319477081299,26592000
1993-03-11,2.6640625,2.7421875,2.65625,2.703125,1.7253508567810059,57779200
1993-03-12,2.6875,2.7890625,2.6640625,2.78125,1.775216817855835,73580800
1993-03-15,2.7890625,2.7890625,2.71875,2.73828125,1.7477903366088867,35347200
1993-03-16,2.7578125,2.7734375,2.71875,2.7421875,1.7502844333648682,36336000
1993-03-17,2.7109375,2.734375,2.6640625,2.66796875,1.7029112577438354,39644800
1993-03-18,2.6796875,2.7109375,2.65625,2.6640625,1.7004181146621704,34406400
1993-03-19,2.6796875,2.6796875,2.625,2.6328125,1.680472731590271,45404800
1993-03-22,2.6015625,2.625,2.578125,2.60546875,1.663019061088562,34083200
1993-03-23,2.609375,2.65625,2.59375,2.59765625,1.658032774925232,34409600
1993-03-24,2.6015625,2.7109375,2.59375,2.6953125,1.7203646898269653,50576000
1993-03-25,2.703125,2.7578125,2.69921875,2.73046875,1.7428042888641357,43833600
1993-03-26,2.75,2.7578125,2.6875,2.70703125,1.7278441190719604,28380800
1993-03-29,2.7109375,2.765625,2.7109375,2.71875,1.7353248596191406,48262400
1993-03-30,2.765625,2.8515625,2.7265625,2.84375,1.8151094913482666,140777600
1993-03-31,2.8515625,2.9453125,2.8359375,2.890625,1.8450289964675903,179660800
1993-04-01,2.890625,2.9609375,2.890625,2.90625,1.8550015687942505,100412800
1993-04-02,2.8671875,2.875,2.8046875,2.8046875,1.7901772260665894,73251200
1993-04-05,2.7734375,2.8828125,2.75,2.859375,1.8250823020935059,61187200
1993-04-06,2.8671875,2.90625,2.7890625,2.8046875,1.7901772260665894,55699200
1993-04-07,2.8125,2.828125,2.7890625,2.8203125,1.8001497983932495,39417600
1993-04-08,2.8125,2.8203125,2.7578125,2.78125,1.775216817855835,40185600
1993-04-12,2.7734375,2.8515625,2.765625,2.81640625,1.797656774520874,48976000
1993-04-13,2.8203125,2.8828125,2.7734375,2.77734375,1.7727237939834595,53337600
1993-04-14,2.78125,2.8203125,2.7421875,2.78125,1.775216817855835,38592000
1993-04-15,2.75,2.80859375,2.6875,2.72265625,1.7378178834915161,109152000
1993-04-16,2.7265625,2.7421875,2.671875,2.71875,1.7353248596191406,49600000
1993-04-19,2.71875,2.7265625,2.65625,2.71875,1.7353248596191406,45673600
1993-04-20,2.7109375,2.734375,2.65625,2.7109375,1.730338215827942,46009600
1993-04-21,2.7109375,2.7109375,2.6328125,2.65234375,1.6929386854171753,92528000
1993-04-22,2.640625,2.65625,2.58984375,2.6015625,1.660525918006897,79872000
1993-04-23,2.59375,2.6015625,2.5234375,2.54296875,1.6231272220611572,89296000
1993-04-26,2.546875,2.578125,2.4921875,2.51171875,1.6031805276870728,65376000
1993-04-27,2.515625,2.5859375,2.5078125,2.578125,1.6455662250518799,58208000
1993-04-28,2.59375,2.6875,2.5859375,2.6875,1.7153785228729248,55372800
1993-04-29,2.6796875,2.6796875,2.625,2.671875,1.7054052352905273,49660800
1993-04-30,2.65625,2.7109375,2.65625,2.671875,1.7054052352905273,46825600
1993-05-03,2.671875,2.71875,2.65625,2.69140625,1.7178711891174316,38096000
1993-05-04,2.7109375,2.765625,2.703125,2.75,1.7552708387374878,49664000
1993-05-05,2.75,2.8125,2.734375,2.7890625,1.7802034616470337,51868800
1993-05-06,2.78125,2.8046875,2.7109375,2.7265625,1.7403109073638916,47244800
1993-05-07,2.7265625,2.7421875,2.703125,2.71875,1.7353248596191406,31798400
1993-05-10,2.765625,2.8125,2.75,2.78515625,1.7777100801467896,69091200
1993-05-11,2.7578125,2.7734375,2.7265625,2.7421875,1.7502844333648682,38220800
1993-05-12,2.734375,2.75,2.6796875,2.6953125,1.7203646898269653,48272000
1993-05-13,2.6796875,2.6875,2.640625,2.6796875,1.710391879081726,43708800
1993-05-14,2.6875,2.7109375,2.6484375,2.671875,1.7054052352905273,49116800
1993-05-17,2.6796875,2.70703125,2.6640625,2.703125,1.7253508567810059,27763200
1993-05-18,2.7109375,2.7734375,2.703125,2.765625,1.7652435302734375,84185600
1993-05-19,2.8359375,2.90625,2.796875,2.890625,1.8450289964675903,181017600
1993-05-20,2.8828125,2.9765625,2.875,2.94140625,1.8774415254592896,150256000
1993-05-21,2.921875,2.9453125,2.875,2.890625,1.8450289964675903,75500800
1993-05-24,2.8828125,2.9375,2.875,2.87890625,1.837549090385437,64252800
1993-05-25,2.8671875,2.875,2.8125,2.8515625,1.8200956583023071,36716800
1993-05-26,2.859375,2.9765625,2.8515625,2.9765625,1.8998812437057495,87484800
1993-05-27,2.96875,2.984375,2.90625,2.94140625,1.8774415254592896,95052800
1993-05-28,2.921875,2.9296875,2.8671875,2.89453125,1.8475226163864136,35136000
1993-06-01,2.90625,3.0625,2.8984375,3.0078125,1.9198273420333862,173088000
1993-06-02,2.9921875,3.046875,2.9765625,2.9921875,1.9098541736602783,70710400
1993-06-03,2.9921875,3.0,2.953125,2.95703125,1.8874144554138184,23936000
1993-06-04,2.9375,2.953125,2.921875,2.9375,1.874948501586914,32652800
1993-06-07,2.9453125,2.9921875,2.90625,2.9140625,1.8599886894226074,52761600
1993-06-08,2.90625,2.9140625,2.8359375,2.8828125,1.8400416374206543,48131200
1993-06-09,2.8984375,2.90625,2.8359375,2.84375,1.8151094913482666,62480000
1993-06-10,2.8515625,2.890625,2.796875,2.84765625,1.8176023960113525,56544000
1993-06-11,2.8671875,2.890625,2.78125,2.79296875,1.7826964855194092,67542400
1993-06-14,2.84375,2.8828125,2.8203125,2.8828125,1.8400416374206543,40489600
1993-06-15,2.90625,2.90625,2.859375,2.890625,1.8450289964675903,42345600
1993-06-16,2.8984375,2.9140625,2.7890625,2.8515625,1.8200956583023071,66966400
1993-06-17,2.859375,2.8671875,2.828125,2.83984375,1.8126161098480225,28083200
1993-06-18,2.828125,2.8515625,2.71875,2.734375,1.7452985048294067,75910400
1993-06-21,2.7734375,2.7890625,2.71875,2.76953125,1.7677371501922607,68102400
1993-06-22,2.7890625,2.8046875,2.7265625,2.75,1.7552708387374878,41062400
1993-06-23,2.75,2.7890625,2.7421875,2.76953125,1.7677371501922607,33129600
1993-06-24,2.7578125,2.796875,2.7265625,2.765625,1.7652435302734375,35782400
1993-06-25,2.765625,2.7890625,2.7109375,2.765625,1.7652435302734375,45484800
1993-06-28,2.7734375,2.8203125,2.765625,2.8203125,1.8001497983932495,52224000
1993-06-29,2.8203125,2.8671875,2.765625,2.78125,1.775216817855835,42361600
1993-06-30,2.7890625,2.8203125,2.7265625,2.75,1.7552708387374878,56422400
1993-07-01,2.7578125,2.765625,2.703125,2.72265625,1.7378178834915161,57907200
1993-07-02,2.7265625,2.734375,2.703125,2.7265625,1.7403109073638916,25404800
1993-07-06,2.7109375,2.7421875,2.6640625,2.6875,1.7153785228729248,47721600
1993-07-07,2.56640625,2.6328125,2.5390625,2.60546875,1.663019061088562,182569600
1993-07-08,2.625,2.671875,2.625,2.65234375,1.6929386854171753,70105600
1993-07-09,2.65625,2.65625,2.609375,2.64453125,1.687951683998108,50000000
1993-07-12,2.6484375,2.6484375,2.609375,2.6171875,1.6704987287521362,26540800
1993-07-13,2.625,2.625,2.578125,2.5859375,1.6505523920059204,36476800
1993-07-14,2.59375,2.671875,2.578125,2.6328125,1.680472731590271,43491200
1993-07-15,2.6328125,2.6328125,2.5859375,2.609375,1.665511965751648,34432000
1993-07-16,2.6015625,2.6015625,2.5234375,2.53515625,1.6181398630142212,86217600
1993-07-19,2.484375,2.5078125,2.4375,2.4609375,1.5707677602767944,122435200
1993-07-20,2.4765625,2.515625,2.4375,2.515625,1.6056731939315796,74822400
1993-07-21,2.453125,2.46875,2.3984375,2.46875,1.5757542848587036,178963200
1993-07-22,2.5234375,2.5546875,2.3984375,2.42578125,1.5483276844024658,147584000
1993-07-23,2.40625,2.4453125,2.3984375,2.42578125,1.5483276844024658,92790400
1993-07-26,2.4453125,2.4765625,2.4296875,2.4453125,1.560794472694397,65801600
1993-07-27,2.453125,2.4609375,2.359375,2.359375,1.505942463874817,112220800
1993-07-28,2.375,2.484375,2.3359375,2.4453125,1.560794472694397,113459200
1993-07-29,2.4375,2.5234375,2.421875,2.46875,1.5757542848587036,96534400
1993-07-30,2.28125,2.3203125,2.25,2.3125,1.4760234355926514,287936000
1993-08-02,2.3359375,2.3671875,2.2578125,2.2734375,1.4510903358459473,148208000
1993-08-03,2.28125,2.2890625,2.25,2.28125,1.456076741218567,85136000
1993-08-04,2.2890625,2.3046875,2.2421875,2.28125,1.456076741218567,94416000
1993-08-05,2.296875,2.34375,2.2890625,2.3359375,1.4909831285476685,67910400
1993-08-06,2.3359375,2.37109375,2.2734375,2.2890625,1.4610633850097656,71760000
1993-08-09,2.2890625,2.3125,2.2578125,2.28125,1.456076741218567,70876800
1993-08-10,2.28125,2.2890625,2.19921875,2.21875,1.4161841869354248,192028800
1993-08-11,2.2265625,2.28125,2.22265625,2.26171875,1.4436107873916626,95974400
1993-08-12,2.265625,2.328125,2.2578125,2.3125,1.4760234355926514,77366400
1993-08-13,2.3125,2.3671875,2.28125,2.3515625,1.5009558200836182,61900800
1993-08-16,2.3671875,2.4453125,2.359375,2.4296875,1.5508216619491577,78451200
1993-08-17,2.4375,2.453125,2.375,2.4140625,1.5408486127853394,54272000
1993-08-18,2.4296875,2.4765625,2.390625,2.4140625,1.5408486127853394,66012800
1993-08-19,2.4140625,2.43359375,2.3046875,2.3203125,1.4810097217559814,114742400
1993-08-20,2.296875,2.3984375,2.2890625,2.3828125,1.5209020376205444,73683200
1993-08-23,2.359375,2.4453125,2.359375,2.40625,1.535861849784851,59472000
1993-08-24,2.390625,2.40625,2.3671875,2.37109375,1.5134220123291016,39417600
1993-08-25,2.34375,2.375,2.27734375,2.3203125,1.4810097217559814,68800000
1993-08-26,2.296875,2.3046875,2.234375,2.25390625,1.4386239051818848,136256000
1993-08-27,2.2578125,2.265625,2.2265625,2.24609375,1.4336376190185547,67763200
1993-08-30,2.265625,2.2890625,2.2421875,2.26953125,1.4485965967178345,54012800
1993-08-31,2.3046875,2.359375,2.296875,2.34765625,1.498462200164795,93020800
1993-09-01,2.3515625,2.4140625,2.34375,2.3984375,1.530874490737915,86035200
1993-09-02,2.4140625,2.453125,2.37890625,2.39453125,1.5283821821212769,55497600
1993-09-03,2.390625,2.3984375,2.3515625,2.3671875,1.510928988456726,26800000
1993-09-07,2.3671875,2.3828125,2.3203125,2.3359375,1.4909831285476685,38659200
1993-09-08,2.3125,2.3359375,2.2890625,2.328125,1.4859962463378906,54777600
1993-09-09,2.34375,2.390625,2.328125,2.3828125,1.5209020376205444,29856000
1993-09-10,2.40625,2.4453125,2.3828125,2.4375,1.5558087825775146,56540800
1993-09-13,2.453125,2.453125,2.3828125,2.38671875,1.5233957767486572,33481600
1993-09-14,2.375,2.3828125,2.3203125,2.3515625,1.5009558200836182,57756800
1993-09-15,2.3671875,2.3984375,2.32421875,2.390625,1.5258893966674805,60428800
1993-09-16,2.3984375,2.4140625,2.3671875,2.375,1.5159155130386353,25641600
1993-09-17,2.359375,2.390625,2.3515625,2.375,1.5159155130386353,25286400
1993-09-20,2.3828125,2.4296875,2.34375,2.36328125,1.508435606956482,34691200
1993-09-21,2.359375,2.41796875,2.3359375,2.375,1.5159155130386353,57846400
1993-09-22,2.375,2.4375,2.3515625,2.4140625,1.5408486127853394,72051200
1993-09-23,2.4140625,2.4765625,2.3984375,2.4609375,1.5707677602767944,72214400
1993-09-24,2.453125,2.5234375,2.453125,2.5,1.5957000255584717,91481600
1993-09-27,2.5546875,2.578125,2.5390625,2.5703125,1.6405794620513916,73472000
1993-09-28,2.5703125,2.6328125,2.5703125,2.625,1.6754862070083618,84012800
1993-09-29,2.6171875,2.625,2.5234375,2.59375,1.6555391550064087,87529600
1993-09-30,2.5859375,2.6015625,2.5703125,2.578125,1.6455662250518799,38400000
1993-10-01,2.578125,2.6015625,2.5625,2.5625,1.6355929374694824,46048000
1993-10-04,2.578125,2.625,2.578125,2.58203125,1.6480592489242554,40505600
1993-10-05,2.5859375,2.6484375,2.578125,2.6015625,1.660525918006897,86931200
1993-10-06,2.6015625,2.671875,2.59375,2.65234375,1.6929386854171753,77321600
1993-10-07,2.65625,2.6796875,2.6171875,2.62890625,1.6779791116714478,41596800
1993-10-08,2.6328125,2.6484375,2.5703125,2.640625,1.685458779335022,38086400
1993-10-11,2.640625,2.6484375,2.5703125,2.625,1.6754862070083618,36457600
1993-10-12,2.6328125,2.6640625,2.5703125,2.6328125,1.680472731590271,79296000
1993-10-13,2.6171875,2.6328125,2.5390625,2.6015625,1.660525918006897,62409600
1993-10-14,2.6171875,2.625,2.5625,2.56640625,1.6380863189697266,63257600
1993-10-15,2.5703125,2.59375,2.5078125,2.5234375,1.6106600761413574,126425600
1993-10-18,2.53125,2.6015625,2.5234375,2.59375,1.6555391550064087,67750400
1993-10-19,2.5625,2.625,2.484375,2.5078125,1.600687026977539,91392000
1993-10-20,2.515625,2.5546875,2.4765625,2.53125,1.6156467199325562,81590400
1993-10-21,2.4609375,2.5,2.4375,2.484375,1.5857276916503906,127142400
1993-10-22,2.4765625,2.5234375,2.4765625,2.51171875,1.6031805276870728,47625600
1993-10-25,2.515625,2.5390625,2.46875,2.515625,1.6056731939315796,48553600
1993-10-26,2.515625,2.5234375,2.4765625,2.484375,1.5857276916503906,66944000
1993-10-27,2.484375,2.515625,2.484375,2.49609375,1.5932081937789917,45564800
1993-10-28,2.4921875,2.515625,2.4609375,2.46875,1.5757542848587036,56009600
1993-10-29,2.484375,2.5078125,2.4765625,2.50390625,1.598193883895874,39843200
1993-11-01,2.5078125,2.546875,2.4921875,2.52734375,1.6131538152694702,30163200
1993-11-02,2.5390625,2.546875,2.484375,2.5078125,1.600687026977539,42422400
1993-11-03,2.5,2.515625,2.4296875,2.453125,1.5657811164855957,56796800
1993-11-04,2.4609375,2.46875,2.390625,2.390625,1.5258893966674805,63177600
1993-11-05,2.3828125,2.46875,2.375,2.4609375,1.5707677602767944,56432000
1993-11-08,2.46875,2.484375,2.4296875,2.453125,1.5657811164855957,28819200
1993-11-09,2.46875,2.5,2.4375,2.4453125,1.560794472694397,36320000
1993-11-10,2.5,2.55078125,2.46875,2.54296875,1.6231272220611572,57177600
1993-11-11,2.5390625,2.578125,2.53125,2.55078125,1.6281132698059082,31158400
1993-11-12,2.5546875,2.578125,2.5546875,2.55859375,1.6330997943878174,34339200
1993-11-15,2.5625,2.5625,2.515625,2.515625,1.6056731939315796,29244800
1993-11-16,2.53125,2.5859375,2.515625,2.5703125,1.6405794620513916,47664000
1993-11-17,2.5859375,2.59375,2.5234375,2.5234375,1.6106600761413574,72217600
1993-11-18,2.5234375,2.546875,2.5,2.5078125,1.600687026977539,48438400
1993-11-19,2.4921875,2.5078125,2.484375,2.50390625,1.598193883895874,38403200
1993-11-22,2.4921875,2.4921875,2.390625,2.40625,1.535861849784851,80355200
1993-11-23,2.4296875,2.453125,2.4140625,2.41796875,1.543341875076294,98256000
1993-11-24,2.421875,2.4921875,2.421875,2.4609375,1.5707677602767944,32467200
1993-11-26,2.46875,2.4765625,2.4609375,2.46875,1.5757542848587036,6403200
1993-11-29,2.46875,2.5,2.46875,2.484375,1.5857276916503906,32105600
1993-11-30,2.453125,2.515625,2.4453125,2.5,1.5957000255584717,44153600
1993-12-01,2.515625,2.5703125,2.515625,2.546875,1.6256195306777954,58886400
1993-12-02,2.5625,2.59375,2.5546875,2.58984375,1.653046727180481,51936000
1993-12-03,2.6171875,2.703125,2.609375,2.6796875,1.710391879081726,114502400
1993-12-06,2.65625,2.671875,2.625,2.65234375,1.6929386854171753,59337600
1993-12-07,2.65625,2.6875,2.65625,2.671875,1.7054052352905273,32780800
1993-12-08,2.59375,2.6171875,2.5703125,2.609375,1.665511965751648,105900800
1993-12-09,2.609375,2.609375,2.515625,2.53515625,1.6181398630142212,61465600
1993-12-10,2.5390625,2.5703125,2.5234375,2.55859375,1.6330997943878174,19916800
1993-12-13,2.546875,2.5625,2.5234375,2.54296875,1.6231272220611572,20112000
1993-12-14,2.53125,2.546875,2.4765625,2.5,1.5957000255584717,47414400
1993-12-15,2.5,2.53125,2.4921875,2.4921875,1.5907139778137207,35219200
1993-12-16,2.5,2.53125,2.4921875,2.5,1.5957000255584717,29113600
1993-12-17,2.515625,2.515625,2.4921875,2.515625,1.6056731939315796,26112000
1993-12-20,2.53125,2.5625,2.515625,2.5625,1.6355929374694824,35462400
1993-12-21,2.5625,2.578125,2.546875,2.578125,1.6455662250518799,31008000
1993-12-22,2.5703125,2.578125,2.53125,2.53515625,1.6181398630142212,24169600
1993-12-23,2.53125,2.5703125,2.5234375,2.52734375,1.6131538152694702,31820800
1993-12-27,2.5234375,2.5390625,2.4921875,2.515625,1.6056731939315796,24537600
1993-12-28,2.515625,2.59375,2.515625,2.5859375,1.6505523920059204,27776000
1993-12-29,2.5859375,2.609375,2.515625,2.546875,1.6256195306777954,48988800
1993-12-30,2.5546875,2.5703125,2.5234375,2.5390625,1.6206334829330444,25328000
1993-12-31,2.53125,2.546875,2.5078125,2.51953125,1.6081668138504028,22995200
1994-01-03,2.515625,2.5234375,2.4765625,2.50390625,1.598193883895874,36646400
1994-01-04,2.5078125,2.5234375,2.4765625,2.515625,1.6056731939315796,45302400
1994-01-05,2.5078125,2.578125,2.5,2.5703125,1.6405794620513916,53974400
1994-01-06,2.58203125,2.6484375,2.578125,2.64453125,1.687951683998108,82006400
1994-01-07,2.6328125,2.6796875,2.6015625,2.6640625,1.7004181146621704,70832000
1994-01-10,2.65625,2.703125,2.65625,2.6796875,1.710391879081726,74185600
1994-01-11,2.65625,2.6875,2.63671875,2.6640625,1.7004181146621704,35360000
1994-01-12,2.65625,2.6796875,2.6171875,2.671875,1.7054052352905273,39488000
1994-01-13,2.6484375,2.671875,2.625,2.66796875,1.7029112577438354,40755200
1994-01-14,2.671875,2.6875,2.6484375,2.67578125,1.7078982591629028,45216000
1994-01-17,2.6640625,2.6875,2.640625,2.6484375,1.6904456615447998,30755200
1994-01-18,2.6640625,2.671875,2.625,2.64453125,1.687951683998108,43686400
1994-01-19,2.6171875,2.6328125,2.578125,2.6015625,1.660525918006897,76563200
1994-01-20,2.6015625,2.69921875,2.6015625,2.6953125,1.7203646898269653,145004800
1994-01-21,2.6953125,2.71875,2.65625,2.6953125,1.7203646898269653,99078400
1994-01-24,2.6875,2.71875,2.65625,2.6640625,1.7004181146621704,38374400
1994-01-25,2.6640625,2.66796875,2.625,2.66015625,1.6979260444641113,70361600
1994-01-26,2.65625,2.65625,2.625,2.6328125,1.680472731590271,50489600
1994-01-27,2.625,2.6484375,2.6015625,2.6328125,1.680472731590271,51129600
1994-01-28,2.640625,2.671875,2.6328125,2.65234375,1.6929386854171753,41875200
1994-01-31,2.6640625,2.68359375,2.6484375,2.66015625,1.6979260444641113,62566400
1994-02-01,2.65625,2.6796875,2.640625,2.66015625,1.6979260444641113,44003200
1994-02-02,2.6484375,2.671875,2.625,2.625,1.6754862070083618,40924800
1994-02-03,2.6328125,2.640625,2.609375,2.640625,1.685458779335022,31792000
1994-02-04,2.625,2.640625,2.5390625,2.5390625,1.6206334829330444,78217600
1994-02-07,2.4921875,2.5390625,2.484375,2.5234375,1.6106600761413574,118851200
1994-02-08,2.515625,2.515625,2.4375,2.4609375,1.5707677602767944,149875200
1994-02-09,2.453125,2.5078125,2.4375,2.48828125,1.5882211923599243,98585600
1994-02-10,2.4921875,2.5234375,2.46875,2.48046875,1.583234429359436,66620800
1994-02-11,2.4765625,2.484375,2.4375,2.4609375,1.5707677602767944,53747200
1994-02-14,2.46875,2.484375,2.4609375,2.47265625,1.5782476663589478,55270400
1994-02-15,2.4921875,2.5078125,2.4765625,2.4921875,1.5907139778137207,28876800
1994-02-16,2.5078125,2.5078125,2.4609375,2.4609375,1.5707677602767944,43731200
1994-02-17,2.46875,2.484375,2.4375,2.45703125,1.5682748556137085,85017600
1994-02-18,2.453125,2.5234375,2.453125,2.5,1.5957000255584717,79465600
1994-02-22,2.5,2.5078125,2.453125,2.484375,1.5857276916503906,63235200
1994-02-23,2.4921875,2.5625,2.4453125,2.53125,1.6156467199325562,139462400
1994-02-24,2.5,2.5234375,2.4765625,2.49609375,1.5932081937789917,82553600
1994-02-25,2.5078125,2.5390625,2.4921875,2.53125,1.6156467199325562,52995200
1994-02-28,2.5390625,2.59375,2.53125,2.578125,1.6455662250518799,55494400
1994-03-01,2.59375,2.6015625,2.5703125,2.6015625,1.660525918006897,48070400
1994-03-02,2.5546875,2.59375,2.53125,2.5859375,1.6505523920059204,68499200
1994-03-03,2.59375,2.6015625,2.515625,2.53125,1.6156467199325562,31564800
1994-03-04,2.53125,2.546875,2.515625,2.53125,1.6156467199325562,25705600
1994-03-07,2.5390625,2.5703125,2.5234375,2.5390625,1.6206334829330444,30540800
1994-03-08,2.5390625,2.5390625,2.4921875,2.53125,1.6156467199325562,24723200
1994-03-09,2.5390625,2.5546875,2.5,2.52734375,1.6131538152694702,37024000
1994-03-10,2.546875,2.5703125,2.515625,2.52734375,1.6131538152694702,46588800
1994-03-11,2.53125,2.5703125,2.5234375,2.5546875,1.630607008934021,34857600
1994-03-14,2.578125,2.6328125,2.5703125,2.62109375,1.6729919910430908,69203200
1994-03-15,2.625,2.6640625,2.609375,2.65234375,1.6929386854171753,62934400
1994-03-16,2.65625,2.6640625,2.640625,2.6484375,1.6904456615447998,41286400
1994-03-17,2.6484375,2.6640625,2.640625,2.640625,1.685458779335022,30992000
1994-03-18,2.640625,2.65625,2.609375,2.6484375,1.6904456615447998,36857600
1994-03-21,2.65625,2.66796875,2.59375,2.6015625,1.660525918006897,65078400
1994-03-22,2.5703125,2.6796875,2.5703125,2.6484375,1.6904456615447998,89024000
1994-03-23,2.6640625,2.734375,2.65625,2.6953125,1.7203646898269653,116441600
1994-03-24,2.6796875,2.7265625,2.65625,2.7265625,1.7403109073638916,60166400
1994-03-25,2.71875,2.7890625,2.71875,2.734375,1.7452985048294067,102051200
1994-03-28,2.734375,2.75,2.6171875,2.69921875,1.72285795211792,118403200
1994-03-29,2.703125,2.703125,2.578125,2.578125,1.6455662250518799,78339200
1994-03-30,2.5859375,2.65625,2.578125,2.61328125,1.6680057048797607,86860800
1994-03-31,2.609375,2.6796875,2.578125,2.6484375,1.6904456615447998,72297600
1994-04-04,2.578125,2.6796875,2.5625,2.640625,1.685458779335022,73996800
1994-04-05,2.6640625,2.7421875,2.65625,2.7421875,1.7502844333648682,101878400
1994-04-06,2.734375,2.7890625,2.7265625,2.78125,1.775216817855835,80780800
1994-04-07,2.7890625,2.81640625,2.7734375,2.8046875,1.7901772260665894,76630400
1994-04-08,2.8046875,2.8125,2.7109375,2.71875,1.7353248596191406,118710400
1994-04-11,2.71875,2.7265625,2.6875,2.71875,1.7353248596191406,40400000
1994-04-12,2.7109375,2.7109375,2.625,2.6484375,1.6904456615447998,84969600
1994-04-13,2.6484375,2.671875,2.59375,2.65234375,1.6929386854171753,69644800
1994-04-14,2.640625,2.6640625,2.6171875,2.62890625,1.6779791116714478,53088000
1994-04-15,2.609375,2.6640625,2.609375,2.65234375,1.6929386854171753,35241600
1994-04-18,2.6484375,2.6796875,2.5703125,2.59375,1.6555391550064087,78006400
1994-04-19,2.71875,2.796875,2.6796875,2.75390625,1.7577637434005737,291273600
1994-04-20,2.765625,2.80078125,2.71875,2.796875,1.7851903438568115,104732800
1994-04-21,2.796875,2.8671875,2.7890625,2.859375,1.8250823020935059,141980800
1994-04-22,2.875,2.8984375,2.8359375,2.8671875,1.8300694227218628,66060800
1994-04-25,2.875,2.9453125,2.859375,2.9296875,1.8699617385864258,142745600
1994-04-26,2.953125,2.9765625,2.9375,2.966796875,1.8936480283737183,113193600
1994-04-28,2.9765625,2.9765625,2.8671875,2.87890625,1.837549090385437,141382400
1994-04-29,2.875,2.921875,2.8515625,2.890625,1.8450289964675903,56803200
1994-05-02,2.8984375,2.986328125,2.875,2.984375,1.9048677682876587,79260800
1994-05-03,2.9765625,2.984375,2.9140625,2.921875,1.864974856376648,41929600
1994-05-04,2.9296875,2.9765625,2.8984375,2.97265625,1.8973876237869263,68889600
1994-05-05,2.9765625,3.0078125,2.9375,2.94921875,1.8824278116226196,56374400
1994-05-06,2.9140625,2.9453125,2.83984375,2.890625,1.8450289964675903,96403200
1994-05-09,2.8671875,2.92578125,2.86328125,2.8828125,1.8400416374206543,47600000
1994-05-10,2.90625,2.953125,2.8984375,2.9375,1.874948501586914,65305600
1994-05-11,2.9375,2.9453125,2.8984375,2.921875,1.864974856376648,57433600
1994-05-12,2.921875,2.97802734375,2.9140625,2.953125,1.8849210739135742,58998400
1994-05-13,3.046875,3.046875,2.953125,3.015625,1.9248136281967163,179920000
1994-05-16,3.0078125,3.0234375,2.9609375,2.96875,1.8948944807052612,56633600
1994-05-17,2.96875,2.9765625,2.921875,2.95703125,1.8874144554138184,122464000
1994-05-18,2.9765625,3.046875,2.9609375,3.033203125,1.936033844947815,96953600
1994-05-19,3.0390625,3.09375,3.03125,3.07421875,1.9622132778167725,89651200
1994-05-20,3.0625,3.1015625,3.0390625,3.0546875,1.9497466087341309,78140800
1994-05-23,3.0625,3.1875,3.03125,3.16015625,2.0170650482177734,74947200
1994-05-24,3.203125,3.2421875,3.140625,3.1953125,2.0395052433013916,85144000
1994-05-25,3.1875,3.296875,3.140625,3.28125,2.0943565368652344,86003200
1994-05-26,3.296875,3.296875,3.203125,3.25,2.074410915374756,64296000
1994-05-27,3.234375,3.296875,3.203125,3.2734375,2.089369773864746,47544000
1994-05-31,3.265625,3.3603515625,3.2421875,3.359375,2.1442224979400635,76000000
1994-06-01,3.34375,3.34375,3.2734375,3.3125,2.1143033504486084,100764800
1994-06-02,3.328125,3.3359375,3.25,3.265625,2.084383249282837,60291200
1994-06-03,3.28125,3.34375,3.265625,3.3046875,2.109316110610962,86841600
1994-06-06,3.2890625,3.4140625,3.234375,3.40625,2.1741414070129395,764504000
1994-06-07,3.375,3.390625,3.34375,3.3515625,2.1392359733581543,166171200
1994-06-08,3.3515625,3.3515625,3.2265625,3.25,2.074410915374756,203835200
1994-06-09,3.2421875,3.28515625,3.234375,3.265625,2.084383249282837,79356800
1994-06-10,3.265625,3.3125,3.2421875,3.28515625,2.0968499183654785,53726400
1994-06-13,3.2890625,3.3359375,3.2421875,3.3046875,2.109316110610962,56628800
1994-06-14,3.3203125,3.3828125,3.3125,3.34765625,2.1367435455322266,59249600
1994-06-15,3.3515625,3.4140625,3.328125,3.390625,2.1641690731048584,58860800
1994-06-16,3.390625,3.390625,3.34375,3.34765625,2.1367435455322266,48478400
1994-06-17,3.34375,3.3515625,3.3046875,3.3125,2.1143033504486084,47622400
1994-06-20,3.28125,3.34375,3.2734375,3.34375,2.134248733520508,45668800
1994-06-21,3.2578125,3.3359375,3.25,3.2890625,2.0993432998657227,86995200
1994-06-22,3.296875,3.3125,3.203125,3.21875,2.054464101791382,82924800
1994-06-23,3.21875,3.265625,3.125,3.1328125,1.9996124505996704,85979200
1994-06-24,3.125,3.1484375,3.078125,3.09375,1.974679946899414,81454400
1994-06-27,3.109375,3.2578125,3.0859375,3.2421875,2.069424629211426,76161600
1994-06-28,3.25,3.296875,3.13671875,3.20703125,2.046984910964966,99417600
1994-06-29,3.2109375,3.2421875,3.1796875,3.2109375,2.0494775772094727,53435200
1994-06-30,3.234375,3.2578125,3.1875,3.2265625,2.05945086479187,40827200
1994-07-01,3.2265625,3.234375,3.1162109375,3.140625,2.0045993328094482,66622400
1994-07-05,3.1484375,3.1875,3.0625,3.0703125,1.9597207307815552,40430400
1994-07-06,3.03515625,3.0625,2.984375,3.01953125,1.9273070096969604,89254400
1994-07-07,3.03125,3.15625,2.99609375,3.1484375,2.0095856189727783,89667200
1994-07-08,3.1171875,3.1796875,3.0703125,3.09375,1.974679946899414,48945600
1994-07-11,3.1015625,3.1015625,2.984375,3.0234375,1.9298001527786255,85406400
1994-07-12,3.015625,3.015625,2.9296875,3.0,1.9148409366607666,83752000
1994-07-13,3.015625,3.09375,2.9921875,3.09375,1.974679946899414,82956800
1994-07-14,3.0859375,3.1015625,3.0234375,3.046875,1.9447603225708008,81446400
1994-07-15,3.046875,3.0859375,3.0,3.0390625,1.9397739171981812,45520000
1994-07-18,3.21875,3.234375,3.09375,3.15625,2.0145723819732666,150499200
1994-07-19,3.1640625,3.1640625,3.1015625,3.1328125,1.9996124505996704,70126400
1994-07-20,3.125,3.125,2.9921875,3.0234375,1.9298001527786255,112604800
1994-07-21,3.0390625,3.0546875,2.96875,2.984375,1.9048677682876587,85740800
1994-07-22,3.03125,3.171875,2.953125,3.16015625,2.0170650482177734,152916800
1994-07-25,3.1640625,3.2265625,3.140625,3.19921875,2.0419981479644775,51513600
1994-07-26,3.1953125,3.203125,3.109375,3.1484375,2.0095856189727783,54308800
1994-07-27,3.1484375,3.1484375,3.09375,3.09375,1.974679946899414,29291200
1994-07-28,3.09375,3.140625,3.078125,3.09375,1.974679946899414,39899200
1994-07-29,3.1171875,3.2265625,3.1015625,3.21875,2.054464101791382,67064000
1994-08-01,3.2265625,3.3515625,3.21875,3.3359375,2.129263401031494,83934400
1994-08-02,3.359375,3.4140625,3.2890625,3.30078125,2.1068227291107178,95249600
1994-08-03,3.359375,3.375,3.3203125,3.3359375,2.129263401031494,58771200
1994-08-04,3.34375,3.3515625,3.296875,3.296875,2.104330062866211,40192000
1994-08-05,3.2890625,3.3046875,3.265625,3.28125,2.0943565368652344,31204800
1994-08-08,3.2734375,3.3125,3.25,3.3125,2.1143033504486084,34537600
1994-08-09,3.3125,3.3671875,3.296875,3.34375,2.134248733520508,40198400
1994-08-10,3.34375,3.3984375,3.328125,3.3828125,2.1591827869415283,48646400
1994-08-11,3.3671875,3.5,3.3671875,3.453125,2.20406174659729,81428800
1994-08-12,3.4609375,3.4765625,3.4296875,3.453125,2.20406174659729,38088000
1994-08-15,3.46875,3.46875,3.3984375,3.40234375,2.1716489791870117,36113600
1994-08-16,3.4296875,3.4453125,3.375,3.4296875,2.1891019344329834,56779200
1994-08-17,3.4609375,3.515625,3.4453125,3.4921875,2.228994846343994,79790400
1994-08-18,3.4921875,3.5234375,3.4609375,3.46875,2.2140347957611084,61276800
1994-08-19,3.4921875,3.5,3.421875,3.4296875,2.1891019344329834,74761600
1994-08-22,3.4375,3.4375,3.40625,3.4140625,2.179129123687744,62835200
1994-08-23,3.4140625,3.5234375,3.40625,3.46875,2.2140347957611084,58363200
1994-08-24,3.46875,3.5,3.46875,3.484375,2.224008321762085,35246400
1994-08-25,3.4921875,3.546875,3.484375,3.51171875,2.2414603233337402,55174400
1994-08-26,3.5234375,3.609375,3.515625,3.5546875,2.268887519836426,60961600
1994-08-29,3.5859375,3.6328125,3.5625,3.56640625,2.2763671875,56625600
1994-08-30,3.5625,3.65625,3.5390625,3.6484375,2.328726053237915,39851200
1994-08-31,3.6484375,3.703125,3.609375,3.6328125,2.3187525272369385,60968000
1994-09-01,3.5625,3.5625,3.484375,3.5078125,2.238966464996338,115568000
1994-09-02,3.53125,3.53125,3.484375,3.5,2.233980655670166,46964800
1994-09-06,3.4921875,3.515625,3.48046875,3.5,2.233980655670166,28804800
1994-09-07,3.515625,3.61328125,3.5078125,3.5546875,2.268887519836426,43588800
1994-09-08,3.5625,3.625,3.5625,3.62109375,2.311271905899048,28377600
1994-09-09,3.5078125,3.6171875,3.4921875,3.5546875,2.268887519836426,60800000
1994-09-12,3.5703125,3.5703125,3.4921875,3.5078125,2.238966464996338,36238400
1994-09-13,3.5234375,3.6171875,3.5234375,3.59765625,2.2963123321533203,41134400
1994-09-14,3.609375,3.6328125,3.59375,3.6015625,2.298806667327881,29968000
1994-09-15,3.6015625,3.640625,3.5859375,3.640625,2.3237390518188477,40640000
1994-09-16,3.625,3.6328125,3.546875,3.5546875,2.268887519836426,52921600
1994-09-19,3.5703125,3.578125,3.5390625,3.5546875,2.268887519836426,48350400
1994-09-20,3.5546875,3.5703125,3.49609375,3.5,2.233980655670166,40276800
1994-09-21,3.51953125,3.5859375,3.4375,3.578125,2.283846855163574,82948800
1994-09-22,3.578125,3.59375,3.5390625,3.5625,2.273874282836914,44320000
1994-09-23,3.5546875,3.59375,3.5,3.5,2.233980655670166,48371200
1994-09-26,3.5,3.5,3.453125,3.47265625,2.2165277004241943,29921600
1994-09-27,3.46875,3.53125,3.4296875,3.53125,2.253926992416382,50585600
1994-09-28,3.5390625,3.59375,3.53125,3.5625,2.273874282836914,33355200
1994-09-29,3.5546875,3.578125,3.5234375,3.53125,2.253926992416382,27105600
1994-09-30,3.53125,3.59375,3.5078125,3.5078125,2.238966464996338,34608000
1994-10-03,3.5078125,3.5234375,3.46875,3.4921875,2.228994846343994,28833600
1994-10-04,3.5,3.5078125,3.4296875,3.4375,2.1940884590148926,42622400
1994-10-05,3.4296875,3.4921875,3.3828125,3.46875,2.2140347957611084,50985600
1994-10-06,3.46875,3.4921875,3.390625,3.40625,2.1741414070129395,40790400
1994-10-07,3.4140625,3.4296875,3.3671875,3.3984375,2.1691553592681885,51518400
1994-10-10,3.3984375,3.4609375,3.3984375,3.421875,2.1841158866882324,39480000
1994-10-11,3.4453125,3.5390625,3.4453125,3.48828125,2.2265007495880127,55692800
1994-10-12,3.4921875,3.53125,3.484375,3.515625,2.243954658508301,27912000
1994-10-13,3.5390625,3.609375,3.5390625,3.578125,2.283846855163574,63033600
1994-10-14,3.578125,3.5859375,3.44921875,3.49609375,2.2314870357513428,99878400
1994-10-17,3.5,3.515625,3.4375,3.4453125,2.1990742683410645,31160000
1994-10-18,3.453125,3.546875,3.44140625,3.5390625,2.258913040161133,52686400
1994-10-19,3.5390625,3.625,3.515625,3.6015625,2.298806667327881,59488000
1994-10-20,3.640625,3.7421875,3.6171875,3.7265625,2.378591775894165,136558400
1994-10-21,3.703125,3.7265625,3.6484375,3.7109375,2.368617296218872,67099200
1994-10-24,3.71875,3.71875,3.6484375,3.6796875,2.3486716747283936,57145600
1994-10-25,3.671875,3.734375,3.6484375,3.73046875,2.381084442138672,44780800
1994-10-26,3.7421875,3.8203125,3.734375,3.8125,2.433443307876587,97904000
1994-10-27,3.8203125,3.8515625,3.796875,3.8515625,2.458376407623291,41238400
1994-10-28,3.8515625,3.8984375,3.8359375,3.8828125,2.478322982788086,58414400
1994-10-31,3.890625,3.984375,3.875,3.9375,2.5132288932800293,59932800
1994-11-01,3.921875,3.9296875,3.8828125,3.921875,2.5032551288604736,39624000
1994-11-02,3.921875,4.0078125,3.90625,3.9375,2.5132288932800293,61408000
1994-11-03,3.9375,3.953125,3.8984375,3.9140625,2.4982688426971436,63441600
1994-11-04,3.9140625,3.9453125,3.83203125,3.84375,2.4533896446228027,46947200
1994-11-07,3.84375,3.875,3.8046875,3.8671875,2.468348741531372,47094400
1994-11-08,3.8671875,3.9921875,3.85546875,3.9765625,2.5381617546081543,43328000
1994-11-09,4.015625,4.0390625,3.9453125,3.984375,2.543147563934326,60206400
1994-11-10,3.96875,4.0234375,3.96875,3.98046875,2.5406556129455566,24689600
1994-11-11,3.890625,3.91796875,3.796875,3.890625,2.483309030532837,132899200
1994-11-14,3.921875,4.03125,3.921875,4.03125,2.5730674266815186,48934400
1994-11-15,4.03125,4.0703125,4.015625,4.03515625,2.5755603313446045,52544000
1994-11-16,4.046875,4.0546875,4.03125,4.0390625,2.5780537128448486,30196800
1994-11-17,4.0390625,4.046875,3.9921875,4.015625,2.563094139099121,33232000
1994-11-18,4.0078125,4.046875,4.0,4.0078125,2.55810809135437,25694400
1994-11-21,4.03125,4.046875,3.9609375,3.96875,2.533174991607666,35560000
1994-11-22,3.953125,3.9921875,3.8671875,3.875,2.4733359813690186,56358400
1994-11-23,3.8515625,3.87890625,3.81640625,3.84375,2.4533896446228027,87507200
1994-11-25,3.859375,3.8984375,3.8515625,3.890625,2.483309030532837,12563200
1994-11-28,3.90625,3.96875,3.890625,3.9609375,2.5281879901885986,43449600
1994-11-29,3.9765625,4.0234375,3.96875,4.0078125,2.55810809135437,37673600
1994-11-30,4.015625,4.015625,3.921875,3.9296875,2.508241653442383,40934400
1994-12-01,3.9140625,3.962890625,3.90625,3.91015625,2.4957754611968994,43096000
1994-12-02,3.921875,3.953125,3.875,3.953125,2.5232017040252686,37715200
1994-12-05,3.9609375,4.015625,3.9453125,3.95703125,2.525693655014038,38166400
1994-12-06,3.953125,4.0078125,3.9375,3.9609375,2.5281879901885986,38830400
1994-12-07,3.96875,3.9921875,3.9375,3.9375,2.5132288932800293,36744000
1994-12-08,3.9453125,3.984375,3.890625,3.90625,2.4932827949523926,41934400
1994-12-09,3.90625,3.953125,3.890625,3.9453125,2.5182154178619385,79956800
1994-12-12,3.9453125,3.96875,3.8515625,3.9453125,2.5182154178619385,65313600
1994-12-13,3.9609375,3.96875,3.890625,3.921875,2.5032551288604736,30219200
1994-12-14,3.90625,3.9765625,3.90625,3.953125,2.5232017040252686,33641600
1994-12-15,3.9609375,4.0078125,3.9375,3.96875,2.533174991607666,28854400
1994-12-16,3.9765625,4.015625,3.9501953125,3.9609375,2.5281879901885986,54020800
1994-12-19,3.9609375,3.9765625,3.90625,3.9140625,2.4982688426971436,31507200
1994-12-20,3.9140625,3.921875,3.671875,3.7421875,2.388563632965088,253456000
1994-12-21,3.765625,3.8515625,3.7578125,3.84375,2.4533896446228027,69395200
1994-12-22,3.84375,3.875,3.765625,3.7890625,2.4184842109680176,57355200
1994-12-23,3.7890625,3.8359375,3.7734375,3.8046875,2.428457260131836,19486400
1994-12-27,3.8125,3.8515625,3.7890625,3.796875,2.4234702587127686,20566400
1994-12-28,3.796875,3.8125,3.75,3.8125,2.433443307876587,34961600
1994-12-29,3.8046875,3.8671875,3.7890625,3.86328125,2.465855836868286,23446400
1994-12-30,3.8671875,3.8671875,3.8203125,3.8203125,2.4384303092956543,20686400
1995-01-03,3.84375,3.84375,3.7578125,3.76171875,2.4010303020477295,39545600
1995-01-04,3.765625,3.796875,3.71875,3.7890625,2.4184842109680176,51611200
1995-01-05,3.8046875,3.8125,3.7109375,3.7265625,2.378591775894165,39824000
1995-01-06,3.7421875,3.828125,3.734375,3.7890625,2.4184842109680176,46681600
1995-01-09,3.8046875,3.8125,3.734375,3.765625,2.40352463722229,46000000
1995-01-10,3.7890625,3.84375,3.78125,3.8125,2.433443307876587,42184000
1995-01-11,3.8203125,3.859375,3.796875,3.8359375,2.4484035968780518,31512000
1995-01-12,3.828125,3.8828125,3.8125,3.828125,2.4434168338775635,26996800
1995-01-13,3.875,3.9375,3.8671875,3.921875,2.5032551288604736,41307200
1995-01-16,3.953125,4.03125,3.9375,4.0078125,2.55810809135437,74648000
1995-01-17,4.046875,4.0703125,4.0234375,4.0390625,2.5780537128448486,73932800
1995-01-18,4.0546875,4.078125,4.015625,4.06640625,2.595506429672241,50504000
1995-01-19,4.03125,4.0625,3.96484375,3.96875,2.533174991607666,67108800
1995-01-20,3.9296875,3.96875,3.828125,3.8515625,2.458376407623291,82388800
1995-01-23,3.8125,3.9375,3.78125,3.92578125,2.5057482719421387,53843200
1995-01-24,3.9375,3.9453125,3.875,3.8759765625,2.473958969116211,36739200
1995-01-25,3.8515625,3.890625,3.8125,3.859375,2.4633634090423584,52459200
1995-01-26,3.8046875,3.8125,3.734375,3.7421875,2.388563632965088,80836800
1995-01-27,3.7578125,3.765625,3.734375,3.7421875,2.388563632965088,58376000
1995-01-30,3.7578125,3.7578125,3.6796875,3.6875,2.3536581993103027,55164800
1995-01-31,3.6953125,3.734375,3.640625,3.7109375,2.368617296218872,59945600
1995-02-01,3.7109375,3.796875,3.6865234375,3.6953125,2.358645439147949,66705600
1995-02-02,3.671875,3.7109375,3.6484375,3.6875,2.3536581993103027,46312000
1995-02-03,3.71875,3.78125,3.703125,3.7578125,2.3985378742218018,60332800
1995-02-06,3.7578125,3.8203125,3.7578125,3.8046875,2.428457260131836,48345600
1995-02-07,3.796875,3.8203125,3.7890625,3.8125,2.433443307876587,33152000
1995-02-08,3.828125,3.875,3.8125,3.8671875,2.468348741531372,49150400
1995-02-09,3.8828125,3.90625,3.859375,3.8671875,2.468348741531372,42398400
1995-02-10,3.875,3.9140625,3.84375,3.875,2.4733359813690186,49862400
1995-02-13,3.875,3.921875,3.8515625,3.875,2.4733359813690186,38160000
1995-02-14,3.8828125,3.890625,3.84375,3.8671875,2.468348741531372,31121600
1995-02-15,3.7578125,3.8359375,3.7265625,3.796875,2.4234702587127686,147001600
1995-02-16,3.8046875,3.8203125,3.765625,3.8046875,2.428457260131836,56744000
1995-02-17,3.796875,3.8046875,3.765625,3.7734375,2.408510684967041,37824000
1995-02-21,3.78125,3.796875,3.71875,3.734375,2.383577346801758,55392000
1995-02-22,3.734375,3.875,3.7265625,3.84375,2.4533896446228027,60902400
1995-02-23,3.828125,3.8828125,3.8125,3.8515625,2.458376407623291,59939200
1995-02-24,3.8359375,3.8671875,3.828125,3.828125,2.4434168338775635,34177600
1995-02-27,3.8359375,3.875,3.8203125,3.859375,2.4633634090423584,28592000
1995-02-28,3.8671875,3.953125,3.859375,3.9375,2.5132288932800293,52544000
1995-03-01,3.9453125,4.0,3.921875,3.953125,2.5232017040252686,52032000
1995-03-02,3.953125,3.984375,3.9453125,3.984375,2.543147563934326,26038400
1995-03-03,3.9765625,3.9921875,3.9453125,3.9765625,2.5381617546081543,31776000
1995-03-06,3.953125,4.0234375,3.9296875,4.01953125,2.5655875205993652,45156800
1995-03-07,4.0234375,4.1259765625,4.015625,4.083984375,2.6067261695861816,91750400
1995-03-08,4.109375,4.2890625,4.109375,4.28125,2.7326371669769287,140096000
1995-03-09,4.28125,4.296875,4.1796875,4.2421875,2.707704782485962,58238400
1995-03-10,4.2421875,4.296875,4.15625,4.28515625,2.735130786895752,44324800
1995-03-13,4.2890625,4.35546875,4.265625,4.3125,2.7525827884674072,34550400
1995-03-14,4.3359375,4.5,4.328125,4.484375,2.862288236618042,78643200
1995-03-15,4.484375,4.4921875,4.3984375,4.40625,2.812422752380371,57294400
1995-03-16,4.375,4.40625,4.3515625,4.3828125,2.7974634170532227,47510400
1995-03-17,4.40625,4.484375,4.3671875,4.37109375,2.789982795715332,59868800
1995-03-20,4.3828125,4.46875,4.375,4.4453125,2.8373546600341797,37772800
1995-03-21,4.453125,4.46875,4.3984375,4.40234375,2.8099286556243896,74772800
1995-03-22,4.40625,4.4375,4.3671875,4.43359375,2.829875946044922,52464000
1995-03-23,4.4609375,4.578125,4.453125,4.546875,2.9021806716918945,105286400
1995-03-24,4.578125,4.6328125,4.5703125,4.6171875,2.947059392929077,65683200
1995-03-27,4.546875,4.6171875,4.5390625,4.5625,2.912153482437134,61008000
1995-03-28,4.5546875,4.625,4.5546875,4.6015625,2.937087059020996,47603200
1995-03-29,4.6015625,4.625,4.50390625,4.515625,2.8822338581085205,65763200
1995-03-30,4.53125,4.546875,4.3984375,4.5078125,2.8772478103637695,75011200
1995-03-31,4.484375,4.5078125,4.40625,4.4453125,2.8373546600341797,63080000
1995-04-03,4.4375,4.4609375,4.34375,4.375,2.7924752235412598,65617600
1995-04-04,4.390625,4.46875,4.359375,4.3671875,2.787489652633667,66689600
1995-04-05,4.3671875,4.4140625,4.296875,4.4140625,2.817409038543701,65792000
1995-04-06,4.4140625,4.4296875,4.33984375,4.375,2.7924752235412598,35414400
1995-04-07,4.390625,4.421875,4.34375,4.3515625,2.777517080307007,43148800
1995-04-10,4.34375,4.453125,4.3359375,4.43359375,2.829875946044922,43169600
1995-04-11,4.4765625,4.5087890625,4.4453125,4.5078125,2.8772478103637695,43624000
1995-04-12,4.5078125,4.578125,4.421875,4.4765625,2.8573014736175537,40430400
1995-04-13,4.484375,4.53125,4.4453125,4.53125,2.892206907272339,32814400
1995-04-17,4.71875,4.8828125,4.71875,4.8359375,3.086683750152588,187913600
1995-04-18,4.8359375,4.84375,4.75,4.796875,3.06174898147583,75609600
1995-04-19,4.7890625,4.8125,4.71875,4.7578125,3.0368173122406006,59163200
1995-04-20,4.78125,4.8046875,4.625,4.703125,3.0019116401672363,83913600
1995-04-21,4.7265625,4.7421875,4.6796875,4.6875,2.991938829421997,53555200
1995-04-24,4.7109375,4.8603515625,4.6953125,4.859375,3.1016433238983154,68089600
1995-04-25,4.8515625,5.0078125,4.8515625,5.0,3.1914000511169434,69371200
1995-04-26,4.984375,5.015625,4.9453125,4.9765625,3.1764423847198486,44305600
1995-04-27,4.9765625,5.03125,4.7734375,4.9140625,3.136549711227417,128844800
1995-04-28,4.9296875,5.1328125,4.9140625,5.109375,3.261214017868042,92104000
1995-05-01,5.1171875,5.234375,5.109375,5.1328125,3.276172637939453,65550400
1995-05-02,5.1328125,5.140625,4.96875,4.97265625,3.173948049545288,78099200
1995-05-03,5.015625,5.0625,5.015625,5.0546875,3.2263076305389404,61566400
1995-05-04,5.09375,5.203125,5.0625,5.09375,3.251239061355591,66524800
1995-05-05,5.0859375,5.1015625,4.9921875,5.0,3.1914000511169434,43707200
1995-05-08,4.9921875,5.0234375,4.9453125,4.9921875,3.1864163875579834,43988800
1995-05-09,5.0,5.0234375,4.9453125,4.98828125,3.1839215755462646,36748800
1995-05-10,5.0078125,5.0234375,4.9296875,4.953125,3.1614811420440674,38688000
1995-05-11,4.9453125,5.09375,4.9375,5.0859375,3.2462544441223145,38673600
1995-05-12,5.0859375,5.140625,5.0234375,5.046875,3.221320152282715,36192000
1995-05-15,5.0390625,5.125,4.9921875,5.08203125,3.243760108947754,35232000
1995-05-16,5.09375,5.3134765625,5.09375,5.3046875,3.3858773708343506,86708800
1995-05-17,5.328125,5.4296875,5.3203125,5.375,3.4307570457458496,66515200
1995-05-18,5.3515625,5.421875,5.2890625,5.2890625,3.375903367996216,58326400
1995-05-19,5.265625,5.34375,5.25,5.3359375,3.405822515487671,45190400
1995-05-22,5.3359375,5.46875,5.25,5.453125,3.480621814727783,91382400
1995-05-23,5.46875,5.53125,5.376953125,5.53125,3.530487060546875,55516800
1995-05-24,5.5703125,5.59375,5.4375,5.46875,3.4905970096588135,68684800
1995-05-25,5.4921875,5.5859375,5.4453125,5.578125,3.5604069232940674,43440000
1995-05-26,5.57421875,5.578125,5.4375,5.46875,3.4905970096588135,52934400
1995-05-30,5.5,5.5234375,5.1640625,5.1875,3.3110783100128174,99612800
1995-05-31,5.203125,5.296875,5.0625,5.29296875,3.3783977031707764,119756800
1995-06-01,5.3125,5.3515625,5.2421875,5.2578125,3.3559582233428955,61153600
1995-06-02,5.234375,5.2578125,5.1640625,5.1953125,3.316065549850464,55556800
1995-06-05,5.1640625,5.3359375,5.109375,5.296875,3.3808913230895996,55852800
1995-06-06,5.3046875,5.3759765625,5.1953125,5.1953125,3.316065549850464,49036800
1995-06-07,5.1796875,5.296875,5.1328125,5.25,3.3509724140167236,64590400
1995-06-08,5.2578125,5.2890625,5.2265625,5.2578125,3.3559582233428955,29320000
1995-06-09,5.234375,5.3671875,5.1640625,5.3046875,3.3858773708343506,81214400
1995-06-12,5.2890625,5.296875,5.203125,5.234375,3.3409974575042725,45832000
1995-06-13,5.2578125,5.296875,5.2109375,5.2421875,3.3459839820861816,37691200
1995-06-14,5.2109375,5.2578125,5.171875,5.23828125,3.3434906005859375,43096000
1995-06-15,5.25,5.3125,5.2421875,5.3046875,3.3858773708343506,43912000
1995-06-16,5.3125,5.46875,5.3046875,5.4375,3.4706497192382812,92278400
1995-06-19,5.453125,5.6181640625,5.4296875,5.61328125,3.58284592628479,78982400
1995-06-20,5.6484375,5.7109375,5.609375,5.7109375,3.64517879486084,56670400
1995-06-21,5.7421875,5.7734375,5.625,5.65625,3.610271692276001,57224000
1995-06-22,5.6640625,5.75,5.6640625,5.7421875,3.665125608444214,46296000
1995-06-23,5.671875,5.76171875,5.640625,5.6953125,3.635204792022705,46356800
1995-06-26,5.6875,5.6953125,5.59375,5.609375,3.5803544521331787,41048000
1995-06-27,5.59375,5.65625,5.421875,5.4296875,3.4656622409820557,66004800
1995-06-28,5.421875,5.5625,5.3046875,5.4921875,3.505554437637329,107286400
1995-06-29,5.5,5.609375,5.5,5.5859375,3.5653929710388184,57643200
1995-06-30,5.6015625,5.6875,5.6015625,5.6484375,3.605285406112671,53342400
1995-07-03,5.6796875,5.6953125,5.6484375,5.68359375,3.627725601196289,16763200
1995-07-05,5.7265625,5.75,5.6484375,5.66796875,3.617750883102417,48547200
1995-07-06,5.6640625,5.8125,5.6484375,5.796875,3.700031042098999,47070400
1995-07-07,5.8046875,5.9765625,5.796875,5.9765625,3.8147215843200684,66699200
1995-07-10,6.0,6.234375,5.984375,6.1796875,3.944371223449707,111982400
1995-07-11,6.1875,6.1953125,6.03125,6.03125,3.8496272563934326,78227200
1995-07-12,6.046875,6.25,6.046875,6.2421875,3.984264612197876,94675200
1995-07-13,6.2578125,6.34375,6.1328125,6.2578125,3.9942398071289062,84811200
1995-07-14,6.140625,6.4765625,6.125,6.4765625,4.133862018585205,89905600
1995-07-17,6.734375,6.828125,6.65625,6.8125,4.348282814025879,155830400
1995-07-18,6.6875,6.6953125,6.328125,6.3671875,4.064048767089844,289624000
1995-07-19,6.0625,6.171875,5.53125,5.90625,3.7698421478271484,305092800
1995-07-20,5.953125,6.0859375,5.875,6.0078125,3.8346681594848633,177848000
1995-07-21,5.875,6.0,5.734375,5.75,3.6701126098632812,169257600
1995-07-24,5.7890625,5.859375,5.7578125,5.8515625,3.7349367141723633,94811200
1995-07-25,5.96875,6.1015625,5.9375,6.0234375,3.8446412086486816,109422400
1995-07-26,6.1015625,6.1328125,5.9296875,6.0,3.829681873321533,77470400
1995-07-27,6.03125,6.1015625,6.015625,6.03125,3.8496272563934326,52916800
1995-07-28,6.0,6.0,5.75,5.7890625,3.695045232772827,158468800
1995-07-31,5.8203125,5.84375,5.625,5.65625,3.610271692276001,101435200
1995-08-01,5.671875,5.6806640625,5.4921875,5.59375,3.570380687713623,166144000
1995-08-02,5.6875,5.7890625,5.5,5.5625,3.55043363571167,129804800
1995-08-03,5.5,5.7109375,5.46875,5.6953125,3.635204792022705,113536000
1995-08-04,5.7109375,5.8671875,5.703125,5.8671875,3.7449100017547607,77705600
1995-08-07,5.90625,5.96875,5.734375,5.8515625,3.7349367141723633,64273600
1995-08-08,5.8828125,5.9296875,5.8359375,5.84375,3.729949712753296,43913600
1995-08-09,6.109375,6.1328125,6.0,6.03125,3.8496272563934326,144384000
1995-08-10,6.0625,6.0703125,5.8671875,5.8828125,3.754883050918579,71883200
1995-08-11,5.921875,6.0390625,5.7578125,6.03125,3.8496272563934326,97195200
1995-08-14,6.0546875,6.203125,5.984375,6.171875,3.9393863677978516,88872000
1995-08-15,6.203125,6.2109375,6.0546875,6.1484375,3.924426555633545,63267200
1995-08-16,6.1484375,6.1796875,6.0703125,6.171875,3.9393863677978516,38118400
1995-08-17,6.1796875,6.296875,6.1650390625,6.1953125,3.954345464706421,74564800
1995-08-18,6.23046875,6.234375,6.0625,6.0703125,3.874560832977295,77502400
1995-08-21,6.09375,6.140625,5.8984375,5.90625,3.7698421478271484,110491200
1995-08-22,5.9453125,6.2109375,5.8984375,6.20703125,3.9618241786956787,94320000
1995-08-23,6.25,6.28125,6.09375,6.1171875,3.9044785499572754,111188800
1995-08-24,6.1328125,6.1328125,5.96875,6.0078125,3.8346681594848633,95275200
1995-08-25,6.0234375,6.046875,5.8984375,5.8984375,3.7648556232452393,73489600
1995-08-28,5.8984375,5.8984375,5.6171875,5.62890625,3.5928194522857666,112622400
1995-08-29,5.6328125,5.7421875,5.4375,5.7421875,3.665125608444214,163929600
1995-08-30,5.8046875,5.859375,5.71875,5.828125,3.719977378845215,79499200
1995-08-31,5.8359375,5.875,5.71875,5.78125,3.6900579929351807,38764800
1995-09-01,5.734375,5.75,5.5859375,5.609375,3.5803544521331787,80262400
1995-09-05,5.6796875,5.9453125,5.640625,5.9375,3.7897889614105225,92052800
1995-09-06,5.953125,6.03125,5.8125,5.84375,3.729949712753296,100265600
1995-09-07,5.890625,6.0390625,5.828125,5.9140625,3.7748289108276367,93932800
1995-09-08,5.859375,5.9765625,5.828125,5.96875,3.8097355365753174,64417600
1995-09-11,5.9609375,6.1171875,5.9375,6.1015625,3.894505500793457,77408000
1995-09-12,6.109375,6.109375,5.9765625,6.015625,3.8396546840667725,71155200
1995-09-13,6.0078125,6.0625,5.9453125,6.0078125,3.8346681594848633,61208000
1995-09-14,6.0078125,6.03125,5.921875,5.9296875,3.784801959991455,54230400
1995-09-15,5.921875,5.9609375,5.78125,5.83984375,3.727457284927368,88316800
1995-09-18,5.828125,5.8359375,5.6796875,5.75,3.6701126098632812,76827200
1995-09-19,5.75,5.90625,5.71875,5.83203125,3.722470283508301,58011200
1995-09-20,5.84375,5.9140625,5.7890625,5.8203125,3.7149908542633057,44652800
1995-09-21,5.703125,5.81640625,5.65625,5.6640625,3.6152594089508057,83836800
1995-09-22,5.6171875,5.671875,5.5625,5.609375,3.5803544521331787,99899200
1995-09-25,5.65625,5.6640625,5.53125,5.6396484375,3.599677085876465,57878400
1995-09-26,5.6484375,5.7421875,5.5078125,5.515625,3.5205142498016357,76548800
1995-09-27,5.5,5.546875,5.2109375,5.5390625,3.5354743003845215,140756800
1995-09-28,5.5625,5.71875,5.5546875,5.71875,3.6501646041870117,105510400
1995-09-29,5.7265625,5.796875,5.62890625,5.65625,3.610271692276001,95158400
1995-10-02,5.65625,5.6796875,5.5078125,5.515625,3.5205142498016357,67731200
1995-10-03,5.5078125,5.578125,5.453125,5.5546875,3.545447587966919,80736000
1995-10-04,5.5078125,5.5078125,5.34375,5.3828125,3.4357423782348633,73473600
1995-10-05,5.375,5.46875,5.3125,5.46875,3.4905970096588135,101289600
1995-10-06,5.46875,5.5625,5.34375,5.3671875,3.425769805908203,76616000
1995-10-09,5.3046875,5.359375,5.171875,5.1953125,3.316065549850464,108614400
1995-10-10,5.078125,5.2578125,5.0234375,5.234375,3.3409974575042725,157644800
1995-10-11,5.3671875,5.4609375,5.3125,5.4140625,3.455688238143921,107009600
1995-10-12,5.4375,5.5078125,5.4140625,5.4765625,3.4955806732177734,78700800
1995-10-13,5.53125,5.546875,5.375,5.390625,3.4407293796539307,68644800
1995-10-16,5.359375,5.4609375,5.34375,5.421875,3.460676431655884,61067200
1995-10-17,5.453125,5.71875,5.421875,5.6953125,3.635204792022705,123140800
1995-10-18,6.140625,6.1640625,5.9296875,5.9765625,3.8147215843200684,294329600
1995-10-19,5.953125,6.0625,5.921875,6.046875,3.859600305557251,95840000
1995-10-20,6.03125,6.0546875,5.9296875,5.96875,3.8097355365753174,79984000
1995-10-23,5.9375,6.0703125,5.90625,6.0234375,3.8446412086486816,93473600
1995-10-24,6.0234375,6.1328125,6.0234375,6.09375,3.8895206451416016,68681600
1995-10-25,6.1015625,6.109375,5.9921875,5.9921875,3.824694871902466,60211200
1995-10-26,5.984375,6.1328125,5.9609375,6.125,3.9094653129577637,82841600
1995-10-27,6.09375,6.2587890625,6.0859375,6.25,3.989250898361206,130683200
1995-10-30,6.203125,6.4609375,6.15625,6.421875,4.098955154418945,125464000
1995-10-31,6.4375,6.4609375,6.234375,6.25,3.989250898361206,91958400
1995-11-01,6.2578125,6.3125,6.140625,6.1484375,3.924426555633545,72819200
1995-11-02,6.1640625,6.2734375,6.140625,6.25,3.989250898361206,63504000
1995-11-03,6.25,6.2578125,6.171875,6.21875,3.9693055152893066,40635200
1995-11-06,6.0625,6.1796875,6.0546875,6.0859375,3.8845319747924805,87729600
1995-11-07,6.03125,6.0859375,5.8046875,5.8125,3.710003137588501,115921600
1995-11-08,5.8671875,5.96875,5.8359375,5.953125,3.799762487411499,71280000
1995-11-09,6.03125,6.1884765625,6.0,6.1875,3.949359893798828,99814400
1995-11-10,6.15625,6.1875,6.0380859375,6.0546875,3.86458683013916,60819200
1995-11-13,6.0390625,6.078125,6.00390625,6.01953125,3.842148780822754,59003200
1995-11-14,5.9921875,6.0,5.8671875,5.875,3.749897003173828,75657600
1995-11-15,5.8984375,5.9140625,5.7421875,5.875,3.749897003173828,108686400
1995-11-16,5.65625,5.740234375,5.6015625,5.6171875,3.585340738296509,195126400
1995-11-17,5.625,5.6640625,5.4609375,5.4609375,3.4856085777282715,143803200
1995-11-20,5.5234375,5.5859375,5.359375,5.375,3.4307570457458496,115296000
1995-11-21,5.3671875,5.546875,5.265625,5.5,3.5105416774749756,130163200
1995-11-22,5.5234375,5.59375,5.453125,5.4609375,3.4856085777282715,65428800
1995-11-24,5.4765625,5.515625,5.4609375,5.5,3.5105416774749756,15014400
1995-11-27,5.5390625,5.59375,5.4462890625,5.453125,3.480621814727783,79100800
1995-11-28,5.4375,5.71875,5.40625,5.71875,3.6501646041870117,86537600
1995-11-29,5.7421875,5.78125,5.578125,5.609375,3.5803544521331787,91067200
1995-11-30,5.59375,5.609375,5.4296875,5.4453125,3.4756357669830322,93512000
1995-12-01,5.4453125,5.4921875,5.3671875,5.390625,3.4407293796539307,96124800
1995-12-04,5.3828125,5.6015625,5.328125,5.4921875,3.505554437637329,130436800
1995-12-05,5.4921875,5.5078125,5.3203125,5.375,3.4307570457458496,104528000
1995-12-06,5.3828125,5.6875,5.375,5.6640625,3.6152594089508057,145272000
1995-12-07,5.6953125,5.75,5.5537109375,5.65625,3.610271692276001,132876800
1995-12-08,5.7890625,5.9140625,5.7646484375,5.90625,3.7698421478271484,147041600
1995-12-11,5.90625,5.921875,5.8125,5.8203125,3.7149908542633057,61924800
1995-12-12,5.8125,5.8203125,5.6953125,5.7109375,3.64517879486084,44739200
1995-12-13,5.6953125,5.7578125,5.65625,5.734375,3.6601388454437256,39577600
1995-12-14,5.765625,5.84375,5.5390625,5.546875,3.5404605865478516,92822400
1995-12-15,5.5703125,5.609375,5.453125,5.5234375,3.525500535964966,115470400
1995-12-18,5.5234375,5.5625,5.3359375,5.4375,3.4706497192382812,99460800
1995-12-19,5.4609375,5.6884765625,5.4609375,5.6796875,3.625232219696045,84340800
1995-12-20,5.6953125,5.7109375,5.4375,5.4453125,3.4756357669830322,84980800
1995-12-21,5.484375,5.625,5.4609375,5.625,3.5903267860412598,60593600
1995-12-22,5.6328125,5.6796875,5.5703125,5.65625,3.610271692276001,36057600
1995-12-26,5.640625,5.703125,5.6171875,5.640625,3.600299596786499,34707200
1995-12-27,5.6484375,5.6640625,5.5234375,5.5546875,3.545447587966919,40539200
1995-12-28,5.515625,5.53125,5.453125,5.4609375,3.4856085777282715,49777600
1995-12-29,5.453125,5.546875,5.390625,5.484375,3.5005688667297363,52342400
1996-01-02,5.4921875,5.609375,5.4609375,5.609375,3.5803544521331787,57779200
1996-01-03,5.5703125,5.6328125,5.421875,5.4296875,3.4656622409820557,62857600
1996-01-04,5.453125,5.46875,5.3046875,5.4609375,3.4856085777282715,102353600
1996-01-05,5.390625,5.4765625,5.3828125,5.3984375,3.44571590423584,62083200
1996-01-08,5.40625,5.4765625,5.3828125,5.390625,3.4407293796539307,11377600
1996-01-09,5.375,5.375,4.9921875,5.01171875,3.1988799571990967,177424000
1996-01-10,5.03125,5.203125,5.0302734375,5.1484375,3.2861454486846924,181571200
1996-01-11,5.21875,5.4296875,5.1953125,5.4140625,3.455688238143921,116617600
1996-01-12,5.40625,5.4296875,5.2421875,5.359375,3.420783758163452,80544000
1996-01-15,5.3671875,5.3671875,5.1171875,5.15625,3.2911324501037598,84572800
1996-01-16,5.2265625,5.4052734375,5.203125,5.3984375,3.44571590423584,122006400
1996-01-17,5.296875,5.46875,5.2890625,5.3046875,3.3858773708343506,143078400
1996-01-18,5.34375,5.5546875,5.3125,5.4765625,3.4955806732177734,121331200
1996-01-19,5.640625,5.828125,5.6015625,5.7421875,3.665125608444214,227440000
1996-01-22,5.7265625,5.796875,5.6796875,5.75,3.6701126098632812,82643200
1996-01-23,5.7109375,5.734375,5.578125,5.59375,3.570380687713623,66473600
1996-01-24,5.6171875,5.78125,5.59375,5.703125,3.6401913166046143,92217600
1996-01-25,5.7109375,5.7265625,5.5625,5.5859375,3.5653929710388184,59881600
1996-01-26,5.5703125,5.6796875,5.5625,5.65625,3.610271692276001,50881600
1996-01-29,5.671875,5.703125,5.5849609375,5.6484375,3.605285406112671,39587200
1996-01-30,5.6796875,5.7109375,5.6640625,5.67578125,3.6227381229400635,45120000
1996-01-31,5.671875,5.7890625,5.6328125,5.78125,3.6900579929351807,68774400
1996-02-01,5.765625,5.890625,5.75,5.8828125,3.754883050918579,78587200
1996-02-02,5.875,5.8828125,5.7578125,5.8125,3.710003137588501,44686400
1996-02-05,5.796875,6.078125,5.796875,6.0703125,3.874560832977295,126480000
1996-02-06,6.03125,6.09375,5.9765625,6.03125,3.8496272563934326,98158400
1996-02-07,6.0,6.0703125,5.9677734375,6.0546875,3.86458683013916,65555200
1996-02-08,6.0390625,6.21875,5.96875,6.1796875,3.944371223449707,103924800
1996-02-09,6.171875,6.265625,6.15625,6.2578125,3.9942398071289062,122832000
1996-02-12,6.234375,6.3203125,6.1953125,6.21875,3.9693055152893066,87779200
1996-02-13,6.109375,6.265625,6.09375,6.2265625,3.9742915630340576,114513600
1996-02-14,6.2578125,6.2578125,6.1484375,6.171875,3.9393863677978516,80212800
1996-02-15,6.15625,6.1953125,6.109375,6.15625,3.9294135570526123,52195200
1996-02-16,6.171875,6.203125,6.1171875,6.1171875,3.9044785499572754,62206400
1996-02-20,6.078125,6.15625,6.0546875,6.109375,3.8994932174682617,64182400
1996-02-21,6.109375,6.2578125,6.09375,6.2421875,3.984264612197876,80046400
1996-02-22,6.25,6.4140625,6.25,6.40625,4.088981628417969,106500800
1996-02-23,6.4140625,6.4765625,6.3671875,6.46875,4.128874778747559,102640000
1996-02-26,6.4375,6.453125,6.28125,6.2890625,4.014184951782227,63696000
1996-02-27,6.296875,6.30078125,6.2333984375,6.2578125,3.9942398071289062,60958400
1996-02-28,6.296875,6.375,6.2421875,6.2578125,3.9942398071289062,60051200
1996-02-29,6.1875,6.2578125,6.16015625,6.16796875,3.9368927478790283,61723200
1996-03-01,6.1484375,6.1640625,5.9140625,5.96875,3.8097355365753174,157652800
1996-03-04,6.0,6.0859375,5.96875,6.015625,3.8396546840667725,72564800
1996-03-05,6.0,6.1416015625,5.984375,6.1328125,3.9144539833068848,57369600
1996-03-06,6.140625,6.1796875,6.0625,6.0625,3.869574546813965,44256000
1996-03-07,6.0703125,6.1015625,6.0390625,6.08203125,3.882040023803711,44291200
1996-03-08,5.96875,6.09375,5.921875,5.9453125,3.7947752475738525,108524800
1996-03-11,5.9453125,6.0390625,5.9453125,6.03125,3.8496272563934326,74592000
1996-03-12,6.015625,6.0390625,5.921875,5.984375,3.8197083473205566,76888000
1996-03-13,6.1396484375,6.3125,6.109375,6.3046875,4.02415657043457,156710400
1996-03-14,6.3203125,6.3671875,6.2265625,6.2265625,3.9742915630340576,60640000
1996-03-15,6.25,6.4453125,6.2265625,6.3984375,4.083996295928955,121721600
1996-03-18,6.3984375,6.6171875,6.3984375,6.578125,4.198686599731445,119472000
1996-03-19,6.6484375,6.69140625,6.546875,6.6796875,4.2635111808776855,92491200
1996-03-20,6.640625,6.6640625,6.4833984375,6.5390625,4.173752784729004,92944000
1996-03-21,6.515625,6.5234375,6.28125,6.296875,4.019171237945557,66313600
1996-03-22,6.3203125,6.33984375,6.234375,6.3203125,4.034130096435547,48046400
1996-03-25,6.34375,6.3984375,6.17578125,6.2421875,3.984264612197876,63379200
1996-03-26,6.2109375,6.4296875,6.171875,6.421875,4.098955154418945,79899200
1996-03-27,6.453125,6.5,6.3203125,6.40625,4.088981628417969,52729600
1996-03-28,6.3671875,6.46875,6.3203125,6.390625,4.079010486602783,54955200
1996-03-29,6.3984375,6.5078125,6.3828125,6.4453125,4.11391544342041,53508800
1996-04-01,6.4462890625,6.46875,6.3828125,6.421875,4.098955154418945,31692800
1996-04-02,6.421875,6.5625,6.4140625,6.5390625,4.173752784729004,54396800
1996-04-03,6.5078125,6.5703125,6.4609375,6.53125,4.168766498565674,46072000
1996-04-04,6.5390625,6.5546875,6.46875,6.5234375,4.163780689239502,28961600
1996-04-08,6.40625,6.4921875,6.3671875,6.484375,4.138849258422852,73753600
1996-04-09,6.5,6.5,6.34375,6.3515625,4.054076671600342,66942400
1996-04-10,6.34375,6.4375,6.328125,6.3515625,4.054076671600342,51910400
1996-04-11,6.34375,6.3984375,6.2265625,6.3203125,4.034130096435547,62465600
1996-04-12,6.3203125,6.3515625,6.28125,6.3203125,4.034130096435547,33737600
1996-04-15,6.3125,6.4765625,6.3125,6.4697265625,4.129496097564697,50102400
1996-04-16,6.515625,6.59375,6.5,6.578125,4.198686599731445,80116800
1996-04-17,6.578125,6.625,6.51953125,6.62109375,4.226114273071289,62630400
1996-04-18,6.625,6.828125,6.59375,6.8125,4.348282814025879,133958400
1996-04-19,6.9765625,7.0078125,6.84375,6.859375,4.378203868865967,169492800
1996-04-22,6.90625,7.0859375,6.890625,7.046875,4.497880935668945,92758400
1996-04-23,7.046875,7.078125,6.9609375,7.0390625,4.492894172668457,57139200
1996-04-24,7.0625,7.0703125,6.953125,6.96875,4.44801664352417,69251200
1996-04-25,6.96875,7.109375,6.890625,7.046875,4.497880935668945,63896000
1996-04-26,7.046875,7.1171875,7.0234375,7.09375,4.527801036834717,54296000
1996-04-29,7.0859375,7.09375,7.0,7.0390625,4.492894172668457,34267200
1996-04-30,7.0390625,7.078125,6.9921875,7.078125,4.517826080322266,28441600
1996-05-01,7.0546875,7.203125,7.0390625,7.1953125,4.592624664306641,65014400
1996-05-02,7.1953125,7.203125,6.9453125,6.9765625,4.453001499176025,87340800
1996-05-03,7.03125,7.15625,6.8828125,6.9296875,4.4230852127075195,75300800
1996-05-06,6.9375,7.0234375,6.8515625,6.984375,4.457989692687988,75852800
1996-05-07,6.9765625,7.09375,6.9765625,7.0703125,4.512838840484619,47366400
1996-05-08,7.0546875,7.1484375,6.921875,7.140625,4.557719707489014,77851200
1996-05-09,7.140625,7.1953125,7.078125,7.09375,4.527801036834717,47776000
1996-05-10,7.1484375,7.1962890625,7.1328125,7.1796875,4.582653045654297,43913600
1996-05-13,7.1875,7.4296875,7.1875,7.4140625,4.732249736785889,95606400
1996-05-14,7.453125,7.5,7.3896484375,7.4375,4.7472100257873535,76832000
1996-05-15,7.4375,7.484375,7.3359375,7.3515625,4.692355632781982,56323200
1996-05-16,7.25,7.3359375,7.2265625,7.3203125,4.672408580780029,67092800
1996-05-17,7.3671875,7.375,7.2734375,7.3125,4.667424201965332,35392000
1996-05-20,7.3359375,7.3671875,7.2890625,7.296875,4.65745210647583,38457600
1996-05-21,7.296875,7.3046875,7.1953125,7.1953125,4.592624664306641,42113600
1996-05-22,7.1875,7.328125,7.1640625,7.3046875,4.662436485290527,45646400
1996-05-23,7.3046875,7.4453125,7.3046875,7.40625,4.727262496948242,51976000
1996-05-24,7.40625,7.4375,7.390625,7.40625,4.727262496948242,26443200
1996-05-28,7.421875,7.4462890625,7.3203125,7.328125,4.677398204803467,43376000
1996-05-29,7.3359375,7.390625,7.2890625,7.3203125,4.672408580780029,33569600
1996-05-30,7.328125,7.390625,7.2890625,7.390625,4.717290878295898,33824000
1996-05-31,7.41015625,7.4609375,7.375,7.421875,4.737234592437744,40259200
1996-06-03,7.421875,7.46875,7.3828125,7.3984375,4.722276210784912,31684800
1996-06-04,7.4140625,7.4296875,7.265625,7.3671875,4.702330589294434,65852800
1996-06-05,7.375,7.578125,7.3671875,7.5546875,4.8220086097717285,50968000
1996-06-06,7.609375,7.6875,7.484375,7.48828125,4.7796220779418945,88136000
1996-06-07,7.3515625,7.578125,7.3515625,7.578125,4.836968421936035,70198400
1996-06-10,7.5625,7.578125,7.4990234375,7.5390625,4.812034606933594,45819200
1996-06-11,7.546875,7.703125,7.5390625,7.6328125,4.871872901916504,65259200
1996-06-12,7.6796875,7.8359375,7.671875,7.8125,4.986565589904785,88844800
1996-06-13,7.8203125,7.8671875,7.734375,7.7890625,4.971602916717529,62577600
1996-06-14,7.796875,7.8125,7.6796875,7.6875,4.9067792892456055,55944000
1996-06-17,7.6953125,7.8125,7.6484375,7.7890625,4.971602916717529,57499200
1996-06-18,7.78125,7.78125,7.625,7.6484375,4.881845951080322,74585600
1996-06-19,7.65625,7.6953125,7.5859375,7.609375,4.856914520263672,73409600
1996-06-20,7.625,7.6552734375,7.4375,7.609375,4.856914520263672,102228800
1996-06-21,7.6484375,7.7578125,7.59375,7.7421875,4.941685199737549,56806400
1996-06-24,7.75,7.8203125,7.6875,7.7578125,4.951658248901367,48102400
1996-06-25,7.765625,7.765625,7.5859375,7.625,4.866886615753174,41145600
1996-06-26,7.6171875,7.625,7.4375,7.53125,4.80704927444458,71457600
1996-06-27,7.53125,7.5625,7.4375,7.49609375,4.784607410430908,77582400
1996-06-28,7.53125,7.5625,7.4453125,7.5078125,4.792089462280273,52000000
1996-07-01,7.515625,7.65625,7.5078125,7.64453125,4.879353046417236,47862400
1996-07-02,7.6484375,7.6640625,7.578125,7.6015625,4.851926326751709,38548800
1996-07-03,7.6015625,7.6796875,7.5390625,7.5703125,4.831982135772705,44243200
1996-07-05,7.5078125,7.5078125,7.3984375,7.3984375,4.722276210784912,35331200
1996-07-08,7.40625,7.546875,7.3828125,7.51953125,4.799569129943848,64432000
1996-07-09,7.5546875,7.5859375,7.5,7.5,4.7871012687683105,35571200
1996-07-10,7.5,7.5,7.3828125,7.46875,4.767154693603516,77980800
1996-07-11,7.390625,7.3984375,7.109375,7.15625,4.567693710327148,140915200
1996-07-12,7.19921875,7.19921875,6.9052734375,7.0234375,4.4829206466674805,139478400
1996-07-15,7.0234375,7.109375,6.8671875,6.9140625,4.41310977935791,111832000
1996-07-16,6.890625,7.2265625,6.71875,7.2109375,4.602597713470459,182100800
1996-07-17,7.359375,7.3828125,7.2265625,7.3203125,4.672408580780029,126208000
1996-07-18,7.328125,7.5,7.2421875,7.4921875,4.782113552093506,98537600
1996-07-19,7.359375,7.6015625,7.359375,7.5615234375,4.826369285583496,99208000
1996-07-22,7.5634765625,7.59375,7.3671875,7.484375,4.777127265930176,144475200
1996-07-23,7.5,7.5,6.890625,7.0078125,4.47294807434082,257678400
1996-07-24,6.84375,7.234375,6.84375,7.171875,4.577666759490967,192225600
1996-07-25,7.25,7.421875,7.1953125,7.40625,4.727262496948242,100920000
1996-07-26,7.46875,7.46875,7.390625,7.4453125,4.752196311950684,59304000
1996-07-29,7.453125,7.4921875,7.296875,7.3046875,4.662436485290527,56748800
1996-07-30,7.3671875,7.421875,7.2578125,7.4140625,4.732249736785889,66976000
1996-07-31,7.4375,7.4765625,7.3515625,7.3671875,4.702330589294434,56320000
1996-08-01,7.3671875,7.5546875,7.3359375,7.5390625,4.812034606933594,96025600
1996-08-02,7.6328125,7.7421875,7.5390625,7.7109375,4.921739101409912,109289600
1996-08-05,7.71875,7.734375,7.578125,7.609375,4.856914520263672,55072000
1996-08-06,7.6015625,7.7578125,7.5546875,7.75,4.946671962738037,67388800
1996-08-07,7.7734375,7.8203125,7.6796875,7.796875,4.976592540740967,76790400
1996-08-08,7.7578125,7.8671875,7.734375,7.828125,4.996537685394287,54379200
1996-08-09,7.796875,7.84375,7.7421875,7.78125,4.966618061065674,44313600
1996-08-12,7.765625,7.8828125,7.75,7.828125,4.996537685394287,66187200
1996-08-13,7.8125,7.8671875,7.7109375,7.71875,4.926726818084717,72508800
1996-08-14,7.7421875,7.8203125,7.734375,7.8046875,4.981578826904297,52032000
1996-08-15,7.796875,7.859375,7.7734375,7.8203125,4.991550922393799,35556800
1996-08-16,7.8203125,7.828125,7.734375,7.765625,4.956645965576172,47598400
1996-08-19,7.7421875,7.7578125,7.640625,7.71875,4.926726818084717,43131200
1996-08-20,7.734375,7.7578125,7.703125,7.7109375,4.921739101409912,25678400
1996-08-21,7.65625,7.71875,7.609375,7.71875,4.926726818084717,49345600
1996-08-22,7.7578125,7.8203125,7.71875,7.8125,4.986565589904785,50236800
1996-08-23,7.8046875,7.8125,7.703125,7.703125,4.916752815246582,44006400
1996-08-26,7.7109375,7.734375,7.671875,7.6796875,4.901793003082275,31944000
1996-08-27,7.6953125,7.796875,7.6875,7.796875,4.976592540740967,28038400
1996-08-28,7.8125,7.859375,7.8046875,7.8515625,5.011496543884277,32070400
1996-08-29,7.828125,7.828125,7.7265625,7.7578125,4.951658248901367,34182400
1996-08-30,7.765625,7.765625,7.65625,7.65625,4.886833667755127,28088000
1996-09-03,7.625,7.7109375,7.5390625,7.7109375,4.921739101409912,48524800
1996-09-04,7.7109375,7.7265625,7.68359375,7.7109375,4.921739101409912,27126400
1996-09-05,7.671875,7.671875,7.59375,7.59375,4.846940517425537,40372800
1996-09-06,7.625,7.671875,7.6015625,7.65625,4.886833667755127,41921600
1996-09-09,7.65625,7.8125,7.640625,7.8046875,4.981578826904297,41747200
1996-09-10,7.796875,7.8203125,7.7265625,7.7734375,4.961631774902344,38904000
1996-09-11,7.74609375,7.84375,7.7265625,7.8203125,4.991550922393799,36387200
1996-09-12,7.84375,8.09375,7.82421875,8.0390625,5.1311750411987305,95944000
1996-09-13,8.1015625,8.2109375,8.0546875,8.1875,5.225917816162109,80137600
1996-09-16,8.1953125,8.3203125,8.1875,8.21875,5.245866298675537,62409600
1996-09-17,8.3046875,8.4140625,8.265625,8.3671875,5.340606689453125,75624000
1996-09-18,8.375,8.6171875,8.328125,8.53125,5.445328712463379,86049600
1996-09-19,8.53125,8.640625,8.484375,8.609375,5.4951934814453125,75912000
1996-09-20,8.5625,8.6640625,8.4921875,8.6328125,5.5101542472839355,104849600
1996-09-23,8.6015625,8.6328125,8.515625,8.609375,5.4951934814453125,46385600
1996-09-24,8.59375,8.6484375,8.5078125,8.5546875,5.460287570953369,72520000
1996-09-25,8.59375,8.6171875,8.4609375,8.4765625,5.41042423248291,44067200
1996-09-26,8.484375,8.5078125,8.234375,8.25,5.265812397003174,92604800
1996-09-27,8.28125,8.453125,8.203125,8.3984375,5.360556602478027,98372800
1996-09-30,8.34375,8.4296875,8.234375,8.2421875,5.260824203491211,89574400
1996-10-01,8.234375,8.3671875,8.1796875,8.2578125,5.2707977294921875,69124800
1996-10-02,8.3046875,8.484375,8.2734375,8.421875,5.375516891479492,68760000
1996-10-03,8.421875,8.4453125,8.3515625,8.375,5.345595359802246,58294400
1996-10-04,8.4140625,8.5390625,8.390625,8.5234375,5.440342426300049,45166400
1996-10-07,8.5234375,8.6328125,8.4921875,8.59375,5.4852213859558105,42432000
1996-10-08,8.609375,8.609375,8.4375,8.4609375,5.400449752807617,48465600
1996-10-09,8.5,8.5078125,8.328125,8.40625,5.365543842315674,64955200
1996-10-10,8.359375,8.5078125,8.3359375,8.359375,5.335622310638428,51739200
1996-10-11,8.4140625,8.578125,8.390625,8.5703125,5.470261573791504,36523200
1996-10-14,8.5859375,8.6328125,8.5234375,8.5390625,5.450316429138184,36091200
1996-10-15,8.671875,8.6953125,8.5859375,8.6796875,5.540071964263916,61206400
1996-10-16,8.671875,8.68359375,8.5625,8.625,5.5051655769348145,36427200
1996-10-17,8.640625,8.6875,8.46875,8.46875,5.405436992645264,49097600
1996-10-18,8.375,8.4375,8.34765625,8.421875,5.375516891479492,69646400
1996-10-21,8.421875,8.5,8.34375,8.375,5.345595359802246,71401600
1996-10-22,8.3203125,8.3359375,8.203125,8.28125,5.285757541656494,113806400
1996-10-23,8.2890625,8.421875,8.234375,8.40625,5.365543842315674,67443200
1996-10-24,8.4296875,8.5859375,8.3671875,8.5390625,5.450316429138184,81417600
1996-10-25,8.5390625,8.6171875,8.5078125,8.52734375,5.442833423614502,53084800
1996-10-28,8.54296875,8.6015625,8.515625,8.5390625,5.450316429138184,51240000
1996-10-29,8.5546875,8.5859375,8.4296875,8.4609375,5.400449752807617,66756800
1996-10-30,8.4609375,8.5625,8.4296875,8.515625,5.435357093811035,60526400
1996-10-31,8.5234375,8.5859375,8.5078125,8.578125,5.475248336791992,37028800
1996-11-01,8.578125,8.671875,8.53125,8.5859375,5.480233669281006,56531200
1996-11-04,8.578125,8.6484375,8.546875,8.625,5.5051655769348145,36006400
1996-11-05,8.65625,8.84375,8.64453125,8.84375,5.644791603088379,86417600
1996-11-06,8.8359375,9.03125,8.8125,9.03125,5.764467716217041,71438400
1996-11-07,9.046875,9.1328125,8.9453125,8.96875,5.724576473236084,76742400
1996-11-08,8.9609375,8.96875,8.84375,8.96875,5.724576473236084,67369600
1996-11-11,8.9609375,9.046875,8.9375,8.9765625,5.729562759399414,38593600
1996-11-12,9.0,9.1171875,8.84375,8.859375,5.654763698577881,81156800
1996-11-13,8.9765625,9.109375,8.9453125,9.0625,5.784413814544678,90409600
1996-11-14,9.078125,9.3515625,9.078125,9.3515625,5.968918800354004,114969600
1996-11-15,9.421875,9.4296875,9.2109375,9.3125,5.9439849853515625,104041600
1996-11-18,9.3359375,9.484375,9.2890625,9.3984375,5.998835563659668,98585600
1996-11-19,9.40625,9.7421875,9.390625,9.7421875,6.21824312210083,104739200
1996-11-20,9.75,9.875,9.578125,9.578125,6.113528728485107,123857600
1996-11-21,9.65625,9.6640625,9.375,9.3984375,5.998835563659668,130718400
1996-11-22,9.421875,9.53125,9.3359375,9.40625,6.003823280334473,94424000
1996-11-25,9.4453125,9.6015625,9.40625,9.59375,6.12349796295166,75129600
1996-11-26,9.625,9.7109375,9.5234375,9.609375,6.133473873138428,108238400
1996-11-27,9.6328125,9.734375,9.609375,9.71875,6.203286647796631,44446400
1996-11-29,9.71875,9.8203125,9.71875,9.8046875,6.2581377029418945,17152000
1996-12-02,9.84375,9.859375,9.703125,9.859375,6.2930450439453125,64502400
1996-12-03,9.8984375,9.96875,9.6640625,9.66796875,6.170875549316406,77563200
1996-12-04,9.6953125,9.703125,9.5078125,9.578125,6.113528728485107,102542400
1996-12-05,9.5859375,9.7109375,9.4921875,9.5625,6.103557586669922,74950400
1996-12-06,9.3125,9.65625,9.2666015625,9.5546875,6.098570346832275,110238400
1996-12-09,9.796875,10.234375,9.75,10.21875,6.522428035736084,94718400
1996-12-10,10.546875,10.5703125,10.21875,10.234375,6.5323991775512695,125725600
1996-12-11,10.125,10.453125,10.015625,10.421875,6.652076244354248,113558400
1996-12-12,10.625,10.65625,10.125,10.125,6.462586879730225,78272800
1996-12-13,10.140625,10.25,9.904296875,10.0,6.382800102233887,74532000
1996-12-16,10.03125,10.09375,9.5625,9.59375,6.12349796295166,64883200
1996-12-17,9.578125,10.015625,9.546875,9.984375,6.372832775115967,68944800
1996-12-18,10.171875,10.34375,10.0,10.328125,6.5922369956970215,61796800
1996-12-19,10.5,10.640625,10.375,10.609375,6.771754741668701,94609600
1996-12-20,10.6875,10.703125,10.421875,10.453125,6.672022819519043,90414400
1996-12-23,10.515625,10.59375,10.359375,10.46875,6.681994915008545,36892800
1996-12-24,10.515625,10.640625,10.390625,10.609375,6.771754741668701,16246400
1996-12-26,10.65625,10.765625,10.640625,10.6875,6.821620941162109,27905600
1996-12-27,10.6875,10.71875,10.501953125,10.53125,6.721890926361084,19079200
1996-12-30,10.671875,10.703125,10.4375,10.4375,6.662047863006592,27279200
1996-12-31,10.5,10.53125,10.3125,10.328125,6.5922369956970215,34367200
1997-01-02,10.390625,10.390625,10.09375,10.203125,6.512453079223633,54480800
1997-01-03,10.28125,10.59375,10.25,10.578125,6.751806735992432,44131200
1997-01-06,10.578125,10.65625,10.390625,10.546875,6.731860637664795,55948000
1997-01-07,10.5625,10.640625,10.421875,10.625,6.7817277908325195,36880800
1997-01-08,10.625,10.654296875,10.390625,10.421875,6.652076244354248,50593600
1997-01-09,10.46875,10.46875,10.28125,10.296875,6.572290897369385,47763200
1997-01-10,10.25,10.546875,10.203125,10.53125,6.721890926361084,66556800
1997-01-13,10.640625,10.6875,10.4375,10.46875,6.681994915008545,50361600
1997-01-14,10.53125,10.828125,10.53125,10.671875,6.811645030975342,63728000
1997-01-15,10.703125,10.78125,10.546875,10.578125,6.751806735992432,53058400
1997-01-16,10.625,10.890625,10.625,10.75,6.861514091491699,58688000
1997-01-17,10.703125,10.96875,10.6875,10.890625,6.9512715339660645,65368800
1997-01-20,10.875,11.609375,10.828125,11.34375,7.240490436553955,146220800
1997-01-21,11.328125,11.8828125,11.203125,11.875,7.579577922821045,114592000
1997-01-22,11.890625,12.3125,11.828125,12.171875,7.769063949584961,129236800
1997-01-23,12.265625,12.46875,11.8125,11.84375,7.559631824493408,105048000
1997-01-24,11.890625,12.21875,11.796875,11.9921875,7.654376983642578,89817600
1997-01-27,12.0625,12.173828125,11.9375,12.015625,7.669336318969727,53263200
1997-01-28,12.296875,12.34375,11.84375,11.953125,7.629443168640137,64656800
1997-01-29,12.09375,12.171875,11.96875,12.15625,7.759095668792725,48933600
1997-01-30,12.28125,12.65625,12.25,12.640625,8.068260192871094,79937600
1997-01-31,12.734375,12.90625,12.609375,12.75,8.13807201385498,86516000
1997-02-03,12.828125,12.923828125,12.640625,12.796875,8.16799259185791,60804800
1997-02-04,12.796875,12.90625,12.5625,12.890625,8.22783088684082,56464000
1997-02-05,12.890625,12.9375,12.109375,12.296875,7.84885311126709,110099200
1997-02-06,12.28125,12.296875,12.0,12.140625,7.74912166595459,102122400
1997-02-07,12.296875,12.5625,12.1875,12.546875,8.008418083190918,62448000
1997-02-10,12.59375,12.6875,12.203125,12.21875,7.798986434936523,66804800
1997-02-11,12.28125,12.328125,11.890625,12.3125,7.858827114105225,88834400
1997-02-12,12.296875,12.5,12.1875,12.484375,7.968529224395752,72001600
1997-02-13,12.5625,12.640625,12.421875,12.5,7.978501796722412,58292000
1997-02-14,12.421875,12.5625,12.203125,12.234375,7.808957099914551,57395200
1997-02-18,12.203125,12.234375,12.03125,12.171875,7.769063949584961,52545600
1997-02-19,12.171875,12.265625,12.0625,12.1875,7.779041290283203,56383200
1997-02-20,12.109375,12.1875,11.890625,11.90625,7.599524974822998,75395200
1997-02-21,11.859375,11.921875,11.75,11.875,7.579577922821045,61131200
1997-02-24,11.78125,12.53125,11.75,12.515625,7.9884796142578125,68599200
1997-02-25,12.5,12.626953125,12.359375,12.4375,7.938611030578613,63941600
1997-02-26,12.4375,12.546875,12.296875,12.53125,7.998449802398682,48849600
1997-02-27,12.53125,12.53125,12.0,12.015625,7.669336318969727,56628800
1997-02-28,12.015625,12.296875,11.9296875,12.1875,7.779041290283203,78412000
1997-03-03,12.125,12.515625,12.078125,12.4375,7.938611030578613,53874400
1997-03-04,12.40625,12.515625,12.328125,12.390625,7.908690929412842,63920800
1997-03-05,12.4375,12.625,12.40625,12.609375,8.04831314086914,46393600
1997-03-06,12.59375,12.609375,12.216796875,12.21875,7.798986434936523,57018400
1997-03-07,12.296875,12.4375,12.0625,12.09375,7.719200611114502,46032000
1997-03-10,12.140625,12.515625,11.9921875,12.5,7.978501796722412,45997600
1997-03-11,12.453125,12.5703125,12.296875,12.296875,7.84885311126709,47577600
1997-03-12,12.21875,12.4375,12.21875,12.34375,7.878772735595703,43234400
1997-03-13,12.28125,12.515625,12.25,12.453125,7.948583126068115,45505600
1997-03-14,12.46875,12.53125,12.359375,12.375,7.898719787597656,61327200
1997-03-17,12.3125,12.59375,12.25,12.5625,8.018397331237793,83958400
1997-03-18,12.578125,12.6015625,12.359375,12.453125,7.948583126068115,59012000
1997-03-19,12.21875,12.28125,11.8671875,12.09375,7.719200611114502,111560000
1997-03-20,12.078125,12.21875,11.921875,12.0,7.659363746643066,81410400
1997-03-21,12.0625,12.140625,11.609375,11.75,7.499794006347656,85829600
1997-03-24,11.640625,11.6875,10.953125,11.265625,7.190627098083496,186269600
1997-03-25,11.328125,11.421875,11.109375,11.2890625,7.205584526062012,89701600
1997-03-26,11.34375,11.828125,11.328125,11.78125,7.519742012023926,81270400
1997-03-27,11.890625,12.015625,11.375,11.71875,7.479846954345703,93919200
1997-03-31,11.640625,11.8125,11.40625,11.4609375,7.315290451049805,93825600
1997-04-01,11.265625,11.71875,11.21875,11.65625,7.43995475769043,86680800
1997-04-02,11.609375,11.703125,11.375,11.5,7.3402252197265625,63331200
1997-04-03,11.375,11.921875,11.328125,11.890625,7.589550495147705,92252800
1997-04-04,11.71875,12.09375,11.71875,11.7734375,7.51475191116333,94964000
1997-04-07,11.953125,12.203125,11.875,11.984375,7.649389743804932,76511200
1997-04-08,12.078125,12.28125,11.9375,12.28125,7.838882923126221,53339200
1997-04-09,12.390625,12.40625,12.21875,12.25,7.818930625915527,73762400
1997-04-10,12.21875,12.21875,11.9375,12.09375,7.719200611114502,67913600
1997-04-11,11.9375,12.15625,11.8671875,11.875,7.579577922821045,60033600
1997-04-14,11.84375,12.171875,11.671875,12.171875,7.769063949584961,59107200
1997-04-15,12.234375,12.375,11.984375,12.140625,7.74912166595459,84440000
1997-04-16,12.078125,12.3125,12.03125,12.28125,7.838882923126221,42710400
1997-04-17,12.3125,12.5,12.1875,12.265625,7.8289079666137695,71720800
1997-04-18,13.0,13.453125,12.875,13.453125,8.58686351776123,231764000
1997-04-21,13.375,13.984375,13.265625,13.453125,8.58686351776123,155695200
1997-04-22,13.453125,13.8515625,13.4375,13.828125,8.82621955871582,82300000
1997-04-23,13.828125,14.46875,13.796875,14.390625,9.185249328613281,102814400
1997-04-24,14.578125,14.734375,14.09375,14.265625,9.10546875,118163200
1997-04-25,14.1875,14.421875,14.15625,14.203125,9.065573692321777,58566400
1997-04-28,14.21875,14.3828125,13.953125,14.359375,9.165306091308594,67224000
1997-04-29,14.671875,14.890625,14.5625,14.875,9.494420051574707,73953600
1997-04-30,14.828125,15.328125,14.796875,15.1875,9.693881034851074,90204000
1997-05-01,15.25,15.40625,14.90625,15.125,9.653990745544434,72325600
1997-05-02,15.25,15.4375,14.8671875,15.09375,9.634042739868164,96192000
1997-05-05,14.953125,15.09375,14.4375,15.0234375,9.58916187286377,111063200
1997-05-06,14.921875,14.96875,14.546875,14.6640625,9.359781265258789,74770400
1997-05-07,14.546875,14.875,14.390625,14.4375,9.215171813964844,70532800
1997-05-08,14.40625,14.765625,14.390625,14.546875,9.284984588623047,53834400
1997-05-09,14.75,14.8125,14.46875,14.59375,9.31490421295166,58392000
1997-05-12,14.6875,14.8125,14.625,14.765625,9.424605369567871,42976000
1997-05-13,14.796875,14.90625,14.609375,14.71875,9.394686698913574,49813600
1997-05-14,14.796875,14.828125,14.453125,14.484375,9.245087623596191,60744800
1997-05-15,14.5,14.734375,14.484375,14.640625,9.344817161560059,41861600
1997-05-16,14.546875,14.625,14.359375,14.4296875,9.210182189941406,59913600
1997-05-19,14.515625,14.640625,14.390625,14.390625,9.185249328613281,45632000
1997-05-20,14.484375,14.90625,14.40625,14.890625,9.504392623901367,64876800
1997-05-21,15.078125,15.3671875,14.96875,15.046875,9.604121208190918,76620000
1997-05-22,15.125,15.203125,14.96875,15.078125,9.624069213867188,33655200
1997-05-23,15.171875,15.375,15.109375,15.359375,9.80358600616455,28904800
1997-05-27,15.34375,15.921875,15.296875,15.828125,10.102774620056152,69036000
1997-05-28,15.90625,15.90625,15.609375,15.734375,10.042940139770508,52241600
1997-05-29,15.90625,16.1328125,15.625,15.734375,10.042940139770508,51111200
1997-05-30,14.6875,15.703125,14.6875,15.5,9.893343925476074,83337600
1997-06-02,15.625,15.6875,15.390625,15.546875,9.923263549804688,38939200
1997-06-03,15.421875,15.4375,15.078125,15.09375,9.634042739868164,41995200
1997-06-04,15.078125,15.28125,14.78125,14.8984375,9.509378433227539,54639200
1997-06-05,15.033203125,15.1875,14.9375,15.0703125,9.619084358215332,35892000
1997-06-06,15.171875,15.5390625,15.125,15.5078125,9.898331642150879,35964000
1997-06-09,15.609375,15.765625,15.3125,15.640625,9.983101844787598,48200000
1997-06-10,15.640625,15.8828125,15.46875,15.6015625,9.958168029785156,53135200
1997-06-11,15.6015625,15.921875,15.4453125,15.875,10.132699966430664,49056800
1997-06-12,15.84375,16.015625,15.671875,15.875,10.132699966430664,44614400
1997-06-13,15.84375,16.2578125,15.8203125,16.203125,10.342132568359375,50116000
1997-06-16,16.203125,16.421875,16.109375,16.421875,10.481758117675781,40612800
1997-06-17,16.4375,16.8671875,16.359375,16.7734375,10.706153869628906,53191200
1997-06-18,16.65625,16.6875,16.2578125,16.2734375,10.387012481689453,55657600
1997-06-19,16.046875,16.34375,16.0,16.1640625,10.317204475402832,65519200
1997-06-20,16.171875,16.421875,16.0625,16.234375,10.362080574035645,64240000
1997-06-23,16.234375,16.4375,16.0,16.0078125,10.217470169067383,35724800
1997-06-24,16.1875,16.515625,16.046875,16.5078125,10.53661060333252,39319200
1997-06-25,16.609375,16.65625,16.2265625,16.3046875,10.40695858001709,49576000
1997-06-26,16.265625,16.3515625,15.984375,16.03125,10.23243236541748,37312000
1997-06-27,16.140625,16.25,15.90625,15.9375,10.172590255737305,38198400
1997-06-30,15.984375,16.09375,15.7734375,15.796875,10.082829475402832,38286400
1997-07-01,15.8046875,15.859375,15.40625,15.6171875,9.968144416809082,59377600
1997-07-02,15.703125,16.0625,15.5078125,16.046875,10.242403030395508,53237600
1997-07-03,16.2578125,16.2578125,16.0625,16.1953125,10.337146759033203,28764000
1997-07-07,16.328125,16.46875,16.171875,16.1875,10.332164764404297,39320000
1997-07-08,16.171875,16.4140625,16.1171875,16.40625,10.471784591674805,36007200
1997-07-09,16.5625,16.578125,16.1875,16.34375,10.431890487670898,48266400
1997-07-10,16.3125,16.40625,16.109375,16.234375,10.362080574035645,43780800
1997-07-11,16.28125,16.3828125,16.0546875,16.21875,10.352106094360352,38094400
1997-07-14,16.3515625,17.0,16.3125,16.9921875,10.84577751159668,57424000
1997-07-15,17.2578125,17.40625,17.078125,17.30859375,11.047735214233398,75503200
1997-07-16,17.796875,18.6875,17.5,18.5546875,11.843085289001465,111217600
1997-07-17,18.8125,18.84375,18.3125,18.6875,11.927865028381348,131668000
1997-07-18,18.125,18.421875,17.5,17.5625,11.209797859191895,158927200
1997-07-21,17.609375,17.625,16.71875,16.9921875,10.84577751159668,127223200
1997-07-22,17.109375,18.1015625,17.09375,18.015625,11.499018669128418,101384000
1997-07-23,18.15625,18.359375,17.625,17.6796875,11.284598350524902,95556000
1997-07-24,17.296875,17.546875,16.953125,17.25,11.010331153869629,141855200
1997-07-25,17.3125,17.78125,17.15625,17.3125,11.050225257873535,90308800
1997-07-28,17.40625,17.421875,16.96875,17.125,10.930548667907715,56404000
1997-07-29,17.09375,17.5078125,17.015625,17.4921875,11.16491413116455,79061600
1997-07-30,17.59375,17.75,17.453125,17.640625,11.259663581848145,78324000
1997-07-31,17.75,17.765625,17.609375,17.671875,11.279608726501465,42240800
1997-08-01,17.671875,17.7265625,17.3984375,17.578125,11.219769477844238,58912800
1997-08-04,17.53125,17.75,17.4296875,17.6953125,11.29456901550293,46312800
1997-08-05,17.78125,18.046875,17.75,17.9140625,11.434189796447754,59333600
1997-08-06,17.9140625,18.078125,17.78125,17.9296875,11.44416618347168,43410400
1997-08-07,18.0390625,18.046875,17.75,17.9921875,11.484055519104004,43947200
1997-08-08,17.8515625,17.890625,17.5,17.5,11.169900894165039,66815200
1997-08-11,17.5,17.53125,17.046875,17.28125,11.030280113220215,72696000
1997-08-12,17.421875,17.46875,16.9765625,17.0,10.850764274597168,60887200
1997-08-13,17.265625,17.28125,16.84375,17.0078125,10.855753898620605,66731200
1997-08-14,17.0,17.09375,16.765625,17.03125,10.87071418762207,45900800
1997-08-15,16.9375,17.0,16.59375,16.609375,10.601435661315918,51078400
1997-08-18,16.625,16.734375,16.375,16.734375,10.68121337890625,69969600
1997-08-19,16.84375,17.375,16.828125,17.3515625,11.07515811920166,91013600
1997-08-20,17.375,17.5859375,17.125,17.5703125,11.214789390563965,51433600
1997-08-21,17.703125,17.796875,17.1875,17.234375,11.000360488891602,64412000
1997-08-22,16.90625,17.1875,16.765625,17.15625,10.950496673583984,72161600
1997-08-25,17.234375,17.375,16.953125,17.0625,10.890657424926758,38856800
1997-08-26,17.0,17.109375,16.84375,16.875,10.770979881286621,34327200
1997-08-27,16.90625,16.9140625,16.625,16.8203125,10.73607349395752,49371200
1997-08-28,16.6875,16.71875,16.5,16.5078125,10.53661060333252,43641600
1997-08-29,16.5078125,16.734375,16.46875,16.5234375,10.54658317565918,37857600
1997-09-02,16.640625,17.1875,16.625,17.1484375,10.945507049560547,50112800
1997-09-03,17.203125,17.359375,17.0234375,17.0703125,10.89564323425293,42872800
1997-09-04,17.0,17.3125,16.96875,17.2734375,11.025293350219727,44476000
1997-09-05,17.3828125,17.4609375,17.03125,17.1640625,10.955482482910156,48398400
1997-09-08,17.21875,17.4765625,17.21875,17.4140625,11.115050315856934,42416000
1997-09-09,17.40625,17.53125,17.296875,17.4375,11.130012512207031,39465600
1997-09-10,17.359375,17.390625,16.8828125,16.890625,10.780950546264648,53294400
1997-09-11,16.875,17.171875,16.609375,17.1015625,10.91558837890625,61779200
1997-09-12,17.109375,17.296875,16.953125,17.2421875,11.005348205566406,48576000
1997-09-15,16.953125,17.15625,16.328125,16.3359375,10.426904678344727,129003200
1997-09-16,16.46875,17.125,16.375,17.046875,10.880684852600098,102538400
1997-09-17,17.078125,17.09375,16.578125,16.6484375,10.626370429992676,61609600
1997-09-18,16.78125,16.890625,16.4296875,16.53125,10.551566123962402,61077600
1997-09-19,16.53125,16.90625,16.5,16.8984375,10.785941123962402,77435200
1997-09-22,16.875,16.984375,16.6484375,16.6640625,10.636341094970703,43251200
1997-09-23,16.6953125,16.9375,16.640625,16.9375,10.810873985290527,39946400
1997-09-24,16.953125,17.0078125,16.515625,16.5546875,10.566532135009766,60040000
1997-09-25,16.609375,16.765625,16.5078125,16.59375,10.591461181640625,39272000
1997-09-26,16.703125,16.71875,16.453125,16.671875,10.641329765319824,36652000
1997-09-29,16.6875,16.84375,16.609375,16.8125,10.731087684631348,27505600
1997-09-30,16.8046875,16.96875,16.53125,16.5390625,10.55655574798584,43892800
1997-10-01,16.5625,16.8125,16.421875,16.734375,10.68121337890625,61466400
1997-10-02,16.71875,16.828125,16.59375,16.6484375,10.626370429992676,28831200
1997-10-03,16.8671875,17.03125,16.671875,16.8671875,10.765993118286133,60284800
1997-10-06,16.984375,17.03125,16.78125,16.890625,10.780950546264648,41776800
1997-10-07,16.875,17.2109375,16.828125,17.0703125,10.89564323425293,54548800
1997-10-08,17.078125,17.3828125,17.03125,17.375,11.090116500854492,71196800
1997-10-09,17.3125,17.453125,17.265625,17.3671875,11.08513069152832,34672800
1997-10-10,17.2890625,17.34375,17.03125,17.0625,10.890657424926758,24893600
1997-10-13,17.125,17.234375,17.0703125,17.09375,10.910598754882812,19051200
1997-10-14,17.140625,17.171875,16.921875,17.0859375,10.90561580657959,33361600
1997-10-15,16.96875,17.0,16.859375,16.96875,10.830819129943848,45003200
1997-10-16,17.015625,17.078125,16.53125,16.73828125,10.683713912963867,47327200
1997-10-17,16.640625,16.828125,16.296875,16.53125,10.551566123962402,87720000
1997-10-20,16.625,16.90625,15.9375,16.578125,10.581488609313965,154052800
1997-10-21,17.015625,17.404296875,16.9140625,17.3125,11.050225257873535,115682400
1997-10-22,17.296875,17.3125,16.921875,16.9609375,10.82583236694336,55775200
1997-10-23,16.5,17.15625,16.5,16.953125,10.82084846496582,66413600
1997-10-24,17.109375,17.15625,16.65625,16.921875,10.800899505615234,70030400
1997-10-27,16.859375,17.03125,16.078125,16.109375,10.282296180725098,96795200
1997-10-28,16.53125,16.875,15.4375,16.671875,10.641329765319824,160057600
1997-10-29,16.71875,16.8828125,16.265625,16.359375,10.441864013671875,85532800
1997-10-30,16.1875,16.421875,16.0625,16.078125,10.262350082397461,72097600
1997-10-31,16.375,16.4375,16.203125,16.25,10.372055053710938,46808800
1997-11-03,16.453125,16.78125,16.4140625,16.765625,10.701165199279785,67714400
1997-11-04,16.75,16.8671875,16.6484375,16.78125,10.711135864257812,49134400
1997-11-05,16.8125,16.828125,16.5625,16.6953125,10.656290054321289,42512800
1997-11-06,16.65625,16.6875,16.46875,16.5078125,10.53661060333252,40266400
1997-11-07,16.2578125,16.5,16.234375,16.4453125,10.496718406677246,63628800
1997-11-10,16.453125,16.5625,16.21875,16.2734375,10.387012481689453,36764800
1997-11-11,16.3046875,16.4296875,16.171875,16.328125,10.421916961669922,37013600
1997-11-12,16.265625,16.375,16.125,16.1484375,10.307228088378906,45784000
1997-11-13,16.2578125,16.453125,16.1484375,16.4453125,10.496718406677246,60094400
1997-11-14,16.453125,16.734375,16.421875,16.6640625,10.636341094970703,46663200
1997-11-17,16.8125,16.9765625,16.6796875,16.859375,10.761006355285645,60094400
1997-11-18,16.8671875,16.9375,16.71875,16.75,10.691190719604492,36683200
1997-11-19,16.703125,16.890625,16.671875,16.8828125,10.775967597961426,31720800
1997-11-20,16.90625,17.140625,16.859375,17.109375,10.920575141906738,53680800
1997-11-21,17.2265625,17.25,17.046875,17.234375,11.000360488891602,68220800
1997-11-24,17.140625,17.265625,16.9375,16.9375,10.810873985290527,39084000
1997-11-25,16.984375,17.40625,16.96875,17.375,11.090116500854492,56463200
1997-11-26,17.375,17.734375,17.28125,17.6953125,11.29456901550293,63053600
1997-11-28,17.65625,17.78125,17.640625,17.6875,11.289583206176758,17392800
1997-12-01,17.7421875,18.0,17.703125,17.9765625,11.474085807800293,49006400
1997-12-02,17.9453125,18.109375,17.75,17.78125,11.349418640136719,50167200
1997-12-03,17.7109375,18.1328125,17.625,18.0859375,11.543896675109863,57712000
1997-12-04,18.09375,18.234375,17.78125,17.8203125,11.374351501464844,62630400
1997-12-05,17.765625,18.09375,17.765625,17.890625,11.419230461120605,48136000
1997-12-08,17.9375,18.328125,17.890625,18.265625,11.658585548400879,49952800
1997-12-09,18.125,18.171875,17.9375,18.0390625,11.513978958129883,51782400
1997-12-10,17.78125,17.90625,17.625,17.78125,11.349418640136719,66434400
1997-12-11,17.546875,17.625,17.359375,17.3828125,11.095107078552246,70189600
1997-12-12,17.21875,17.3125,17.0,17.09375,10.910598754882812,54308000
1997-12-15,17.0546875,17.125,16.625,17.015625,10.860739707946777,84305600
1997-12-16,16.984375,17.546875,16.875,17.3828125,11.095107078552246,65401600
1997-12-17,17.484375,17.546875,16.9375,16.953125,10.82084846496582,51472000
1997-12-18,16.8125,16.84375,16.296875,16.359375,10.441864013671875,98774400
1997-12-19,16.09375,16.2734375,15.78125,16.0859375,10.267332077026367,138065600
1997-12-22,16.140625,16.25,15.734375,15.875,10.132699966430664,59063200
1997-12-23,15.8828125,16.03125,15.375,15.4140625,9.838494300842285,67195200
1997-12-24,15.46875,15.484375,14.75,14.8671875,9.48942756652832,88411200
1997-12-26,14.859375,15.09375,14.84375,15.09375,9.634042739868164,32388800
1997-12-29,15.296875,15.84375,15.265625,15.7890625,10.077848434448242,67815200
1997-12-30,15.8046875,16.375,15.78125,16.28125,10.392004013061523,77864800
1997-12-31,16.375,16.4375,16.125,16.15625,10.312214851379395,46147200
1998-01-02,16.203125,16.4375,16.1875,16.390625,10.461812973022461,39748000
1998-01-05,16.40625,16.703125,15.984375,16.296875,10.40197467803955,80377600
1998-01-06,16.21875,16.625,16.15625,16.390625,10.461812973022461,67834400
1998-01-07,16.234375,16.3984375,15.9375,16.1953125,10.337146759033203,61492800
1998-01-08,16.078125,16.515625,15.9375,16.3125,10.411947250366211,77619200
1998-01-09,16.2578125,16.4375,15.734375,15.875,10.132699966430664,87534400
1998-01-12,15.578125,16.25,15.546875,16.1875,10.332164764404297,78393600
1998-01-13,16.1875,16.53125,16.015625,16.515625,10.541595458984375,66945600
1998-01-14,16.515625,16.5625,16.15625,16.390625,10.461812973022461,54774400
1998-01-15,16.296875,16.625,16.234375,16.5390625,10.55655574798584,50622400
1998-01-16,16.546875,16.921875,16.5390625,16.90625,10.79092788696289,72943200
1998-01-20,16.765625,17.25,16.75,17.2265625,10.99537181854248,64956000
1998-01-21,17.15625,17.3046875,16.953125,17.125,10.930548667907715,85567200
1998-01-22,16.9453125,17.484375,16.9140625,17.328125,11.060201644897461,159139200
1998-01-23,17.34375,17.4296875,17.087890625,17.28125,11.030280113220215,63312000
1998-01-26,17.484375,17.734375,17.306640625,17.71875,11.309527397155762,74277600
1998-01-27,17.796875,18.234375,17.6953125,18.1484375,11.583788871765137,97540800
1998-01-28,18.28125,18.6875,18.1875,18.625,11.887969970703125,79387200
1998-01-29,18.6171875,18.765625,18.4375,18.53125,11.828130722045898,73571200
1998-01-30,18.578125,18.75,18.453125,18.6484375,11.902929306030273,50071200
1998-02-02,18.96875,19.390625,18.8125,19.359375,12.356704711914062,98397600
1998-02-03,19.390625,19.515625,19.2265625,19.484375,12.43648624420166,61374400
1998-02-04,19.484375,19.75,19.3828125,19.6015625,12.511295318603516,61940800
1998-02-05,19.765625,19.84375,19.34375,19.4296875,12.401589393615723,67014400
1998-02-06,19.421875,19.78125,19.390625,19.765625,12.616009712219238,50070400
1998-02-09,19.84375,19.859375,19.453125,19.6484375,12.541211128234863,54681600
1998-02-10,19.65625,19.9375,19.59375,19.90625,12.705769538879395,48099200
1998-02-11,19.921875,20.0078125,19.6328125,19.8671875,12.68083381652832,76460000
1998-02-12,19.7578125,19.8671875,19.5546875,19.84375,12.665875434875488,76658400
1998-02-13,19.828125,19.84375,19.671875,19.6875,12.566142082214355,42203200
1998-02-17,19.8125,19.8125,19.234375,19.296875,12.316815376281738,85673600
1998-02-18,19.328125,19.5,19.21875,19.328125,12.336758613586426,76608800
1998-02-19,19.4375,19.5078125,19.28125,19.359375,12.356704711914062,73773600
1998-02-20,19.4375,19.46875,19.109375,19.390625,12.3766508102417,86092000
1998-02-23,20.234375,20.421875,19.84375,20.40625,13.024906158447266,120803600
1998-02-24,20.84375,21.234375,20.46875,20.53125,13.104690551757812,118302000
1998-02-25,20.859375,21.25,20.765625,21.234375,13.553483009338379,94944400
1998-02-26,21.375,21.421875,21.109375,21.375,13.643241882324219,61388000
1998-02-27,21.390625,21.5,21.140625,21.1875,13.523565292358398,47532400
1998-03-02,21.46875,21.46875,20.765625,20.828125,13.294177055358887,50093600
1998-03-03,20.65625,21.140625,20.640625,21.125,13.483670234680176,50753600
1998-03-04,20.609375,20.953125,20.390625,20.578125,13.134610176086426,71513600
1998-03-05,19.8125,20.359375,19.8125,20.015625,12.775579452514648,92255600
1998-03-06,20.078125,20.6875,20.0625,20.6875,13.204419136047363,51404800
1998-03-09,20.625,20.625,19.875,19.8984375,12.70077896118164,52256000
1998-03-10,20.296875,20.375,19.984375,20.375,13.004956245422363,47406400
1998-03-11,20.5,20.5,19.9375,20.171875,12.875306129455566,39838800
1998-03-12,20.625,20.65625,20.203125,20.46875,13.064798355102539,47962000
1998-03-13,20.609375,20.75,20.390625,20.59375,13.14458179473877,32542400
1998-03-16,20.609375,20.6875,20.34375,20.5,13.08474349975586,27979600
1998-03-17,20.421875,20.421875,19.921875,20.09375,12.825444221496582,53842400
1998-03-18,20.015625,20.453125,19.96875,20.4375,13.044856071472168,33887600
1998-03-19,20.375,20.578125,20.3125,20.5,13.08474349975586,30299200
1998-03-20,20.53125,20.75,20.125,20.453125,13.054823875427246,56310000
1998-03-23,20.296875,21.15625,20.265625,20.96875,13.383935928344727,55050000
1998-03-24,21.046875,21.265625,20.859375,21.234375,13.553483009338379,32281600
1998-03-25,22.625,22.734375,21.8125,22.203125,14.171818733215332,124244800
1998-03-26,22.125,22.390625,21.875,22.0625,14.082056999206543,45441200
1998-03-27,22.34375,22.34375,21.890625,21.953125,14.012247085571289,38924000
1998-03-30,22.015625,22.15625,21.78125,21.984375,14.032190322875977,27463200
1998-03-31,22.15625,22.4375,22.125,22.375,14.281522750854492,38177200
1998-04-01,22.453125,22.65625,22.125,22.59375,14.421141624450684,36835600
1998-04-02,22.671875,22.984375,22.46875,22.828125,14.570741653442383,41414800
1998-04-03,23.0,23.265625,22.875,23.25,14.840012550354004,40987600
1998-04-06,23.15625,23.15625,22.265625,22.484375,14.351329803466797,74232000
1998-04-07,22.328125,22.65625,21.6875,21.8125,13.922487258911133,62630800
1998-04-08,21.6875,22.25,21.65625,22.234375,14.191758155822754,36793200
1998-04-09,21.984375,22.40625,21.875,22.25,14.20173454284668,33619200
1998-04-13,22.203125,22.25,21.6875,22.15625,14.141897201538086,33156400
1998-04-14,22.171875,22.390625,21.875,22.109375,14.11197280883789,28476800
1998-04-15,22.3125,22.84375,22.21875,22.84375,14.58071517944336,40498400
1998-04-16,22.59375,23.015625,22.546875,22.921875,14.63058090209961,39695600
1998-04-17,22.875,23.0625,22.578125,23.03125,14.700392723083496,37402800
1998-04-20,23.09375,23.75,23.046875,23.65625,15.099315643310547,45535200
1998-04-21,23.671875,23.75,23.28125,23.71875,15.13920783996582,51938400
1998-04-22,24.0,24.78125,23.90625,24.71875,15.777484893798828,80154000
1998-04-23,24.3125,24.34375,23.53515625,23.625,15.079368591308594,64215200
1998-04-24,23.375,23.6875,22.96875,23.03125,14.700392723083496,51436000
1998-04-27,22.375,22.6328125,22.125,22.578125,14.411169052124023,58752000
1998-04-28,23.03125,23.0625,22.25390625,22.46875,14.341362953186035,56668000
1998-04-29,22.515625,22.875,22.40625,22.625,14.441086769104004,50061600
1998-04-30,22.875,22.90625,22.421875,22.53125,14.381254196166992,54473600
1998-05-01,22.546875,22.625,22.03125,22.40625,14.301470756530762,35996000
1998-05-04,22.296875,22.46875,21.984375,22.015625,14.05213737487793,37899600
1998-05-05,21.90625,22.390625,21.75,21.9375,14.002275466918945,50828000
1998-05-06,21.875,21.875,21.5,21.59375,13.78286361694336,48110800
1998-05-07,21.546875,21.5625,20.796875,20.84375,13.304152488708496,78022000
1998-05-08,20.46875,21.53125,20.46875,21.4375,13.683135032653809,96274800
1998-05-11,21.53125,21.546875,21.015625,21.0625,13.443781852722168,51474400
1998-05-12,20.8125,21.4375,20.8125,21.421875,13.6731595993042,64147200
1998-05-13,22.171875,22.1875,21.625,21.734375,13.8726224899292,80680400
1998-05-14,21.46875,22.75,21.453125,22.234375,14.191758155822754,94774400
1998-05-15,22.53125,22.546875,22.1875,22.359375,14.2715482711792,48150800
1998-05-18,21.125,21.625,21.125,21.515625,13.733000755310059,80395600
1998-05-19,21.453125,21.734375,21.390625,21.625,13.802806854248047,52234400
1998-05-20,21.53125,21.71875,21.34375,21.4375,13.683135032653809,35698800
1998-05-21,21.453125,21.84375,21.375,21.59375,13.78286361694336,36680000
1998-05-22,21.65625,21.6875,21.359375,21.390625,13.653215408325195,36129200
1998-05-26,21.328125,21.546875,20.875,20.90625,13.344045639038086,44473600
1998-05-27,20.71875,21.53125,20.71875,21.5,13.723028182983398,58574400
1998-05-28,21.4375,21.59375,21.265625,21.578125,13.772890090942383,30746800
1998-05-29,21.59375,21.625,21.1875,21.203125,13.533535957336426,34091200
1998-06-01,20.96875,21.15234375,20.78125,20.9375,13.36398983001709,42436800
1998-06-02,21.015625,21.484375,20.96875,21.375,13.643241882324219,38570800
1998-06-03,21.46875,21.609375,21.03125,21.078125,13.453749656677246,36010800
1998-06-04,21.171875,21.53125,20.90625,21.515625,13.733000755310059,33717600
1998-06-05,21.46875,21.625,21.1875,21.5625,13.762917518615723,34431600
1998-06-08,21.40625,21.578125,21.25,21.421875,13.6731595993042,18886400
1998-06-09,21.328125,21.890625,21.3125,21.765625,13.892574310302734,35690400
1998-06-10,21.65625,22.09375,21.46875,21.5,13.723028182983398,33290400
1998-06-11,21.609375,21.78125,21.28125,21.328125,13.613321304321289,41271200
1998-06-12,21.21875,21.53125,21.0,21.4375,13.683135032653809,41323600
1998-06-15,21.171875,21.828125,21.140625,21.484375,13.713050842285156,42846000
1998-06-16,21.578125,22.484375,21.375,22.46875,14.341362953186035,61138400
1998-06-17,22.484375,23.09375,22.4375,22.765625,14.530850410461426,76147600
1998-06-18,22.703125,22.9375,22.59375,22.796875,14.550796508789062,39228400
1998-06-19,23.21875,23.6875,23.125,23.671875,15.109292030334473,91226800
1998-06-22,23.6875,23.984375,23.421875,23.953125,15.288804054260254,48969600
1998-06-23,23.953125,25.21875,23.8125,25.1875,16.076684951782227,124675200
1998-06-24,25.421875,26.28125,24.984375,26.234375,16.744876861572266,105724800
1998-06-25,26.46875,26.71875,25.34375,25.390625,16.206335067749023,88969600
1998-06-26,25.5625,26.15625,25.5,26.109375,16.665102005004883,55680400
1998-06-29,26.375,26.921875,26.3125,26.859375,17.14380645751953,65906000
1998-06-30,26.3125,27.140625,26.15625,27.09375,17.293407440185547,77010000
1998-07-01,27.28125,27.53125,26.796875,27.34375,17.452972412109375,53470400
1998-07-02,27.203125,27.28125,26.78125,26.8125,17.113887786865234,27321200
1998-07-06,26.71875,27.015625,26.34375,26.953125,17.203649520874023,35307600
1998-07-07,26.953125,27.140625,26.625,26.984375,17.22359275817871,32422800
1998-07-08,27.03125,27.53125,26.6875,27.46875,17.53276252746582,41553600
1998-07-09,27.5,28.0,27.4375,27.75,17.712278366088867,43690000
1998-07-10,27.78125,28.3125,27.46875,28.296875,18.061328887939453,45396800
1998-07-13,28.53125,29.5625,28.40625,29.390625,18.759450912475586,69223200
1998-07-14,29.5625,29.6875,28.875,29.125,18.58991241455078,56972400
1998-07-15,29.0,29.5,28.90625,29.34375,18.729528427124023,48690000
1998-07-16,29.515625,29.71875,29.15625,29.34375,18.729528427124023,65125200
1998-07-17,29.375,29.90625,28.984375,29.484375,18.81928825378418,83108400
1998-07-20,29.546875,29.875,29.203125,29.25,18.669696807861328,45794800
1998-07-21,29.21875,29.75,28.125,28.203125,18.001501083374023,74605200
1998-07-22,28.0,29.3125,27.96875,29.1875,18.62980842590332,71654400
1998-07-23,29.078125,29.375,28.25,28.25,18.031415939331055,51029600
1998-07-24,28.4375,28.90625,28.125,28.453125,18.161060333251953,60366400
1998-07-27,28.28125,29.1875,27.671875,29.1875,18.62980842590332,58998000
1998-07-28,29.0,29.21875,28.0,28.0625,17.911731719970703,78378400
1998-07-29,28.3125,28.5625,27.515625,27.671875,17.662410736083984,59738000
1998-07-30,27.984375,28.40625,27.6875,28.359375,18.101224899291992,72746400
1998-07-31,28.234375,28.37890625,27.484375,27.484375,17.5427303314209,53705200
1998-08-03,27.28125,27.71875,26.84375,27.109375,17.303377151489258,73566400
1998-08-04,27.15625,27.40625,26.046875,26.125,16.675065994262695,91412000
1998-08-05,26.03125,26.5625,25.375,26.078125,16.6451473236084,120208800
1998-08-06,25.9375,26.734375,25.90625,26.71875,17.054044723510742,68308000
1998-08-07,26.859375,26.875,26.265625,26.46875,16.89447784423828,54972400
1998-08-10,26.453125,26.578125,26.109375,26.109375,16.665102005004883,46763200
1998-08-11,25.71875,26.09375,25.5,25.859375,16.505529403686523,60976400
1998-08-12,26.078125,26.296875,25.75,26.265625,16.76482391357422,53760000
1998-08-13,26.03125,26.5,25.9375,25.984375,16.585304260253906,51193200
1998-08-14,26.171875,26.265625,25.875,26.0625,16.63517951965332,29566400
1998-08-17,25.875,26.84375,25.75,26.828125,17.123865127563477,54073200
1998-08-18,26.96875,27.953125,26.84375,27.8125,17.752168655395508,70591200
1998-08-19,28.0625,28.1875,27.5625,27.640625,17.6424617767334,55709600
1998-08-20,27.53125,28.1875,27.421875,28.140625,17.96160888671875,49970400
1998-08-21,27.78125,27.96875,27.1875,27.65625,17.65243911743164,59523600
1998-08-24,27.578125,28.0,27.5,27.59375,17.612545013427734,26319200
1998-08-25,27.84375,28.421875,27.78125,28.203125,18.001501083374023,58026800
1998-08-26,27.8125,28.4375,27.71875,28.140625,17.96160888671875,44804400
1998-08-27,27.640625,28.1875,27.125,27.3125,17.433032989501953,74874000
1998-08-28,27.0625,27.40625,26.1875,26.3125,16.79474639892578,72730000
1998-08-31,26.21875,26.625,23.9375,23.984375,15.308753967285156,132690400
1998-09-01,23.8125,25.4375,23.625,25.3125,16.156471252441406,140112400
1998-09-02,25.453125,26.0625,25.0625,25.140625,16.04676628112793,63438400
1998-09-03,24.6875,25.1875,24.59375,24.8125,15.837333679199219,67506800
1998-09-04,24.921875,25.0625,24.03125,24.15625,15.418456077575684,50890400
1998-09-08,25.0,25.515625,24.765625,25.4921875,16.271162033081055,60625600
1998-09-09,25.5625,26.109375,25.40625,25.5625,16.316041946411133,65480800
1998-09-10,25.0,25.28125,24.671875,25.1875,16.076684951782227,60758000
1998-09-11,25.28125,26.15625,25.03125,26.0625,16.63517951965332,58989200
1998-09-14,26.234375,26.765625,26.21875,26.5,16.914426803588867,45086800
1998-09-15,26.46875,27.109375,26.28125,27.078125,17.283430099487305,49367600
1998-09-16,26.96875,27.125,26.53125,27.046875,17.26348876953125,42886800
1998-09-17,26.328125,26.625,26.203125,26.234375,16.744876861572266,45178400
1998-09-18,26.4375,26.5625,26.078125,26.34375,16.814695358276367,47361600
1998-09-21,25.625,27.015625,25.59375,26.96875,17.21361541748047,45872000
1998-09-22,27.109375,27.46875,26.6875,27.296875,17.42304801940918,43082000
1998-09-23,27.40625,28.46875,27.125,28.40625,18.131147384643555,65263600
1998-09-24,28.28125,28.65625,27.25,27.53125,17.572649002075195,63521600
1998-09-25,27.28125,28.28125,27.15625,28.265625,18.04138946533203,47878400
1998-09-28,28.25,28.59375,27.4375,27.828125,17.762144088745117,41405200
1998-09-29,27.953125,28.5,27.84375,28.21875,18.0114688873291,48743200
1998-09-30,28.078125,28.390625,27.5078125,27.515625,17.562673568725586,38875600
1998-10-01,27.015625,27.375,26.0,26.015625,16.605253219604492,65442400
1998-10-02,25.84375,26.296875,25.25,26.03125,16.6152286529541,65889600
1998-10-05,25.625,25.71875,24.125,25.296875,16.146507263183594,114937600
1998-10-06,25.625,25.90625,24.34375,24.40625,15.578022003173828,76550000
1998-10-07,24.34375,24.9375,23.34375,23.53125,15.019532203674316,90710400
1998-10-08,22.640625,22.96875,21.9375,22.796875,14.550796508789062,144719200
1998-10-09,23.296875,24.25,23.0625,24.21875,15.45834732055664,72661600
1998-10-12,24.8125,25.25,24.625,24.9375,15.917116165161133,51502800
1998-10-13,24.875,24.9375,23.9375,24.109375,15.38853931427002,47995600
1998-10-14,23.96875,25.34375,23.96875,25.046875,15.98692512512207,62403200
1998-10-15,25.03125,26.40625,24.90625,26.359375,16.82466697692871,66253600
1998-10-16,26.5,26.625,26.0,26.265625,16.76482391357422,68620000
1998-10-19,26.03125,26.046875,25.28125,25.734375,16.425745010375977,60177600
1998-10-20,25.8125,25.84375,24.90625,25.0625,15.996899604797363,94368400
1998-10-21,26.21875,26.71875,25.765625,26.609375,16.98423957824707,125377200
1998-10-22,26.5,27.53125,26.3125,27.5,17.55270767211914,81910800
1998-10-23,27.25,27.5,26.546875,26.59375,16.974266052246094,59882000
1998-10-26,26.703125,27.0,26.421875,26.765625,17.083961486816406,59678400
1998-10-27,26.9375,26.96875,26.25,26.359375,16.82466697692871,65434800
1998-10-28,26.21875,26.65625,26.21875,26.421875,16.864559173583984,56808400
1998-10-29,26.359375,26.875,26.359375,26.65625,17.0141544342041,52402800
1998-10-30,26.8125,27.046875,26.28125,26.46875,16.89447784423828,59322800
1998-11-02,26.59375,26.71875,26.25,26.453125,16.884510040283203,48388400
1998-11-03,26.375,26.640625,26.1875,26.296875,16.784774780273438,36546800
1998-11-04,26.453125,26.828125,26.21875,26.375,16.834640502929688,67459600
1998-11-05,26.328125,26.90625,26.3125,26.59375,16.974266052246094,76727200
1998-11-06,26.515625,27.4375,26.484375,27.328125,17.443004608154297,74461200
1998-11-09,27.296875,27.84375,27.203125,27.671875,17.662410736083984,68956800
1998-11-10,27.53125,28.359375,27.515625,28.015625,17.881824493408203,72075600
1998-11-11,28.359375,28.6875,27.71875,27.765625,17.722259521484375,63899200
1998-11-12,27.5625,27.78125,27.125,27.1875,17.353242874145508,38526800
1998-11-13,27.109375,27.625,27.09375,27.5,17.55270767211914,28368800
1998-11-16,27.828125,27.9375,26.875,27.203125,17.36321449279785,42620400
1998-11-17,27.25,28.09375,27.234375,27.96875,17.851896286010742,58744000
1998-11-18,27.390625,27.765625,27.28125,27.4375,17.512815475463867,41691200
1998-11-19,27.265625,28.125,27.265625,27.9375,17.831958770751953,45220800
1998-11-20,28.1875,28.4375,27.8125,28.40625,18.131147384643555,48405200
1998-11-23,28.125,30.046875,28.125,29.796875,19.018756866455078,110870400
1998-11-24,29.671875,31.265625,29.65625,30.421875,19.417682647705078,101114800
1998-11-25,30.671875,31.09375,30.1875,31.0625,19.826583862304688,41394000
1998-11-27,31.28125,32.03125,31.078125,32.015625,20.434940338134766,26335600
1998-11-30,32.34375,32.56640625,30.484375,30.5,19.467546463012695,70900000
1998-12-01,30.0625,32.4375,30.03125,32.375,20.664329528808594,86330800
1998-12-02,32.296875,32.4375,31.375,31.6875,20.22550392150879,65759600
1998-12-03,31.71875,32.234375,30.5,30.53125,19.487491607666016,51426800
1998-12-04,31.234375,31.84375,31.0,31.84375,20.325244903564453,44352000
1998-12-07,31.921875,33.4375,31.6875,33.390625,21.312580108642578,89809200
1998-12-08,33.21875,33.5625,32.4375,32.796875,20.933589935302734,77585200
1998-12-09,33.03125,33.453125,32.5,33.40625,21.32254981994629,44781600
1998-12-10,33.28125,33.65625,32.84375,32.890625,20.993436813354492,57015600
1998-12-11,32.75,33.671875,32.6875,33.5,21.382381439208984,51728800
1998-12-14,33.1875,33.4375,31.921875,31.984375,20.41499137878418,64077600
1998-12-15,32.328125,33.0,32.3125,32.96875,21.043296813964844,51719600
1998-12-16,33.125,33.78125,32.28125,33.4375,21.34248924255371,60024000
1998-12-17,33.546875,33.71875,33.0625,33.59375,21.44222640991211,46963600
1998-12-18,33.75,34.5625,33.53125,34.453125,21.99074363708496,59648000
1998-12-21,34.65625,35.546875,34.4375,35.109375,22.40961265563965,48112000
1998-12-22,35.125,35.125,34.34375,34.609375,22.090476989746094,41350000
1998-12-23,35.09375,35.953125,34.84375,35.890625,22.90827751159668,34940000
1998-12-24,35.90625,36.0,35.375,35.4375,22.619054794311523,13832400
1998-12-28,35.75,35.90625,35.375,35.59375,22.718788146972656,23636400
1998-12-29,35.640625,35.640625,34.90625,35.125,22.41959571838379,29651600
1998-12-30,35.21875,35.83984375,34.71875,34.75,22.180233001708984,34942800
1998-12-31,34.796875,35.0,34.5,34.671875,22.13037109375,23834400
1999-01-04,34.90234375,36.3125,34.84375,35.25,22.49938201904297,69305200
1999-01-05,35.46875,37.0,35.359375,36.625,23.37701416015625,64281600
1999-01-06,37.375,37.875,36.6875,37.8125,24.13496971130371,69064800
1999-01-07,37.4375,37.65625,37.0625,37.625,24.01529312133789,51150400
1999-01-08,38.046875,38.125,36.75,37.46875,23.915559768676758,50244800
1999-01-11,37.71875,37.734375,36.0625,36.875,23.536577224731445,46463200
1999-01-12,37.03125,37.03125,35.25,35.546875,22.688861846923828,57907200
1999-01-13,34.0,36.9375,34.0,35.953125,22.948171615600586,75346000
1999-01-14,36.3125,36.390625,35.375,35.4375,22.619054794311523,59214000
1999-01-15,35.734375,37.5,35.34375,37.4375,23.895610809326172,59344000
1999-01-19,37.84375,39.59375,37.71875,38.90625,24.83309555053711,102741600
1999-01-20,41.734375,41.9375,40.62109375,40.65625,25.95008087158203,125481200
1999-01-21,40.4375,40.828125,39.4375,39.578125,25.261932373046875,80077200
1999-01-22,38.90625,40.05859375,38.8125,39.0625,24.932817459106445,82160000
1999-01-25,40.421875,40.828125,39.78125,40.46875,25.830413818359375,103076400
1999-01-26,41.375,42.9375,41.125,42.890625,27.376245498657227,120203200
1999-01-27,43.125,43.609375,42.125,42.15625,26.907499313354492,98048000
1999-01-28,42.9375,43.515625,42.453125,43.5,27.76519775390625,78838400
1999-01-29,43.6875,43.78125,42.71875,43.75,27.924776077270508,79571600
1999-02-01,43.859375,43.984375,42.703125,43.234375,27.595645904541016,81729200
1999-02-02,43.125,43.140625,41.5625,41.90625,26.7479248046875,91965600
1999-02-03,41.59375,42.46875,41.5,41.703125,26.6182804107666,73749200
1999-02-04,42.03125,42.09375,39.71875,39.765625,25.381607055664062,89151600
1999-02-05,40.0625,40.40625,38.71875,40.0,25.531200408935547,127945200
1999-02-08,40.640625,41.390625,40.40625,41.3125,26.368947982788086,109866800
1999-02-09,41.234375,41.6875,39.9375,40.015625,25.541179656982422,77293600
1999-02-10,39.96875,41.09375,39.65625,40.15625,25.630945205688477,73694000
1999-02-11,40.6875,40.96875,40.09375,40.6875,25.970035552978516,60366000
1999-02-12,40.421875,40.921875,39.28125,39.4375,25.17218017578125,62930400
1999-02-16,39.9375,39.96875,38.640625,39.0625,24.932817459106445,73666800
1999-02-17,38.234375,38.53125,37.125,37.5,23.935510635375977,101215600
1999-02-18,37.734375,37.84375,35.99609375,36.4375,23.25733757019043,117035200
1999-02-19,36.859375,37.3125,36.4375,36.9375,23.576475143432617,73085600
1999-02-22,37.0625,37.25,36.1875,37.203125,23.74602508544922,92514400
1999-02-23,38.234375,38.90625,37.625,38.859375,24.803178787231445,95106800
1999-02-24,39.109375,39.84375,38.1875,38.21875,24.3942813873291,67696800
1999-02-25,38.09375,38.4375,37.40625,38.375,24.49399185180664,70817200
1999-02-26,38.09375,38.125,37.375,37.53125,23.955448150634766,59273200
1999-03-01,37.390625,38.140625,37.375,37.9375,24.214752197265625,58332000
1999-03-02,37.96875,38.53125,36.90625,37.140625,23.706127166748047,58569600
1999-03-03,37.25,37.671875,36.765625,37.40625,23.875675201416016,76798400
1999-03-04,37.78125,38.375,37.03125,38.0625,24.294538497924805,61696400
1999-03-05,38.6875,38.84375,38.28125,38.734375,24.7233943939209,47302800
1999-03-08,38.875,39.80859375,38.75,39.75,25.37164306640625,46726000
1999-03-09,39.96875,41.1875,39.9375,40.453125,25.820438385009766,90129600
1999-03-10,40.578125,40.625,39.796875,40.34375,25.750612258911133,53114800
1999-03-11,40.25,41.140625,39.828125,40.359375,25.760602951049805,62948400
1999-03-12,40.65625,40.6875,39.203125,40.046875,25.56113052368164,73395200
1999-03-15,40.140625,41.5,39.46875,41.46875,26.468677520751953,60609600
1999-03-16,41.375,42.5,41.0625,42.265625,26.977306365966797,68554000
1999-03-17,42.265625,42.359375,41.6875,41.78125,26.668142318725586,44919600
1999-03-18,41.609375,43.140625,41.546875,43.109375,27.5158634185791,56231200
1999-03-19,43.46875,43.53125,42.46875,42.796875,27.316402435302734,91980400
1999-03-22,43.234375,43.734375,43.0,43.203125,27.575708389282227,55719200
1999-03-23,43.171875,43.53125,41.5625,41.640625,26.578378677368164,69581200
1999-03-24,41.75,42.953125,40.78125,42.8125,27.326372146606445,82634400
1999-03-25,43.265625,45.015625,43.125,44.984375,28.712635040283203,109447600
1999-03-26,44.734375,45.09375,43.9375,44.53125,28.423419952392578,94687600
1999-03-29,45.0625,46.3125,43.9375,46.1875,29.480560302734375,79777000
1999-03-30,46.6875,46.75,46.125,46.5,29.680025100708008,67502400
1999-03-31,47.25,47.3125,44.5625,44.8125,28.602941513061523,58752600
1999-04-01,45.625,46.4375,45.1328125,46.34375,29.580299377441406,41106000
1999-04-05,47.15625,47.5078125,46.75,47.46875,30.298368453979492,39848600
1999-04-06,47.59375,47.8125,46.625,47.03125,30.01910972595215,39674800
1999-04-07,47.4375,47.5,45.625,46.65625,29.779762268066406,46910200
1999-04-08,46.625,47.3125,45.5,47.28125,30.178682327270508,38637000
1999-04-09,47.125,47.5,46.5,47.125,30.078968048095703,31816800
1999-04-12,45.8125,46.8125,45.6875,46.5,29.680025100708008,37858800
1999-04-13,46.5625,46.5625,44.59375,45.0625,28.762508392333984,46746800
1999-04-14,45.40625,45.5625,42.9375,42.9375,27.406158447265625,52944000
1999-04-15,43.65625,44.9375,41.9375,44.4375,28.36358070373535,72594600
1999-04-16,44.53125,44.5625,42.9375,43.3125,27.645505905151367,44774000
1999-04-19,43.4375,44.0625,40.1875,40.5,25.8503475189209,75389000
1999-04-20,41.125,42.0,40.0,41.5625,26.52852439880371,108459400
1999-04-21,41.0625,41.25,40.0,41.0,26.16948699951172,92732800
1999-04-22,42.5,42.625,41.6875,42.46875,27.106966018676758,55096400
1999-04-23,42.5,43.5,41.5,43.0,27.446056365966797,56592000
1999-04-26,43.59375,44.46875,43.375,44.0,28.084333419799805,48349800
1999-04-27,44.375,44.375,41.96875,42.0,26.80777931213379,58665800
1999-04-28,42.65625,43.25,40.859375,41.0625,26.209381103515625,55963400
1999-04-29,41.1875,41.84375,40.203125,41.03125,26.189434051513672,60880600
1999-04-30,41.375,41.875,39.9375,40.65625,25.95008087158203,58558600
1999-05-03,40.71875,40.75,39.28125,39.9375,25.491331100463867,67180000
1999-05-04,40.25,40.90625,38.875,39.03125,24.912860870361328,66502200
1999-05-05,39.5625,39.9375,38.21875,39.5625,25.251962661743164,67028200
1999-05-06,40.34375,40.5625,38.75,38.96875,24.87297248840332,74021000
1999-05-07,39.8125,40.1875,39.0,39.53125,25.232019424438477,48011600
1999-05-10,39.9375,40.25,39.125,39.84375,25.43147850036621,46218000
1999-05-11,40.375,40.5078125,39.71875,39.9375,25.491331100463867,42786200
1999-05-12,40.375,40.5,39.625,40.25,25.690771102905273,60142600
1999-05-13,40.5625,40.875,39.5625,39.5625,25.251962661743164,51737200
1999-05-14,39.4375,39.96875,38.3125,38.4375,24.53389549255371,84401000
1999-05-17,38.6875,39.78125,38.5,39.5625,25.251962661743164,66850200
1999-05-18,39.90625,40.125,38.96875,39.34375,25.112342834472656,63858400
1999-05-19,39.9375,39.9375,38.625,39.65625,25.31180191040039,46510800
1999-05-20,39.78125,40.0,39.1875,39.21875,25.032550811767578,42386200
1999-05-21,39.25,39.5,38.5,38.78125,24.7533016204834,56568800
1999-05-24,38.9375,38.9375,38.03125,38.625,24.65357780456543,38990000
1999-05-25,38.375,39.625,38.0625,38.125,24.33443260192871,50791600
1999-05-26,38.59375,39.25,37.75,39.25,25.05249786376953,52022800
1999-05-27,39.125,39.71875,38.75,39.1875,25.012603759765625,56702200
1999-05-28,39.375,40.4375,39.0625,40.34375,25.750612258911133,41548000
1999-06-01,40.3125,40.375,39.21875,39.25,25.05249786376953,36046400
1999-06-02,39.03125,39.3125,38.125,39.21875,25.032550811767578,42812600
1999-06-03,39.1875,39.46875,38.0625,38.1875,24.374332427978516,32934400
1999-06-04,38.46875,39.84375,38.375,39.78125,25.391584396362305,35668200
1999-06-07,39.96875,40.53125,39.59375,40.125,25.610992431640625,32392200
1999-06-08,39.9375,41.0625,39.5,39.6875,25.331750869750977,41516400
1999-06-09,40.0625,41.3125,40.0,41.15625,26.26922035217285,53310800
1999-06-10,40.9375,41.15625,39.53125,39.9375,25.491331100463867,35277400
1999-06-11,40.0,40.25,38.78125,39.0625,24.932817459106445,34543000
1999-06-14,39.375,39.84375,38.71875,38.78125,24.7533016204834,28369800
1999-06-15,39.03125,39.4375,38.34375,38.84375,24.793197631835938,36981000
1999-06-16,39.53125,40.8125,39.46875,40.5,25.8503475189209,48325200
1999-06-17,40.34375,41.5,40.25,41.4375,26.448747634887695,44475200
1999-06-18,41.15625,42.5,41.0625,42.5,27.126911163330078,69116200
1999-06-21,42.4375,44.5,42.4375,44.46875,28.383516311645508,56194400
1999-06-22,44.21875,44.21875,43.125,43.25,27.605613708496094,38751000
1999-06-23,42.96875,43.6875,42.53125,43.0,27.446056365966797,33942000
1999-06-24,42.875,43.125,42.0,42.3125,27.007226943969727,33559000
1999-06-25,42.6875,43.21875,42.1875,42.46875,27.106966018676758,24933000
1999-06-28,42.75,43.40625,42.46875,43.375,27.68541145324707,31701000
1999-06-29,43.34375,44.03125,43.0,44.0,28.084333419799805,38973200
1999-06-30,43.875,45.125,43.375,45.09375,28.782453536987305,57610200
1999-07-01,44.9375,45.75,44.1875,45.59375,29.101593017578125,47737800
1999-07-02,45.4375,46.0625,45.15625,46.0,29.36090087890625,32094800
1999-07-06,46.125,46.46875,44.625,44.78125,28.582988739013672,45419400
1999-07-07,45.03125,46.15625,44.9375,46.15625,29.460615158081055,33834600
1999-07-08,45.90625,46.5,45.34375,46.28125,29.540403366088867,37790400
1999-07-09,46.1875,46.65625,46.125,46.625,29.75981903076172,33884200
1999-07-12,46.59375,47.375,46.1875,47.09375,30.05900764465332,43847800
1999-07-13,46.5625,47.03125,46.40625,46.8125,29.879493713378906,30845000
1999-07-14,46.875,47.5,46.25,47.46875,30.298368453979492,37985200
1999-07-15,47.5,47.625,46.875,47.1875,30.118844985961914,40926200
1999-07-16,47.75,49.9375,47.5,49.71875,31.734493255615234,115369800
1999-07-19,50.0,50.375,48.90625,49.1875,31.39541244506836,81181600
1999-07-20,48.21875,48.375,46.15625,46.65625,29.779762268066406,92287400
1999-07-21,46.8125,47.65625,46.5,47.34375,30.218584060668945,54050800
1999-07-22,47.1875,47.25,45.0,45.53125,29.06170082092285,60904200
1999-07-23,45.78125,45.875,44.84375,45.125,28.802396774291992,68833200
1999-07-26,44.4375,44.90625,43.8125,43.8125,27.964645385742188,50885000
1999-07-27,44.40625,44.875,44.0,44.40625,28.343637466430664,65513000
1999-07-28,44.59375,45.25,44.1875,45.0,28.722614288330078,62215200
1999-07-29,44.34375,44.40625,43.15625,43.46875,27.7452449798584,57968200
1999-07-30,43.8125,44.3125,42.75,42.90625,27.386201858520508,51127400
1999-08-02,42.84375,43.46875,42.1875,42.40625,27.06707191467285,48050600
1999-08-03,42.9375,43.03125,42.1875,42.375,27.047130584716797,55051200
1999-08-04,42.5625,43.59375,42.375,42.46875,27.106966018676758,75573400
1999-08-05,42.6875,43.1875,42.375,42.875,27.366270065307617,76634000
1999-08-06,43.03125,43.21875,42.46875,42.5625,27.16681671142578,67205800
1999-08-09,42.8125,42.90625,41.84375,41.90625,26.7479248046875,39333600
1999-08-10,41.78125,42.03125,40.8125,41.46875,26.468677520751953,62743000
1999-08-11,42.0,42.34375,41.15625,42.09375,26.867605209350586,66105200
1999-08-12,41.96875,42.09375,40.8125,40.875,26.089712142944336,61062000
1999-08-13,41.46875,42.8125,41.375,42.34375,27.02718162536621,65099800
1999-08-16,42.53125,42.9453125,41.15625,42.15625,26.907499313354492,57321800
1999-08-17,42.71875,42.75,41.46875,42.28125,26.98727798461914,51749000
1999-08-18,42.21875,43.09375,42.03125,42.5,27.126911163330078,58361200
1999-08-19,42.28125,42.5625,41.5625,41.90625,26.7479248046875,71478200
1999-08-20,42.0,42.390625,41.53125,41.6875,26.608304977416992,46072800
1999-08-23,42.15625,43.3125,41.9375,43.21875,27.585674285888672,60447000
1999-08-24,43.53125,46.75,43.53125,46.09375,29.420724868774414,120450000
1999-08-25,46.8125,48.0,46.59375,47.65625,30.41804313659668,81877600
1999-08-26,47.6875,48.1875,46.84375,47.3125,30.198631286621094,61246000
1999-08-27,47.53125,47.5625,46.1875,46.625,29.75981903076172,41948400
1999-08-30,46.4375,46.71875,45.78125,46.125,29.44066619873047,33300800
1999-08-31,45.90625,46.5625,45.0625,46.28125,29.540403366088867,46882800
1999-09-01,46.15625,46.71875,45.8125,46.1875,29.480560302734375,36607200
1999-09-02,45.75,46.28125,45.34375,45.90625,29.301057815551758,33340800
1999-09-03,46.875,48.21875,46.75,47.9375,30.597558975219727,52098000
1999-09-07,47.4375,48.34375,46.875,47.125,30.078968048095703,47028000
1999-09-08,46.84375,47.34375,46.03125,46.125,29.44066619873047,42568200
1999-09-09,46.21875,47.0703125,45.8984375,47.03125,30.01910972595215,38475200
1999-09-10,47.53125,47.65625,47.0,47.5,30.31831169128418,34455000
1999-09-13,47.25,47.40625,46.6875,46.9375,29.959280014038086,27870800
1999-09-14,46.84375,47.78125,46.8125,47.53125,30.338254928588867,40207800
1999-09-15,47.75,47.875,46.1875,46.3125,29.560361862182617,48413800
1999-09-16,46.4375,47.03125,45.3125,47.0,29.999176025390625,45796000
1999-09-17,47.1875,48.25,46.90625,48.21875,30.77707862854004,79773400
1999-09-20,48.0,48.9375,47.5,48.78125,31.1361083984375,48601800
1999-09-21,48.28125,48.28125,47.0625,47.3125,30.198631286621094,47082800
1999-09-22,47.375,48.3125,46.84375,48.03125,30.657394409179688,48531600
1999-09-23,48.4375,48.4375,45.0078125,45.59375,29.101593017578125,71073600
1999-09-24,45.09375,45.6875,44.4375,45.46875,29.021804809570312,70277000
1999-09-27,46.0,46.46875,45.4375,45.71875,29.181371688842773,34132200
1999-09-28,45.625,46.34375,44.53125,46.0625,29.400785446166992,46000600
1999-09-29,45.78125,46.0625,44.5625,44.75,28.563045501708984,37484400
1999-09-30,45.0,45.84375,44.40625,45.28125,28.902132034301758,47455400
1999-10-01,45.09375,45.3125,44.15625,44.9921875,28.71763038635254,44239000
1999-10-04,45.25,46.3125,45.125,46.28125,29.540403366088867,29998000
1999-10-05,46.375,46.9375,44.75,45.90625,29.301057815551758,43397000
1999-10-06,46.15625,47.0,46.03125,46.84375,29.899433135986328,35500200
1999-10-07,46.84375,47.53125,46.34375,46.875,29.919387817382812,46036400
1999-10-08,46.75,47.59375,46.0625,47.46875,30.298368453979492,35697000
1999-10-11,47.3125,47.5,47.0625,47.15625,30.098905563354492,19943800
1999-10-12,47.0,47.15625,46.1875,46.28125,29.540403366088867,27668600
1999-10-13,46.0,46.5625,45.15625,45.53125,29.06170082092285,38098400
1999-10-14,45.4375,46.1171875,44.84375,45.34375,28.942007064819336,42737800
1999-10-15,44.75,44.90625,43.65625,44.03125,28.10427474975586,73788000
1999-10-18,43.59375,44.0,42.53125,43.9375,28.044435501098633,75312800
1999-10-19,44.125,44.625,42.625,43.15625,27.545780181884766,69945600
1999-10-20,45.78125,46.1875,45.125,46.125,29.44066619873047,88090600
1999-10-21,45.28125,46.5625,45.25,46.53125,29.69997215270996,60801200
1999-10-22,46.78125,46.9375,45.875,46.34375,29.580299377441406,43650600
1999-10-25,46.0,46.78125,45.5625,46.21875,29.500513076782227,30492200
1999-10-26,47.1875,47.625,46.1328125,46.1875,29.480560302734375,52467600
1999-10-27,45.75,45.8125,44.84375,45.4375,29.00185775756836,54416600
1999-10-28,45.0,45.4375,44.65625,44.9375,28.68272590637207,70570400
1999-10-29,45.71875,47.0,45.625,46.28125,29.540403366088867,79452600
1999-11-01,46.625,47.09375,46.0625,46.1875,29.480560302734375,53261200
1999-11-02,46.375,47.25,45.96875,46.28125,29.540403366088867,46349000
1999-11-03,46.46875,46.75,45.75,46.0,29.36090087890625,44517000
1999-11-04,46.15625,46.375,45.15625,45.875,29.281110763549805,54239400
1999-11-05,45.90625,46.4375,45.25,45.78125,29.221263885498047,70167400
1999-11-08,42.40625,45.375,42.1875,44.96875,28.702659606933594,243819200
1999-11-09,44.875,44.9375,43.21875,44.4375,28.36358070373535,109769800
1999-11-10,44.0625,44.5625,43.21875,43.5625,27.805086135864258,69385400
1999-11-11,44.125,45.21875,44.125,44.8125,28.602941513061523,69274600
1999-11-12,44.875,45.0,43.53125,44.59375,28.463298797607422,49414200
1999-11-15,44.125,44.25,43.46875,43.5,27.76519775390625,47080400
1999-11-16,43.46875,43.875,42.9375,43.65625,27.864931106567383,59165200
1999-11-17,43.21875,43.53125,42.5,42.5,27.126911163330078,66819000
1999-11-18,42.46875,42.90625,42.25,42.46875,27.106966018676758,64493200
1999-11-19,42.21875,43.28125,42.1875,43.0,27.446056365966797,58226000
1999-11-22,44.8125,45.1875,44.21875,44.90625,28.66276741027832,90596600
1999-11-23,44.625,45.6875,44.1875,44.8125,28.602941513061523,70787400
1999-11-24,44.78125,46.125,44.75,45.84375,29.26116180419922,53771000
1999-11-26,45.8125,46.6875,45.5,45.5625,29.08163833618164,28514200
1999-11-29,45.0625,46.03125,44.75,45.09375,28.782453536987305,51460200
1999-11-30,44.875,46.4375,44.78125,45.5234375,29.05670738220215,64145600
1999-12-01,45.53125,46.96875,45.4375,46.59375,29.739870071411133,48864200
1999-12-02,46.53125,47.625,46.4375,47.40625,30.258472442626953,55473800
1999-12-03,47.90625,48.5625,47.8671875,48.0625,30.677345275878906,64100600
1999-12-06,47.625,48.59375,47.375,47.71875,30.457937240600586,49098200
1999-12-07,47.375,47.4375,46.4375,46.5,29.680025100708008,56859200
1999-12-08,46.5625,47.15625,45.84375,45.875,29.281110763549805,40955800
1999-12-09,46.0,46.65625,45.71875,46.375,29.600248336791992,46258200
1999-12-10,46.6875,47.0625,46.125,46.9375,29.959280014038086,36836000
1999-12-13,46.8046875,48.46875,46.375,48.3125,30.836912155151367,52691600
1999-12-14,48.09375,50.5625,47.65625,49.34375,31.495141983032227,144116200
1999-12-15,49.28125,54.375,49.25,54.21875,34.606754302978516,155571600
1999-12-16,54.625,57.5,54.46875,56.84375,36.28223419189453,128660200
1999-12-17,58.3125,58.5625,56.8125,57.625,36.780906677246094,105898800
1999-12-20,57.40625,57.5,55.59375,56.375,35.98304748535156,39433800
1999-12-21,56.1875,58.3125,55.3125,57.9375,36.980350494384766,57446000
1999-12-22,58.1484375,59.0,57.5625,58.78125,37.51890182495117,38565200
1999-12-23,58.625,59.625,58.375,58.71875,37.479007720947266,31028400
1999-12-27,59.21875,59.625,58.0625,59.5625,38.01757049560547,32202200
1999-12-28,59.375,59.40625,58.53125,58.75,37.49896240234375,24591000
1999-12-29,58.46875,59.1875,58.40625,58.96875,37.63857650756836,17449200
1999-12-30,58.9375,59.96875,58.5625,58.8125,37.53884506225586,22360000
1999-12-31,58.75,58.875,58.125,58.375,37.25961685180664,12517600
2000-01-03,58.6875,59.3125,56.0,58.28125,37.19977569580078,53228400
2000-01-04,56.78125,58.5625,56.125,56.3125,35.943153381347656,54119000
2000-01-05,55.5625,58.1875,54.6875,56.90625,36.322120666503906,64059600
2000-01-06,56.09375,56.9375,54.1875,55.0,35.10541534423828,54976600
2000-01-07,54.3125,56.125,53.65625,55.71875,35.564170837402344,62013600
2000-01-10,56.71875,56.84375,55.6875,56.125,35.823463439941406,44963600
2000-01-11,55.75,57.125,54.34375,54.6875,34.90594482421875,46743600
2000-01-12,54.25,54.4375,52.21875,52.90625,33.769020080566406,66532400
2000-01-13,52.1875,54.3125,50.75,53.90625,34.40729904174805,83144000
2000-01-14,53.59375,56.96875,52.875,56.125,35.823463439941406,73416400
2000-01-18,55.90625,58.25,55.875,57.65625,36.800846099853516,81483600
2000-01-19,55.25,55.75,53.0,53.5,34.147979736328125,97568200
2000-01-20,53.53125,54.84375,52.9375,53.0,33.828853607177734,56349800
2000-01-21,53.5,53.625,51.625,51.875,33.11079406738281,68416200
2000-01-24,51.8984375,52.84375,50.40625,50.625,32.31294250488281,63597600
2000-01-25,50.5,51.9375,49.78125,51.40625,32.81159973144531,59823200
2000-01-26,51.21875,51.75,49.5625,49.6875,31.714557647705078,49365000
2000-01-27,49.9453125,50.59375,48.625,49.375,31.515090942382812,63654800
2000-01-28,49.0625,50.125,48.625,49.125,31.355531692504883,58225400
2000-01-31,48.8125,49.09375,47.4375,48.9375,31.235828399658203,73194200
2000-02-01,49.25,51.625,48.84375,51.46875,32.85149002075195,70196600
2000-02-02,51.21875,51.96875,50.25,50.40625,32.17331314086914,49915600
2000-02-03,51.03125,52.09375,50.0625,51.8125,33.07089614868164,49186000
2000-02-04,52.1875,54.0,52.0703125,53.28125,34.008358001708984,55365400
2000-02-07,53.40625,53.4375,52.125,53.3125,34.0283088684082,40005800
2000-02-08,53.21875,55.0,53.21875,54.96875,35.0854606628418,56229000
2000-02-09,54.71875,54.71875,51.9375,52.0,33.190574645996094,55090000
2000-02-10,51.9453125,53.28125,51.25,53.0,33.828853607177734,54527800
2000-02-11,52.4375,52.4375,49.5625,49.96875,31.894062042236328,115559000
2000-02-14,50.6171875,50.875,49.53125,49.8125,31.79433250427246,81028600
2000-02-15,49.875,50.0,49.0625,49.28125,31.455259323120117,71027600
2000-02-16,49.625,50.09375,48.5625,48.8125,31.156044006347656,65202600
2000-02-17,49.25,49.84375,48.5703125,49.8125,31.79433250427246,80343400
2000-02-18,50.0,50.03125,47.4375,47.53125,30.338254928588867,79063000
2000-02-22,47.5625,48.5625,46.40625,46.90625,29.939332962036133,66296200
2000-02-23,46.75,47.875,46.03125,47.125,30.078968048095703,75847200
2000-02-24,47.125,47.9375,46.0,47.375,30.238527297973633,69733200
2000-02-25,47.34375,47.3515625,45.25,45.65625,29.141483306884766,65301400
2000-02-28,45.125,46.0625,44.0625,45.78125,29.221263885498047,76131800
2000-02-29,45.875,45.875,44.4375,44.6875,28.523143768310547,58437400
2000-03-01,44.8125,47.046875,44.46875,45.40625,28.981904983520508,106889800
2000-03-02,45.90625,47.6875,45.5625,46.6875,29.799707412719727,106932600
2000-03-03,47.375,49.4375,46.9375,48.0625,30.677345275878906,101435200
2000-03-06,48.0,48.6875,45.0625,45.3125,28.922075271606445,93609400
2000-03-07,48.0625,48.75,45.96875,46.4375,29.64014434814453,135061000
2000-03-08,46.90625,48.09375,45.5,47.78125,30.497831344604492,94290000
2000-03-09,47.65625,50.0,47.5,50.0,31.91400718688965,88198800
2000-03-10,49.78125,51.25,49.75,50.5,32.233158111572266,85589000
2000-03-13,48.8125,50.125,48.75,49.0,31.27572250366211,61831800
2000-03-14,49.3125,49.625,47.5625,47.5625,30.35820198059082,73489200
2000-03-15,47.28125,48.3125,46.84375,47.6875,30.437990188598633,53208000
2000-03-16,47.96875,48.34375,46.625,47.6875,30.437990188598633,77300800
2000-03-17,47.625,49.75,47.25,49.6875,31.714557647705078,81161600
2000-03-20,49.375,49.875,48.25,48.6875,31.076255798339844,47773000
2000-03-21,48.375,51.5625,48.25,51.375,32.79164123535156,81648800
2000-03-22,51.40625,52.8125,50.5625,51.625,32.95121383666992,93975800
2000-03-23,53.40625,56.4375,53.3125,55.9375,35.703792572021484,148224000
2000-03-24,56.3125,57.5,54.78125,55.84375,35.643959045410156,112196800
2000-03-27,53.8828125,54.125,51.96875,52.03125,33.210506439208984,111434000
2000-03-28,51.8125,53.71875,51.1875,52.15625,33.2902946472168,81114400
2000-03-29,52.59375,54.46875,52.5625,53.59375,34.207828521728516,64363800
2000-03-30,53.09375,54.3125,51.25,51.6875,32.99110794067383,64178400
2000-03-31,53.0,54.125,52.0625,53.125,33.90864944458008,64281400
2000-04-03,47.21875,48.25,45.0,45.4375,29.00185775756836,260118200
2000-04-04,45.78125,46.0,42.46875,44.28125,28.263845443725586,181244400
2000-04-05,44.125,44.25,42.9375,43.1875,27.56572723388672,82887600
2000-04-06,43.9375,44.0,42.6328125,43.0,27.446056365966797,66421400
2000-04-07,43.5,44.6875,42.5,44.53125,28.423419952392578,82613600
2000-04-10,44.3125,44.3125,43.0,43.03125,27.466001510620117,60685400
2000-04-11,42.5625,43.03125,41.75,41.9375,26.767871856689453,71961800
2000-04-12,41.0625,41.125,39.375,39.6875,25.331750869750977,153003800
2000-04-13,40.4375,41.125,39.5,39.625,25.29184913635254,94316200
2000-04-14,39.5625,39.75,36.625,37.0625,23.656261444091797,151217800
2000-04-17,37.125,38.0,36.5,37.9375,24.214752197265625,119772200
2000-04-18,38.25,40.96875,37.9375,40.28125,25.710729598999023,91794600
2000-04-19,40.71875,40.75,39.0625,39.34375,25.112342834472656,53715400
2000-04-20,39.3125,39.9375,38.75,39.46875,25.192115783691406,52387400
2000-04-24,33.625,34.0,32.5,33.3125,21.26270866394043,313645800
2000-04-25,34.375,34.75,33.8125,34.6875,22.140348434448242,159517400
2000-04-26,35.0,35.5625,33.6875,34.0,21.701528549194336,107091200
2000-04-27,33.71875,34.96875,33.6875,34.90625,22.279972076416016,77669800
2000-04-28,35.375,35.5,34.125,34.875,22.260025024414062,78082600
2000-05-01,36.4375,37.0,35.84375,36.71875,23.436853408813477,107811000
2000-05-02,36.40625,36.75,34.75,34.9375,22.299917221069336,97716200
2000-05-03,35.1875,35.40625,34.40625,35.28125,22.51932716369629,55354800
2000-05-04,35.15625,35.625,34.65625,35.21875,22.479429244995117,43317200
2000-05-05,35.125,35.90625,34.9375,35.5625,22.698837280273438,36402200
2000-05-08,35.46875,35.6875,34.84375,34.90625,22.279972076416016,36187600
2000-05-09,35.09375,35.21875,33.75,33.90625,21.64169692993164,60778400
2000-05-10,33.875,33.9375,32.875,33.09375,21.12308692932129,67740000
2000-05-11,33.3125,34.0625,32.875,33.9375,21.661638259887695,58390800
2000-05-12,34.21875,34.875,34.125,34.40625,21.96082878112793,37886000
2000-05-15,34.5,34.71875,34.0,34.6875,22.140348434448242,33899600
2000-05-16,34.78125,35.3125,34.53125,34.75,22.180233001708984,48410600
2000-05-17,34.4375,34.5625,33.625,33.84375,21.60179901123047,53242000
2000-05-18,34.03125,34.03125,32.9375,33.09375,21.12308692932129,53640400
2000-05-19,32.6875,32.96875,32.25,32.53125,20.76405143737793,66578000
2000-05-22,32.5625,32.625,31.21875,32.09375,20.484806060791016,69955000
2000-05-23,31.9375,32.78125,31.53125,31.59375,20.165658950805664,57963200
2000-05-24,31.5625,33.28125,31.5,32.78125,20.923625946044922,85482400
2000-05-25,32.28125,32.375,30.5625,30.75,19.627117156982422,94348800
2000-05-26,31.03125,31.3125,30.1875,30.71875,19.6071720123291,55822000
2000-05-30,31.21875,32.0625,31.0,31.6875,20.22550392150879,68536400
2000-05-31,31.8203125,31.8515625,31.03125,31.28125,19.966203689575195,54968200
2000-06-01,32.1875,33.0,31.90625,32.28125,20.604482650756836,94507200
2000-06-02,33.0,33.375,32.5,33.15625,21.16297721862793,80463200
2000-06-05,33.0078125,34.1875,33.0,33.4375,21.34248924255371,64400000
2000-06-06,34.09375,34.9375,33.90625,34.8125,22.220136642456055,99019000
2000-06-07,34.625,35.375,33.5625,35.25,22.49938201904297,76310600
2000-06-08,35.78125,36.0625,34.125,34.40625,21.96082878112793,94765600
2000-06-09,34.8125,34.84375,34.15625,34.40625,21.96082878112793,35710200
2000-06-12,34.5,34.5,33.1875,33.4375,21.34248924255371,49260600
2000-06-13,33.375,34.0,33.0625,33.9375,21.661638259887695,44289200
2000-06-14,34.90625,35.5,34.75,35.25,22.49938201904297,79992400
2000-06-15,35.40625,36.34375,35.3125,36.1875,23.0977725982666,65592600
2000-06-16,36.3125,36.5625,35.75,36.28125,23.157602310180664,68710600
2000-06-19,36.28125,36.90625,36.0,36.84375,23.51663589477539,46604800
2000-06-20,36.9375,37.625,36.875,37.46875,23.915559768676758,62275000
2000-06-21,38.5,41.09375,38.46875,40.34375,25.750612258911133,160399600
2000-06-22,40.6875,41.0,39.65625,39.9375,25.491331100463867,87315200
2000-06-23,39.96875,40.03125,38.5,38.84375,24.793197631835938,49811600
2000-06-26,38.75,40.0625,38.75,39.75,25.37164306640625,48287000
2000-06-27,39.625,40.0625,39.1875,39.40625,25.152238845825195,31071200
2000-06-28,39.5,40.03125,39.3125,39.46875,25.192115783691406,37459200
2000-06-29,39.125,39.46875,38.53125,38.59375,24.633630752563477,38449000
2000-06-30,38.53125,40.0,38.34375,40.0,25.531200408935547,52356400
2000-07-03,39.84375,40.03125,39.6875,40.0,25.531200408935547,15734800
2000-07-05,39.9375,39.9375,39.125,39.25,25.05249786376953,34824400
2000-07-06,39.4375,40.84375,39.25,40.46875,25.830413818359375,47873200
2000-07-07,40.6328125,41.4375,40.28125,41.0,26.16948699951172,54153200
2000-07-10,40.34375,40.65625,39.6875,39.71875,25.351696014404297,52689800
2000-07-11,39.40625,40.25,39.25,39.5625,25.251962661743164,37164800
2000-07-12,39.125,40.5,38.59375,40.15625,25.630945205688477,58370200
2000-07-13,39.40625,40.0,38.6875,39.96875,25.51126480102539,80843200
2000-07-14,39.75,39.875,39.21875,39.46875,25.192115783691406,51180600
2000-07-17,39.125,39.78125,38.75,39.09375,24.9527587890625,53992800
2000-07-18,38.8125,39.75,38.71875,39.25,25.05249786376953,70617200
2000-07-19,38.03125,38.75,36.40625,36.5625,23.33712387084961,139924600
2000-07-20,36.71875,37.625,36.5625,37.40625,23.875675201416016,54690600
2000-07-21,37.375,37.5,35.9375,36.15625,23.077823638916016,56100600
2000-07-24,36.03125,36.0625,35.0,35.28125,22.51932716369629,56165600
2000-07-25,35.40625,35.5,34.1875,34.5,22.020662307739258,64188600
2000-07-26,34.53125,34.75,33.625,33.90625,21.64169692993164,85404600
2000-07-27,33.9375,35.0625,33.75,34.6875,22.140348434448242,74337600
2000-07-28,35.46875,35.90625,34.8125,34.84375,22.240079879760742,75645600
2000-07-31,35.09375,35.5625,34.625,34.90625,22.279972076416016,70283800
2000-08-01,34.96875,35.03125,34.09375,34.34375,21.920934677124023,47163600
2000-08-02,34.28125,35.21875,34.25,34.6875,22.140348434448242,48269200
2000-08-03,34.09375,35.1875,34.0625,35.125,22.41959571838379,54543400
2000-08-04,34.71875,34.9375,34.09375,34.5625,22.06056022644043,38107400
2000-08-07,35.09375,35.5625,34.875,35.0,22.339801788330078,52741800
2000-08-08,35.03125,37.34375,35.0,37.0625,23.656261444091797,138038800
2000-08-09,36.875,37.4375,36.5625,37.125,23.696155548095703,63945600
2000-08-10,36.90625,37.03125,35.875,36.3125,23.17754554748535,48986000
2000-08-11,36.21875,36.34375,35.8125,36.21875,23.117712020874023,35629600
2000-08-14,36.15625,36.6875,35.6875,36.09375,23.03793716430664,53427000
2000-08-15,36.0,36.5,35.75,35.8125,22.85841178894043,40714200
2000-08-16,35.9375,36.125,35.28125,35.5,22.658946990966797,44976200
2000-08-17,35.5625,36.0,35.28125,35.78125,22.83846092224121,36112800
2000-08-18,35.5625,35.71875,35.0,35.5,22.658946990966797,54438800
2000-08-21,35.34375,35.40625,35.03125,35.3125,22.53927230834961,34119600
2000-08-22,35.40625,36.21875,35.109375,35.625,22.738733291625977,54428200
2000-08-23,35.40625,35.5625,35.1875,35.375,22.579166412353516,36726800
2000-08-24,35.3125,35.59375,34.96875,35.5625,22.698837280273438,42405400
2000-08-25,35.34375,35.84375,35.28125,35.3125,22.53927230834961,52729400
2000-08-28,35.09375,36.0625,35.0625,35.65625,22.75868034362793,56421600
2000-08-29,35.59375,36.375,35.4375,35.46875,22.639007568359375,59400200
2000-08-30,35.34375,35.46875,34.84375,35.0,22.339801788330078,53498800
2000-08-31,35.4375,36.0,34.84375,34.90625,22.279972076416016,72575400
2000-09-01,35.0,35.3125,34.84375,35.09375,22.3996524810791,37629800
2000-09-05,35.0,35.34375,34.90625,35.0625,22.37970733642578,50755200
2000-09-06,35.03125,35.34375,34.65625,34.71875,22.160287857055664,62960800
2000-09-07,35.0,36.03125,34.71875,35.03125,22.359758377075195,111711200
2000-09-08,35.1875,35.4375,34.59375,34.65625,22.120403289794922,56709600
2000-09-11,34.5625,34.84375,34.03125,34.40625,21.96082878112793,48495200
2000-09-12,34.375,34.65625,33.8125,34.0625,21.74142837524414,46781200
2000-09-13,33.78125,34.375,33.59375,34.125,21.781314849853516,40744800
2000-09-14,34.34375,34.375,32.84375,32.90625,21.003406524658203,78503000
2000-09-15,32.71875,32.8125,31.65625,32.09375,20.484806060791016,99915200
2000-09-18,32.125,32.3125,31.09375,31.5,20.105831146240234,69037800
2000-09-19,31.8125,32.875,31.6875,32.5,20.744110107421875,79311200
2000-09-20,32.4375,32.5,31.59375,32.125,20.50475311279297,67791400
2000-09-21,32.0,32.5625,31.78125,32.09375,20.484806060791016,48952200
2000-09-22,30.5625,31.75,30.5,31.625,20.18561363220215,84476600
2000-09-25,31.625,31.75,30.21875,30.625,19.547334671020508,53484200
2000-09-26,30.46875,32.9375,30.21875,31.34375,20.0060977935791,155704800
2000-09-27,31.71875,31.78125,29.90625,30.3125,19.34787368774414,106155600
2000-09-28,30.40625,30.9375,30.3125,30.65625,19.567276000976562,52360400
2000-09-29,30.5,30.65625,29.3125,30.15625,19.248138427734375,74053600
2000-10-02,30.25,30.40625,29.125,29.5625,18.869163513183594,58562400
2000-10-03,29.78125,29.90625,28.25,28.28125,18.051355361938477,85374000
2000-10-04,28.1875,28.28125,27.25,27.71875,17.692340850830078,136453400
2000-10-05,27.75,28.625,27.625,27.6875,17.672386169433594,81099400
2000-10-06,27.90625,28.375,27.375,27.78125,17.732221603393555,61794000
2000-10-09,27.8125,27.875,26.5,27.09375,17.293407440185547,58323600
2000-10-10,26.96875,27.78125,26.90625,27.28125,17.413082122802734,62066200
2000-10-11,27.0,28.46875,27.0,27.875,17.79206657409668,101205800
2000-10-12,28.15625,28.4375,26.90625,27.1875,17.353242874145508,90219600
2000-10-13,26.9375,27.4375,26.0625,26.875,17.153779983520508,104521200
2000-10-16,26.75,26.90625,24.78125,25.1875,16.076684951782227,119759000
2000-10-17,25.9375,26.21875,25.125,25.21875,16.09662628173828,81276600
2000-10-18,24.8125,26.625,24.21875,25.875,16.515499114990234,110536400
2000-10-19,29.21875,31.09375,29.0,30.9375,19.746789932250977,256993200
2000-10-20,30.65625,33.0625,30.5625,32.59375,20.8039493560791,160378600
2000-10-23,32.3125,33.125,30.34375,31.0625,19.826583862304688,185170400
2000-10-24,31.3125,31.46875,30.09375,30.75,19.627117156982422,94427400
2000-10-25,30.96875,31.71875,30.21875,30.625,19.547334671020508,167603800
2000-10-26,30.5,32.53125,30.40625,32.21875,20.564592361450195,114826600
2000-10-27,32.34375,34.59375,32.3125,33.84375,21.60179901123047,124292400
2000-10-30,33.75,35.0625,33.6875,34.53125,22.040616989135742,110057600
2000-10-31,34.5,34.75,34.0,34.4375,21.98077392578125,104474000
2000-11-01,34.25,35.03125,34.21875,34.8125,22.220136642456055,81309400
2000-11-02,35.1875,35.421875,34.8125,35.15625,22.439538955688477,77985200
2000-11-03,34.625,34.8125,34.03125,34.125,21.781314849853516,68711000
2000-11-06,34.34375,35.0625,34.125,34.75,22.180233001708984,74851400
2000-11-07,34.875,35.9375,34.75,35.25,22.49938201904297,104331200
2000-11-08,35.5625,36.1875,34.0,34.71875,22.160287857055664,206149400
2000-11-09,34.25,35.65625,34.21875,35.4375,22.619054794311523,91058600
2000-11-10,34.96875,35.15625,33.40625,33.6875,21.50206756591797,93744400
2000-11-13,33.34375,34.0625,32.203125,33.21875,21.202871322631836,83364800
2000-11-14,34.0,34.90625,33.65625,34.40625,21.96082878112793,84218600
2000-11-15,34.53125,35.4375,34.34375,35.03125,22.359758377075195,60422200
2000-11-16,34.71875,35.75,34.46875,34.46875,22.000720977783203,92128600
2000-11-17,34.71875,35.0,33.8984375,34.53125,22.040616989135742,106525600
2000-11-20,34.0625,34.25,32.78125,33.59375,21.44222640991211,80157200
2000-11-21,33.6875,34.625,33.6875,33.875,21.621747970581055,59487600
2000-11-22,33.03125,34.75,33.0,34.125,21.781314849853516,76343200
2000-11-24,34.5,35.21875,34.25,34.96875,22.319862365722656,34439200
2000-11-27,35.71875,36.125,35.3125,35.34375,22.55921745300293,85307600
2000-11-28,34.6875,34.875,33.40625,33.5,21.382381439208984,127446200
2000-11-29,33.40625,33.5625,31.625,32.53125,20.76405143737793,98280400
2000-11-30,31.0,31.03125,28.5,28.6875,18.310667037963867,197200800
2000-12-01,29.03125,30.3125,28.03125,28.3125,18.071304321289062,109809800
2000-12-04,28.625,29.5,27.59375,28.21875,18.0114688873291,80407200
2000-12-05,29.59375,30.25,29.125,29.9375,19.108509063720703,101734400
2000-12-06,30.0,30.03125,28.03125,28.34375,18.091257095336914,90560800
2000-12-07,26.71875,27.0,26.125,26.5625,16.95432472229004,145308400
2000-12-08,27.3125,27.9375,26.71875,27.21875,17.373191833496094,120939800
2000-12-11,27.75,29.375,27.5,29.03125,18.530075073242188,95576200
2000-12-12,28.90625,30.0,28.375,29.1875,18.62980842590332,63106000
2000-12-13,30.25,30.25,28.40625,28.625,18.270774841308594,98360400
2000-12-14,28.96875,29.3671875,27.6875,27.75,17.712278366088867,71201400
2000-12-15,25.5234375,26.0,23.875,24.59375,15.69770622253418,116899800
2000-12-18,24.5,25.0,23.5,23.90625,15.258886337280273,107187400
2000-12-19,23.71875,24.0,22.25,22.40625,14.301470756530762,120271800
2000-12-20,21.40625,22.0,20.6875,20.75,13.24431324005127,149037800
2000-12-21,20.375,22.5625,20.15625,21.71875,13.862648963928223,163173000
2000-12-22,22.375,23.5625,22.375,23.21875,14.820072174072266,109551800
2000-12-26,23.4375,24.28125,22.9375,23.4375,14.959693908691406,66941600
2000-12-27,23.0625,23.40625,22.5,23.21875,14.820072174072266,69003800
2000-12-28,22.5625,23.125,21.9375,22.28125,14.221680641174316,77619200
2000-12-29,21.96875,22.90625,21.5,21.6875,13.842705726623535,99977600
2001-01-02,22.0625,22.5,21.4375,21.6875,13.842705726623535,82413200
2001-01-03,21.59375,24.4375,21.5625,23.96875,15.298779487609863,135962200
2001-01-04,23.90625,25.25,23.4375,24.21875,15.45834732055664,112397000
2001-01-05,24.25,24.9375,23.78125,24.5625,15.677765846252441,93414600
2001-01-08,24.46875,24.875,23.34375,24.46875,15.617914199829102,79817600
2001-01-09,25.0,26.3125,24.875,25.90625,16.53544807434082,114965400
2001-01-10,25.5,26.90625,25.375,26.4375,16.874528884887695,90230200
2001-01-11,26.5,27.875,26.15625,27.5,17.55270767211914,101854800
2001-01-12,27.4375,27.5,26.25,26.75,17.073989868164062,73712000
2001-01-16,26.6875,26.75,25.5625,26.28125,16.774799346923828,68462400
2001-01-17,26.8125,27.4375,26.28125,26.46875,16.89447784423828,72844200
2001-01-18,26.84375,28.09375,26.3125,27.75,17.712278366088867,109788800
2001-01-19,30.0,30.71875,29.4375,30.5,19.467546463012695,209348800
2001-01-22,30.375,30.5,29.5,30.0625,19.188302993774414,76673000
2001-01-23,29.875,30.46875,29.46875,30.28125,19.32792854309082,70295200
2001-01-24,30.5,31.71875,30.375,31.46875,20.085880279541016,110455000
2001-01-25,31.375,32.0,30.78125,30.90625,19.72684669494629,85657400
2001-01-26,30.5,32.15625,30.5,32.0,20.424970626831055,93080000
2001-01-29,31.78125,32.3125,31.75,32.25,20.58453941345215,84983800
2001-01-30,32.25,32.375,31.4375,31.6875,20.22550392150879,57276800
2001-01-31,31.5,31.875,30.5,30.53125,19.487491607666016,81898800
2001-02-01,30.40625,31.3125,30.1875,31.1875,19.906370162963867,71792800
2001-02-02,31.25,31.6875,30.375,30.40625,19.407705307006836,71100000
2001-02-05,30.375,31.03125,30.125,30.96875,19.766740798950195,51399200
2001-02-06,31.03125,31.90625,30.84375,31.28125,19.966203689575195,96442000
2001-02-07,31.0,32.53125,30.90625,32.34375,20.64436912536621,126061800
2001-02-08,31.875,32.25,31.0,31.125,19.866472244262695,88041200
2001-02-09,30.65625,30.78125,29.25,29.5625,18.869163513183594,100575200
2001-02-12,29.40625,29.71875,28.59375,29.375,18.749481201171875,71289400
2001-02-13,29.8125,30.53125,29.0625,29.09375,18.569969177246094,76070600
2001-02-14,28.8125,29.5,28.1875,29.1875,18.62980842590332,61728400
2001-02-15,29.5,30.09375,28.9375,29.40625,18.76942253112793,65627800
2001-02-16,28.5,29.125,28.0625,28.65625,18.290725708007812,66958400
2001-02-20,28.6875,29.125,27.6875,27.9375,17.831958770751953,60730800
2001-02-21,27.625,29.03125,27.59375,28.125,17.951637268066406,63947200
2001-02-22,28.15625,28.40625,26.9375,27.59375,17.612545013427734,100816400
2001-02-23,27.21875,28.75,27.15625,28.375,18.111204147338867,92620600
2001-02-26,28.8125,29.96875,28.6875,29.78125,19.008785247802734,87936800
2001-02-27,29.6875,30.59375,29.3359375,29.6875,18.948938369750977,99148600
2001-02-28,29.78125,30.0390625,29.09375,29.5,18.829265594482422,84608400
2001-03-01,29.28125,29.75,28.125,29.6796875,18.943960189819336,81781600
2001-03-02,28.75,29.0625,28.21875,28.34375,18.091257095336914,79800800
2001-03-05,28.625,29.3125,28.28125,28.71875,18.330612182617188,49383600
2001-03-06,29.3125,30.0,29.1875,29.71875,18.96888542175293,66781800
2001-03-07,29.9375,30.5625,29.65625,30.34375,19.367813110351562,59743600
2001-03-08,30.15625,30.296875,29.21875,29.625,18.90904998779297,54626000
2001-03-09,28.96875,29.09375,27.4375,28.34375,18.091257095336914,103794400
2001-03-12,27.34375,27.5,25.8125,25.96875,16.575345993041992,114376000
2001-03-13,26.09375,27.375,26.0,27.09375,17.293407440185547,91035600
2001-03-14,26.25,27.625,26.09375,27.0,17.233566284179688,90686200
2001-03-15,27.65625,28.0390625,26.75,26.84375,17.133831024169922,71638400
2001-03-16,26.25,27.5625,26.2421875,27.28125,17.413082122802734,112848800
2001-03-19,27.25,27.75,26.5625,27.15625,17.333297729492188,61036400
2001-03-20,27.28125,28.0625,26.3125,26.34375,16.814695358276367,91822800
2001-03-21,26.125,26.625,24.875,25.03125,15.976959228515625,124988600
2001-03-22,25.28125,27.03125,25.25,27.0,17.233566284179688,126363200
2001-03-23,27.46875,28.5,27.1875,28.28125,18.051355361938477,99519600
2001-03-26,28.5625,28.75,27.78125,28.03125,17.89179229736328,63118600
2001-03-27,28.03125,29.28125,27.9375,29.125,18.58991241455078,95135600
2001-03-28,28.6875,28.96875,27.6875,27.78125,17.732221603393555,78681600
2001-03-29,27.6875,28.59375,27.28125,27.6875,17.672386169433594,86985000
2001-03-30,27.875,28.09375,26.9375,27.34375,17.452972412109375,91201600
2001-04-02,27.40625,28.46875,27.3125,27.90625,17.8120059967041,75924000
2001-04-03,27.65625,27.65625,26.375,26.6875,17.034107208251953,94187600
2001-04-04,26.6875,27.5,25.53125,25.96875,16.575345993041992,104046600
2001-04-05,26.875,28.6875,26.75,28.375,18.111204147338867,113364000
2001-04-06,28.1875,28.59375,27.53125,28.09375,17.931682586669922,92622000
2001-04-09,28.28499984741211,28.709999084472656,27.829999923706055,28.575000762939453,18.238855361938477,56295600
2001-04-10,28.975000381469727,30.045000076293945,28.889999389648438,29.84000015258789,19.046289443969727,109199400
2001-04-11,30.325000762939453,30.75,29.850000381469727,30.020000457763672,19.16117286682129,109879600
2001-04-12,29.780000686645508,31.155000686645508,29.674999237060547,31.09000015258789,19.8441219329834,87520000
2001-04-16,30.700000762939453,30.790000915527344,30.059999465942383,30.395000457763672,19.400524139404297,65857400
2001-04-17,30.260000228881836,31.05500030517578,30.020000457763672,30.739999771118164,19.620731353759766,85149200
2001-04-18,31.69499969482422,33.154998779296875,31.5,32.71500015258789,20.88133430480957,156696400
2001-04-19,32.904998779296875,34.5,32.875,34.02000045776367,21.71428680419922,159375600
2001-04-20,35.150001525878906,35.54999923706055,34.25,34.5,22.020662307739258,192919600
2001-04-23,34.05500030517578,34.23500061035156,33.45000076293945,34.125,21.781314849853516,92171200
2001-04-24,34.099998474121094,34.96500015258789,33.56999969482422,33.775001525878906,21.557912826538086,89176600
2001-04-25,33.78499984741211,34.89500045776367,33.625,34.845001220703125,22.240869522094727,76744000
2001-04-26,35.03499984741211,35.5,34.125,34.564998626708984,22.062149047851562,118737600
2001-04-27,34.76499938964844,34.84000015258789,33.10499954223633,33.560001373291016,21.420690536499023,121572400
2001-04-30,34.26499938964844,34.529998779296875,33.84000015258789,33.875,21.621747970581055,74368200
2001-05-01,33.83000183105469,35.150001525878906,33.79999923706055,35.084999084472656,22.39405632019043,83702800
2001-05-02,35.5,35.57500076293945,34.67499923706055,34.880001068115234,22.26321792602539,92864400
2001-05-03,34.625,35.09000015258789,34.06999969482422,34.26499938964844,21.87067222595215,66273400
2001-05-04,34.0,35.525001525878906,33.97999954223633,35.375,22.579166412353516,119538400
2001-05-07,35.415000915527344,36.07500076293945,35.349998474121094,35.689998626708984,22.780216217041016,109356200
2001-05-08,35.875,36.04999923706055,35.375,36.029998779296875,22.99722671508789,75084000
2001-05-09,35.619998931884766,35.650001525878906,34.93000030517578,35.20000076293945,22.46746253967285,76676600
2001-05-10,35.564998626708984,35.619998931884766,34.97999954223633,35.0,22.339801788330078,64334600
2001-05-11,34.97999954223633,35.0,34.32500076293945,34.70000076293945,22.148324966430664,51128800
2001-05-14,34.564998626708984,34.599998474121094,34.150001525878906,34.36000061035156,21.93130874633789,44968000
2001-05-15,34.369998931884766,34.650001525878906,34.0,34.1349983215332,21.787691116333008,61385600
2001-05-16,33.849998474121094,34.939998626708984,33.665000915527344,34.58000183105469,22.071727752685547,91893800
2001-05-17,34.54999923706055,35.06999969482422,33.775001525878906,34.084999084472656,21.755769729614258,106984800
2001-05-18,33.845001220703125,34.599998474121094,33.625,34.04499816894531,21.730243682861328,90605400
2001-05-21,34.025001525878906,34.994998931884766,33.875,34.39500045776367,21.953645706176758,103491600
2001-05-22,34.724998474121094,35.17499923706055,34.59000015258789,35.154998779296875,22.438730239868164,83455600
2001-05-23,35.19499969482422,35.79999923706055,34.755001068115234,34.849998474121094,22.24406623840332,93637400
2001-05-24,34.970001220703125,35.88999938964844,34.6349983215332,35.86000061035156,22.88872528076172,80781600
2001-05-25,35.83000183105469,35.95000076293945,35.18000030517578,35.45500183105469,22.630226135253906,52747600
2001-05-29,35.400001525878906,35.875,35.025001525878906,35.16999816894531,22.44830894470215,71210800
2001-05-30,34.779998779296875,35.290000915527344,34.32500076293945,34.595001220703125,22.081310272216797,86501800
2001-05-31,34.744998931884766,35.189998626708984,34.20000076293945,34.59000015258789,22.078109741210938,70682600
2001-06-01,34.79999923706055,35.349998474121094,34.349998474121094,35.16999816894531,22.44830894470215,57587600
2001-06-04,35.275001525878906,35.5099983215332,34.900001525878906,35.38999938964844,22.5887393951416,43736600
2001-06-05,35.380001068115234,36.540000915527344,35.25,36.29999923706055,23.169570922851562,89454200
2001-06-06,36.44499969482422,36.7400016784668,35.775001525878906,36.18000030517578,23.092979431152344,80022800
2001-06-07,36.060001373291016,36.8650016784668,36.040000915527344,36.84000015258789,23.514245986938477,66960000
2001-06-08,36.849998474121094,36.875,36.025001525878906,36.595001220703125,23.357864379882812,51867000
2001-06-11,36.42499923706055,36.42499923706055,35.755001068115234,36.060001373291016,23.016382217407227,47345600
2001-06-12,35.5099983215332,36.20500183105469,35.404998779296875,36.040000915527344,23.003620147705078,66714600
2001-06-13,36.025001525878906,36.150001525878906,35.31999969482422,35.345001220703125,22.560016632080078,55302400
2001-06-14,35.11000061035156,35.275001525878906,34.20000076293945,34.45000076293945,21.988750457763672,71972400
2001-06-15,33.755001068115234,34.150001525878906,33.20000076293945,34.0099983215332,21.70791244506836,108354400
2001-06-18,33.974998474121094,33.97999954223633,33.005001068115234,33.439998626708984,21.34408950805664,56846800
2001-06-19,34.10499954223633,34.42499923706055,33.42499923706055,33.65999984741211,21.484512329101562,63457400
2001-06-20,33.56999969482422,34.79499816894531,33.54999923706055,34.70500183105469,22.151521682739258,64108400
2001-06-21,34.57500076293945,35.275001525878906,34.459999084472656,34.91999816894531,22.28874397277832,69603800
2001-06-22,35.0,35.30500030517578,34.290000915527344,34.415000915527344,21.96641731262207,51092000
2001-06-25,34.54999923706055,34.904998779296875,33.8849983215332,34.42499923706055,21.972803115844727,49215600
2001-06-26,33.90999984741211,35.10499954223633,33.849998474121094,35.06999969482422,22.384485244750977,63077000
2001-06-27,34.93000030517578,35.76499938964844,34.68000030517578,35.56999969482422,22.703628540039062,69199800
2001-06-28,35.775001525878906,38.07500076293945,35.26499938964844,36.369998931884766,23.21424674987793,128975600
2001-06-29,36.29999923706055,36.70500183105469,35.70000076293945,36.5,23.29722785949707,94283800
2001-07-02,36.025001525878906,36.57500076293945,35.07500076293945,35.29999923706055,22.53128433227539,72810200
2001-07-03,35.150001525878906,35.400001525878906,34.96500015258789,35.23500061035156,22.489797592163086,28037400
2001-07-05,35.11000061035156,35.36000061035156,34.220001220703125,34.255001068115234,21.86428451538086,49242600
2001-07-06,34.150001525878906,34.20000076293945,32.834999084472656,33.029998779296875,21.082393646240234,67467800
2001-07-09,33.099998474121094,33.45500183105469,32.52000045776367,32.845001220703125,20.96430778503418,66476600
2001-07-10,32.95000076293945,33.125,32.17499923706055,32.2400016784668,20.578155517578125,66562600
2001-07-11,32.10499954223633,33.375,32.099998474121094,33.25,21.22281265258789,73822600
2001-07-12,35.349998474121094,36.025001525878906,35.165000915527344,35.79999923706055,22.850433349609375,128078000
2001-07-13,35.70000076293945,36.0,35.470001220703125,35.66999816894531,22.767454147338867,58934600
2001-07-16,35.724998474121094,36.08000183105469,35.07500076293945,35.59000015258789,22.716392517089844,55990800
2001-07-17,35.33000183105469,36.005001068115234,35.06999969482422,35.90999984741211,22.9206485748291,63241000
2001-07-18,35.29999923706055,35.75,34.935001373291016,35.28499984741211,22.521717071533203,57590800
2001-07-19,35.61000061035156,36.5,35.61000061035156,36.28499984741211,23.159997940063477,76549400
2001-07-20,34.01499938964844,34.70000076293945,33.970001220703125,34.59000015258789,22.078109741210938,124203600
2001-07-23,34.619998931884766,34.619998931884766,33.17499923706055,33.54499816894531,21.41111183166504,79999400
2001-07-24,33.5,33.994998931884766,32.849998474121094,33.15999984741211,21.165374755859375,67530200
2001-07-25,33.130001068115234,33.7599983215332,32.80500030517578,33.7400016784668,21.53558349609375,74065400
2001-07-26,33.560001373291016,33.65999984741211,32.75,33.29499816894531,21.25153350830078,77974000
2001-07-27,33.025001525878906,33.125,32.525001525878906,32.73500061035156,20.894107818603516,65396000
2001-07-30,32.82500076293945,33.439998626708984,32.77000045776367,32.900001525878906,20.99942398071289,42196400
2001-07-31,33.005001068115234,33.69499969482422,32.92499923706055,33.095001220703125,21.12388801574707,59031600
2001-08-01,33.400001525878906,33.404998779296875,32.880001068115234,33.23500061035156,21.21324348449707,55679000
2001-08-02,33.60499954223633,33.77000045776367,33.130001068115234,33.724998474121094,21.5259952545166,54198400
2001-08-03,33.650001525878906,33.68000030517578,33.0,33.44499969482422,21.347278594970703,43260400
2001-08-06,33.26499938964844,33.560001373291016,32.84000015258789,33.064998626708984,21.10472869873047,27831600
2001-08-07,33.02000045776367,33.525001525878906,32.994998931884766,33.17499923706055,21.174942016601562,31347800
2001-08-08,33.255001068115234,33.619998931884766,32.244998931884766,32.43000030517578,20.699420928955078,54996400
2001-08-09,32.4900016784668,32.775001525878906,32.150001525878906,32.505001068115234,20.747295379638672,45536200
2001-08-10,32.3849983215332,32.93000030517578,31.450000762939453,32.7599983215332,20.910053253173828,51756400
2001-08-13,32.619998931884766,32.994998931884766,32.375,32.915000915527344,21.00899314880371,32675400
2001-08-14,32.875,33.04499816894531,32.224998474121094,32.345001220703125,20.645170211791992,36481200
2001-08-15,32.35499954223633,32.525001525878906,31.600000381469727,31.600000381469727,20.169654846191406,39503000
2001-08-16,31.420000076293945,32.35499954223633,31.350000381469727,32.310001373291016,20.62283706665039,43905600
2001-08-17,31.889999389648438,32.064998626708984,30.75,30.940000534057617,19.748388290405273,52234200
2001-08-20,30.829999923706055,31.375,30.549999237060547,31.350000381469727,20.010086059570312,48371200
2001-08-21,31.350000381469727,31.600000381469727,30.354999542236328,30.389999389648438,19.397335052490234,47111800
2001-08-22,30.565000534057617,30.575000762939453,29.540000915527344,30.329999923706055,19.359033584594727,78107200
2001-08-23,30.334999084472656,30.764999389648438,29.5,29.559999465942383,18.867557525634766,51813200
2001-08-24,29.799999237060547,31.139999389648438,29.614999771118164,31.024999618530273,19.802642822265625,63399000
2001-08-27,30.950000762939453,31.68000030517578,30.78499984741211,31.155000686645508,19.885623931884766,44562800
2001-08-28,31.170000076293945,31.475000381469727,30.290000915527344,30.3700008392334,19.38457489013672,47422800
2001-08-29,30.524999618530273,30.649999618530273,29.770000457763672,30.125,19.22819709777832,48170000
2001-08-30,29.520000457763672,29.829999923706055,28.260000228881836,28.469999313354492,18.171836853027344,97632000
2001-08-31,28.424999237060547,29.030000686645508,28.149999618530273,28.524999618530273,18.206945419311523,57900800
2001-09-04,28.594999313354492,29.540000915527344,28.03499984741211,28.049999237060547,17.90376091003418,67189200
2001-09-05,28.09000015258789,29.19499969482422,27.69499969482422,28.8700008392334,18.427152633666992,89470600
2001-09-06,28.280000686645508,29.19499969482422,27.950000762939453,28.010000228881836,17.87822914123535,112356800
2001-09-07,28.05500030517578,28.68000030517578,27.655000686645508,27.700000762939453,17.680355072021484,89863800
2001-09-10,27.459999084472656,28.975000381469727,27.350000381469727,28.790000915527344,18.37609100341797,84471800
2001-09-17,27.010000228881836,27.549999237060547,26.399999618530273,26.454999923706055,16.88570213317871,127502000
2001-09-18,26.704999923706055,27.5,26.584999084472656,27.15999984741211,17.335691452026367,83182600
2001-09-19,27.229999542236328,27.350000381469727,25.299999237060547,26.934999465942383,17.192081451416016,126950200
2001-09-20,26.174999237060547,26.30500030517578,25.334999084472656,25.3799991607666,16.199546813964844,117983200
2001-09-21,23.959999084472656,25.299999237060547,23.75,24.854999542236328,15.864455223083496,184976600
2001-09-24,25.325000762939453,26.225000381469727,24.934999465942383,26.0049991607666,16.598478317260742,85580200
2001-09-25,26.135000228881836,26.5,25.079999923706055,25.649999618530273,16.371891021728516,84940600
2001-09-26,25.7549991607666,25.899999618530273,24.774999618530273,25.135000228881836,16.04317283630371,58524400
2001-09-27,25.049999237060547,25.34000015258789,24.0,24.979999542236328,15.944245338439941,81191200
2001-09-28,24.809999465942383,25.795000076293945,24.489999771118164,25.584999084472656,16.33039093017578,116641200
2001-10-01,25.469999313354492,26.25,25.204999923706055,25.895000457763672,16.52826499938965,69999600
2001-10-02,25.815000534057617,26.774999618530273,25.780000686645508,26.524999618530273,16.930377960205078,80860800
2001-10-03,26.239999771118164,28.46500015258789,26.200000762939453,28.114999771118164,17.945247650146484,97199200
2001-10-04,28.459999084472656,29.200000762939453,28.104999542236328,28.219999313354492,18.01226806640625,101778000
2001-10-05,28.079999923706055,29.0,27.469999313354492,28.860000610351562,18.420766830444336,80844400
2001-10-08,28.399999618530273,29.325000762939453,28.3700008392334,29.020000457763672,18.522891998291016,60605800
2001-10-09,28.75,28.78499984741211,27.094999313354492,27.280000686645508,17.41228675842285,99477600
2001-10-10,26.799999237060547,27.875,26.5,27.7549991607666,17.715465545654297,86349200
2001-10-11,27.8799991607666,28.420000076293945,27.295000076293945,28.15999984741211,17.973966598510742,83742600
2001-10-12,27.850000381469727,28.31999969482422,27.274999618530273,28.190000534057617,17.993112564086914,63307000
2001-10-15,27.950000762939453,29.25,27.924999237060547,29.030000686645508,18.52927589416504,68437000
2001-10-16,28.934999465942383,29.454999923706055,28.604999542236328,29.225000381469727,18.65373992919922,66169000
2001-10-17,29.559999465942383,29.649999618530273,27.989999771118164,28.014999389648438,17.88141441345215,73710600
2001-10-18,28.170000076293945,28.790000915527344,27.75,28.375,18.111204147338867,78348000
2001-10-19,28.700000762939453,29.0049991607666,27.815000534057617,28.950000762939453,18.47821807861328,91219600
2001-10-22,28.950000762939453,30.09000015258789,28.735000610351562,30.079999923706055,19.199466705322266,72323600
2001-10-23,30.235000610351562,30.719999313354492,29.700000762939453,30.21500015258789,19.285634994506836,80325000
2001-10-24,30.25,30.809999465942383,29.809999465942383,30.65999984741211,19.56966781616211,79141400
2001-10-25,30.30500030517578,31.299999237060547,29.78499984741211,31.280000686645508,19.965404510498047,75318200
2001-10-26,31.15999984741211,31.815000534057617,31.040000915527344,31.100000381469727,19.850513458251953,64509400
2001-10-29,31.049999237060547,31.100000381469727,29.770000457763672,29.81999969482422,19.03352165222168,55129400
2001-10-30,29.459999084472656,29.770000457763672,29.094999313354492,29.440000534057617,18.790966033935547,57395600
2001-10-31,29.649999618530273,30.364999771118164,29.049999237060547,29.075000762939453,18.55799674987793,64700000
2001-11-01,30.040000915527344,31.125,29.799999237060547,30.920000076293945,19.73562240600586,109671200
2001-11-02,30.96500015258789,31.510000228881836,30.2549991607666,30.700000762939453,19.595197677612305,83360000
2001-11-05,30.93000030517578,32.01499938964844,30.875,31.635000228881836,20.191997528076172,66401600
2001-11-06,31.350000381469727,32.470001220703125,31.079999923706055,32.38999938964844,20.673900604248047,68612000
2001-11-07,32.11000061035156,32.525001525878906,32.01499938964844,32.125,20.50475311279297,58899000
2001-11-08,32.22999954223633,33.029998779296875,31.829999923706055,32.209999084472656,20.558998107910156,74227800
2001-11-09,32.16999816894531,32.82500076293945,31.954999923706055,32.60499954223633,20.811124801635742,48013600
2001-11-12,32.349998474121094,33.220001220703125,31.825000762939453,32.89500045776367,20.996231079101562,57752800
2001-11-13,33.400001525878906,33.974998474121094,33.29999923706055,33.95000076293945,21.669614791870117,60159600
2001-11-14,34.1150016784668,34.16999816894531,32.89500045776367,32.974998474121094,21.047290802001953,88625600
2001-11-15,33.04999923706055,33.525001525878906,32.724998474121094,33.060001373291016,21.10153579711914,77922000
2001-11-16,33.18000030517578,33.30500030517578,32.474998474121094,32.875,20.98346519470215,59249000
2001-11-19,33.125,33.48500061035156,32.849998474121094,33.27000045776367,21.235580444335938,56005000
2001-11-20,33.224998474121094,33.900001525878906,32.51499938964844,32.70000076293945,20.87177085876465,65921800
2001-11-21,32.18000030517578,32.29999923706055,31.739999771118164,32.025001525878906,20.440919876098633,50785200
2001-11-23,32.189998626708984,32.404998779296875,31.809999465942383,32.35499954223633,20.651559829711914,15754600
2001-11-26,32.494998931884766,32.85499954223633,32.20000076293945,32.56999969482422,20.78878402709961,41983600
2001-11-27,32.39500045776367,32.53499984741211,31.375,31.8700008392334,20.341995239257812,90819000
2001-11-28,31.584999084472656,32.060001373291016,31.364999771118164,31.399999618530273,20.0419979095459,54536600
2001-11-29,31.559999465942383,32.45000076293945,31.475000381469727,32.41999816894531,20.693050384521484,54034400
2001-11-30,32.33000183105469,32.540000915527344,31.96500015258789,32.10499954223633,20.491989135742188,48234200
2001-12-03,31.915000915527344,32.6150016784668,31.899999618530273,32.3849983215332,20.67070198059082,47211800
2001-12-04,32.5,33.040000915527344,32.04999923706055,33.0,21.063249588012695,51005800
2001-12-05,33.244998931884766,34.084999084472656,32.599998474121094,34.04999923706055,21.73343849182129,74243000
2001-12-06,33.9900016784668,34.5,33.775001525878906,34.32500076293945,21.90896987915039,56026200
2001-12-07,34.125,34.41999816894531,33.275001525878906,33.915000915527344,21.64727020263672,42334800
2001-12-10,33.7599983215332,34.224998474121094,33.43000030517578,33.529998779296875,21.401533126831055,38367400
2001-12-11,33.83000183105469,34.064998626708984,33.53499984741211,33.65999984741211,21.484512329101562,54334000
2001-12-12,33.58000183105469,33.9900016784668,33.125,33.974998474121094,21.68556785583496,47884200
2001-12-13,33.564998626708984,34.119998931884766,33.03499984741211,33.1349983215332,21.149412155151367,53227800
2001-12-14,33.0099983215332,33.974998474121094,32.96500015258789,33.720001220703125,21.522809982299805,43000600
2001-12-17,33.584999084472656,34.55500030517578,33.58000183105469,34.4900016784668,22.014286041259766,57079800
2001-12-18,34.459999084472656,34.70000076293945,34.29999923706055,34.6349983215332,22.106826782226562,47255200
2001-12-19,34.310001373291016,34.94499969482422,34.224998474121094,34.744998931884766,22.177047729492188,56996200
2001-12-20,34.57500076293945,34.625,33.310001373291016,33.380001068115234,21.305797576904297,78585000
2001-12-21,34.005001068115234,34.0099983215332,33.5,33.77000045776367,21.554719924926758,84307600
2001-12-24,33.86000061035156,34.01499938964844,33.599998474121094,33.6349983215332,21.468555450439453,11701600
2001-12-26,33.709999084472656,34.53499984741211,33.69499969482422,33.84000015258789,21.599403381347656,29328000
2001-12-27,33.9900016784668,34.35499954223633,33.630001068115234,33.92499923706055,21.65365219116211,32406600
2001-12-28,34.1150016784668,34.42499923706055,33.849998474121094,33.935001373291016,21.66004180908203,28787200
2001-12-31,33.91999816894531,34.2400016784668,33.125,33.125,21.143030166625977,43006200
2002-01-02,33.32500076293945,33.55500030517578,32.755001068115234,33.52000045776367,21.395156860351562,48124000
2002-01-03,33.55500030517578,34.625,33.54499816894531,34.6150016784668,22.094064712524414,67590800
2002-01-04,34.625,34.95500183105469,34.334999084472656,34.45000076293945,21.988750457763672,52731400
2002-01-07,34.875,35.0099983215332,34.17499923706055,34.279998779296875,21.880250930786133,58508800
2002-01-08,34.345001220703125,34.93000030517578,34.0,34.689998626708984,22.14194107055664,47736400
2002-01-09,34.86000061035156,35.310001373291016,34.275001525878906,34.35499954223633,21.928117752075195,76304000
2002-01-10,34.2400016784668,34.900001525878906,34.064998626708984,34.63999938964844,22.110023498535156,50296600
2002-01-11,34.7599983215332,35.15999984741211,34.04999923706055,34.30500030517578,21.896198272705078,72993200
2002-01-14,34.150001525878906,34.52000045776367,33.869998931884766,34.23500061035156,21.851526260375977,50997800
2002-01-15,34.33000183105469,34.810001373291016,34.25,34.775001525878906,22.196197509765625,60717400
2002-01-16,34.42499923706055,34.91999816894531,33.92499923706055,33.935001373291016,21.66004180908203,61955400
2002-01-17,34.26499938964844,35.0,34.20000076293945,34.93000030517578,22.29512596130371,78958000
2002-01-18,33.54999923706055,33.92499923706055,32.709999084472656,33.04999923706055,21.09515953063965,107140400
2002-01-22,33.30500030517578,33.314998626708984,32.125,32.22999954223633,20.571767807006836,76837200
2002-01-23,32.025001525878906,32.35499954223633,31.6200008392334,31.8700008392334,20.341995239257812,80403000
2002-01-24,32.04999923706055,32.59000015258789,31.899999618530273,32.29999923706055,20.616453170776367,83886000
2002-01-25,32.095001220703125,32.42499923706055,31.7549991607666,31.899999618530273,20.361143112182617,48981200
2002-01-28,32.1150016784668,32.20000076293945,31.454999923706055,31.90999984741211,20.367525100708008,41622000
2002-01-29,31.950000762939453,32.25,30.9950008392334,31.15999984741211,19.888813018798828,58666000
2002-01-30,31.225000381469727,31.450000762939453,30.665000915527344,31.424999237060547,20.057954788208008,66100000
2002-01-31,31.530000686645508,31.905000686645508,31.059999465942383,31.854999542236328,20.33241844177246,69566200
2002-02-01,32.07500076293945,32.25,31.235000610351562,31.329999923706055,19.997316360473633,63462200
2002-02-04,31.200000762939453,31.344999313354492,30.375,30.559999465942383,19.505840301513672,70308400
2002-02-05,30.399999618530273,31.114999771118164,30.25,30.575000762939453,19.515417098999023,66772600
2002-02-06,30.80500030517578,30.94499969482422,30.125,30.200000762939453,19.276058197021484,66103000
2002-02-07,30.149999618530273,30.80500030517578,29.875,29.899999618530273,19.084579467773438,63314000
2002-02-08,30.059999465942383,30.329999923706055,29.415000915527344,30.325000762939453,19.355850219726562,61283000
2002-02-11,30.0049991607666,30.6200008392334,29.795000076293945,30.565000534057617,19.509031295776367,50899600
2002-02-12,30.2450008392334,30.424999237060547,30.010000228881836,30.06999969482422,19.193082809448242,44973800
2002-02-13,30.1299991607666,30.940000534057617,29.975000381469727,30.90999984741211,19.7292423248291,54168600
2002-02-14,31.0,31.4950008392334,30.65999984741211,30.84000015258789,19.68456268310547,57267000
2002-02-15,30.850000381469727,31.030000686645508,30.100000381469727,30.114999771118164,19.221805572509766,50179800
2002-02-19,29.954999923706055,30.06999969482422,29.299999237060547,29.46500015258789,18.80693244934082,52262600
2002-02-20,29.700000762939453,30.18000030517578,29.399999618530273,29.950000762939453,19.11649513244629,50492000
2002-02-21,29.860000610351562,30.135000228881836,29.0049991607666,29.024999618530273,18.526081085205078,59398400
2002-02-22,29.024999618530273,29.375,28.575000762939453,28.9950008392334,18.50693702697754,71347800
2002-02-25,28.969999313354492,29.94499969482422,28.94499969482422,29.540000915527344,18.854801177978516,51832200
2002-02-26,29.549999237060547,30.0,28.950000762939453,29.274999618530273,18.685651779174805,63276200
2002-02-27,29.53499984741211,30.075000762939453,28.9950008392334,29.19499969482422,18.63459014892578,65750000
2002-02-28,29.389999389648438,29.850000381469727,29.06999969482422,29.170000076293945,18.618635177612305,68068000
2002-03-01,29.524999618530273,30.709999084472656,29.424999237060547,30.684999465942383,19.585622787475586,62115600
2002-03-04,30.6200008392334,31.75,30.434999465942383,31.649999618530273,20.20157241821289,74464200
2002-03-05,31.5,31.940000534057617,31.170000076293945,31.540000915527344,20.131359100341797,55926400
2002-03-06,31.454999923706055,31.850000381469727,31.094999313354492,31.815000534057617,20.306884765625,49835400
2002-03-07,31.834999084472656,31.940000534057617,30.93000030517578,31.360000610351562,20.01646614074707,58079200
2002-03-08,31.815000534057617,32.349998474121094,31.584999084472656,31.975000381469727,20.409013748168945,57701800
2002-03-11,31.7549991607666,32.5,31.5,32.16999816894531,20.533479690551758,43718200
2002-03-12,31.260000228881836,31.399999618530273,30.834999084472656,31.270000457763672,19.959016799926758,66407200
2002-03-13,31.040000915527344,31.510000228881836,30.975000381469727,31.049999237060547,19.8185977935791,44387400
2002-03-14,31.06999969482422,31.1200008392334,30.524999618530273,30.610000610351562,19.537757873535156,51819600
2002-03-15,30.5,31.2549991607666,30.485000610351562,31.2450008392334,19.943065643310547,69086800
2002-03-18,31.3700008392334,31.4950008392334,30.600000381469727,31.06999969482422,19.831363677978516,52296800
2002-03-19,31.09000015258789,31.5,30.75,31.114999771118164,19.860088348388672,36376400
2002-03-20,30.700000762939453,31.010000228881836,30.049999237060547,30.049999237060547,19.18031883239746,55235200
2002-03-21,30.104999542236328,30.795000076293945,29.915000915527344,30.68000030517578,19.582433700561523,46123400
2002-03-22,30.524999618530273,30.56999969482422,30.110000610351562,30.225000381469727,19.29201889038086,41341400
2002-03-25,30.239999771118164,30.389999389648438,29.575000762939453,29.614999771118164,18.902666091918945,47752400
2002-03-26,29.549999237060547,30.459999084472656,29.155000686645508,29.540000915527344,18.854801177978516,69357200
2002-03-27,29.399999618530273,29.940000534057617,29.295000076293945,29.719999313354492,18.969684600830078,47318400
2002-03-28,29.975000381469727,30.325000762939453,29.829999923706055,30.155000686645508,19.24734115600586,43901200
2002-04-01,29.915000915527344,30.200000762939453,29.600000381469727,30.190000534057617,19.26967430114746,47010000
2002-04-02,29.450000762939453,29.545000076293945,28.55500030517578,28.639999389648438,18.280345916748047,76509400
2002-04-03,28.719999313354492,28.80500030517578,27.75,28.165000915527344,17.977163314819336,76931400
2002-04-04,27.989999771118164,28.485000610351562,27.709999084472656,28.225000381469727,18.01546287536621,61763800
2002-04-05,28.44499969482422,28.649999618530273,27.920000076293945,27.934999465942383,17.830354690551758,50166000
2002-04-08,27.149999618530273,28.655000686645508,27.1299991607666,28.610000610351562,18.26119613647461,73389600
2002-04-09,28.665000915527344,28.71500015258789,27.399999618530273,27.434999465942383,17.51121711730957,63413000
2002-04-10,27.559999465942383,28.55500030517578,27.530000686645508,28.149999618530273,17.967586517333984,75636400
2002-04-11,27.94499969482422,28.225000381469727,27.25,27.395000457763672,17.48569107055664,58165800
2002-04-12,27.575000762939453,28.1299991607666,27.43000030517578,27.96500015258789,17.849510192871094,52297600
2002-04-15,28.0,28.375,27.700000762939453,27.844999313354492,17.77291488647461,47388800
2002-04-16,28.200000762939453,29.049999237060547,28.18000030517578,28.905000686645508,18.44948959350586,51921600
2002-04-17,28.975000381469727,29.139999389648438,28.209999084472656,28.315000534057617,18.072906494140625,55158600
2002-04-18,28.395000457763672,28.655000686645508,26.34000015258789,28.184999465942383,17.98992919921875,74794800
2002-04-19,28.719999313354492,28.989999771118164,28.43000030517578,28.600000381469727,18.25481414794922,104268600
2002-04-22,28.260000228881836,28.350000381469727,27.5,27.795000076293945,17.74100112915039,51465200
2002-04-23,27.850000381469727,27.90999984741211,26.649999618530273,26.9950008392334,17.230379104614258,68281400
2002-04-24,26.924999237060547,27.21500015258789,26.5,26.510000228881836,16.920804977416992,61220400
2002-04-25,26.450000762939453,27.225000381469727,26.440000534057617,26.864999771118164,17.147397994995117,57290400
2002-04-26,27.03499984741211,27.225000381469727,25.729999542236328,25.75,16.435712814331055,62776600
2002-04-29,25.735000610351562,26.454999923706055,25.719999313354492,26.1200008392334,16.671884536743164,70246000
2002-04-30,26.049999237060547,26.649999618530273,25.959999084472656,26.1299991607666,16.67826271057129,77384000
2002-05-01,26.079999923706055,26.594999313354492,25.329999923706055,26.375,16.834640502929688,76413000
2002-05-02,26.31999969482422,27.03499984741211,25.575000762939453,25.604999542236328,16.343162536621094,79009200
2002-05-03,25.6299991607666,25.84000015258789,24.7549991607666,24.780000686645508,15.816585540771484,71628000
2002-05-06,24.719999313354492,25.270000457763672,24.184999465942383,24.309999465942383,15.51659107208252,66299400
2002-05-07,24.59000015258789,25.145000457763672,24.174999237060547,24.735000610351562,15.787858009338379,88385400
2002-05-08,25.635000228881836,27.485000610351562,25.610000610351562,27.485000610351562,17.54313087463379,101242000
2002-05-09,27.200000762939453,27.5,25.950000762939453,26.059999465942383,16.63357162475586,83288200
2002-05-10,26.264999389648438,26.334999084472656,24.9950008392334,25.024999618530273,15.97296142578125,64408800
2002-05-13,25.225000381469727,26.454999923706055,24.875,26.344999313354492,16.81549072265625,64819000
2002-05-14,27.200000762939453,27.549999237060547,26.989999771118164,27.440000534057617,17.514406204223633,64832400
2002-05-15,27.2450008392334,28.219999313354492,26.93000030517578,27.375,17.47292709350586,70412000
2002-05-16,27.354999542236328,28.014999389648438,27.325000762939453,27.8700008392334,17.78887367248535,53406400
2002-05-17,28.104999542236328,28.200000762939453,27.635000228881836,28.014999389648438,17.88141441345215,54646200
2002-05-20,27.75,27.774999618530273,26.75,27.0049991607666,17.236759185791016,52115800
2002-05-21,26.975000381469727,27.299999237060547,26.065000534057617,26.094999313354492,16.655916213989258,63120000
2002-05-22,25.934999465942383,26.860000610351562,25.924999237060547,26.844999313354492,17.13463020324707,54169400
2002-05-23,26.850000381469727,27.420000076293945,26.5049991607666,27.40999984741211,17.495262145996094,51412800
2002-05-24,27.06999969482422,27.260000228881836,26.520000457763672,26.6299991607666,16.997400283813477,35982000
2002-05-28,26.795000076293945,26.844999313354492,25.875,26.15999984741211,16.697402954101562,49602000
2002-05-29,25.825000762939453,26.360000610351562,25.774999618530273,26.024999618530273,16.611242294311523,45393200
2002-05-30,25.81999969482422,26.68000030517578,25.71500015258789,26.31999969482422,16.799535751342773,63213000
2002-05-31,26.450000762939453,26.709999084472656,25.440000534057617,25.454999923706055,16.247419357299805,66468000
2002-06-03,25.4950008392334,25.81999969482422,24.584999084472656,24.709999084472656,15.771905899047852,88439000
2002-06-04,24.75,25.614999771118164,24.6200008392334,24.989999771118164,15.9506254196167,88008400
2002-06-05,25.21500015258789,25.875,25.165000915527344,25.829999923706055,16.486778259277344,66969400
2002-06-06,25.75,26.06999969482422,25.0,25.950000762939453,16.563371658325195,78703400
2002-06-07,24.94499969482422,26.299999237060547,24.93000030517578,25.989999771118164,16.588899612426758,97834400
2002-06-10,25.825000762939453,26.649999618530273,25.729999542236328,26.40999984741211,16.856985092163086,71825400
2002-06-11,26.6200008392334,27.09000015258789,26.209999084472656,26.28499984741211,16.77718734741211,74368200
2002-06-12,26.290000915527344,27.889999389648438,26.25,27.770000457763672,17.72504234313965,136198600
2002-06-13,27.420000076293945,27.739999771118164,27.100000381469727,27.110000610351562,17.303775787353516,79771600
2002-06-14,26.575000762939453,27.774999618530273,26.5,27.625,17.63249397277832,109433600
2002-06-17,27.829999923706055,28.219999313354492,27.684999465942383,27.84000015258789,17.76972770690918,94486600
2002-06-18,27.764999389648438,28.145000457763672,27.674999237060547,27.9950008392334,17.86865234375,77518400
2002-06-19,27.735000610351562,27.969999313354492,27.15999984741211,27.18000030517578,17.348461151123047,81247000
2002-06-20,27.184999465942383,27.549999237060547,26.950000762939453,27.049999237060547,17.26548194885254,86401200
2002-06-21,26.700000762939453,27.274999618530273,26.139999389648438,26.139999389648438,16.68464469909668,116820000
2002-06-24,26.045000076293945,27.31999969482422,25.924999237060547,27.079999923706055,17.28463363647461,104523200
2002-06-25,27.350000381469727,27.5,26.399999618530273,26.475000381469727,16.898466110229492,84025200
2002-06-26,25.524999618530273,27.19499969482422,25.524999618530273,27.065000534057617,17.275053024291992,112131400
2002-06-27,27.299999237060547,27.469999313354492,26.43000030517578,27.459999084472656,17.527172088623047,95812400
2002-06-28,27.274999618530273,27.895000457763672,27.0,27.350000381469727,17.456960678100586,89555600
2002-07-01,27.059999465942383,27.19499969482422,26.290000915527344,26.329999923706055,16.8059139251709,66473800
2002-07-02,26.190000534057617,26.459999084472656,25.665000915527344,25.719999313354492,16.416563034057617,82814200
2002-07-03,25.6200008392334,26.260000228881836,25.225000381469727,25.920000076293945,16.544225692749023,80936600
2002-07-05,26.545000076293945,27.450000762939453,26.524999618530273,27.424999237060547,17.504838943481445,35673600
2002-07-08,27.204999923706055,27.46500015258789,26.290000915527344,26.459999084472656,16.888893127441406,63199400
2002-07-09,26.655000686645508,27.364999771118164,26.485000610351562,26.604999542236328,16.9814453125,85277200
2002-07-10,26.844999313354492,27.100000381469727,26.065000534057617,26.1200008392334,16.671884536743164,90673400
2002-07-11,26.020000457763672,26.53499984741211,25.625,26.454999923706055,16.88570213317871,129550600
2002-07-12,26.684999465942383,26.864999771118164,25.739999771118164,25.93000030517578,16.55061149597168,95733800
2002-07-15,25.69499969482422,25.93000030517578,24.0,25.899999618530273,16.531452178955078,136965600
2002-07-16,25.655000686645508,26.399999618530273,25.31999969482422,25.625,16.355926513671875,97154600
2002-07-17,26.260000228881836,26.649999618530273,25.584999084472656,26.0,16.595287322998047,98034800
2002-07-18,26.030000686645508,26.3700008392334,25.329999923706055,25.55500030517578,16.311246871948242,91053600
2002-07-19,24.934999465942383,25.44499969482422,24.405000686645508,24.780000686645508,15.816585540771484,112543400
2002-07-22,24.475000381469727,24.9950008392334,22.950000762939453,23.7549991607666,15.162349700927734,180069800
2002-07-23,23.2450008392334,23.399999618530273,21.485000610351562,21.5049991607666,13.726215362548828,168061600
2002-07-24,20.875,23.18000030517578,20.704999923706055,23.114999771118164,14.75384521484375,202307800
2002-07-25,22.725000381469727,22.854999542236328,21.219999313354492,21.415000915527344,13.66877269744873,163411400
2002-07-26,21.8700008392334,22.704999923706055,21.84000015258789,22.674999237060547,14.473008155822754,123538000
2002-07-29,23.424999237060547,24.149999618530273,23.274999618530273,24.125,15.39850902557373,112148600
2002-07-30,23.774999618530273,24.415000915527344,23.665000915527344,24.049999237060547,15.35063648223877,122690600
2002-07-31,23.80500030517578,24.0,23.18000030517578,23.989999771118164,15.31234359741211,93875600
2002-08-01,23.790000915527344,24.045000076293945,22.75,22.875,14.600658416748047,92002800
2002-08-02,22.7549991607666,22.924999237060547,21.899999618530273,22.204999923706055,14.173008918762207,85947600
2002-08-05,22.145000457763672,22.584999084472656,21.905000686645508,21.9950008392334,14.038970947265625,78941600
2002-08-06,22.450000762939453,23.625,22.420000076293945,22.834999084472656,14.575133323669434,88715800
2002-08-07,23.5,23.649999618530273,22.579999923706055,23.545000076293945,15.028304100036621,86349400
2002-08-08,23.55500030517578,24.5,23.204999923706055,24.454999923706055,15.609137535095215,88748000
2002-08-09,24.075000762939453,24.575000762939453,23.829999923706055,24.059999465942383,15.357023239135742,69049400
2002-08-12,23.80500030517578,24.375,23.799999237060547,24.235000610351562,15.46871566772461,56866600
2002-08-13,23.9950008392334,24.850000381469727,23.459999084472656,23.530000686645508,15.018728256225586,100122800
2002-08-14,23.625,24.864999771118164,23.604999542236328,24.854999542236328,15.864455223083496,96706000
2002-08-15,24.979999542236328,25.3700008392334,24.375,24.885000228881836,15.8836030960083,98745600
2002-08-16,24.71500015258789,25.114999771118164,24.459999084472656,25.0,15.957003593444824,69334000
2002-08-19,25.020000457763672,26.024999618530273,24.924999237060547,26.0,16.595287322998047,79848200
2002-08-20,25.690000534057617,25.850000381469727,25.375,25.520000457763672,16.288915634155273,70317600
2002-08-21,25.780000686645508,26.190000534057617,25.575000762939453,26.139999389648438,16.68464469909668,81203400
2002-08-22,26.424999237060547,26.725000381469727,26.299999237060547,26.614999771118164,16.987823486328125,72517600
2002-08-23,26.329999923706055,26.424999237060547,25.920000076293945,26.110000610351562,16.665502548217773,57929200
2002-08-26,26.25,26.325000762939453,25.59000015258789,26.049999237060547,16.627195358276367,55652400
2002-08-27,26.165000915527344,26.225000381469727,25.325000762939453,25.420000076293945,16.225082397460938,65470200
2002-08-28,25.239999771118164,25.329999923706055,24.649999618530273,24.690000534057617,15.759137153625488,68875000
2002-08-29,24.44499969482422,25.5,24.260000228881836,25.290000915527344,16.142108917236328,94275600
2002-08-30,25.06999969482422,25.239999771118164,24.5,24.540000915527344,15.663398742675781,58138400
2002-09-03,24.260000228881836,24.260000228881836,23.5,23.510000228881836,15.005963325500488,74452600
2002-09-04,23.725000381469727,24.299999237060547,23.575000762939453,24.104999542236328,15.385746955871582,80232000
2002-09-05,23.75,23.760000228881836,22.940000534057617,22.954999923706055,14.651721000671387,90438800
2002-09-06,23.875,24.135000228881836,23.735000610351562,23.90999984741211,15.261279106140137,69918400
2002-09-09,23.625,24.475000381469727,23.315000534057617,24.350000381469727,15.542125701904297,81653200
2002-09-10,24.270000457763672,24.90999984741211,24.174999237060547,24.895000457763672,15.889986038208008,83950000
2002-09-11,25.114999771118164,25.549999237060547,24.264999389648438,24.290000915527344,15.503832817077637,77443200
2002-09-12,24.075000762939453,24.149999618530273,23.510000228881836,23.575000762939453,15.047455787658691,63726800
2002-09-13,23.450000762939453,24.1299991607666,23.424999237060547,23.954999923706055,15.290000915527344,59549200
2002-09-16,23.799999237060547,24.065000534057617,23.524999618530273,23.889999389648438,15.248517036437988,50166200
2002-09-17,24.334999084472656,24.450000762939453,23.604999542236328,23.645000457763672,15.09213924407959,73343400
2002-09-18,23.360000610351562,24.1200008392334,23.329999923706055,23.875,15.23894214630127,83951800
2002-09-19,23.34000015258789,23.90999984741211,23.295000076293945,23.600000381469727,15.0634183883667,77777600
2002-09-20,23.854999542236328,24.0,23.649999618530273,23.729999542236328,15.146387100219727,130619200
2002-09-23,23.299999237060547,23.354999542236328,22.405000686645508,22.614999771118164,14.434708595275879,89783800
2002-09-24,22.415000915527344,23.239999771118164,22.315000534057617,22.81999969482422,14.565550804138184,104142200
2002-09-25,23.200000762939453,23.479999542236328,22.524999618530273,23.2549991607666,14.843208312988281,107116600
2002-09-26,23.55500030517578,23.75,22.975000381469727,23.100000381469727,14.744271278381348,100852200
2002-09-27,23.020000457763672,23.549999237060547,22.594999313354492,22.625,14.441086769104004,81011600
2002-09-30,22.434999465942383,22.520000457763672,21.55500030517578,21.8700008392334,13.959190368652344,115577000
2002-10-01,22.15999984741211,23.125,21.594999313354492,23.114999771118164,14.75384521484375,110636600
2002-10-02,23.049999237060547,23.405000686645508,22.579999923706055,22.80500030517578,14.555980682373047,103488600
2002-10-03,22.649999618530273,23.295000076293945,22.299999237060547,22.399999618530273,14.297473907470703,105221400
2002-10-04,22.69499969482422,22.78499984741211,21.844999313354492,21.885000228881836,13.96876335144043,107120400
2002-10-07,21.905000686645508,22.530000686645508,21.844999313354492,22.024999618530273,14.058123588562012,89790000
2002-10-08,22.375,22.989999771118164,22.065000534057617,22.4950008392334,14.358112335205078,115667600
2002-10-09,22.114999771118164,22.725000381469727,21.905000686645508,21.9950008392334,14.038970947265625,123142600
2002-10-10,22.0,23.309999465942383,21.625,23.190000534057617,14.801712989807129,118515000
2002-10-11,23.68000030517578,24.450000762939453,23.5049991607666,24.434999465942383,15.596372604370117,108828800
2002-10-14,24.125,24.665000915527344,23.920000076293945,24.645000457763672,15.7304105758667,76216200
2002-10-15,25.6299991607666,26.184999465942383,25.325000762939453,26.145000457763672,16.68784523010254,133374200
2002-10-16,25.19499969482422,25.6299991607666,25.139999389648438,25.204999923706055,16.087852478027344,95437400
2002-10-17,26.139999389648438,26.25,25.024999618530273,25.385000228881836,16.20274543762207,182602400
2002-10-18,26.299999237060547,26.600000381469727,25.56999969482422,26.575000762939453,16.962297439575195,152817200
2002-10-21,25.985000610351562,26.4950008392334,25.68000030517578,26.2549991607666,16.758045196533203,112378600
2002-10-22,25.71500015258789,25.96500015258789,25.514999389648438,25.834999084472656,16.489965438842773,87159000
2002-10-23,25.71500015258789,26.6299991607666,25.71500015258789,26.600000381469727,16.97825050354004,110866600
2002-10-24,26.68000030517578,26.684999465942383,25.450000762939453,25.614999771118164,16.34954261779785,95833400
2002-10-25,25.625,26.399999618530273,25.579999923706055,26.34000015258789,16.81229591369629,75425800
2002-10-28,26.700000762939453,26.75,25.7549991607666,25.975000381469727,16.579336166381836,79906600
2002-10-29,26.075000762939453,26.2450008392334,25.424999237060547,26.03499984741211,16.61762237548828,90517200
2002-10-30,26.100000381469727,26.69499969482422,25.815000534057617,26.55500030517578,16.94953155517578,94451200
2002-10-31,26.594999313354492,27.03499984741211,26.424999237060547,26.735000610351562,17.064424514770508,105973800
2002-11-01,26.21500015258789,26.6200008392334,25.950000762939453,26.5,16.914426803588867,105097800
2002-11-04,28.375,28.625,27.760000228881836,28.049999237060547,17.90376091003418,139964200
2002-11-05,27.889999389648438,28.399999618530273,27.790000915527344,28.34000015258789,18.0888614654541,76658200
2002-11-06,28.4950008392334,28.549999237060547,27.764999389648438,28.514999389648438,18.200565338134766,115407000
2002-11-07,28.100000381469727,28.309999465942383,27.75,28.0049991607666,17.87503433227539,73699600
2002-11-08,28.0,28.274999618530273,27.5049991607666,27.549999237060547,17.584613800048828,64522200
2002-11-11,27.53499984741211,27.549999237060547,26.90999984741211,26.93000030517578,17.188888549804688,58341200
2002-11-12,27.049999237060547,27.71500015258789,26.950000762939453,27.2549991607666,17.396329879760742,81398600
2002-11-13,27.1200008392334,27.96500015258789,27.05500030517578,27.68000030517578,17.667606353759766,107370200
2002-11-14,27.9950008392334,28.5,27.934999465942383,28.4950008392334,18.187793731689453,78337000
2002-11-15,28.299999237060547,28.459999084472656,27.834999084472656,28.344999313354492,18.092050552368164,77533600
2002-11-18,28.475000381469727,28.514999389648438,27.8700008392334,27.924999237060547,17.823970794677734,58086400
2002-11-19,27.774999618530273,27.899999618530273,27.155000686645508,27.43000030517578,17.50802230834961,76403400
2002-11-20,27.5049991607666,28.450000762939453,27.46500015258789,28.309999465942383,18.06970977783203,76435400
2002-11-21,28.489999771118164,29.0,28.389999389648438,28.920000076293945,18.459062576293945,82922200
2002-11-22,28.725000381469727,29.149999618530273,28.524999618530273,29.110000610351562,18.580341339111328,70002000
2002-11-25,29.030000686645508,29.31999969482422,28.78499984741211,29.114999771118164,18.58353042602539,61583000
2002-11-26,28.81999969482422,29.125,28.389999389648438,28.450000762939453,18.15907096862793,68650400
2002-11-27,28.799999237060547,29.30500030517578,28.700000762939453,29.040000915527344,18.53565216064453,55191800
2002-11-29,29.21500015258789,29.315000534057617,28.84000015258789,28.84000015258789,18.407997131347656,28393000
2002-12-02,29.325000762939453,29.479999542236328,28.5049991607666,28.844999313354492,18.41119956970215,63735000
2002-12-03,28.639999389648438,28.674999237060547,28.204999923706055,28.354999542236328,18.098438262939453,58457400
2002-12-04,28.065000534057617,28.719999313354492,27.90999984741211,28.270000457763672,18.0441837310791,83892000
2002-12-05,28.475000381469727,28.545000076293945,27.649999618530273,27.670000076293945,17.661211013793945,68435800
2002-12-06,27.434999465942383,27.8700008392334,27.110000610351562,27.735000610351562,17.70270347595215,71670200
2002-12-09,27.5,27.610000610351562,26.7549991607666,26.764999389648438,17.083568572998047,63862800
2002-12-10,26.780000686645508,27.239999771118164,26.739999771118164,27.0049991607666,17.236759185791016,63730200
2002-12-11,26.924999237060547,27.5049991607666,26.790000915527344,27.329999923706055,17.44420051574707,69186200
2002-12-12,27.5,27.530000686645508,26.844999313354492,27.084999084472656,17.287822723388672,55242000
2002-12-13,26.84000015258789,26.875,26.2450008392334,26.25,16.754852294921875,65245400
2002-12-16,26.5,27.274999618530273,26.334999084472656,27.239999771118164,17.38675880432129,60140400
2002-12-17,27.209999084472656,27.4950008392334,26.889999389648438,27.18000030517578,17.348461151123047,49549800
2002-12-18,26.920000076293945,27.200000762939453,26.395000457763672,26.764999389648438,17.083568572998047,62709400
2002-12-19,26.625,27.375,26.440000534057617,26.55500030517578,16.94953155517578,82686600
2002-12-20,26.7450008392334,26.860000610351562,26.475000381469727,26.520000457763672,16.927194595336914,98294600
2002-12-23,26.524999618530273,27.139999389648438,26.450000762939453,27.0,17.233566284179688,48798400
2002-12-24,26.770000457763672,27.114999771118164,26.760000228881836,26.90999984741211,17.176124572753906,18386000
2002-12-26,27.014999389648438,27.344999313354492,26.584999084472656,26.69499969482422,17.038894653320312,37228000
2002-12-27,26.639999389648438,27.0,26.450000762939453,26.485000610351562,16.90485191345215,40891600
2002-12-30,26.5049991607666,26.6200008392334,26.135000228881836,26.375,16.834640502929688,48019600
2002-12-31,26.3700008392334,26.4950008392334,25.6299991607666,25.850000381469727,16.499547958374023,58208800
2003-01-02,26.149999618530273,26.875,25.854999542236328,26.860000610351562,17.144208908081055,67025200
2003-01-03,26.795000076293945,26.899999618530273,26.440000534057617,26.895000457763672,17.166549682617188,55546800
2003-01-06,27.010000228881836,27.614999771118164,26.899999618530273,27.385000228881836,17.47930335998535,59456200
2003-01-07,27.459999084472656,28.0049991607666,27.34000015258789,27.899999618530273,17.808021545410156,80517400
2003-01-08,27.684999465942383,27.774999618530273,27.05500030517578,27.1200008392334,17.31015968322754,64566000
2003-01-09,27.360000610351562,27.959999084472656,27.264999389648438,27.905000686645508,17.81121063232422,61808000
2003-01-10,27.549999237060547,28.149999618530273,27.450000762939453,27.959999084472656,17.846315383911133,67730200
2003-01-13,28.260000228881836,28.375,27.885000228881836,28.19499969482422,17.996305465698242,60817800
2003-01-14,28.165000915527344,28.5,28.094999313354492,28.485000610351562,18.18140983581543,54206400
2003-01-15,28.5,28.65999984741211,28.094999313354492,28.135000228881836,17.9580135345459,59622600
2003-01-16,28.15999984741211,28.325000762939453,27.55500030517578,27.674999237060547,17.664403915405273,81371000
2003-01-17,26.469999313354492,26.5,25.655000686645508,25.729999542236328,16.422943115234375,155876000
2003-01-21,25.934999465942383,26.075000762939453,25.645000457763672,25.665000915527344,16.38146209716797,86159200
2003-01-22,25.795000076293945,26.200000762939453,25.454999923706055,25.5,16.27614402770996,86948000
2003-01-23,25.975000381469727,26.270000457763672,25.729999542236328,26.139999389648438,16.68464469909668,71374800
2003-01-24,26.014999389648438,26.024999618530273,24.850000381469727,24.924999237060547,15.909137725830078,103027000
2003-01-27,24.65999984741211,25.299999237060547,24.204999923706055,24.584999084472656,15.692112922668457,114838600
2003-01-28,24.844999313354492,24.850000381469727,24.280000686645508,24.40999984741211,15.58042049407959,86151200
2003-01-29,24.364999771118164,25.020000457763672,23.96500015258789,24.954999923706055,15.928289413452148,106884000
2003-01-30,25.079999923706055,25.084999084472656,24.094999313354492,24.1200008392334,15.395318031311035,87877400
2003-01-31,23.725000381469727,24.174999237060547,23.514999389648438,23.729999542236328,15.146387100219727,106858400
2003-02-03,23.96500015258789,24.549999237060547,23.729999542236328,24.280000686645508,15.497443199157715,80129800
2003-02-04,23.899999618530273,23.969999313354492,23.440000534057617,23.65999984741211,15.101707458496094,81854800
2003-02-05,23.915000915527344,24.264999389648438,23.364999771118164,23.479999542236328,14.986817359924316,101072000
2003-02-06,23.43000030517578,23.809999465942383,23.280000686645508,23.709999084472656,15.133628845214844,83312000
2003-02-07,23.940000534057617,23.975000381469727,23.204999923706055,23.290000915527344,14.865544319152832,75208000
2003-02-10,23.399999618530273,23.760000228881836,23.270000457763672,23.690000534057617,15.12086009979248,74081400
2003-02-11,23.649999618530273,23.834999084472656,23.0,23.219999313354492,14.820865631103516,84292000
2003-02-12,23.274999618530273,23.549999237060547,23.1299991607666,23.219999313354492,14.820865631103516,71315200
2003-02-13,23.204999923706055,23.559999465942383,23.065000534057617,23.4950008392334,14.996399879455566,73558200
2003-02-14,23.625,24.25,23.385000228881836,24.149999618530273,15.414464950561523,90446400
2003-02-18,24.6200008392334,24.989999771118164,24.399999618530273,24.959999084472656,15.931472778320312,57415500
2003-02-19,24.81999969482422,24.8799991607666,24.170000076293945,24.530000686645508,15.707358360290527,46902700
2003-02-20,24.770000457763672,24.8700008392334,24.100000381469727,24.139999389648438,15.457627296447754,50897200
2003-02-21,24.290000915527344,24.799999237060547,23.700000762939453,24.6299991607666,15.77139949798584,56853200
2003-02-24,24.440000534057617,24.5,23.84000015258789,24.06999969482422,15.412802696228027,62403700
2003-02-25,23.540000915527344,24.270000457763672,23.3799991607666,24.190000534057617,15.489643096923828,68113000
2003-02-26,24.06999969482422,24.469999313354492,23.579999923706055,23.610000610351562,15.11824893951416,57096000
2003-02-27,23.899999618530273,24.209999084472656,23.299999237060547,23.579999923706055,15.099040031433105,75434300
2003-02-28,23.739999771118164,24.06999969482422,23.549999237060547,23.700000762939453,15.175888061523438,56585400
2003-03-03,24.020000457763672,24.1200008392334,23.399999618530273,23.540000915527344,15.073426246643066,50653500
2003-03-04,23.579999923706055,23.65999984741211,23.059999465942383,23.06999969482422,14.77247428894043,56605700
2003-03-05,23.06999969482422,23.549999237060547,23.049999237060547,23.440000534057617,15.00939655303955,55415900
2003-03-06,23.170000076293945,23.5,23.1299991607666,23.270000457763672,14.900538444519043,54607600
2003-03-07,22.950000762939453,23.790000915527344,22.899999618530273,23.559999465942383,15.086233139038086,66167600
2003-03-10,23.309999465942383,23.459999084472656,22.889999389648438,22.950000762939453,14.695632934570312,48413600
2003-03-11,23.059999465942383,23.260000228881836,22.760000228881836,22.799999237060547,14.599577903747559,53990700
2003-03-12,22.809999465942383,23.440000534057617,22.549999237060547,23.389999389648438,14.977380752563477,72379500
2003-03-13,23.719999313354492,24.739999771118164,23.440000534057617,24.670000076293945,15.797006607055664,80701300
2003-03-14,24.68000030517578,24.959999084472656,24.260000228881836,24.860000610351562,15.91866683959961,75451400
2003-03-17,24.520000457763672,25.950000762939453,24.329999923706055,25.93000030517578,16.603822708129883,100983800
2003-03-18,25.889999389648438,26.040000915527344,25.5,26.040000915527344,16.674253463745117,78108800
2003-03-19,25.979999542236328,26.43000030517578,25.739999771118164,26.31999969482422,16.853551864624023,73652100
2003-03-20,26.020000457763672,26.520000457763672,25.670000076293945,26.25,16.808725357055664,71798500
2003-03-21,26.75,26.799999237060547,26.030000686645508,26.56999969482422,17.01363754272461,85586800
2003-03-24,25.549999237060547,25.93000030517578,25.18000030517578,25.290000915527344,16.194013595581055,61105200
2003-03-25,25.600000381469727,25.75,25.030000686645508,25.489999771118164,16.32207679748535,63595100
2003-03-26,25.459999084472656,25.6200008392334,25.239999771118164,25.25,16.16840171813965,51673600
2003-03-27,24.940000534057617,25.260000228881836,24.59000015258789,25.040000915527344,16.033926010131836,60043300
2003-03-28,24.670000076293945,25.100000381469727,24.600000381469727,24.670000076293945,15.797006607055664,39584600
2003-03-31,24.25,24.709999084472656,24.010000228881836,24.209999084472656,15.502455711364746,71384000
2003-04-01,24.459999084472656,24.700000762939453,24.25,24.350000381469727,15.592092514038086,49803200
2003-04-02,25.100000381469727,26.0,25.100000381469727,25.719999313354492,16.469345092773438,68282500
2003-04-03,25.989999771118164,26.09000015258789,25.600000381469727,25.729999542236328,16.475749969482422,57394300
2003-04-04,25.760000228881836,25.799999237060547,24.93000030517578,25.09000015258789,16.065946578979492,55740600
2003-04-07,26.229999542236328,26.43000030517578,25.170000076293945,25.170000076293945,16.117172241210938,65627100
2003-04-08,25.309999465942383,25.829999923706055,25.200000762939453,25.579999923706055,16.37970542907715,54132100
2003-04-09,25.610000610351562,25.670000076293945,24.540000915527344,24.56999969482422,15.732964515686035,76875800
2003-04-10,24.709999084472656,24.790000915527344,24.280000686645508,24.59000015258789,15.745780944824219,51608900
2003-04-11,24.889999389648438,25.18000030517578,23.950000762939453,24.200000762939453,15.496048927307129,71565500
2003-04-14,24.270000457763672,24.8799991607666,24.0,24.760000228881836,15.854637145996094,51599600
2003-04-15,24.68000030517578,24.790000915527344,24.100000381469727,24.600000381469727,15.752182006835938,63399000
2003-04-16,25.600000381469727,25.739999771118164,24.600000381469727,24.920000076293945,15.957085609436035,86178700
2003-04-17,24.770000457763672,25.540000915527344,24.739999771118164,25.5,16.328481674194336,58356600
2003-04-21,25.610000610351562,25.610000610351562,25.079999923706055,25.209999084472656,16.14278793334961,41557800
2003-04-22,25.059999465942383,25.799999237060547,25.030000686645508,25.760000228881836,16.494962692260742,58844000
2003-04-23,25.75,25.989999771118164,25.469999313354492,25.719999313354492,16.469345092773438,55559300
2003-04-24,25.479999542236328,25.719999313354492,25.31999969482422,25.489999771118164,16.32207679748535,51703600
2003-04-25,25.329999923706055,25.639999389648438,25.170000076293945,25.219999313354492,16.14919090270996,53657400
2003-04-28,25.389999389648438,25.940000534057617,25.31999969482422,25.739999771118164,16.482158660888672,56287600
2003-04-29,25.950000762939453,26.25,25.68000030517578,25.799999237060547,16.520578384399414,65877300
2003-04-30,25.729999542236328,25.8799991607666,25.25,25.56999969482422,16.373300552368164,55566800
2003-05-01,25.540000915527344,25.950000762939453,25.34000015258789,25.719999313354492,16.469345092773438,42085800
2003-05-02,25.649999618530273,26.290000915527344,25.559999465942383,26.100000381469727,16.71268081665039,52695400
2003-05-05,26.25,26.389999389648438,25.84000015258789,25.860000610351562,16.558996200561523,50391500
2003-05-06,25.860000610351562,26.5,25.81999969482422,26.3700008392334,16.88556671142578,54299500
2003-05-07,26.110000610351562,26.350000381469727,25.84000015258789,25.989999771118164,16.64223861694336,49120000
2003-05-08,25.75,26.139999389648438,25.709999084472656,25.739999771118164,16.482158660888672,46401400
2003-05-09,25.899999618530273,26.5,25.889999389648438,26.360000610351562,16.879167556762695,58913600
2003-05-12,26.149999618530273,26.469999313354492,26.059999465942383,26.200000762939453,16.77671241760254,53900800
2003-05-13,26.040000915527344,26.200000762939453,25.889999389648438,25.989999771118164,16.64223861694336,44501900
2003-05-14,26.079999923706055,26.18000030517578,25.540000915527344,25.6200008392334,16.405324935913086,45021000
2003-05-15,25.850000381469727,26.010000228881836,25.56999969482422,25.790000915527344,16.51418113708496,45450200
2003-05-16,25.8799991607666,26.049999237060547,25.40999984741211,25.56999969482422,16.373300552368164,60620900
2003-05-19,25.399999618530273,25.540000915527344,24.739999771118164,24.760000228881836,15.854637145996094,55336300
2003-05-20,24.860000610351562,25.0,24.5,24.6299991607666,15.77139949798584,52677600
2003-05-21,24.6299991607666,24.709999084472656,23.889999389648438,24.030000686645508,15.387187957763672,108960900
2003-05-22,24.200000762939453,24.270000457763672,24.040000915527344,24.15999984741211,15.470439910888672,93157100
2003-05-23,24.200000762939453,24.540000915527344,24.030000686645508,24.219999313354492,15.508855819702148,76968000
2003-05-27,24.25,24.889999389648438,24.219999313354492,24.790000915527344,15.873852729797363,68486800
2003-05-28,24.780000686645508,24.8700008392334,24.299999237060547,24.40999984741211,15.63051986694336,91467000
2003-05-29,24.469999313354492,24.670000076293945,24.229999542236328,24.399999618530273,15.624110221862793,75451300
2003-05-30,24.729999542236328,24.90999984741211,24.510000228881836,24.610000610351562,15.75858211517334,85096700
2003-06-02,24.979999542236328,25.030000686645508,24.56999969482422,24.639999389648438,15.777795791625977,66310800
2003-06-03,24.75,24.920000076293945,24.56999969482422,24.8799991607666,15.931474685668945,61058200
2003-06-04,24.989999771118164,25.219999313354492,24.739999771118164,24.8700008392334,15.925066947937012,83484600
2003-06-05,24.469999313354492,24.520000457763672,24.010000228881836,24.09000015258789,15.425615310668945,115877900
2003-06-06,24.440000534057617,24.559999465942383,23.649999618530273,23.670000076293945,15.156668663024902,119629400
2003-06-09,23.719999313354492,23.979999542236328,23.600000381469727,23.75,15.20789909362793,73610000
2003-06-10,23.940000534057617,24.75,23.850000381469727,24.68000030517578,15.803415298461914,80655300
2003-06-11,24.670000076293945,24.959999084472656,24.420000076293945,24.8799991607666,15.931474685668945,75768600
2003-06-12,24.969999313354492,25.139999389648438,24.739999771118164,24.989999771118164,16.001914978027344,66177700
2003-06-13,25.200000762939453,25.25,24.489999771118164,24.649999618530273,15.78419303894043,55157500
2003-06-16,24.799999237060547,25.420000076293945,24.670000076293945,25.389999389648438,16.258041381835938,69658600
2003-06-17,25.639999389648438,26.139999389648438,25.530000686645508,25.959999084472656,16.623031616210938,122213900
2003-06-18,25.979999542236328,26.43000030517578,25.709999084472656,26.06999969482422,16.693466186523438,89957700
2003-06-19,26.09000015258789,26.389999389648438,26.010000228881836,26.06999969482422,16.693466186523438,63626900
2003-06-20,26.34000015258789,26.3799991607666,26.010000228881836,26.329999923706055,16.85995101928711,86048900
2003-06-23,26.139999389648438,26.239999771118164,25.489999771118164,25.780000686645508,16.507774353027344,52584500
2003-06-24,25.649999618530273,26.040000915527344,25.520000457763672,25.700000762939453,16.456546783447266,51820300
2003-06-25,25.639999389648438,25.989999771118164,25.139999389648438,25.260000228881836,16.174806594848633,60483500
2003-06-26,25.389999389648438,26.510000228881836,25.209999084472656,25.75,16.488569259643555,51758100
2003-06-27,25.950000762939453,26.34000015258789,25.530000686645508,25.6299991607666,16.411720275878906,76040300
2003-06-30,25.940000534057617,26.1200008392334,25.5,25.639999389648438,16.41813087463379,48073100
2003-07-01,25.59000015258789,26.200000762939453,25.389999389648438,26.149999618530273,16.74469566345215,60926000
2003-07-02,26.5,26.93000030517578,26.450000762939453,26.8799991607666,17.212133407592773,94069300
2003-07-03,26.690000534057617,26.950000762939453,26.40999984741211,26.5,16.968812942504883,39440900
2003-07-07,27.020000457763672,27.549999237060547,26.950000762939453,27.420000076293945,17.557918548583984,88960800
2003-07-08,27.260000228881836,27.799999237060547,27.25,27.700000762939453,17.737215042114258,61896800
2003-07-09,27.559999465942383,27.700000762939453,27.25,27.469999313354492,17.589935302734375,62300700
2003-07-10,27.25,27.420000076293945,26.59000015258789,26.90999984741211,17.231353759765625,55350800
2003-07-11,26.950000762939453,27.450000762939453,26.889999389648438,27.309999465942383,17.48748207092285,50377300
2003-07-14,27.6299991607666,27.809999465942383,27.049999237060547,27.399999618530273,17.54511260986328,60464400
2003-07-15,27.469999313354492,27.530000686645508,27.100000381469727,27.270000457763672,17.461862564086914,53567600
2003-07-16,27.559999465942383,27.6200008392334,27.200000762939453,27.520000457763672,17.621952056884766,49838900
2003-07-17,27.139999389648438,27.270000457763672,26.540000915527344,26.690000534057617,17.09047508239746,72805000
2003-07-18,27.110000610351562,27.229999542236328,26.75,26.889999389648438,17.218542098999023,63388400
2003-07-21,26.8700008392334,26.90999984741211,26.0,26.040000915527344,16.674253463745117,48480800
2003-07-22,26.280000686645508,26.559999465942383,26.1299991607666,26.3799991607666,16.89197540283203,51791000
2003-07-23,26.420000076293945,26.649999618530273,26.139999389648438,26.450000762939453,16.936796188354492,49828200
2003-07-24,26.780000686645508,26.920000076293945,25.979999542236328,26.0,16.648649215698242,53556600
2003-07-25,26.280000686645508,26.950000762939453,26.06999969482422,26.889999389648438,17.218542098999023,54173000
2003-07-28,26.940000534057617,27.0,26.489999771118164,26.610000610351562,17.039255142211914,52658300
2003-07-29,26.8799991607666,26.899999618530273,26.239999771118164,26.469999313354492,16.949607849121094,62391100
2003-07-30,26.459999084472656,26.56999969482422,26.170000076293945,26.229999542236328,16.795923233032227,41240300
2003-07-31,26.600000381469727,26.989999771118164,26.309999465942383,26.40999984741211,16.911190032958984,64504800
2003-08-01,26.329999923706055,26.510000228881836,26.1200008392334,26.170000076293945,16.757503509521484,42649700
2003-08-04,26.149999618530273,26.40999984741211,25.75,26.18000030517578,16.763906478881836,51825600
2003-08-05,26.309999465942383,26.540000915527344,25.600000381469727,25.65999984741211,16.43092918395996,58825800
2003-08-06,25.540000915527344,26.190000534057617,25.43000030517578,25.649999618530273,16.424528121948242,56294900
2003-08-07,25.719999313354492,25.809999465942383,25.450000762939453,25.709999084472656,16.462953567504883,44258500
2003-08-08,25.8799991607666,25.979999542236328,25.5,25.579999923706055,16.37970542907715,33241400
2003-08-11,25.610000610351562,25.989999771118164,25.540000915527344,25.610000610351562,16.39891242980957,36433900
2003-08-12,25.709999084472656,25.770000457763672,25.450000762939453,25.729999542236328,16.475749969482422,38208400
2003-08-13,25.790000915527344,25.889999389648438,25.5,25.600000381469727,16.39251708984375,39636900
2003-08-14,25.65999984741211,25.709999084472656,25.520000457763672,25.6299991607666,16.411720275878906,37338300
2003-08-15,25.610000610351562,25.65999984741211,25.43000030517578,25.540000915527344,16.354087829589844,27607900
2003-08-18,25.559999465942383,25.829999923706055,25.459999084472656,25.700000762939453,16.456546783447266,45817400
2003-08-19,25.850000381469727,26.649999618530273,25.770000457763672,26.6200008392334,17.045658111572266,72952900
2003-08-20,26.299999237060547,26.530000686645508,26.0,26.450000762939453,16.936796188354492,56739300
2003-08-21,26.649999618530273,26.729999542236328,26.1299991607666,26.239999771118164,16.80232810974121,63802700
2003-08-22,26.780000686645508,26.950000762939453,26.209999084472656,26.219999313354492,16.789520263671875,65846300
2003-08-25,26.309999465942383,26.540000915527344,26.229999542236328,26.5,16.968812942504883,36132900
2003-08-26,26.309999465942383,26.670000076293945,25.959999084472656,26.56999969482422,17.01363754272461,47546000
2003-08-27,26.510000228881836,26.579999923706055,26.299999237060547,26.420000076293945,16.91759490966797,30633900
2003-08-28,26.5,26.579999923706055,26.239999771118164,26.510000228881836,16.975217819213867,46211200
2003-08-29,26.459999084472656,26.549999237060547,26.350000381469727,26.520000457763672,16.981616973876953,34503000
2003-09-02,26.700000762939453,27.299999237060547,26.469999313354492,27.260000228881836,17.45546531677246,74168900
2003-09-03,27.420000076293945,28.399999618530273,27.3799991607666,28.299999237060547,18.121410369873047,109437800
2003-09-04,28.100000381469727,28.469999313354492,27.989999771118164,28.43000030517578,18.204654693603516,59840800
2003-09-05,28.229999542236328,28.75,28.170000076293945,28.3799991607666,18.172643661499023,64024500
2003-09-08,28.389999389648438,28.920000076293945,28.34000015258789,28.84000015258789,18.467195510864258,46105300
2003-09-09,28.649999618530273,28.709999084472656,28.309999465942383,28.3700008392334,18.16623306274414,44315200
2003-09-10,28.030000686645508,28.18000030517578,27.479999542236328,27.549999237060547,17.64116096496582,54763500
2003-09-11,27.65999984741211,28.110000610351562,27.59000015258789,27.84000015258789,17.826860427856445,37813300
2003-09-12,27.479999542236328,28.399999618530273,27.450000762939453,28.34000015258789,18.14702606201172,55777200
2003-09-15,28.3700008392334,28.610000610351562,28.329999923706055,28.360000610351562,18.15983009338379,41432300
2003-09-16,28.40999984741211,28.950000762939453,28.31999969482422,28.899999618530273,18.505611419677734,52060600
2003-09-17,28.760000228881836,28.950000762939453,28.469999313354492,28.5,18.24948501586914,47221600
2003-09-18,28.489999771118164,29.510000228881836,28.420000076293945,29.5,18.889814376831055,67268100
2003-09-19,29.760000228881836,29.969999313354492,29.520000457763672,29.959999084472656,19.18436622619629,92433800
2003-09-22,29.389999389648438,30.0,28.809999465942383,29.06999969482422,18.614473342895508,65678700
2003-09-23,29.1200008392334,29.709999084472656,28.8799991607666,29.600000381469727,18.953840255737305,57827800
2003-09-24,29.610000610351562,29.700000762939453,28.420000076293945,28.459999084472656,18.2238712310791,66336500
2003-09-25,28.469999313354492,28.959999084472656,28.219999313354492,28.239999771118164,18.082992553710938,56224500
2003-09-26,28.270000457763672,28.780000686645508,28.139999389648438,28.190000534057617,18.05097007751465,49864700
2003-09-29,28.40999984741211,28.90999984741211,28.100000381469727,28.829999923706055,18.460786819458008,47380300
2003-09-30,28.59000015258789,28.610000610351562,27.75,27.799999237060547,17.801250457763672,63333700
2003-10-01,28.030000686645508,28.6299991607666,27.809999465942383,28.520000457763672,18.26228141784668,58375900
2003-10-02,28.450000762939453,28.75,28.190000534057617,28.5,18.24948501586914,38143600
2003-10-03,29.15999984741211,29.459999084472656,28.93000030517578,29.079999923706055,18.620874404907227,57303000
2003-10-06,29.149999618530273,29.299999237060547,28.90999984741211,29.190000534057617,18.69130516052246,34047600
2003-10-07,29.010000228881836,29.3700008392334,28.920000076293945,29.139999389648438,18.65929412841797,52356800
2003-10-08,29.360000610351562,29.360000610351562,28.68000030517578,28.81999969482422,18.45438575744629,46989100
2003-10-09,29.219999313354492,29.350000381469727,28.799999237060547,28.940000534057617,18.531225204467773,62653300
2003-10-10,28.90999984741211,29.200000762939453,28.670000076293945,28.90999984741211,18.51201820373535,37604700
2003-10-13,28.979999542236328,29.100000381469727,28.5,28.780000686645508,18.42877769470215,39320300
2003-10-14,28.65999984741211,28.770000457763672,28.479999542236328,28.68000030517578,18.364736557006836,34851300
2003-10-15,29.200000762939453,29.260000228881836,28.700000762939453,29.06999969482422,18.718900680541992,57242100
2003-10-16,28.90999984741211,29.309999465942383,28.799999237060547,29.229999542236328,18.82192039489746,42232500
2003-10-17,29.280000686645508,29.290000915527344,28.799999237060547,28.93000030517578,18.628746032714844,49960000
2003-10-20,28.950000762939453,29.3700008392334,28.799999237060547,29.350000381469727,18.89919662475586,38794500
2003-10-21,29.350000381469727,29.43000030517578,29.170000076293945,29.350000381469727,18.89919662475586,44166800
2003-10-22,29.030000686645508,29.209999084472656,28.799999237060547,28.889999389648438,18.602989196777344,48798500
2003-10-23,28.719999313354492,29.079999923706055,28.100000381469727,28.90999984741211,18.61587142944336,67357900
2003-10-24,27.270000457763672,27.399999618530273,26.420000076293945,26.610000610351562,17.134849548339844,210558300
2003-10-27,26.90999984741211,27.100000381469727,26.81999969482422,26.90999984741211,17.328022003173828,65619100
2003-10-28,27.09000015258789,27.219999313354492,26.8799991607666,27.200000762939453,17.514760971069336,71752600
2003-10-29,27.15999984741211,27.25,26.65999984741211,26.739999771118164,17.21855354309082,73551500
2003-10-30,27.010000228881836,27.040000915527344,25.90999984741211,26.1200008392334,16.819318771362305,98729400
2003-10-31,26.3700008392334,26.440000534057617,26.110000610351562,26.139999389648438,16.832195281982422,69623700
2003-11-03,26.350000381469727,26.75,26.290000915527344,26.68000030517578,17.179920196533203,57772300
2003-11-04,26.59000015258789,26.6200008392334,26.010000228881836,26.06999969482422,16.787118911743164,84026100
2003-11-05,26.149999618530273,26.31999969482422,26.0,26.100000381469727,16.806442260742188,61514400
2003-11-06,26.260000228881836,26.299999237060547,26.0,26.229999542236328,16.89015007019043,68189800
2003-11-07,26.3799991607666,26.489999771118164,26.030000686645508,26.100000381469727,16.806442260742188,57822100
2003-11-10,26.1200008392334,26.229999542236328,26.0,26.0,16.742048263549805,54579100
2003-11-11,26.010000228881836,26.079999923706055,25.670000076293945,25.799999237060547,16.613262176513672,64990700
2003-11-12,25.850000381469727,26.139999389648438,25.600000381469727,25.979999542236328,16.72917366027832,75877300
2003-11-13,25.860000610351562,25.93000030517578,25.450000762939453,25.690000534057617,16.542430877685547,78949500
2003-11-14,25.700000762939453,26.020000457763672,25.440000534057617,25.5,16.420087814331055,83146400
2003-11-17,25.389999389648438,25.440000534057617,24.84000015258789,25.149999618530273,16.194713592529297,103900200
2003-11-18,25.329999923706055,25.84000015258789,25.1200008392334,25.149999618530273,16.194713592529297,106868300
2003-11-19,25.290000915527344,25.540000915527344,25.170000076293945,25.350000381469727,16.32349967956543,78853300
2003-11-20,25.170000076293945,25.6299991607666,25.079999923706055,25.100000381469727,16.16251564025879,106845700
2003-11-21,25.329999923706055,25.3799991607666,25.079999923706055,25.110000610351562,16.16895294189453,70712900
2003-11-24,25.329999923706055,25.809999465942383,25.280000686645508,25.729999542236328,16.568180084228516,99463800
2003-11-25,25.8700008392334,25.950000762939453,25.3799991607666,25.399999618530273,16.35568618774414,85663800
2003-11-26,25.610000610351562,25.6299991607666,25.31999969482422,25.450000762939453,16.387889862060547,69758400
2003-11-28,25.5,25.75,25.399999618530273,25.709999084472656,16.555313110351562,33402600
2003-12-01,25.899999618530273,26.209999084472656,25.5,25.84000015258789,16.639022827148438,101914600
2003-12-02,25.950000762939453,26.09000015258789,25.610000610351562,25.65999984741211,16.523107528686523,85121700
2003-12-03,25.81999969482422,26.06999969482422,25.6200008392334,25.670000076293945,16.52954864501953,93121600
2003-12-04,25.719999313354492,26.229999542236328,25.65999984741211,26.200000762939453,16.870830535888672,87202400
2003-12-05,25.959999084472656,26.479999542236328,25.920000076293945,25.979999542236328,16.72917366027832,96610900
2003-12-08,26.1200008392334,26.34000015258789,25.809999465942383,26.239999771118164,16.896589279174805,90504000
2003-12-09,26.440000534057617,26.610000610351562,26.25,26.3799991607666,16.98674201965332,103547100
2003-12-10,26.450000762939453,26.6299991607666,26.3799991607666,26.59000015258789,17.121963500976562,82853700
2003-12-11,26.59000015258789,26.770000457763672,26.280000686645508,26.610000610351562,17.134849548339844,79309000
2003-12-12,26.690000534057617,26.809999465942383,26.5,26.649999618530273,17.160602569580078,69154100
2003-12-15,27.049999237060547,27.100000381469727,26.68000030517578,26.739999771118164,17.21855354309082,88860600
2003-12-16,26.829999923706055,27.15999984741211,26.770000457763672,27.059999465942383,17.424610137939453,73978000
2003-12-17,27.040000915527344,27.079999923706055,26.850000381469727,27.040000915527344,17.411727905273438,53712300
2003-12-18,27.100000381469727,27.450000762939453,27.049999237060547,27.399999618530273,17.643543243408203,61177800
2003-12-19,27.489999771118164,27.549999237060547,27.190000534057617,27.360000610351562,17.617786407470703,76856400
2003-12-22,27.15999984741211,27.43000030517578,26.969999313354492,27.18000030517578,17.501876831054688,43894800
2003-12-23,27.170000076293945,27.34000015258789,27.010000228881836,27.149999618530273,17.48255729675293,39609000
2003-12-24,27.139999389648438,27.15999984741211,27.0,27.040000915527344,17.411727905273438,19924200
2003-12-26,27.049999237060547,27.25,27.0,27.209999084472656,17.521196365356445,12076900
2003-12-29,27.209999084472656,27.530000686645508,27.15999984741211,27.459999084472656,17.68217658996582,40426700
2003-12-30,27.40999984741211,27.549999237060547,27.399999618530273,27.520000457763672,17.720815658569336,34406600
2003-12-31,27.420000076293945,27.549999237060547,27.229999542236328,27.3700008392334,17.62422752380371,42198900
2004-01-02,27.579999923706055,27.770000457763672,27.329999923706055,27.450000762939453,17.675743103027344,44487700
2004-01-05,27.729999542236328,28.18000030517578,27.719999313354492,28.139999389648438,18.120044708251953,67333700
2004-01-06,28.190000534057617,28.280000686645508,28.06999969482422,28.239999771118164,18.18444061279297,46950800
2004-01-07,28.170000076293945,28.309999465942383,28.010000228881836,28.209999084472656,18.165124893188477,54298200
2004-01-08,28.389999389648438,28.479999542236328,28.0,28.15999984741211,18.13292694091797,58810800
2004-01-09,28.030000686645508,28.059999465942383,27.59000015258789,27.65999984741211,17.81096076965332,67079900
2004-01-12,27.670000076293945,27.729999542236328,27.350000381469727,27.56999969482422,17.753009796142578,55845200
2004-01-13,27.549999237060547,27.639999389648438,27.260000228881836,27.43000030517578,17.66285514831543,51555900
2004-01-14,27.520000457763672,27.729999542236328,27.469999313354492,27.700000762939453,17.83672332763672,43907000
2004-01-15,27.549999237060547,27.719999313354492,27.420000076293945,27.540000915527344,17.733688354492188,58504100
2004-01-16,27.709999084472656,27.8799991607666,27.530000686645508,27.809999465942383,17.907550811767578,63983400
2004-01-20,27.979999542236328,28.200000762939453,27.93000030517578,28.100000381469727,18.094289779663086,63068500
2004-01-21,28.1299991607666,28.299999237060547,27.850000381469727,28.299999237060547,18.223073959350586,53570600
2004-01-22,28.360000610351562,28.440000534057617,27.940000534057617,28.010000228881836,18.036334991455078,78425200
2004-01-23,28.280000686645508,28.760000228881836,28.219999313354492,28.479999542236328,18.338979721069336,127259100
2004-01-26,28.489999771118164,28.829999923706055,28.31999969482422,28.799999237060547,18.54503631591797,58299600
2004-01-27,28.639999389648438,28.719999313354492,28.219999313354492,28.25,18.19087791442871,63196200
2004-01-28,28.299999237060547,28.440000534057617,27.469999313354492,27.709999084472656,17.843154907226562,71336000
2004-01-29,27.809999465942383,27.950000762939453,27.56999969482422,27.90999984741211,17.971940994262695,63748400
2004-01-30,27.84000015258789,27.899999618530273,27.549999237060547,27.649999618530273,17.804523468017578,40528700
2004-02-02,27.610000610351562,27.799999237060547,27.239999771118164,27.399999618530273,17.643543243408203,62891800
2004-02-03,27.399999618530273,27.549999237060547,27.18000030517578,27.290000915527344,17.57271385192871,47993800
2004-02-04,27.219999313354492,27.43000030517578,27.010000228881836,27.010000228881836,17.392414093017578,60648000
2004-02-05,27.059999465942383,27.170000076293945,26.829999923706055,26.959999084472656,17.360219955444336,55527500
2004-02-06,27.030000686645508,27.190000534057617,26.93000030517578,27.079999923706055,17.437488555908203,47209600
2004-02-09,27.190000534057617,27.229999542236328,26.850000381469727,26.899999618530273,17.321577072143555,48108500
2004-02-10,26.8700008392334,27.149999618530273,26.81999969482422,27.020000457763672,17.39885139465332,37790600
2004-02-11,26.969999313354492,27.229999542236328,26.850000381469727,27.149999618530273,17.48255729675293,51515300
2004-02-12,27.09000015258789,27.149999618530273,26.93000030517578,26.950000762939453,17.353784561157227,44537000
2004-02-13,26.979999542236328,27.059999465942383,26.5,26.59000015258789,17.121963500976562,67541100
2004-02-17,26.719999313354492,27.100000381469727,26.59000015258789,26.989999771118164,17.379535675048828,43477000
2004-02-18,26.899999618530273,27.110000610351562,26.739999771118164,26.770000457763672,17.23787498474121,50334700
2004-02-19,26.920000076293945,26.979999542236328,26.43000030517578,26.459999084472656,17.03824806213379,61840600
2004-02-20,26.65999984741211,26.799999237060547,26.5,26.56999969482422,17.109086990356445,57821900
2004-02-23,26.729999542236328,26.760000228881836,26.479999542236328,26.610000610351562,17.134849548339844,50256800
2004-02-24,26.610000610351562,26.950000762939453,26.549999237060547,26.8799991607666,17.308696746826172,55426500
2004-02-25,26.899999618530273,26.989999771118164,26.610000610351562,26.700000762939453,17.192794799804688,64275700
2004-02-26,26.59000015258789,26.649999618530273,26.40999984741211,26.5,17.064010620117188,66602700
2004-02-27,26.469999313354492,26.6200008392334,26.350000381469727,26.530000686645508,17.08332633972168,58266500
2004-03-01,26.6299991607666,26.719999313354492,26.5,26.700000762939453,17.192794799804688,51912300
2004-03-02,26.610000610351562,26.690000534057617,26.350000381469727,26.389999389648438,16.99317741394043,66331000
2004-03-03,26.350000381469727,26.549999237060547,26.219999313354492,26.3700008392334,16.980300903320312,54998700
2004-03-04,26.329999923706055,26.420000076293945,26.209999084472656,26.3700008392334,16.980300903320312,44023200
2004-03-05,26.229999542236328,26.600000381469727,26.200000762939453,26.350000381469727,16.96742057800293,59849800
2004-03-08,26.309999465942383,26.350000381469727,25.809999465942383,25.829999923706055,16.632585525512695,69367800
2004-03-09,25.799999237060547,25.969999313354492,25.540000915527344,25.719999313354492,16.561738967895508,81111700
2004-03-10,25.649999618530273,25.799999237060547,25.350000381469727,25.3700008392334,16.336374282836914,75155800
2004-03-11,25.18000030517578,25.780000686645508,25.06999969482422,25.09000015258789,16.156078338623047,90536300
2004-03-12,25.3799991607666,25.510000228881836,25.229999542236328,25.3799991607666,16.34281349182129,64137100
2004-03-15,25.299999237060547,25.43000030517578,25.059999465942383,25.15999984741211,16.201148986816406,68835300
2004-03-16,25.260000228881836,25.3700008392334,25.100000381469727,25.18000030517578,16.21402359008789,65453800
2004-03-17,25.25,25.459999084472656,25.110000610351562,25.1299991607666,16.181833267211914,56241400
2004-03-18,24.959999084472656,25.030000686645508,24.579999923706055,24.889999389648438,16.027292251586914,123231000
2004-03-19,24.770000457763672,24.940000534057617,24.559999465942383,24.6299991607666,15.859878540039062,86281600
2004-03-22,24.479999542236328,24.84000015258789,24.010000228881836,24.5,15.776152610778809,127605200
2004-03-23,24.649999618530273,24.65999984741211,24.110000610351562,24.149999618530273,15.550783157348633,91696300
2004-03-24,24.3799991607666,24.579999923706055,24.18000030517578,24.40999984741211,15.718208312988281,97584700
2004-03-25,24.600000381469727,25.239999771118164,24.579999923706055,25.190000534057617,16.220474243164062,85677900
2004-03-26,25.110000610351562,25.510000228881836,25.0,25.030000686645508,16.117435455322266,61584900
2004-03-29,25.25,25.399999618530273,25.0,25.309999465942383,16.297740936279297,51881600
2004-03-30,25.209999084472656,25.329999923706055,25.030000686645508,25.200000762939453,16.22690200805664,59010400
2004-03-31,25.200000762939453,25.200000762939453,24.8700008392334,24.93000030517578,16.053049087524414,70533200
2004-04-01,24.950000762939453,25.110000610351562,24.850000381469727,25.079999923706055,16.14963722229004,69051900
2004-04-02,25.479999542236328,25.899999618530273,25.440000534057617,25.850000381469727,16.645462036132812,98043800
2004-04-05,25.809999465942383,25.979999542236328,25.729999542236328,25.950000762939453,16.709856033325195,53800300
2004-04-06,25.770000457763672,25.899999618530273,25.65999984741211,25.799999237060547,16.613262176513672,48992000
2004-04-07,25.739999771118164,25.780000686645508,25.350000381469727,25.59000015258789,16.478042602539062,63268900
2004-04-08,25.81999969482422,25.850000381469727,25.360000610351562,25.479999542236328,16.407207489013672,45294600
2004-04-12,25.479999542236328,25.739999771118164,25.43000030517578,25.610000610351562,16.49091148376465,38786800
2004-04-13,25.68000030517578,25.770000457763672,25.40999984741211,25.450000762939453,16.387889862060547,56971500
2004-04-14,25.389999389648438,25.68000030517578,25.3799991607666,25.510000228881836,16.426528930664062,61079600
2004-04-15,25.530000686645508,25.729999542236328,25.100000381469727,25.219999313354492,16.239789962768555,73756900
2004-04-16,25.329999923706055,25.399999618530273,25.110000610351562,25.15999984741211,16.201148986816406,51768600
2004-04-19,25.079999923706055,25.600000381469727,25.059999465942383,25.530000686645508,16.439401626586914,44592100
2004-04-20,25.649999618530273,25.8799991607666,25.280000686645508,25.329999923706055,16.31062126159668,59902600
2004-04-21,25.360000610351562,25.489999771118164,25.200000762939453,25.450000762939453,16.387889862060547,49252000
2004-04-22,25.510000228881836,25.989999771118164,25.469999313354492,25.950000762939453,16.709856033325195,99207700
2004-04-23,27.399999618530273,27.719999313354492,27.34000015258789,27.540000915527344,17.733688354492188,258269000
2004-04-26,27.450000762939453,27.549999237060547,27.100000381469727,27.239999771118164,17.540510177612305,89391000
2004-04-27,27.15999984741211,27.3700008392334,27.1299991607666,27.219999313354492,17.52763557434082,80716800
2004-04-28,27.010000228881836,27.049999237060547,26.469999313354492,26.559999465942383,17.102651596069336,72842200
2004-04-29,26.510000228881836,26.940000534057617,26.309999465942383,26.479999542236328,17.051132202148438,77787300
2004-04-30,26.59000015258789,26.75,25.959999084472656,26.1299991607666,16.825756072998047,66172200
2004-05-03,26.190000534057617,26.520000457763672,26.190000534057617,26.350000381469727,16.96742057800293,65916200
2004-05-04,26.350000381469727,26.540000915527344,26.020000457763672,26.329999923706055,16.95453643798828,55496400
2004-05-05,26.31999969482422,26.600000381469727,26.25,26.299999237060547,16.935222625732422,51841700
2004-05-06,26.15999984741211,26.34000015258789,26.030000686645508,26.1200008392334,16.819318771362305,62693900
2004-05-07,26.030000686645508,26.3799991607666,25.75,25.780000686645508,16.60038948059082,68290200
2004-05-10,25.6299991607666,26.049999237060547,25.6200008392334,25.93000030517578,16.696977615356445,64621400
2004-05-11,26.09000015258789,26.110000610351562,25.790000915527344,25.940000534057617,16.703418731689453,57917200
2004-05-12,25.8700008392334,26.0,25.43000030517578,25.940000534057617,16.703418731689453,64145600
2004-05-13,25.81999969482422,26.190000534057617,25.790000915527344,26.100000381469727,16.806442260742188,63861500
2004-05-14,26.0,26.170000076293945,25.639999389648438,25.860000610351562,16.65189552307129,43775300
2004-05-17,25.469999313354492,25.790000915527344,25.420000076293945,25.540000915527344,16.445837020874023,55149600
2004-05-18,25.700000762939453,25.969999313354492,25.639999389648438,25.829999923706055,16.632585525512695,58158600
2004-05-19,26.030000686645508,26.270000457763672,25.6200008392334,25.6200008392334,16.497356414794922,60052800
2004-05-20,25.75,25.8700008392334,25.59000015258789,25.729999542236328,16.568180084228516,52089900
2004-05-21,25.969999313354492,26.200000762939453,25.780000686645508,25.889999389648438,16.671213150024414,57809300
2004-05-24,26.049999237060547,26.170000076293945,25.739999771118164,25.760000228881836,16.587501525878906,56250500
2004-05-25,25.709999084472656,26.190000534057617,25.600000381469727,26.100000381469727,16.806442260742188,66615000
2004-05-26,25.989999771118164,26.149999618530273,25.850000381469727,26.139999389648438,16.832195281982422,50306900
2004-05-27,26.15999984741211,26.190000534057617,25.920000076293945,26.190000534057617,16.864391326904297,49071900
2004-05-28,26.139999389648438,26.350000381469727,26.020000457763672,26.229999542236328,16.89015007019043,37393000
2004-06-01,26.1299991607666,26.270000457763672,25.8700008392334,26.110000610351562,16.812881469726562,48369500
2004-06-02,26.1200008392334,26.280000686645508,26.010000228881836,26.1299991607666,16.825756072998047,54020000
2004-06-03,26.049999237060547,26.1299991607666,25.860000610351562,25.889999389648438,16.671213150024414,45933100
2004-06-04,26.030000686645508,26.239999771118164,25.940000534057617,25.950000762939453,16.709856033325195,48815300
2004-06-07,26.020000457763672,26.43000030517578,25.969999313354492,26.43000030517578,17.018938064575195,65218600
2004-06-08,26.280000686645508,26.649999618530273,26.239999771118164,26.600000381469727,17.128402709960938,58447700
2004-06-09,26.399999618530273,26.649999618530273,26.399999618530273,26.469999313354492,17.044694900512695,50385500
2004-06-10,26.3799991607666,26.790000915527344,26.3799991607666,26.770000457763672,17.23787498474121,48109200
2004-06-14,26.549999237060547,26.899999618530273,26.530000686645508,26.899999618530273,17.321577072143555,67377500
2004-06-15,26.989999771118164,27.600000381469727,26.969999313354492,27.40999984741211,17.649986267089844,114183400
2004-06-16,27.34000015258789,27.5,27.149999618530273,27.31999969482422,17.59202766418457,67431100
2004-06-17,27.309999465942383,27.920000076293945,27.290000915527344,27.770000457763672,17.88179588317871,105427500
2004-06-18,27.770000457763672,28.5,27.700000762939453,28.350000381469727,18.255277633666992,134218700
2004-06-21,28.219999313354492,28.65999984741211,28.1200008392334,28.350000381469727,18.255277633666992,116881700
2004-06-22,28.149999618530273,28.350000381469727,27.809999465942383,28.290000915527344,18.216642379760742,98932000
2004-06-23,28.200000762939453,28.3799991607666,28.0,28.299999237060547,18.223073959350586,58558400
2004-06-24,28.479999542236328,28.649999618530273,28.360000610351562,28.389999389648438,18.281023025512695,65503800
2004-06-25,28.479999542236328,28.6299991607666,28.25,28.56999969482422,18.396934509277344,71136500
2004-06-28,28.600000381469727,28.75,28.170000076293945,28.280000686645508,18.210193634033203,77024100
2004-06-29,28.18000030517578,28.579999923706055,28.18000030517578,28.5,18.351865768432617,55371700
2004-06-30,28.56999969482422,28.799999237060547,28.389999389648438,28.559999465942383,18.3904972076416,83544400
2004-07-01,28.700000762939453,28.84000015258789,28.260000228881836,28.6299991607666,18.435562133789062,78441400
2004-07-02,28.6200008392334,28.68000030517578,28.399999618530273,28.56999969482422,18.396934509277344,36690100
2004-07-06,28.31999969482422,28.329999923706055,27.940000534057617,28.020000457763672,18.04277229309082,69158900
2004-07-07,27.670000076293945,28.31999969482422,27.549999237060547,28.100000381469727,18.094289779663086,66255700
2004-07-08,27.8799991607666,28.149999618530273,27.549999237060547,27.639999389648438,17.798084259033203,59125100
2004-07-09,27.780000686645508,28.0,27.639999389648438,27.860000610351562,17.93975257873535,50249300
2004-07-12,27.670000076293945,28.0,27.59000015258789,27.889999389648438,17.959060668945312,45757300
2004-07-13,27.90999984741211,27.950000762939453,27.600000381469727,27.600000381469727,17.772321701049805,43274100
2004-07-14,27.399999618530273,28.360000610351562,27.34000015258789,28.1299991607666,18.11359977722168,87656300
2004-07-15,28.049999237060547,28.200000762939453,27.799999237060547,27.8700008392334,17.946191787719727,46759700
2004-07-16,28.18000030517578,28.200000762939453,27.25,27.479999542236328,17.69505500793457,66406300
2004-07-19,27.6200008392334,28.260000228881836,27.600000381469727,27.950000762939453,17.99770164489746,60354500
2004-07-20,28.0,28.479999542236328,27.850000381469727,28.31999969482422,18.235950469970703,89010700
2004-07-21,29.889999389648438,29.889999389648438,28.809999465942383,28.860000610351562,18.58367156982422,201518000
2004-07-22,29.06999969482422,29.299999237060547,28.829999923706055,29.0,18.673816680908203,124640700
2004-07-23,28.3799991607666,28.399999618530273,28.020000457763672,28.030000686645508,18.049219131469727,97372700
2004-07-26,28.360000610351562,28.709999084472656,28.200000762939453,28.65999984741211,18.454885482788086,72387600
2004-07-27,28.700000762939453,28.760000228881836,28.1299991607666,28.440000534057617,18.313228607177734,72968400
2004-07-28,28.34000015258789,28.790000915527344,28.280000686645508,28.579999923706055,18.403366088867188,62718800
2004-07-29,28.780000686645508,28.799999237060547,28.25,28.479999542236328,18.338979721069336,60148400
2004-07-30,28.450000762939453,28.809999465942383,28.329999923706055,28.489999771118164,18.345422744750977,59552900
2004-08-02,28.270000457763672,28.549999237060547,28.15999984741211,28.520000457763672,18.36473274230957,52267000
2004-08-03,28.3799991607666,28.420000076293945,28.0,28.06999969482422,18.074968338012695,53990900
2004-08-04,28.010000228881836,28.200000762939453,27.989999771118164,28.059999465942383,18.068527221679688,46217900
2004-08-05,28.15999984741211,28.209999084472656,27.520000457763672,27.530000686645508,17.727251052856445,55591700
2004-08-06,27.3799991607666,27.860000610351562,27.059999465942383,27.139999389648438,17.47612762451172,75628000
2004-08-09,27.260000228881836,27.280000686645508,27.100000381469727,27.18000030517578,17.501876831054688,51877500
2004-08-10,27.299999237060547,27.75,27.25,27.719999313354492,17.84959602355957,57632700
2004-08-11,27.389999389648438,27.510000228881836,27.200000762939453,27.40999984741211,17.649986267089844,53097300
2004-08-12,27.229999542236328,27.309999465942383,26.860000610351562,26.8799991607666,17.308696746826172,50279700
2004-08-13,27.010000228881836,27.25,26.979999542236328,27.020000457763672,17.39885139465332,43333200
2004-08-16,27.030000686645508,27.200000762939453,26.959999084472656,27.09000015258789,17.44392204284668,54347200
2004-08-17,27.219999313354492,27.3799991607666,26.979999542236328,27.049999237060547,17.41817283630371,56879700
2004-08-18,26.93000030517578,27.5,26.889999389648438,27.459999084472656,17.68217658996582,58844000
2004-08-19,27.350000381469727,27.450000762939453,27.010000228881836,27.1200008392334,17.463245391845703,46293000
2004-08-20,27.1299991607666,27.3700008392334,27.040000915527344,27.200000762939453,17.514760971069336,46494800
2004-08-23,27.270000457763672,27.329999923706055,27.1200008392334,27.239999771118164,17.592254638671875,39572200
2004-08-24,27.399999618530273,27.459999084472656,27.09000015258789,27.239999771118164,17.592254638671875,40835300
2004-08-25,27.209999084472656,27.670000076293945,27.18000030517578,27.549999237060547,17.792457580566406,53512700
2004-08-26,27.459999084472656,27.600000381469727,27.389999389648438,27.440000534057617,17.721418380737305,35465500
2004-08-27,27.5,27.649999618530273,27.450000762939453,27.459999084472656,17.73433494567871,33248700
2004-08-30,27.299999237060547,27.389999389648438,26.850000381469727,27.299999237060547,17.63100814819336,36679600
2004-08-31,27.290000915527344,27.31999969482422,27.049999237060547,27.299999237060547,17.63100814819336,52106700
2004-09-01,27.229999542236328,27.520000457763672,27.139999389648438,27.389999389648438,17.68913459777832,48507500
2004-09-02,27.399999618530273,27.68000030517578,27.350000381469727,27.6200008392334,17.837665557861328,42161700
2004-09-03,27.459999084472656,27.6200008392334,27.100000381469727,27.110000610351562,17.508298873901367,46174400
2004-09-07,27.290000915527344,27.3799991607666,27.15999984741211,27.360000610351562,17.669757843017578,44893400
2004-09-08,27.299999237060547,27.469999313354492,27.139999389648438,27.260000228881836,17.605175018310547,53278100
2004-09-09,27.299999237060547,27.469999313354492,27.18000030517578,27.280000686645508,17.61808967590332,56904700
2004-09-10,27.34000015258789,27.510000228881836,27.18000030517578,27.489999771118164,17.753713607788086,52664500
2004-09-13,27.530000686645508,27.56999969482422,26.739999771118164,27.25,17.598716735839844,48239200
2004-09-14,27.3700008392334,27.510000228881836,27.270000457763672,27.440000534057617,17.721418380737305,55920000
2004-09-15,27.360000610351562,27.399999618530273,27.139999389648438,27.190000534057617,17.559972763061523,52605700
2004-09-16,27.219999313354492,27.350000381469727,27.170000076293945,27.260000228881836,17.605175018310547,35951500
2004-09-17,27.389999389648438,27.530000686645508,27.260000228881836,27.510000228881836,17.766632080078125,65283000
2004-09-20,27.440000534057617,27.649999618530273,27.329999923706055,27.510000228881836,17.766632080078125,51513600
2004-09-21,27.450000762939453,27.530000686645508,27.25,27.260000228881836,17.605175018310547,73874400
2004-09-22,27.280000686645508,27.739999771118164,27.06999969482422,27.1200008392334,17.514759063720703,68409000
2004-09-23,27.190000534057617,27.389999389648438,27.170000076293945,27.350000381469727,17.66330337524414,52155800
2004-09-24,27.389999389648438,27.459999084472656,27.190000534057617,27.290000915527344,17.624547958374023,49859800
2004-09-27,27.170000076293945,27.31999969482422,27.1299991607666,27.190000534057617,17.559972763061523,47813600
2004-09-28,27.209999084472656,27.360000610351562,27.040000915527344,27.270000457763672,17.61163330078125,62055100
2004-09-29,27.260000228881836,27.690000534057617,27.229999542236328,27.579999923706055,17.811840057373047,61529300
2004-09-30,27.59000015258789,27.790000915527344,27.520000457763672,27.649999618530273,17.85704803466797,71218000
2004-10-01,27.81999969482422,28.31999969482422,27.780000686645508,28.25,18.24454116821289,66302800
2004-10-04,28.440000534057617,28.459999084472656,28.06999969482422,28.1200008392334,18.160581588745117,62016200
2004-10-05,28.149999618530273,28.450000762939453,28.100000381469727,28.3799991607666,18.3284969329834,58017700
2004-10-06,28.389999389648438,28.549999237060547,28.229999542236328,28.530000686645508,18.425371170043945,56999600
2004-10-07,28.540000915527344,28.59000015258789,28.15999984741211,28.170000076293945,18.192873001098633,38401500
2004-10-08,28.100000381469727,28.329999923706055,27.969999313354492,27.989999771118164,18.07662582397461,49556600
2004-10-11,28.200000762939453,28.219999313354492,27.93000030517578,28.059999465942383,18.121835708618164,44691000
2004-10-12,27.829999923706055,28.15999984741211,27.809999465942383,28.030000686645508,18.102458953857422,56412900
2004-10-13,28.190000534057617,28.270000457763672,27.940000534057617,28.030000686645508,18.102458953857422,49500700
2004-10-14,28.040000915527344,28.15999984741211,27.799999237060547,27.799999237060547,17.953920364379883,41548700
2004-10-15,27.969999313354492,28.239999771118164,27.81999969482422,27.989999771118164,18.07662582397461,49828500
2004-10-18,28.06999969482422,28.450000762939453,27.979999542236328,28.40999984741211,18.347871780395508,50350700
2004-10-19,28.530000686645508,28.59000015258789,28.170000076293945,28.18000030517578,18.199329376220703,57026500
2004-10-20,28.219999313354492,28.75,28.1200008392334,28.700000762939453,18.535158157348633,69078100
2004-10-21,28.809999465942383,28.889999389648438,28.469999313354492,28.559999465942383,18.444740295410156,94988500
2004-10-22,28.299999237060547,28.34000015258789,27.579999923706055,27.739999771118164,17.91516876220703,101912800
2004-10-25,27.670000076293945,27.770000457763672,27.549999237060547,27.6299991607666,17.84412956237793,61529500
2004-10-26,27.709999084472656,27.899999618530273,27.6299991607666,27.899999618530273,18.01849937438965,76966600
2004-10-27,27.860000610351562,28.350000381469727,27.579999923706055,28.149999618530273,18.179950714111328,72392600
2004-10-28,28.110000610351562,28.540000915527344,27.899999618530273,28.010000228881836,18.089540481567383,63059600
2004-10-29,28.1200008392334,28.149999618530273,27.799999237060547,27.969999313354492,18.063709259033203,80010100
2004-11-01,28.15999984741211,28.280000686645508,27.959999084472656,28.079999923706055,18.134746551513672,72930900
2004-11-02,28.260000228881836,28.469999313354492,28.030000686645508,28.239999771118164,18.238080978393555,89417100
2004-11-03,28.649999618530273,28.649999618530273,28.309999465942383,28.469999313354492,18.386621475219727,79666700
2004-11-04,28.3799991607666,29.0,28.3799991607666,29.0,18.728910446166992,87867700
2004-11-05,29.209999084472656,29.360000610351562,29.030000686645508,29.309999465942383,18.92911148071289,95337700
2004-11-08,29.18000030517578,29.479999542236328,29.1299991607666,29.280000686645508,18.90974235534668,112802100
2004-11-09,29.43000030517578,29.889999389648438,29.350000381469727,29.770000457763672,19.226198196411133,100401000
2004-11-10,29.920000076293945,30.0,29.690000534057617,29.729999542236328,19.20035743713379,84097700
2004-11-11,29.889999389648438,30.079999923706055,29.81999969482422,29.979999542236328,19.36181640625,87358900
2004-11-12,30.15999984741211,30.200000762939453,29.799999237060547,29.969999313354492,19.355356216430664,162269000
2004-11-15,27.34000015258789,27.5,27.200000762939453,27.389999389648438,19.715261459350586,104468000
2004-11-16,27.329999923706055,27.34000015258789,27.049999237060547,27.1200008392334,19.52090835571289,64522600
2004-11-17,27.25,27.350000381469727,27.059999465942383,27.170000076293945,19.55689811706543,58830700
2004-11-18,27.1299991607666,27.170000076293945,27.0,27.06999969482422,19.484920501708984,63249900
2004-11-19,27.030000686645508,27.06999969482422,26.84000015258789,26.860000610351562,19.333757400512695,85808600
2004-11-22,26.75,26.81999969482422,26.100000381469727,26.649999618530273,19.18260383605957,92410800
2004-11-23,26.520000457763672,26.700000762939453,26.399999618530273,26.530000686645508,19.096229553222656,70459700
2004-11-24,26.6200008392334,26.729999542236328,26.399999618530273,26.639999389648438,19.1754093170166,60069200
2004-11-26,26.559999465942383,26.81999969482422,26.549999237060547,26.600000381469727,19.14661407470703,24398700
2004-11-29,26.639999389648438,26.950000762939453,26.610000610351562,26.770000457763672,19.268980026245117,67079900
2004-11-30,26.75,27.010000228881836,26.700000762939453,26.809999465942383,19.297773361206055,75960400
2004-12-01,26.950000762939453,27.280000686645508,26.809999465942383,27.25,19.61448860168457,99889000
2004-12-02,27.270000457763672,27.399999618530273,26.920000076293945,27.09000015258789,19.499313354492188,96088300
2004-12-03,27.15999984741211,27.440000534057617,27.139999389648438,27.229999542236328,19.600093841552734,76498400
2004-12-06,27.100000381469727,27.440000534057617,27.06999969482422,27.329999923706055,19.672073364257812,55297400
2004-12-07,27.260000228881836,27.3799991607666,27.0,27.06999969482422,19.484920501708984,111656000
2004-12-08,27.010000228881836,27.360000610351562,26.90999984741211,27.360000610351562,19.69366455078125,95655000
2004-12-09,27.1299991607666,27.360000610351562,26.940000534057617,27.229999542236328,19.600093841552734,83006000
2004-12-10,27.079999923706055,27.18000030517578,27.040000915527344,27.079999923706055,19.492116928100586,70949200
2004-12-13,27.100000381469727,27.280000686645508,26.90999984741211,27.25,19.61448860168457,93812500
2004-12-14,27.049999237060547,27.329999923706055,27.040000915527344,27.229999542236328,19.600093841552734,127843200
2004-12-15,27.219999313354492,27.399999618530273,27.06999969482422,27.110000610351562,19.51371192932129,106303900
2004-12-16,27.149999618530273,27.280000686645508,27.010000228881836,27.15999984741211,19.54970359802246,88997500
2004-12-17,27.0,27.31999969482422,26.799999237060547,26.959999084472656,19.40574073791504,126184400
2004-12-20,27.010000228881836,27.149999618530273,26.889999389648438,26.950000762939453,19.39854621887207,85552800
2004-12-21,27.0,27.170000076293945,26.940000534057617,27.06999969482422,19.484920501708984,94646100
2004-12-22,26.84000015258789,27.149999618530273,26.780000686645508,26.969999313354492,19.41294288635254,63651900
2004-12-23,26.8700008392334,27.149999618530273,26.829999923706055,27.010000228881836,19.441728591918945,65801900
2004-12-27,27.010000228881836,27.100000381469727,26.81999969482422,26.850000381469727,19.32656478881836,55958500
2004-12-28,26.850000381469727,27.030000686645508,26.799999237060547,26.950000762939453,19.39854621887207,55075900
2004-12-29,26.850000381469727,27.0,26.81999969482422,26.899999618530273,19.36255645751953,47594900
2004-12-30,26.889999389648438,26.940000534057617,26.75,26.760000228881836,19.261781692504883,48355400
2004-12-31,26.75,26.899999618530273,26.68000030517578,26.719999313354492,19.232990264892578,54959500
2005-01-03,26.799999237060547,26.950000762939453,26.649999618530273,26.739999771118164,19.247390747070312,65002900
2005-01-04,26.8700008392334,27.100000381469727,26.65999984741211,26.84000015258789,19.31936264038086,109442100
2005-01-05,26.84000015258789,27.100000381469727,26.760000228881836,26.780000686645508,19.27617835998535,72463500
2005-01-06,26.850000381469727,27.059999465942383,26.639999389648438,26.75,19.254587173461914,76890500
2005-01-07,26.81999969482422,26.889999389648438,26.6200008392334,26.670000076293945,19.197010040283203,68723300
2005-01-10,26.600000381469727,26.860000610351562,26.540000915527344,26.799999237060547,19.29058074951172,70376600
2005-01-11,26.690000534057617,26.81999969482422,26.610000610351562,26.729999542236328,19.240190505981445,64712000
2005-01-12,26.770000457763672,26.850000381469727,26.6200008392334,26.780000686645508,19.27617835998535,72940600
2005-01-13,26.68000030517578,26.799999237060547,26.15999984741211,26.270000457763672,18.909080505371094,89861600
2005-01-14,26.399999618530273,26.450000762939453,26.040000915527344,26.1200008392334,18.80111312866211,92180800
2005-01-18,26.030000686645508,26.350000381469727,25.84000015258789,26.31999969482422,18.9450740814209,69146400
2005-01-19,26.209999084472656,26.260000228881836,25.920000076293945,25.979999542236328,18.700334548950195,58114100
2005-01-20,25.84000015258789,26.100000381469727,25.739999771118164,25.860000610351562,18.613962173461914,58380100
2005-01-21,25.950000762939453,26.1299991607666,25.639999389648438,25.649999618530273,18.462806701660156,76501000
2005-01-24,25.760000228881836,26.0,25.639999389648438,25.670000076293945,18.47719955444336,69010900
2005-01-25,25.760000228881836,26.190000534057617,25.75,26.020000457763672,18.72913360595703,67580700
2005-01-26,26.06999969482422,26.170000076293945,25.899999618530273,26.010000228881836,18.72193145751953,64974500
2005-01-27,25.950000762939453,26.15999984741211,25.850000381469727,26.110000610351562,18.793916702270508,93204100
2005-01-28,26.540000915527344,26.649999618530273,25.959999084472656,26.18000030517578,18.844303131103516,110466500
2005-01-31,26.350000381469727,26.520000457763672,26.15999984741211,26.280000686645508,18.916278839111328,71442100
2005-02-01,26.25,26.43000030517578,26.219999313354492,26.389999389648438,18.995460510253906,57981700
2005-02-02,26.420000076293945,26.5,26.280000686645508,26.459999084472656,19.045839309692383,79329500
2005-02-03,26.3700008392334,26.399999618530273,26.100000381469727,26.18000030517578,18.844303131103516,62545400
2005-02-04,26.170000076293945,26.3700008392334,26.139999389648438,26.31999969482422,18.9450740814209,61246500
2005-02-07,26.270000457763672,26.299999237060547,26.059999465942383,26.15999984741211,18.829910278320312,57763400
2005-02-08,26.190000534057617,26.34000015258789,26.15999984741211,26.239999771118164,18.88749122619629,61343700
2005-02-09,26.25,26.309999465942383,26.040000915527344,26.06999969482422,18.765125274658203,77874800
2005-02-10,26.100000381469727,26.1299991607666,26.0,26.059999465942383,18.757923126220703,71796400
2005-02-11,26.030000686645508,26.1200008392334,25.809999465942383,25.969999313354492,18.693143844604492,83835900
2005-02-14,25.93000030517578,26.1200008392334,25.90999984741211,26.010000228881836,18.72193145751953,58694000
2005-02-15,26.0,26.079999923706055,25.860000610351562,25.93000030517578,18.721933364868164,76551600
2005-02-16,25.8700008392334,25.93000030517578,25.670000076293945,25.790000915527344,18.620847702026367,57506600
2005-02-17,25.709999084472656,25.860000610351562,25.600000381469727,25.649999618530273,18.51976776123047,67024800
2005-02-18,25.639999389648438,25.649999618530273,25.399999618530273,25.479999542236328,18.397029876708984,77091100
2005-02-22,25.25,25.489999771118164,25.200000762939453,25.229999542236328,18.21652603149414,96419200
2005-02-23,25.239999771118164,25.350000381469727,25.170000076293945,25.200000762939453,18.194862365722656,83689400
2005-02-24,25.18000030517578,25.440000534057617,25.149999618530273,25.3700008392334,18.317609786987305,85236300
2005-02-25,25.329999923706055,25.3799991607666,25.149999618530273,25.25,18.23095703125,62467700
2005-02-28,25.219999313354492,25.3700008392334,25.1299991607666,25.15999984741211,18.165977478027344,82728000
2005-03-01,25.190000534057617,25.40999984741211,25.1299991607666,25.280000686645508,18.25263023376465,56394800
2005-03-02,25.190000534057617,25.479999542236328,25.15999984741211,25.260000228881836,18.238183975219727,67739000
2005-03-03,25.299999237060547,25.309999465942383,25.139999389648438,25.170000076293945,18.173200607299805,52183600
2005-03-04,25.209999084472656,25.299999237060547,25.1299991607666,25.170000076293945,18.173200607299805,63058200
2005-03-07,25.170000076293945,25.790000915527344,25.15999984741211,25.469999313354492,18.389802932739258,80407400
2005-03-08,25.399999618530273,25.6200008392334,25.34000015258789,25.399999618530273,18.339263916015625,52871800
2005-03-09,25.389999389648438,25.56999969482422,25.280000686645508,25.309999465942383,18.274280548095703,62991800
2005-03-10,25.43000030517578,25.479999542236328,25.25,25.43000030517578,18.36092758178711,59132900
2005-03-11,25.450000762939453,25.479999542236328,25.059999465942383,25.09000015258789,18.11543846130371,60617900
2005-03-14,25.079999923706055,25.149999618530273,24.959999084472656,25.110000610351562,18.1298770904541,65550500
2005-03-15,25.100000381469727,25.239999771118164,24.889999389648438,24.90999984741211,17.985475540161133,71469400
2005-03-16,24.81999969482422,24.969999313354492,24.559999465942383,24.6299991607666,17.783308029174805,74841400
2005-03-17,24.639999389648438,24.68000030517578,24.530000686645508,24.540000915527344,17.71832847595215,60573200
2005-03-18,24.530000686645508,24.90999984741211,24.280000686645508,24.309999465942383,17.552261352539062,135904000
2005-03-21,24.350000381469727,24.360000610351562,24.149999618530273,24.200000762939453,17.47284507751465,71446200
2005-03-22,24.190000534057617,24.270000457763672,23.959999084472656,23.989999771118164,17.321216583251953,102113300
2005-03-23,23.989999771118164,24.389999389648438,23.959999084472656,24.18000030517578,17.458406448364258,79293300
2005-03-24,24.239999771118164,24.469999313354492,24.200000762939453,24.280000686645508,17.530614852905273,78820900
2005-03-28,24.399999618530273,24.469999313354492,24.18000030517578,24.200000762939453,17.47284507751465,49802000
2005-03-29,24.139999389648438,24.239999771118164,23.81999969482422,23.920000076293945,17.27067756652832,74231700
2005-03-30,24.040000915527344,24.190000534057617,24.0,24.15999984741211,17.443960189819336,59585700
2005-03-31,24.25,24.309999465942383,24.1200008392334,24.170000076293945,17.451187133789062,62382300
2005-04-01,24.239999771118164,24.350000381469727,24.100000381469727,24.1200008392334,17.415082931518555,64619600
2005-04-04,24.110000610351562,24.260000228881836,23.940000534057617,24.229999542236328,17.4945011138916,62196400
2005-04-05,24.219999313354492,24.5,24.1200008392334,24.469999313354492,17.66779327392578,73549600
2005-04-06,24.469999313354492,24.940000534057617,24.450000762939453,24.670000076293945,17.81219482421875,78020200
2005-04-07,24.65999984741211,25.1299991607666,24.6299991607666,25.100000381469727,18.122655868530273,77451500
2005-04-08,25.06999969482422,25.25,24.90999984741211,24.940000534057617,18.007139205932617,47956300
2005-04-11,25.030000686645508,25.110000610351562,24.860000610351562,24.969999313354492,18.02879524230957,47791800
2005-04-12,24.920000076293945,25.350000381469727,24.799999237060547,25.31999969482422,18.28150177001953,67517800
2005-04-13,25.229999542236328,25.450000762939453,24.989999771118164,25.040000915527344,18.07933235168457,60929300
2005-04-14,25.010000228881836,25.139999389648438,24.829999923706055,24.84000015258789,17.934932708740234,66754400
2005-04-15,24.579999923706055,24.899999618530273,24.40999984741211,24.459999084472656,17.660568237304688,100251600
2005-04-18,24.450000762939453,24.84000015258789,24.399999618530273,24.649999618530273,17.79775619506836,75766400
2005-04-19,24.709999084472656,24.799999237060547,24.450000762939453,24.6299991607666,17.783308029174805,65956200
2005-04-20,24.65999984741211,24.700000762939453,24.299999237060547,24.31999969482422,17.55948257446289,91923500
2005-04-21,24.479999542236328,25.389999389648438,24.469999313354492,25.280000686645508,18.25263023376465,93562300
2005-04-22,25.049999237060547,25.25,24.780000686645508,24.979999542236328,18.03601837158203,80087500
2005-04-25,25.06999969482422,25.280000686645508,24.860000610351562,24.989999771118164,18.04323959350586,75457900
2005-04-26,24.950000762939453,25.25,24.739999771118164,24.760000228881836,17.877174377441406,60464300
2005-04-27,24.65999984741211,25.149999618530273,24.6299991607666,24.989999771118164,18.04323959350586,47732800
2005-04-28,24.81999969482422,24.920000076293945,24.440000534057617,24.450000762939453,17.653348922729492,83623100
2005-04-29,24.8799991607666,25.299999237060547,24.790000915527344,25.299999237060547,18.267061233520508,98641200
2005-05-02,25.229999542236328,25.360000610351562,24.950000762939453,25.229999542236328,18.21652603149414,54376700
2005-05-03,25.1299991607666,25.399999618530273,25.09000015258789,25.360000610351562,18.31037712097168,67867800
2005-05-04,25.34000015258789,25.399999618530273,25.110000610351562,25.209999084472656,18.20208168029785,86864200
2005-05-05,25.200000762939453,25.329999923706055,25.079999923706055,25.229999542236328,18.21652603149414,59362300
2005-05-06,25.329999923706055,25.479999542236328,25.190000534057617,25.219999313354492,18.209300994873047,64322600
2005-05-09,25.229999542236328,25.329999923706055,25.049999237060547,25.110000610351562,18.1298770904541,61872400
2005-05-10,25.040000915527344,25.079999923706055,24.81999969482422,24.899999618530273,17.978256225585938,62235100
2005-05-11,24.889999389648438,24.969999313354492,24.639999389648438,24.90999984741211,17.985475540161133,59463300
2005-05-12,24.84000015258789,25.110000610351562,24.829999923706055,25.0,18.05046272277832,74540700
2005-05-13,25.030000686645508,25.3799991607666,24.989999771118164,25.299999237060547,18.267061233520508,77204300
2005-05-16,25.229999542236328,25.5,25.190000534057617,25.489999771118164,18.462627410888672,50577300
2005-05-17,25.309999465942383,25.5,25.25,25.459999084472656,18.440900802612305,39983200
2005-05-18,25.5,25.84000015258789,25.420000076293945,25.700000762939453,18.614730834960938,71182400
2005-05-19,25.75,26.049999237060547,25.700000762939453,25.920000076293945,18.77406883239746,52120800
2005-05-20,25.8799991607666,25.920000076293945,25.729999542236328,25.739999771118164,18.64370346069336,64444500
2005-05-23,25.739999771118164,26.06999969482422,25.739999771118164,25.850000381469727,18.723379135131836,75421100
2005-05-24,25.799999237060547,25.8799991607666,25.719999313354492,25.75,18.65093994140625,61287700
2005-05-25,25.68000030517578,25.770000457763672,25.5,25.709999084472656,18.621973037719727,35749000
2005-05-26,25.75,26.0,25.729999542236328,25.899999618530273,18.75959587097168,50579200
2005-05-27,25.829999923706055,26.09000015258789,25.809999465942383,26.06999969482422,18.882720947265625,54978000
2005-05-31,25.989999771118164,26.030000686645508,25.75,25.799999237060547,18.68716812133789,46131100
2005-06-01,25.729999542236328,26.0,25.610000610351562,25.809999465942383,18.69441032409668,54621000
2005-06-02,25.709999084472656,25.860000610351562,25.639999389648438,25.790000915527344,18.67991828918457,27212500
2005-06-03,25.700000762939453,25.809999465942383,25.34000015258789,25.43000030517578,18.41916847229004,79659500
2005-06-06,25.3799991607666,25.5,25.309999465942383,25.3700008392334,18.37571144104004,40756900
2005-06-07,25.329999923706055,25.829999923706055,25.309999465942383,25.510000228881836,18.477113723754883,54511400
2005-06-08,25.549999237060547,25.6200008392334,25.34000015258789,25.399999618530273,18.397441864013672,45369700
2005-06-09,25.399999618530273,25.610000610351562,25.350000381469727,25.510000228881836,18.477113723754883,52767900
2005-06-10,25.489999771118164,25.520000457763672,25.34000015258789,25.43000030517578,18.41916847229004,39459800
2005-06-13,25.360000610351562,25.489999771118164,25.260000228881836,25.309999465942383,18.33224868774414,49104100
2005-06-14,25.309999465942383,25.440000534057617,25.239999771118164,25.360000610351562,18.36846351623535,44243300
2005-06-15,25.399999618530273,25.40999984741211,25.110000610351562,25.260000228881836,18.29603385925293,50764800
2005-06-16,25.219999313354492,25.229999542236328,24.950000762939453,25.040000915527344,18.13668441772461,65918800
2005-06-17,25.270000457763672,25.290000915527344,24.920000076293945,25.040000915527344,18.13668441772461,90821300
2005-06-20,24.979999542236328,25.280000686645508,24.93000030517578,25.110000610351562,18.187387466430664,50538900
2005-06-21,25.079999923706055,25.190000534057617,25.040000915527344,25.149999618530273,18.216358184814453,81084000
2005-06-22,25.110000610351562,25.260000228881836,25.030000686645508,25.06999969482422,18.158416748046875,60492700
2005-06-23,25.170000076293945,25.6200008392334,25.149999618530273,25.309999465942383,18.33224868774414,105159800
2005-06-24,25.219999313354492,25.399999618530273,25.040000915527344,25.040000915527344,18.13668441772461,57970700
2005-06-27,25.06999969482422,25.25,25.030000686645508,25.049999237060547,18.1439266204834,61636200
2005-06-28,25.09000015258789,25.200000762939453,25.030000686645508,25.06999969482422,18.158416748046875,53058100
2005-06-29,25.219999313354492,25.31999969482422,25.0,25.09000015258789,18.172901153564453,55859900
2005-06-30,25.059999465942383,25.139999389648438,24.81999969482422,24.84000015258789,17.9918212890625,82018200
2005-07-01,24.850000381469727,24.989999771118164,24.670000076293945,24.709999084472656,17.89766502380371,69718400
2005-07-05,24.65999984741211,25.190000534057617,24.6200008392334,24.979999542236328,18.09322738647461,61883500
2005-07-06,24.969999313354492,25.079999923706055,24.690000534057617,24.700000762939453,17.890424728393555,64214600
2005-07-07,24.579999923706055,24.709999084472656,24.5,24.649999618530273,17.854211807250977,80082900
2005-07-08,24.639999389648438,25.1200008392334,24.6299991607666,25.09000015258789,18.172901153564453,56104000
2005-07-11,25.149999618530273,25.3799991607666,25.110000610351562,25.290000915527344,18.317766189575195,61525400
2005-07-12,25.239999771118164,25.6200008392334,25.200000762939453,25.610000610351562,18.54954719543457,63384800
2005-07-13,25.530000686645508,25.75,25.479999542236328,25.65999984741211,18.585763931274414,44749200
2005-07-14,25.790000915527344,26.100000381469727,25.790000915527344,25.969999313354492,18.810293197631836,69506800
2005-07-15,26.040000915527344,26.100000381469727,25.75,25.790000915527344,18.67991828918457,56472800
2005-07-18,25.709999084472656,25.790000915527344,25.549999237060547,25.549999237060547,18.506080627441406,39668000
2005-07-19,25.790000915527344,26.25,25.75,26.15999984741211,18.94791603088379,113290100
2005-07-20,26.0,26.229999542236328,25.8799991607666,26.190000534057617,18.96964454650879,71424800
2005-07-21,26.299999237060547,26.479999542236328,26.0,26.440000534057617,19.150718688964844,112932100
2005-07-22,25.989999771118164,26.34000015258789,25.6299991607666,25.68000030517578,18.60024642944336,97558900
2005-07-25,25.690000534057617,25.899999618530273,25.649999618530273,25.690000534057617,18.60749053955078,45174600
2005-07-26,25.719999313354492,25.739999771118164,25.530000686645508,25.540000915527344,18.498842239379883,51476400
2005-07-27,25.610000610351562,25.799999237060547,25.530000686645508,25.719999313354492,18.629213333129883,57977300
2005-07-28,25.75,25.850000381469727,25.65999984741211,25.75,18.65093994140625,44738700
2005-07-29,25.780000686645508,26.0,25.59000015258789,25.610000610351562,18.54954719543457,59524400
2005-08-01,25.809999465942383,26.049999237060547,25.760000228881836,25.920000076293945,18.77406883239746,61346800
2005-08-02,25.899999618530273,26.899999618530273,25.8700008392334,26.809999465942383,19.41871452331543,137510100
2005-08-03,26.760000228881836,27.43000030517578,26.729999542236328,27.25,19.737411499023438,139422400
2005-08-04,27.15999984741211,27.5,27.049999237060547,27.31999969482422,19.788110733032227,91461400
2005-08-05,27.290000915527344,27.940000534057617,27.25,27.760000228881836,20.106809616088867,82212400
2005-08-08,27.799999237060547,27.84000015258789,27.079999923706055,27.1299991607666,19.650493621826172,77207200
2005-08-09,27.219999313354492,27.510000228881836,27.010000228881836,27.350000381469727,19.809846878051758,64761800
2005-08-10,27.40999984741211,27.5,26.850000381469727,26.950000762939453,19.520116806030273,62818800
2005-08-11,26.979999542236328,27.299999237060547,26.889999389648438,27.270000457763672,19.751895904541016,48646800
2005-08-12,27.079999923706055,27.139999389648438,26.899999618530273,27.049999237060547,19.592544555664062,52006500
2005-08-15,26.979999542236328,27.299999237060547,26.690000534057617,27.1299991607666,19.708776473999023,45976600
2005-08-16,27.030000686645508,27.139999389648438,26.700000762939453,26.739999771118164,19.42546272277832,46894600
2005-08-17,26.81999969482422,27.149999618530273,26.65999984741211,26.950000762939453,19.578022003173828,52413100
2005-08-18,26.889999389648438,27.079999923706055,26.799999237060547,26.81999969482422,19.48358154296875,40861900
2005-08-19,26.850000381469727,26.90999984741211,26.700000762939453,26.719999313354492,19.410930633544922,36043500
2005-08-22,26.790000915527344,27.170000076293945,26.770000457763672,26.90999984741211,19.54896354675293,41691700
2005-08-23,26.84000015258789,27.06999969482422,26.739999771118164,26.8700008392334,19.519899368286133,48296700
2005-08-24,26.84000015258789,27.15999984741211,26.780000686645508,26.809999465942383,19.4763126373291,63645000
2005-08-25,26.899999618530273,27.09000015258789,26.850000381469727,27.030000686645508,19.636140823364258,39306300
2005-08-26,27.059999465942383,27.079999923706055,26.8700008392334,26.969999313354492,19.59255027770996,36774600
2005-08-29,26.809999465942383,27.229999542236328,26.809999465942383,27.149999618530273,19.723304748535156,52307700
2005-08-30,27.059999465942383,27.229999542236328,26.959999084472656,27.18000030517578,19.745100021362305,55163200
2005-08-31,27.170000076293945,27.440000534057617,27.040000915527344,27.3799991607666,19.8903865814209,65210200
2005-09-01,27.3799991607666,27.389999389648438,27.149999618530273,27.200000762939453,19.7596378326416,75974500
2005-09-02,27.209999084472656,27.270000457763672,26.969999313354492,27.020000457763672,19.628870010375977,52047500
2005-09-06,27.059999465942383,27.290000915527344,26.979999542236328,27.0,19.61433982849121,46089000
2005-09-07,26.940000534057617,27.110000610351562,26.81999969482422,26.850000381469727,19.505369186401367,44656100
2005-09-08,26.799999237060547,26.8799991607666,26.520000457763672,26.610000610351562,19.331022262573242,52552300
2005-09-09,26.6200008392334,26.81999969482422,26.530000686645508,26.579999923706055,19.309226989746094,41515800
2005-09-12,26.6200008392334,26.75,26.520000457763672,26.610000610351562,19.331022262573242,40550500
2005-09-13,26.540000915527344,26.760000228881836,26.3700008392334,26.479999542236328,19.2365779876709,63422900
2005-09-14,26.520000457763672,26.639999389648438,26.299999237060547,26.309999465942383,19.113080978393555,54969600
2005-09-15,26.3700008392334,26.43000030517578,26.219999313354492,26.270000457763672,19.08402442932129,60357200
2005-09-16,26.34000015258789,26.399999618530273,25.969999313354492,26.06999969482422,18.938737869262695,187384300
2005-09-19,26.09000015258789,26.270000457763672,25.860000610351562,26.0,18.88788414001465,61832300
2005-09-20,26.06999969482422,26.219999313354492,25.690000534057617,25.84000015258789,18.771648406982422,61043400
2005-09-21,25.799999237060547,25.899999618530273,25.43000030517578,25.489999771118164,18.51738739013672,68281800
2005-09-22,25.489999771118164,25.600000381469727,25.149999618530273,25.34000015258789,18.408424377441406,71314900
2005-09-23,25.309999465942383,25.540000915527344,25.1200008392334,25.270000457763672,18.35757064819336,66396800
2005-09-26,25.399999618530273,25.489999771118164,25.209999084472656,25.270000457763672,18.35757064819336,56203700
2005-09-27,25.3700008392334,25.450000762939453,25.299999237060547,25.34000015258789,18.408424377441406,48797900
2005-09-28,25.389999389648438,25.8700008392334,25.3799991607666,25.670000076293945,18.648155212402344,71019400
2005-09-29,25.610000610351562,26.0,25.5,25.940000534057617,18.844301223754883,66807100
2005-09-30,25.90999984741211,25.950000762939453,25.610000610351562,25.729999542236328,18.69173812866211,57644500
2005-10-03,25.709999084472656,25.729999542236328,25.440000534057617,25.5,18.52465057373047,55341300
2005-10-04,25.360000610351562,25.389999389648438,24.75,24.979999542236328,18.14689826965332,151666300
2005-10-05,25.040000915527344,25.049999237060547,24.670000076293945,24.670000076293945,17.921703338623047,73684700
2005-10-06,24.65999984741211,24.950000762939453,24.530000686645508,24.729999542236328,17.965282440185547,81724600
2005-10-07,24.770000457763672,24.84000015258789,24.520000457763672,24.59000015258789,17.86357879638672,50768700
2005-10-10,24.670000076293945,24.68000030517578,24.350000381469727,24.459999084472656,17.769140243530273,48880900
2005-10-11,24.510000228881836,24.549999237060547,24.25,24.40999984741211,17.732820510864258,76567300
2005-10-12,24.489999771118164,24.700000762939453,24.270000457763672,24.299999237060547,17.652908325195312,71294400
2005-10-13,24.309999465942383,24.729999542236328,24.270000457763672,24.59000015258789,17.86357879638672,70192000
2005-10-14,24.709999084472656,24.729999542236328,24.5,24.670000076293945,17.921703338623047,53846700
2005-10-17,24.68000030517578,24.690000534057617,24.440000534057617,24.530000686645508,17.81999397277832,46924400
2005-10-18,24.489999771118164,24.829999923706055,24.450000762939453,24.56999969482422,17.84904670715332,69328200
2005-10-19,24.559999465942383,25.09000015258789,24.5,25.09000015258789,18.226808547973633,66574500
2005-10-20,25.049999237060547,25.1299991607666,24.739999771118164,24.790000915527344,18.008869171142578,58830600
2005-10-21,24.90999984741211,25.0,24.56999969482422,24.780000686645508,18.00160789489746,69431200
2005-10-24,24.889999389648438,25.100000381469727,24.68000030517578,25.100000381469727,18.234067916870117,51868000
2005-10-25,24.950000762939453,25.1299991607666,24.829999923706055,25.030000686645508,18.183225631713867,41310500
2005-10-26,24.969999313354492,25.329999923706055,24.93000030517578,25.110000610351562,18.241334915161133,58178100
2005-10-27,25.219999313354492,25.270000457763672,24.850000381469727,24.850000381469727,18.052453994750977,61566100
2005-10-28,25.100000381469727,25.600000381469727,25.100000381469727,25.530000686645508,18.54644775390625,106559300
2005-10-31,25.610000610351562,25.799999237060547,25.5,25.700000762939453,18.66994857788086,75122100
2005-11-01,25.610000610351562,26.100000381469727,25.610000610351562,25.959999084472656,18.858823776245117,71370400
2005-11-02,25.93000030517578,26.5,25.93000030517578,26.459999084472656,19.22205352783203,75067100
2005-11-03,26.600000381469727,26.639999389648438,26.25,26.440000534057617,19.207521438598633,73421600
2005-11-04,26.530000686645508,26.709999084472656,26.450000762939453,26.65999984741211,19.367345809936523,57464000
2005-11-07,26.719999313354492,27.079999923706055,26.700000762939453,27.010000228881836,19.621604919433594,77104800
2005-11-08,26.940000534057617,27.18000030517578,26.770000457763672,27.049999237060547,19.65066146850586,60091700
2005-11-09,26.979999542236328,27.149999618530273,26.940000534057617,26.959999084472656,19.585285186767578,59562100
2005-11-10,26.940000534057617,27.149999618530273,26.639999389648438,27.09000015258789,19.679723739624023,73314800
2005-11-11,27.149999618530273,27.389999389648438,27.1299991607666,27.280000686645508,19.817752838134766,51945600
2005-11-14,27.360000610351562,27.440000534057617,27.200000762939453,27.3700008392334,19.88313102722168,67152200
2005-11-15,27.329999923706055,27.540000915527344,27.25,27.5,20.03614044189453,65081000
2005-11-16,27.479999542236328,27.8799991607666,27.440000534057617,27.739999771118164,20.21099090576172,86277000
2005-11-17,27.850000381469727,28.0,27.760000228881836,27.969999313354492,20.378576278686523,91351000
2005-11-18,28.1200008392334,28.25,27.899999618530273,28.06999969482422,20.451431274414062,75431200
2005-11-21,28.06999969482422,28.239999771118164,27.84000015258789,28.15999984741211,20.517005920410156,65794400
2005-11-22,28.059999465942383,28.079999923706055,27.860000610351562,27.90999984741211,20.334861755371094,104253300
2005-11-23,27.920000076293945,28.09000015258789,27.739999771118164,27.920000076293945,20.34214210510254,70541300
2005-11-25,27.799999237060547,27.940000534057617,27.469999313354492,27.760000228881836,20.22556495666504,44082500
2005-11-28,27.790000915527344,27.850000381469727,27.530000686645508,27.75,20.21828269958496,57517200
2005-11-29,27.790000915527344,27.790000915527344,27.600000381469727,27.68000030517578,20.167280197143555,62220400
2005-11-30,27.68000030517578,27.770000457763672,27.6299991607666,27.68000030517578,20.167280197143555,55904700
2005-12-01,27.729999542236328,28.100000381469727,27.729999542236328,27.889999389648438,20.320280075073242,61006100
2005-12-02,27.81999969482422,28.100000381469727,27.790000915527344,28.010000228881836,20.407711029052734,42319600
2005-12-05,27.93000030517578,28.020000457763672,27.709999084472656,27.850000381469727,20.291139602661133,47517300
2005-12-06,27.899999618530273,27.920000076293945,27.68000030517578,27.690000534057617,20.174562454223633,65980000
2005-12-07,27.670000076293945,27.75,27.549999237060547,27.75,20.21828269958496,55583200
2005-12-08,27.709999084472656,27.809999465942383,27.600000381469727,27.690000534057617,20.174562454223633,63931600
2005-12-09,27.709999084472656,27.829999923706055,27.639999389648438,27.709999084472656,20.18914222717285,48467000
2005-12-12,27.700000762939453,27.75,27.329999923706055,27.450000762939453,19.99970054626465,63757200
2005-12-13,27.290000915527344,27.43000030517578,27.0,27.1299991607666,19.766557693481445,104285500
2005-12-14,27.0,27.239999771118164,26.850000381469727,27.09000015258789,19.737411499023438,65076200
2005-12-15,27.079999923706055,27.110000610351562,26.809999465942383,26.920000076293945,19.613561630249023,79018100
2005-12-16,26.8799991607666,27.079999923706055,26.809999465942383,26.899999618530273,19.59898567199707,88542500
2005-12-19,26.81999969482422,26.8700008392334,26.649999618530273,26.829999923706055,19.547975540161133,68680100
2005-12-20,26.760000228881836,26.8799991607666,26.670000076293945,26.860000610351562,19.5698299407959,62960600
2005-12-21,26.8700008392334,26.90999984741211,26.709999084472656,26.729999542236328,19.475122451782227,75800900
2005-12-22,26.709999084472656,26.780000686645508,26.420000076293945,26.59000015258789,19.37311363220215,91276900
2005-12-23,26.520000457763672,26.670000076293945,26.440000534057617,26.639999389648438,19.4095516204834,30689200
2005-12-27,26.68000030517578,26.850000381469727,26.450000762939453,26.459999084472656,19.27840232849121,37819000
2005-12-28,26.510000228881836,26.65999984741211,26.350000381469727,26.389999389648438,19.22740936279297,35444400
2005-12-29,26.40999984741211,26.5,26.260000228881836,26.270000457763672,19.139972686767578,34495500
2005-12-30,26.149999618530273,26.309999465942383,26.100000381469727,26.149999618530273,19.052539825439453,49044600
2006-01-03,26.25,27.0,26.100000381469727,26.84000015258789,19.555255889892578,79973000
2006-01-04,26.770000457763672,27.079999923706055,26.770000457763672,26.969999313354492,19.649986267089844,57975600
2006-01-05,26.959999084472656,27.1299991607666,26.90999984741211,26.989999771118164,19.664554595947266,48245500
2006-01-06,26.889999389648438,27.0,26.489999771118164,26.90999984741211,19.60626792907715,100963000
2006-01-09,26.93000030517578,27.06999969482422,26.760000228881836,26.860000610351562,19.5698299407959,55625000
2006-01-10,26.649999618530273,27.020000457763672,26.59000015258789,27.0,19.671833038330078,64921900
2006-01-11,27.010000228881836,27.389999389648438,26.899999618530273,27.290000915527344,19.883132934570312,70120700
2006-01-12,27.25,27.260000228881836,26.969999313354492,27.139999389648438,19.77383804321289,45994800
2006-01-13,27.030000686645508,27.25,27.010000228881836,27.190000534057617,19.810272216796875,41418000
2006-01-17,26.899999618530273,27.190000534057617,26.899999618530273,26.989999771118164,19.664554595947266,58566600
2006-01-18,26.739999771118164,26.979999542236328,26.700000762939453,26.829999923706055,19.547975540161133,52376200
2006-01-19,26.8700008392334,27.239999771118164,26.850000381469727,27.020000457763672,19.6864070892334,60367600
2006-01-20,27.010000228881836,27.010000228881836,26.260000228881836,26.40999984741211,19.241968154907227,79165900
2006-01-23,26.40999984741211,26.530000686645508,26.299999237060547,26.350000381469727,19.19825553894043,47925600
2006-01-24,26.34000015258789,26.450000762939453,26.219999313354492,26.280000686645508,19.147254943847656,63040700
2006-01-25,26.40999984741211,26.56999969482422,26.229999542236328,26.399999618530273,19.23468780517578,59072100
2006-01-26,26.559999465942383,26.719999313354492,26.309999465942383,26.5,19.30754852294922,69509300
2006-01-27,27.229999542236328,27.950000762939453,27.190000534057617,27.790000915527344,20.247425079345703,134520700
2006-01-30,27.81999969482422,28.18000030517578,27.780000686645508,28.0,20.400426864624023,103999200
2006-01-31,27.90999984741211,28.3799991607666,27.8700008392334,28.149999618530273,20.50971221923828,94841300
2006-02-01,27.959999084472656,28.06999969482422,27.760000228881836,28.040000915527344,20.429574966430664,68448800
2006-02-02,27.969999313354492,27.989999771118164,27.549999237060547,27.68000030517578,20.167280197143555,55073400
2006-02-03,27.479999542236328,27.700000762939453,27.34000015258789,27.540000915527344,20.06527328491211,75022700
2006-02-06,27.510000228881836,27.540000915527344,27.09000015258789,27.170000076293945,19.795696258544922,60170500
2006-02-07,26.950000762939453,27.149999618530273,26.809999465942383,26.940000534057617,19.628128051757812,72159500
2006-02-08,27.010000228881836,27.079999923706055,26.709999084472656,26.90999984741211,19.60626792907715,51795200
2006-02-09,26.959999084472656,27.030000686645508,26.649999618530273,26.65999984741211,19.424123764038086,52861700
2006-02-10,26.6200008392334,26.889999389648438,26.510000228881836,26.690000534057617,19.445980072021484,52127000
2006-02-13,26.6299991607666,26.700000762939453,26.34000015258789,26.389999389648438,19.22740936279297,46707000
2006-02-14,26.40999984741211,26.68000030517578,26.350000381469727,26.649999618530273,19.416833877563477,58432900
2006-02-15,26.600000381469727,26.93000030517578,26.5,26.8799991607666,19.650772094726562,62808900
2006-02-16,26.850000381469727,26.899999618530273,26.56999969482422,26.809999465942383,19.599599838256836,48868500
2006-02-17,26.670000076293945,26.809999465942383,26.559999465942383,26.700000762939453,19.519184112548828,41513200
2006-02-21,26.719999313354492,26.719999313354492,26.34000015258789,26.540000915527344,19.40221405029297,50216100
2006-02-22,26.530000686645508,26.860000610351562,26.469999313354492,26.719999313354492,19.533802032470703,43043100
2006-02-23,26.729999542236328,26.889999389648438,26.540000915527344,26.65999984741211,19.489938735961914,47359100
2006-02-24,26.59000015258789,26.739999771118164,26.520000457763672,26.6299991607666,19.468015670776367,44753800
2006-02-27,26.75,27.260000228881836,26.670000076293945,27.049999237060547,19.775049209594727,51301500
2006-02-28,26.950000762939453,27.299999237060547,26.8700008392334,26.8700008392334,19.643463134765625,65036100
2006-03-01,26.979999542236328,27.200000762939453,26.950000762939453,27.139999389648438,19.840848922729492,53061200
2006-03-02,27.020000457763672,27.100000381469727,26.899999618530273,26.969999313354492,19.716567993164062,41850300
2006-03-03,26.809999465942383,27.15999984741211,26.739999771118164,26.93000030517578,19.687318801879883,45218800
2006-03-06,26.920000076293945,27.149999618530273,26.829999923706055,26.90999984741211,19.672706604003906,53054100
2006-03-07,26.899999618530273,27.100000381469727,26.809999465942383,27.059999465942383,19.782363891601562,51613900
2006-03-08,26.989999771118164,27.5,26.969999313354492,27.25,19.921266555786133,57547400
2006-03-09,27.270000457763672,27.420000076293945,27.0,27.0,19.73849868774414,45360700
2006-03-10,27.059999465942383,27.219999313354492,26.8799991607666,27.170000076293945,19.862773895263672,41297200
2006-03-13,27.18000030517578,27.290000915527344,26.940000534057617,27.110000610351562,19.818920135498047,40342600
2006-03-14,27.040000915527344,27.3799991607666,26.989999771118164,27.229999542236328,19.906644821166992,39821800
2006-03-15,27.200000762939453,27.450000762939453,27.010000228881836,27.360000610351562,20.001678466796875,57152000
2006-03-16,27.34000015258789,27.479999542236328,27.219999313354492,27.270000457763672,19.935884475708008,73793700
2006-03-17,27.350000381469727,27.65999984741211,27.270000457763672,27.5,20.104028701782227,120615000
2006-03-20,27.700000762939453,27.989999771118164,27.670000076293945,27.889999389648438,20.389137268066406,67094100
2006-03-21,27.739999771118164,28.219999313354492,27.68000030517578,27.739999771118164,20.27947998046875,73199600
2006-03-22,27.079999923706055,27.5,26.799999237060547,27.149999618530273,19.848155975341797,145696100
2006-03-23,27.079999923706055,27.100000381469727,26.65999984741211,26.850000381469727,19.62884521484375,73682900
2006-03-24,26.709999084472656,27.209999084472656,26.6200008392334,27.010000228881836,19.745811462402344,69157600
2006-03-27,27.010000228881836,27.299999237060547,27.0,27.010000228881836,19.745811462402344,59908600
2006-03-28,27.010000228881836,27.209999084472656,26.809999465942383,26.899999618530273,19.665393829345703,58520500
2006-03-29,26.950000762939453,27.200000762939453,26.920000076293945,27.020000457763672,19.75311851501465,53150300
2006-03-30,27.030000686645508,27.389999389648438,27.0,27.229999542236328,19.906644821166992,54612000
2006-03-31,27.299999237060547,27.540000915527344,27.209999084472656,27.209999084472656,19.892026901245117,62190500
2006-04-03,27.670000076293945,27.729999542236328,27.440000534057617,27.559999465942383,20.147897720336914,57605300
2006-04-04,27.600000381469727,27.799999237060547,27.469999313354492,27.639999389648438,20.20637321472168,45470000
2006-04-05,27.8799991607666,27.940000534057617,27.639999389648438,27.739999771118164,20.27947998046875,41539300
2006-04-06,27.65999984741211,27.719999313354492,27.3700008392334,27.559999465942383,20.147897720336914,51885500
2006-04-07,27.610000610351562,27.719999313354492,27.229999542236328,27.25,19.921266555786133,47249400
2006-04-10,27.229999542236328,27.440000534057617,27.200000762939453,27.290000915527344,19.950511932373047,39432000
2006-04-11,27.290000915527344,27.31999969482422,27.0,27.1299991607666,19.833534240722656,42953400
2006-04-12,27.100000381469727,27.200000762939453,26.969999313354492,27.200000762939453,19.88471794128418,32183000
2006-04-13,27.079999923706055,27.200000762939453,27.0,27.06999969482422,19.789670944213867,28160000
2006-04-17,27.030000686645508,27.049999237060547,26.729999542236328,26.84000015258789,19.621522903442383,35796200
2006-04-18,26.940000534057617,27.5,26.81999969482422,27.219999313354492,19.899333953857422,56272700
2006-04-19,27.110000610351562,27.190000534057617,26.959999084472656,27.030000686645508,19.760440826416016,45111100
2006-04-20,27.049999237060547,27.190000534057617,26.700000762939453,27.030000686645508,19.760440826416016,45648300
2006-04-21,27.049999237060547,27.389999389648438,27.0,27.149999618530273,19.848155975341797,58528000
2006-04-24,27.06999969482422,27.25,26.979999542236328,27.110000610351562,19.818920135498047,42318400
2006-04-25,27.09000015258789,27.209999084472656,27.020000457763672,27.110000610351562,19.818920135498047,49222500
2006-04-26,27.079999923706055,27.229999542236328,27.0,27.100000381469727,19.81160545349121,39190000
2006-04-27,26.969999313354492,27.6299991607666,26.940000534057617,27.25,19.921266555786133,96509600
2006-04-28,24.229999542236328,24.5,24.0,24.149999618530273,17.654991149902344,591052200
2006-05-01,24.31999969482422,25.0,24.09000015258789,24.290000915527344,17.75733757019043,174800900
2006-05-02,24.489999771118164,25.0,23.899999618530273,24.010000228881836,17.552637100219727,190533500
2006-05-03,23.989999771118164,24.020000457763672,23.149999618530273,23.170000076293945,16.938554763793945,211527100
2006-05-04,23.350000381469727,23.670000076293945,23.139999389648438,23.440000534057617,17.135940551757812,171257400
2006-05-05,23.65999984741211,23.950000762939453,23.520000457763672,23.799999237060547,17.399120330810547,131604300
2006-05-08,23.850000381469727,25.0,23.510000228881836,23.729999542236328,17.34794807434082,80693500
2006-05-09,23.75,24.0,23.489999771118164,23.6200008392334,17.267532348632812,75345900
2006-05-10,23.670000076293945,23.790000915527344,23.59000015258789,23.770000457763672,17.377193450927734,76563300
2006-05-11,23.709999084472656,23.790000915527344,23.149999618530273,23.219999313354492,16.975107192993164,92916700
2006-05-12,23.139999389648438,23.3700008392334,23.049999237060547,23.170000076293945,16.938554763793945,83115900
2006-05-15,23.100000381469727,23.229999542236328,23.030000686645508,23.149999618530273,16.98992347717285,67314800
2006-05-16,23.15999984741211,24.0,22.90999984741211,23.010000228881836,16.88718605041504,82095100
2006-05-17,22.889999389648438,23.079999923706055,22.729999542236328,22.729999542236328,16.681690216064453,98598300
2006-05-18,22.84000015258789,23.139999389648438,22.760000228881836,22.829999923706055,16.755081176757812,95476400
2006-05-19,22.790000915527344,22.899999618530273,22.520000457763672,22.559999465942383,16.556926727294922,100071200
2006-05-22,22.479999542236328,23.020000457763672,22.450000762939453,22.8799991607666,16.791770935058594,87322300
2006-05-23,23.110000610351562,23.3799991607666,22.770000457763672,22.790000915527344,16.725717544555664,79986300
2006-05-24,22.989999771118164,23.540000915527344,22.979999542236328,23.5,17.246795654296875,107356700
2006-05-25,23.56999969482422,23.920000076293945,23.540000915527344,23.739999771118164,17.422937393188477,83052700
2006-05-26,23.770000457763672,23.8799991607666,23.559999465942383,23.719999313354492,17.408262252807617,46861600
2006-05-30,23.549999237060547,23.760000228881836,23.139999389648438,23.149999618530273,16.98992347717285,52497500
2006-05-31,23.260000228881836,23.350000381469727,22.649999618530273,22.649999618530273,16.622976303100586,120202000
2006-06-01,22.739999771118164,22.84000015258789,22.6200008392334,22.81999969482422,16.747737884521484,80230800
2006-06-02,22.8700008392334,22.989999771118164,22.670000076293945,22.760000228881836,16.70370864868164,73935600
2006-06-05,22.719999313354492,22.729999542236328,22.489999771118164,22.5,16.512889862060547,63914100
2006-06-06,22.549999237060547,22.559999465942383,21.979999542236328,22.1299991607666,16.241350173950195,126601300
2006-06-07,22.149999618530273,22.389999389648438,22.010000228881836,22.040000915527344,16.17530059814453,73827500
2006-06-08,22.030000686645508,22.209999084472656,21.969999313354492,22.110000610351562,16.22666358947754,104126900
2006-06-09,22.149999618530273,22.190000534057617,21.889999389648438,21.920000076293945,16.087221145629883,52573800
2006-06-12,21.959999084472656,22.100000381469727,21.700000762939453,21.709999084472656,15.933099746704102,74309700
2006-06-13,21.729999542236328,22.030000686645508,21.459999084472656,21.510000228881836,15.786327362060547,113175300
2006-06-14,21.59000015258789,21.940000534057617,21.549999237060547,21.8799991607666,16.05786895751953,86081500
2006-06-15,22.010000228881836,22.1299991607666,21.799999237060547,22.06999969482422,16.197309494018555,121577300
2006-06-16,21.969999313354492,22.280000686645508,21.790000915527344,22.100000381469727,16.219329833984375,147506500
2006-06-19,22.139999389648438,22.600000381469727,22.1200008392334,22.549999237060547,16.549583435058594,129640900
2006-06-20,22.540000915527344,22.760000228881836,22.5,22.559999465942383,16.556926727294922,90598500
2006-06-21,22.610000610351562,23.149999618530273,22.530000686645508,23.079999923706055,16.93855094909668,91660300
2006-06-22,23.059999465942383,23.170000076293945,22.780000686645508,22.8799991607666,16.791770935058594,76590600
2006-06-23,22.850000381469727,22.8700008392334,22.5,22.5,16.512889862060547,60532600
2006-06-26,22.649999618530273,22.889999389648438,22.6299991607666,22.81999969482422,16.747737884521484,53644100
2006-06-27,22.889999389648438,23.15999984741211,22.84000015258789,22.860000610351562,16.777101516723633,84759100
2006-06-28,22.959999084472656,23.25,22.90999984741211,23.15999984741211,16.997270584106445,71906500
2006-06-29,23.31999969482422,23.6299991607666,23.219999313354492,23.469999313354492,17.22478485107422,121395500
2006-06-30,23.540000915527344,23.649999618530273,23.299999237060547,23.299999237060547,17.100017547607422,73048800
2006-07-03,23.530000686645508,23.719999313354492,23.450000762939453,23.700000762939453,17.393577575683594,25711400
2006-07-05,23.479999542236328,23.520000457763672,23.299999237060547,23.350000381469727,17.136709213256836,53093500
2006-07-06,23.450000762939453,23.610000610351562,23.420000076293945,23.479999542236328,17.232118606567383,44775200
2006-07-07,23.389999389648438,23.549999237060547,23.299999237060547,23.299999237060547,17.100017547607422,63168800
2006-07-10,23.43000030517578,23.65999984741211,23.3799991607666,23.5,17.246795654296875,50565100
2006-07-11,23.3700008392334,23.3700008392334,22.739999771118164,23.100000381469727,16.9532413482666,88676300
2006-07-12,22.790000915527344,22.8799991607666,22.6200008392334,22.639999389648438,16.615638732910156,77379300
2006-07-13,22.3700008392334,22.610000610351562,22.25,22.260000228881836,16.33675193786621,73099500
2006-07-14,22.280000686645508,22.549999237060547,22.229999542236328,22.290000915527344,16.35877799987793,67499400
2006-07-17,22.290000915527344,22.610000610351562,22.260000228881836,22.479999542236328,16.498212814331055,37053500
2006-07-18,22.59000015258789,22.760000228881836,22.479999542236328,22.739999771118164,16.689027786254883,65047300
2006-07-19,22.81999969482422,23.459999084472656,22.719999313354492,23.399999618530273,17.17340850830078,82188200
2006-07-20,23.440000534057617,23.450000762939453,22.780000686645508,22.850000381469727,16.769765853881836,76605200
2006-07-21,24.079999923706055,24.149999618530273,23.0,23.8700008392334,17.518342971801758,175483800
2006-07-24,24.010000228881836,24.110000610351562,23.790000915527344,24.0,17.613758087158203,59586700
2006-07-25,24.0,24.290000915527344,23.899999618530273,24.219999313354492,17.775205612182617,60075800
2006-07-26,24.1200008392334,24.530000686645508,24.100000381469727,24.3700008392334,17.88529396057129,54942100
2006-07-27,24.579999923706055,24.600000381469727,23.770000457763672,23.8700008392334,17.518342971801758,85386800
2006-07-28,24.079999923706055,24.280000686645508,24.059999465942383,24.25,17.797229766845703,51705800
2006-07-31,24.06999969482422,24.420000076293945,24.010000228881836,24.059999465942383,17.65778160095215,40254400
2006-08-01,24.020000457763672,24.200000762939453,23.850000381469727,23.989999771118164,17.60641098022461,49168700
2006-08-02,24.1200008392334,24.399999618530273,24.030000686645508,24.299999237060547,17.83392333984375,46462000
2006-08-03,24.190000534057617,24.479999542236328,24.149999618530273,24.209999084472656,17.76786994934082,43155300
2006-08-04,24.399999618530273,24.489999771118164,24.149999618530273,24.290000915527344,17.826580047607422,45690400
2006-08-07,24.280000686645508,24.479999542236328,24.190000534057617,24.219999313354492,17.775205612182617,36862400
2006-08-08,24.389999389648438,24.520000457763672,24.200000762939453,24.34000015258789,17.863279342651367,58171300
2006-08-09,24.489999771118164,24.639999389648438,24.34000015258789,24.440000534057617,17.936668395996094,44405700
2006-08-10,24.3700008392334,24.600000381469727,24.34000015258789,24.459999084472656,17.951345443725586,31753400
2006-08-11,24.43000030517578,24.450000762939453,24.200000762939453,24.43000030517578,17.92932891845703,30255500
2006-08-14,24.520000457763672,24.600000381469727,24.350000381469727,24.530000686645508,18.002721786499023,47831900
2006-08-15,24.549999237060547,24.649999618530273,24.440000534057617,24.6200008392334,18.135313034057617,48994500
2006-08-16,24.610000610351562,24.729999542236328,24.469999313354492,24.700000762939453,18.194242477416992,52373600
2006-08-17,24.700000762939453,24.75,24.610000610351562,24.700000762939453,18.194242477416992,45674800
2006-08-18,25.049999237060547,25.799999237060547,24.979999542236328,25.790000915527344,18.99714469909668,128414800
2006-08-21,25.65999984741211,26.1299991607666,25.559999465942383,26.1200008392334,19.240219116210938,88398300
2006-08-22,26.010000228881836,26.25,25.6200008392334,25.6200008392334,18.871917724609375,89312400
2006-08-23,25.649999618530273,25.950000762939453,25.520000457763672,25.670000076293945,18.90874671936035,44648500
2006-08-24,25.81999969482422,25.860000610351562,25.5,25.739999771118164,18.96031379699707,35933300
2006-08-25,25.709999084472656,26.0,25.690000534057617,25.850000381469727,19.04134178161621,33115900
2006-08-28,25.84000015258789,26.0,25.690000534057617,25.950000762939453,19.11499786376953,34190900
2006-08-29,25.920000076293945,25.979999542236328,25.6299991607666,25.84000015258789,19.033977508544922,42711200
2006-08-30,25.850000381469727,25.889999389648438,25.639999389648438,25.799999237060547,19.004505157470703,30283100
2006-08-31,25.8700008392334,25.979999542236328,25.68000030517578,25.700000762939453,18.930849075317383,26380500
2006-09-01,25.889999389648438,25.969999313354492,25.639999389648438,25.84000015258789,19.033977508544922,31594600
2006-09-05,25.690000534057617,25.959999084472656,25.559999465942383,25.610000610351562,18.86455535888672,44222400
2006-09-06,25.510000228881836,25.719999313354492,25.510000228881836,25.610000610351562,18.86455535888672,50160400
2006-09-07,25.479999542236328,25.700000762939453,25.389999389648438,25.43000030517578,18.731962203979492,51266900
2006-09-08,25.530000686645508,25.790000915527344,25.459999084472656,25.600000381469727,18.857181549072266,36866800
2006-09-11,25.43000030517578,25.950000762939453,25.420000076293945,25.90999984741211,19.08553123474121,55608200
2006-09-12,25.899999618530273,25.979999542236328,25.719999313354492,25.93000030517578,19.100269317626953,52248800
2006-09-13,25.81999969482422,26.100000381469727,25.81999969482422,25.979999542236328,19.13709831237793,37706700
2006-09-14,25.989999771118164,26.5,25.979999542236328,26.329999923706055,19.394906997680664,74324500
2006-09-15,26.579999923706055,26.940000534057617,26.489999771118164,26.850000381469727,19.7779483795166,126057700
2006-09-18,26.739999771118164,27.040000915527344,26.670000076293945,26.790000915527344,19.733749389648438,49135000
2006-09-19,26.739999771118164,26.940000534057617,26.719999313354492,26.860000610351562,19.785310745239258,43039100
2006-09-20,27.010000228881836,27.229999542236328,26.989999771118164,27.18000030517578,20.021032333374023,71676400
2006-09-21,27.239999771118164,27.25,26.850000381469727,26.899999618530273,19.814777374267578,58495100
2006-09-22,26.829999923706055,26.850000381469727,26.479999542236328,26.65999984741211,19.63798713684082,47712500
2006-09-25,26.809999465942383,27.190000534057617,26.790000915527344,26.950000762939453,19.85161018371582,67903900
2006-09-26,26.90999984741211,27.31999969482422,26.8799991607666,27.200000762939453,20.035770416259766,54766500
2006-09-27,27.18000030517578,27.469999313354492,27.1200008392334,27.440000534057617,20.212543487548828,66233900
2006-09-28,27.469999313354492,27.520000457763672,27.260000228881836,27.399999618530273,20.183074951171875,44179700
2006-09-29,27.350000381469727,27.420000076293945,27.209999084472656,27.350000381469727,20.146257400512695,34283500
2006-10-02,27.31999969482422,27.489999771118164,27.149999618530273,27.360000610351562,20.15361785888672,52908100
2006-10-03,27.3700008392334,27.479999542236328,27.209999084472656,27.3700008392334,20.160980224609375,39386200
2006-10-04,27.389999389648438,27.959999084472656,27.3700008392334,27.940000534057617,20.580848693847656,82191200
2006-10-05,27.920000076293945,28.110000610351562,27.780000686645508,27.920000076293945,20.566118240356445,81967200
2006-10-06,27.760000228881836,28.0,27.649999618530273,27.8700008392334,20.529287338256836,36452200
2006-10-09,27.799999237060547,27.93000030517578,27.6200008392334,27.719999313354492,20.418794631958008,33366300
2006-10-10,27.690000534057617,27.75,27.440000534057617,27.690000534057617,20.396696090698242,34598500
2006-10-11,27.459999084472656,27.670000076293945,27.420000076293945,27.540000915527344,20.28619956970215,37219600
2006-10-12,27.579999923706055,28.290000915527344,27.540000915527344,28.219999313354492,20.7871036529541,120174900
2006-10-13,28.34000015258789,28.690000534057617,28.309999465942383,28.3700008392334,20.897598266601562,129751900
2006-10-16,28.479999542236328,28.600000381469727,28.329999923706055,28.450000762939453,20.956520080566406,49744800
2006-10-17,28.239999771118164,28.510000228881836,28.170000076293945,28.440000534057617,20.949155807495117,40122600
2006-10-18,28.5,28.700000762939453,28.260000228881836,28.520000457763672,21.00808334350586,40630800
2006-10-19,28.350000381469727,28.450000762939453,28.1200008392334,28.290000915527344,20.838665008544922,44730800
2006-10-20,28.479999542236328,28.489999771118164,28.170000076293945,28.43000030517578,20.94179344177246,48887800
2006-10-23,28.299999237060547,28.690000534057617,28.18000030517578,28.450000762939453,20.956520080566406,48525000
2006-10-24,28.43000030517578,28.43000030517578,28.1299991607666,28.280000686645508,20.831300735473633,61409600
2006-10-25,28.280000686645508,28.459999084472656,28.139999389648438,28.309999465942383,20.8533935546875,40717100
2006-10-26,28.329999923706055,28.40999984741211,28.040000915527344,28.350000381469727,20.88286018371582,69964200
2006-10-27,28.489999771118164,28.790000915527344,28.25,28.34000015258789,20.875492095947266,89060100
2006-10-30,28.350000381469727,28.84000015258789,28.31999969482422,28.530000686645508,21.015451431274414,47296800
2006-10-31,28.65999984741211,28.850000381469727,28.559999465942383,28.709999084472656,21.148033142089844,61861700
2006-11-01,28.780000686645508,28.989999771118164,28.700000762939453,28.809999465942383,21.22170639038086,75895900
2006-11-02,28.709999084472656,28.860000610351562,28.579999923706055,28.770000457763672,21.192237854003906,58674400
2006-11-03,28.850000381469727,28.93000030517578,28.610000610351562,28.729999542236328,21.16276741027832,41124500
2006-11-06,28.770000457763672,29.049999237060547,28.760000228881836,28.84000015258789,21.243799209594727,60446200
2006-11-07,28.860000610351562,29.06999969482422,28.799999237060547,28.950000762939453,21.3248233795166,56511200
2006-11-08,28.780000686645508,29.229999542236328,28.65999984741211,28.979999542236328,21.346925735473633,77403300
2006-11-09,29.110000610351562,29.399999618530273,29.0,29.260000228881836,21.553176879882812,89407500
2006-11-10,29.170000076293945,29.290000915527344,29.149999618530273,29.239999771118164,21.53843879699707,37855100
2006-11-13,29.190000534057617,29.459999084472656,29.15999984741211,29.350000381469727,21.61946678161621,47271800
2006-11-14,29.280000686645508,29.420000076293945,29.06999969482422,29.229999542236328,21.604694366455078,63012500
2006-11-15,29.1299991607666,29.360000610351562,29.110000610351562,29.1200008392334,21.52338218688965,63943200
2006-11-16,29.139999389648438,29.639999389648438,29.1299991607666,29.469999313354492,21.782081604003906,64328500
2006-11-17,29.309999465942383,29.540000915527344,29.280000686645508,29.399999618530273,21.730342864990234,49356700
2006-11-20,29.520000457763672,30.0,29.5,29.889999389648438,22.092517852783203,85703800
2006-11-21,29.90999984741211,30.0,29.790000915527344,29.920000076293945,22.114681243896484,66446600
2006-11-22,29.969999313354492,30.0,29.81999969482422,29.920000076293945,22.114681243896484,43907200
2006-11-24,29.65999984741211,29.84000015258789,29.639999389648438,29.760000228881836,21.996423721313477,20456700
2006-11-27,29.690000534057617,29.739999771118164,29.329999923706055,29.479999542236328,21.789470672607422,72722100
2006-11-28,29.34000015258789,29.420000076293945,29.1299991607666,29.389999389648438,21.722951889038086,52602300
2006-11-29,29.440000534057617,29.780000686645508,29.43000030517578,29.56999969482422,21.855989456176758,58775100
2006-11-30,29.420000076293945,29.56999969482422,29.329999923706055,29.360000610351562,21.700775146484375,53297400
2006-12-01,29.229999542236328,29.299999237060547,28.899999618530273,29.1200008392334,21.52338218688965,72257000
2006-12-04,29.229999542236328,29.520000457763672,29.170000076293945,29.329999923706055,21.67860221862793,55123400
2006-12-05,29.360000610351562,29.399999618530273,29.030000686645508,29.1299991607666,21.530771255493164,45606000
2006-12-06,29.100000381469727,29.1299991607666,28.8700008392334,28.989999771118164,21.42729377746582,48564100
2006-12-07,28.959999084472656,29.06999969482422,28.809999465942383,28.850000381469727,21.32382583618164,46831100
2006-12-08,28.81999969482422,29.399999618530273,28.799999237060547,29.399999618530273,21.730342864990234,108854900
2006-12-11,29.190000534057617,29.75,29.110000610351562,29.540000915527344,21.83382797241211,107712000
2006-12-12,29.559999465942383,29.6299991607666,29.219999313354492,29.43000030517578,21.752517700195312,68529400
2006-12-13,29.600000381469727,29.600000381469727,29.31999969482422,29.549999237060547,21.841209411621094,46002500
2006-12-14,29.540000915527344,30.079999923706055,29.520000457763672,30.06999969482422,22.22555160522461,85866500
2006-12-15,30.139999389648438,30.229999542236328,30.030000686645508,30.190000534057617,22.31424903869629,102783700
2006-12-18,30.190000534057617,30.260000228881836,29.780000686645508,29.889999389648438,22.092517852783203,56986800
2006-12-19,29.709999084472656,30.170000076293945,29.530000686645508,29.989999771118164,22.16641616821289,53822100
2006-12-20,29.989999771118164,30.239999771118164,29.969999313354492,30.09000015258789,22.240337371826172,31202100
2006-12-21,30.1299991607666,30.139999389648438,29.889999389648438,29.979999542236328,22.159034729003906,32270500
2006-12-22,29.829999923706055,29.860000610351562,29.6200008392334,29.639999389648438,21.907724380493164,37971700
2006-12-26,29.530000686645508,30.0,29.399999618530273,29.989999771118164,22.16641616821289,37098300
2006-12-27,29.989999771118164,30.1299991607666,29.90999984741211,30.020000457763672,22.1886043548584,31248400
2006-12-28,29.860000610351562,30.030000686645508,29.809999465942383,29.979999542236328,22.159034729003906,26690600
2006-12-29,29.860000610351562,30.149999618530273,29.829999923706055,29.860000610351562,22.070343017578125,41739800
2007-01-03,29.90999984741211,30.25,29.399999618530273,29.860000610351562,22.070343017578125,76935100
2007-01-04,29.700000762939453,29.969999313354492,29.440000534057617,29.809999465942383,22.03338050842285,45774500
2007-01-05,29.6299991607666,29.75,29.450000762939453,29.639999389648438,21.907724380493164,44607200
2007-01-08,29.649999618530273,30.100000381469727,29.530000686645508,29.93000030517578,22.122072219848633,50220200
2007-01-09,30.0,30.18000030517578,29.729999542236328,29.959999084472656,22.14425277709961,44636600
2007-01-10,29.799999237060547,29.889999389648438,29.43000030517578,29.65999984741211,21.922513961791992,55017400
2007-01-11,29.760000228881836,30.75,29.649999618530273,30.700000762939453,22.69120216369629,99464300
2007-01-12,30.649999618530273,31.389999389648438,30.639999389648438,31.209999084472656,23.068159103393555,103972500
2007-01-16,31.260000228881836,31.450000762939453,31.030000686645508,31.15999984741211,23.031206130981445,62379600
2007-01-17,31.260000228881836,31.440000534057617,31.010000228881836,31.100000381469727,22.986848831176758,58519600
2007-01-18,31.149999618530273,31.3700008392334,30.799999237060547,31.0,22.912939071655273,56364300
2007-01-19,30.729999542236328,31.110000610351562,30.690000534057617,31.110000610351562,22.994247436523438,75826900
2007-01-22,31.059999465942383,31.1200008392334,30.510000228881836,30.719999313354492,22.70598602294922,56143900
2007-01-23,30.6299991607666,30.959999084472656,30.520000457763672,30.739999771118164,22.720775604248047,49171200
2007-01-24,30.780000686645508,31.299999237060547,30.649999618530273,31.09000015258789,22.979463577270508,58527800
2007-01-25,31.079999923706055,31.479999542236328,30.450000762939453,30.450000762939453,22.50642967224121,97378700
2007-01-26,31.219999313354492,31.229999542236328,30.600000381469727,30.600000381469727,22.617294311523438,96103700
2007-01-29,30.649999618530273,30.780000686645508,30.34000015258789,30.530000686645508,22.565553665161133,57605900
2007-01-30,30.56999969482422,30.639999389648438,30.139999389648438,30.479999542236328,22.528589248657227,61900400
2007-01-31,30.40999984741211,31.100000381469727,30.350000381469727,30.860000610351562,22.809457778930664,73968400
2007-02-01,30.84000015258789,30.940000534057617,30.3700008392334,30.559999465942383,22.587732315063477,55355800
2007-02-02,30.81999969482422,30.84000015258789,30.1299991607666,30.190000534057617,22.31424903869629,60401700
2007-02-05,29.969999313354492,30.020000457763672,29.40999984741211,29.610000610351562,21.885560989379883,99102100
2007-02-06,29.59000015258789,29.75,29.219999313354492,29.510000228881836,21.8116455078125,79281100
2007-02-07,29.639999389648438,29.700000762939453,29.25,29.3700008392334,21.708162307739258,65145500
2007-02-08,29.239999771118164,29.799999237060547,29.200000762939453,29.260000228881836,21.626861572265625,48749000
2007-02-09,29.350000381469727,29.399999618530273,28.93000030517578,28.979999542236328,21.419902801513672,69823100
2007-02-12,28.889999389648438,29.09000015258789,28.829999923706055,28.940000534057617,21.390342712402344,52774400
2007-02-13,29.040000915527344,29.200000762939453,28.959999084472656,29.010000228881836,21.51642608642578,50348100
2007-02-14,29.170000076293945,29.690000534057617,29.149999618530273,29.399999618530273,21.805679321289062,55588600
2007-02-15,29.579999923706055,29.649999618530273,29.219999313354492,29.459999084472656,21.850187301635742,63858100
2007-02-16,28.90999984741211,28.940000534057617,28.649999618530273,28.739999771118164,21.316171646118164,109340300
2007-02-20,28.6299991607666,28.860000610351562,28.469999313354492,28.829999923706055,21.38292121887207,53978200
2007-02-21,28.75,29.389999389648438,28.739999771118164,29.350000381469727,21.768600463867188,68604900
2007-02-22,29.309999465942383,29.540000915527344,29.15999984741211,29.389999389648438,21.79827308654785,57754400
2007-02-23,29.219999313354492,29.280000686645508,28.889999389648438,28.899999618530273,21.434837341308594,63787100
2007-02-26,28.959999084472656,29.09000015258789,28.81999969482422,29.06999969482422,21.560930252075195,63481900
2007-02-27,28.709999084472656,28.969999313354492,27.790000915527344,27.8700008392334,20.6708984375,87143300
2007-02-28,27.950000762939453,28.25,27.920000076293945,28.170000076293945,20.893407821655273,86333300
2007-03-01,27.81999969482422,28.329999923706055,27.729999542236328,28.09000015258789,20.834077835083008,80175700
2007-03-02,28.020000457763672,28.15999984741211,27.760000228881836,27.760000228881836,20.58932113647461,63254700
2007-03-05,27.489999771118164,27.90999984741211,27.40999984741211,27.549999237060547,20.433563232421875,56454300
2007-03-06,27.799999237060547,27.940000534057617,27.649999618530273,27.829999923706055,20.641233444213867,49361800
2007-03-07,27.760000228881836,27.899999618530273,27.549999237060547,27.610000610351562,20.478065490722656,52044700
2007-03-08,27.719999313354492,27.850000381469727,26.600000381469727,27.31999969482422,20.26297378540039,72175200
2007-03-09,27.420000076293945,27.479999542236328,27.030000686645508,27.290000915527344,20.240718841552734,80125000
2007-03-12,27.18000030517578,27.479999542236328,27.1299991607666,27.440000534057617,20.351972579956055,36516400
2007-03-13,27.25,27.399999618530273,26.709999084472656,26.719999313354492,19.817964553833008,75169500
2007-03-14,26.81999969482422,27.399999618530273,26.729999542236328,27.399999618530273,20.322307586669922,75730300
2007-03-15,27.31999969482422,27.469999313354492,27.200000762939453,27.280000686645508,20.233308792114258,51757100
2007-03-16,27.350000381469727,27.479999542236328,27.200000762939453,27.329999923706055,20.2703914642334,65055300
2007-03-19,27.34000015258789,27.829999923706055,27.200000762939453,27.829999923706055,20.641233444213867,49412000
2007-03-20,27.93000030517578,28.15999984741211,27.760000228881836,27.84000015258789,20.648649215698242,47902400
2007-03-21,27.899999618530273,28.520000457763672,27.559999465942383,28.520000457763672,21.153003692626953,72808200
2007-03-22,28.520000457763672,28.549999237060547,28.010000228881836,28.270000457763672,20.967573165893555,47934900
2007-03-23,28.219999313354492,28.270000457763672,27.799999237060547,28.020000457763672,20.782150268554688,50519800
2007-03-26,27.940000534057617,28.219999313354492,27.700000762939453,28.219999313354492,20.930492401123047,47491500
2007-03-27,28.040000915527344,28.15999984741211,27.649999618530273,27.719999313354492,20.559648513793945,58979800
2007-03-28,27.579999923706055,28.0,27.399999618530273,27.639999389648438,20.50031089782715,46947000
2007-03-29,27.84000015258789,27.850000381469727,27.489999771118164,27.75,20.58189582824707,42629900
2007-03-30,27.75,27.950000762939453,27.5,27.8700008392334,20.6708984375,47061000
2007-04-02,27.889999389648438,27.93000030517578,27.559999465942383,27.739999771118164,20.574481964111328,41977600
2007-04-03,27.860000610351562,28.059999465942383,27.75,27.8700008392334,20.6708984375,39821300
2007-04-04,28.010000228881836,28.780000686645508,27.899999618530273,28.5,21.138164520263672,63244200
2007-04-05,28.31999969482422,28.649999618530273,28.299999237060547,28.549999237060547,21.175251007080078,30131200
2007-04-09,28.579999923706055,28.719999313354492,28.389999389648438,28.56999969482422,21.190078735351562,31384600
2007-04-10,28.5,28.639999389648438,28.219999313354492,28.399999618530273,21.063993453979492,38643100
2007-04-11,28.299999237060547,28.56999969482422,27.989999771118164,28.110000610351562,20.848909378051758,44050200
2007-04-12,28.059999465942383,28.6200008392334,28.040000915527344,28.540000915527344,21.167837142944336,43762100
2007-04-13,28.43000030517578,28.700000762939453,28.100000381469727,28.610000610351562,21.219751358032227,36002900
2007-04-16,28.600000381469727,28.75,28.209999084472656,28.729999542236328,21.308744430541992,30740100
2007-04-17,28.6299991607666,28.889999389648438,28.559999465942383,28.850000381469727,21.397762298583984,33170200
2007-04-18,28.610000610351562,28.670000076293945,28.360000610351562,28.600000381469727,21.212329864501953,41778400
2007-04-19,28.34000015258789,28.889999389648438,28.260000228881836,28.690000534057617,21.279088973999023,43648800
2007-04-20,28.979999542236328,29.100000381469727,28.700000762939453,29.020000457763672,21.523845672607422,60311500
2007-04-23,28.959999084472656,28.989999771118164,28.670000076293945,28.780000686645508,21.3458309173584,41739100
2007-04-24,28.790000915527344,28.959999084472656,28.59000015258789,28.790000915527344,21.353256225585938,34236700
2007-04-25,28.860000610351562,29.0,28.690000534057617,28.989999771118164,21.501588821411133,39475000
2007-04-26,29.09000015258789,29.350000381469727,28.90999984741211,29.100000381469727,21.58318519592285,68760300
2007-04-27,30.170000076293945,30.739999771118164,30.0,30.1200008392334,22.339706420898438,128298800
2007-04-30,30.1299991607666,30.3700008392334,29.940000534057617,29.940000534057617,22.206199645996094,67788800
2007-05-01,29.940000534057617,30.420000076293945,29.899999618530273,30.399999618530273,22.54737663269043,73539300
2007-05-02,30.389999389648438,30.690000534057617,30.299999237060547,30.610000610351562,22.70313835144043,80686700
2007-05-03,30.600000381469727,31.0,30.530000686645508,30.969999313354492,22.970142364501953,82036800
2007-05-04,30.68000030517578,30.700000762939453,30.290000915527344,30.559999465942383,22.666048049926758,104385900
2007-05-07,30.520000457763672,30.760000228881836,30.479999542236328,30.709999084472656,22.777301788330078,59889100
2007-05-08,30.68000030517578,30.940000534057617,30.579999923706055,30.75,22.80696678161621,60551700
2007-05-09,30.700000762939453,30.93000030517578,30.56999969482422,30.780000686645508,22.829219818115234,51735000
2007-05-10,30.68000030517578,30.93000030517578,30.530000686645508,30.579999923706055,22.680877685546875,55398600
2007-05-11,30.56999969482422,30.979999542236328,30.549999237060547,30.889999389648438,22.910802841186523,43425300
2007-05-14,30.84000015258789,30.989999771118164,30.809999465942383,30.969999313354492,22.970142364501953,70188500
2007-05-15,30.899999618530273,31.09000015258789,30.84000015258789,30.899999618530273,22.99246597290039,75013900
2007-05-16,31.0,31.09000015258789,30.809999465942383,31.06999969482422,23.118953704833984,45833600
2007-05-17,31.030000686645508,31.139999389648438,30.959999084472656,30.979999542236328,23.051992416381836,41045600
2007-05-18,30.969999313354492,30.989999771118164,30.579999923706055,30.829999923706055,22.940372467041016,58453000
2007-05-21,30.729999542236328,31.15999984741211,30.729999542236328,31.049999237060547,23.10407066345215,41836400
2007-05-22,30.899999618530273,30.93000030517578,30.65999984741211,30.690000534057617,22.836204528808594,39999500
2007-05-23,30.84000015258789,30.84000015258789,30.56999969482422,30.579999923706055,22.75435447692871,46322500
2007-05-24,30.540000915527344,30.799999237060547,29.959999084472656,30.170000076293945,22.449270248413086,64046400
2007-05-25,30.280000686645508,30.65999984741211,30.18000030517578,30.479999542236328,22.679941177368164,47726500
2007-05-29,30.489999771118164,30.829999923706055,30.389999389648438,30.790000915527344,22.910619735717773,42373100
2007-05-30,30.549999237060547,31.1299991607666,30.510000228881836,31.110000610351562,23.148717880249023,57376800
2007-05-31,31.1200008392334,31.15999984741211,30.610000610351562,30.690000534057617,22.836204528808594,85290500
2007-06-01,30.790000915527344,30.899999618530273,30.549999237060547,30.59000015258789,22.761791229248047,39469400
2007-06-04,30.420000076293945,30.760000228881836,30.399999618530273,30.719999313354492,22.8585205078125,41434500
2007-06-05,30.6200008392334,30.6299991607666,30.329999923706055,30.579999923706055,22.75435447692871,44265000
2007-06-06,30.3700008392334,30.530000686645508,30.25,30.290000915527344,22.53856658935547,38217500
2007-06-07,30.020000457763672,30.290000915527344,29.59000015258789,29.6200008392334,22.04001808166504,71971400
2007-06-08,29.579999923706055,30.059999465942383,29.40999984741211,30.049999237060547,22.359987258911133,61346200
2007-06-11,29.940000534057617,30.25,29.93000030517578,30.020000457763672,22.33766746520996,48467400
2007-06-12,29.959999084472656,30.239999771118164,29.770000457763672,29.850000381469727,22.211162567138672,56981800
2007-06-13,29.969999313354492,30.40999984741211,29.850000381469727,30.389999389648438,22.61297607421875,64435600
2007-06-14,30.350000381469727,30.709999084472656,30.299999237060547,30.520000457763672,22.709705352783203,59065700
2007-06-15,30.860000610351562,30.8799991607666,30.43000030517578,30.489999771118164,22.6873836517334,100933000
2007-06-18,30.690000534057617,30.719999313354492,30.420000076293945,30.510000228881836,22.70226287841797,45412600
2007-06-19,30.479999542236328,30.65999984741211,30.3799991607666,30.459999084472656,22.665056228637695,46802600
2007-06-20,30.440000534057617,30.510000228881836,29.959999084472656,30.010000228881836,22.330223083496094,46861600
2007-06-21,29.979999542236328,30.299999237060547,29.90999984741211,30.219999313354492,22.486482620239258,56564800
2007-06-22,30.0,30.100000381469727,29.450000762939453,29.489999771118164,21.94329261779785,86219900
2007-06-25,29.469999313354492,29.770000457763672,29.3799991607666,29.489999771118164,21.94329261779785,53905800
2007-06-26,29.549999237060547,29.799999237060547,29.5,29.520000457763672,21.965608596801758,48340300
2007-06-27,29.360000610351562,29.950000762939453,29.360000610351562,29.8700008392334,22.22604751586914,53468600
2007-06-28,29.860000610351562,29.969999313354492,29.68000030517578,29.829999923706055,22.196277618408203,46055200
2007-06-29,29.8700008392334,29.93000030517578,29.040000915527344,29.469999313354492,21.92841339111328,71193900
2007-07-02,29.670000076293945,29.799999237060547,29.489999771118164,29.739999771118164,22.129314422607422,47316000
2007-07-03,29.790000915527344,30.219999313354492,29.780000686645508,30.020000457763672,22.33766746520996,35202600
2007-07-05,30.049999237060547,30.219999313354492,29.829999923706055,29.989999771118164,22.315336227416992,47838500
2007-07-06,29.90999984741211,30.040000915527344,29.65999984741211,29.969999313354492,22.30045509338379,57541000
2007-07-09,29.860000610351562,29.950000762939453,29.809999465942383,29.8700008392334,22.22604751586914,33831400
2007-07-10,29.700000762939453,29.989999771118164,29.18000030517578,29.329999923706055,21.824235916137695,66013500
2007-07-11,29.239999771118164,29.649999618530273,29.209999084472656,29.489999771118164,21.94329261779785,48017000
2007-07-12,29.559999465942383,30.110000610351562,29.440000534057617,30.06999969482422,22.374866485595703,54302400
2007-07-13,29.940000534057617,30.020000457763672,29.65999984741211,29.81999969482422,22.188840866088867,42173000
2007-07-16,29.760000228881836,30.239999771118164,29.719999313354492,30.030000686645508,22.34510612487793,48023200
2007-07-17,30.020000457763672,30.8799991607666,30.010000228881836,30.780000686645508,22.903169631958008,77539600
2007-07-18,30.510000228881836,30.969999313354492,30.5,30.920000076293945,23.007341384887695,64414400
2007-07-19,31.049999237060547,31.84000015258789,30.93000030517578,31.510000228881836,23.44635772705078,121159300
2007-07-20,31.149999618530273,31.200000762939453,30.790000915527344,31.15999984741211,23.18592643737793,98292600
2007-07-23,31.360000610351562,31.520000457763672,31.1200008392334,31.190000534057617,23.208250045776367,48910600
2007-07-24,31.010000228881836,31.479999542236328,30.709999084472656,30.799999237060547,22.918048858642578,59729300
2007-07-25,30.989999771118164,31.299999237060547,30.3700008392334,30.709999084472656,22.851083755493164,54950100
2007-07-26,30.239999771118164,30.530000686645508,29.510000228881836,29.979999542236328,22.307891845703125,87025300
2007-07-27,29.93000030517578,30.0,29.360000610351562,29.389999389648438,21.86888313293457,69214600
2007-07-30,29.40999984741211,29.489999771118164,28.950000762939453,29.399999618530273,21.87632179260254,67499600
2007-07-31,29.709999084472656,29.719999313354492,28.979999542236328,28.989999771118164,21.571245193481445,66554000
2007-08-01,28.950000762939453,29.549999237060547,28.81999969482422,29.299999237060547,21.801910400390625,80006300
2007-08-02,29.190000534057617,29.790000915527344,29.020000457763672,29.520000457763672,21.965608596801758,47938300
2007-08-03,29.450000762939453,29.780000686645508,28.899999618530273,28.959999084472656,21.548925399780273,61535500
2007-08-06,29.049999237060547,29.540000915527344,28.75,29.540000915527344,21.980497360229492,59530500
2007-08-07,29.329999923706055,29.790000915527344,29.049999237060547,29.549999237060547,21.987932205200195,49163000
2007-08-08,29.719999313354492,30.010000228881836,29.209999084472656,30.0,22.322776794433594,52898600
2007-08-09,29.639999389648438,30.100000381469727,28.920000076293945,29.299999237060547,21.801910400390625,72964500
2007-08-10,28.899999618530273,29.049999237060547,28.260000228881836,28.709999084472656,21.362895965576172,76576200
2007-08-13,28.940000534057617,28.989999771118164,28.440000534057617,28.6299991607666,21.303369522094727,55492300
2007-08-14,28.770000457763672,28.889999389648438,28.200000762939453,28.270000457763672,21.10923194885254,42944100
2007-08-15,28.239999771118164,28.989999771118164,28.049999237060547,28.100000381469727,20.9822940826416,48117700
2007-08-16,27.8799991607666,28.350000381469727,27.510000228881836,27.809999465942383,20.76573944091797,81447400
2007-08-17,28.09000015258789,28.25,27.81999969482422,28.25,21.09429359436035,76747700
2007-08-20,28.18000030517578,28.489999771118164,28.079999923706055,28.260000228881836,21.101762771606445,49952000
2007-08-21,28.100000381469727,28.31999969482422,27.8700008392334,28.06999969482422,20.959880828857422,50786200
2007-08-22,28.270000457763672,28.31999969482422,28.010000228881836,28.219999313354492,21.071889877319336,44763500
2007-08-23,28.280000686645508,28.329999923706055,28.100000381469727,28.299999237060547,21.13162612915039,33886600
2007-08-24,28.209999084472656,28.84000015258789,28.06999969482422,28.809999465942383,21.512447357177734,45158900
2007-08-27,28.610000610351562,28.770000457763672,28.399999618530273,28.489999771118164,21.27350616455078,32789500
2007-08-28,28.299999237060547,28.489999771118164,27.90999984741211,27.93000030517578,20.85535430908203,43924400
2007-08-29,28.1299991607666,28.610000610351562,27.81999969482422,28.59000015258789,21.348169326782227,45753700
2007-08-30,28.420000076293945,28.93000030517578,28.31999969482422,28.450000762939453,21.243637084960938,33690700
2007-08-31,28.700000762939453,28.920000076293945,28.360000610351562,28.729999542236328,21.452709197998047,42511900
2007-09-04,28.5,29.100000381469727,28.479999542236328,28.809999465942383,21.512447357177734,45689600
2007-09-05,28.649999618530273,28.729999542236328,28.420000076293945,28.479999542236328,21.266035079956055,47669800
2007-09-06,28.559999465942383,29.010000228881836,28.549999237060547,28.90999984741211,21.587120056152344,45430800
2007-09-07,28.6200008392334,28.829999923706055,28.31999969482422,28.440000534057617,21.236173629760742,52160900
2007-09-10,28.670000076293945,28.75,28.40999984741211,28.479999542236328,21.266035079956055,37247600
2007-09-11,28.6299991607666,28.950000762939453,28.579999923706055,28.93000030517578,21.602054595947266,34380800
2007-09-12,28.809999465942383,29.170000076293945,28.799999237060547,28.93000030517578,21.602054595947266,42364700
2007-09-13,29.1200008392334,29.260000228881836,28.959999084472656,29.15999984741211,21.773788452148438,35288600
2007-09-14,28.979999542236328,29.110000610351562,28.8799991607666,29.040000915527344,21.684186935424805,33496600
2007-09-17,28.790000915527344,28.8799991607666,28.6200008392334,28.729999542236328,21.452709197998047,39536500
2007-09-18,28.700000762939453,28.969999313354492,28.270000457763672,28.93000030517578,21.602054595947266,77462400
2007-09-19,28.8700008392334,28.90999984741211,28.299999237060547,28.670000076293945,21.407907485961914,94242200
2007-09-20,28.479999542236328,28.579999923706055,28.34000015258789,28.420000076293945,21.221235275268555,67168900
2007-09-21,28.690000534057617,28.809999465942383,28.440000534057617,28.649999618530273,21.392976760864258,135636100
2007-09-24,28.809999465942383,29.610000610351562,28.799999237060547,29.079999923706055,21.71405601501465,104459800
2007-09-25,29.139999389648438,29.559999465942383,29.110000610351562,29.559999465942383,22.072473526000977,75621000
2007-09-26,29.68000030517578,29.850000381469727,29.479999542236328,29.5,22.027673721313477,60337000
2007-09-27,29.700000762939453,29.719999313354492,29.440000534057617,29.489999771118164,22.02020835876465,43407100
2007-09-28,29.489999771118164,29.690000534057617,29.229999542236328,29.459999084472656,21.997800827026367,45819100
2007-10-01,29.459999084472656,29.790000915527344,29.40999984741211,29.770000457763672,22.229280471801758,43875100
2007-10-02,29.700000762939453,29.850000381469727,29.56999969482422,29.700000762939453,22.1770076751709,33700900
2007-10-03,29.709999084472656,29.850000381469727,29.290000915527344,29.450000762939453,21.990341186523438,37633900
2007-10-04,29.559999465942383,29.770000457763672,29.440000534057617,29.709999084472656,22.184478759765625,37868000
2007-10-05,29.889999389648438,29.989999771118164,29.729999542236328,29.84000015258789,22.281551361083984,45012300
2007-10-08,29.65999984741211,29.850000381469727,29.600000381469727,29.84000015258789,22.281551361083984,30265400
2007-10-09,30.030000686645508,30.389999389648438,30.0,30.100000381469727,22.475698471069336,63603100
2007-10-10,30.040000915527344,30.3700008392334,30.030000686645508,30.229999542236328,22.572763442993164,32251500
2007-10-11,30.299999237060547,30.6299991607666,29.790000915527344,29.90999984741211,22.333818435668945,50788400
2007-10-12,30.030000686645508,30.399999618530273,29.950000762939453,30.170000076293945,22.5279598236084,31121100
2007-10-15,30.100000381469727,30.329999923706055,30.0,30.040000915527344,22.430892944335938,47150500
2007-10-16,30.239999771118164,30.579999923706055,30.229999542236328,30.31999969482422,22.639968872070312,56286200
2007-10-17,30.75,31.229999542236328,30.649999618530273,31.079999923706055,23.20745849609375,86092400
2007-10-18,31.219999313354492,31.229999542236328,30.6299991607666,31.15999984741211,23.267200469970703,49208600
2007-10-19,31.09000015258789,31.09000015258789,30.110000610351562,30.170000076293945,22.5279598236084,75200200
2007-10-22,30.1200008392334,30.700000762939453,30.1200008392334,30.510000228881836,22.781841278076172,58785100
2007-10-23,30.709999084472656,31.1200008392334,30.709999084472656,30.899999618530273,23.073055267333984,49956200
2007-10-24,30.850000381469727,31.299999237060547,30.5,31.25,23.334394454956055,77979200
2007-10-25,31.56999969482422,32.220001220703125,31.489999771118164,31.989999771118164,23.8869571685791,169588700
2007-10-26,36.0099983215332,36.029998779296875,34.560001373291016,35.029998779296875,26.156923294067383,288121200
2007-10-29,34.849998474121094,35.290000915527344,34.45000076293945,34.56999969482422,25.813440322875977,114655600
2007-10-30,34.369998931884766,35.59000015258789,34.349998474121094,35.56999969482422,26.560142517089844,107297300
2007-10-31,35.52000045776367,37.0,35.5099983215332,36.810001373291016,27.486061096191406,185635800
2007-11-01,36.529998779296875,37.4900016784668,36.36000061035156,37.060001373291016,27.6727237701416,152078800
2007-11-02,37.220001220703125,37.5,36.41999816894531,37.060001373291016,27.6727237701416,96389800
2007-11-05,36.7599983215332,37.099998474121094,36.630001068115234,36.72999954223633,27.426315307617188,75485400
2007-11-06,36.59000015258789,36.65999984741211,35.869998931884766,36.40999984741211,27.1873779296875,100966700
2007-11-07,36.040000915527344,36.15999984741211,35.45000076293945,35.52000045776367,26.522811889648438,74897800
2007-11-08,35.599998474121094,35.900001525878906,34.400001525878906,34.7400016784668,25.94038200378418,133742400
2007-11-09,34.18000030517578,34.540000915527344,33.650001525878906,33.72999954223633,25.18621063232422,125136900
2007-11-12,33.31999969482422,33.709999084472656,33.02000045776367,33.380001068115234,24.924867630004883,84865200
2007-11-13,33.540000915527344,34.66999816894531,33.380001068115234,34.459999084472656,25.81637954711914,104311500
2007-11-14,34.619998931884766,34.75,33.75,33.93000030517578,25.419321060180664,84063100
2007-11-15,33.7599983215332,34.099998474121094,33.54999923706055,33.7599983215332,25.291959762573242,64014100
2007-11-16,33.86000061035156,34.2599983215332,33.709999084472656,34.09000015258789,25.539182662963867,71113800
2007-11-19,33.959999084472656,34.2400016784668,33.869998931884766,33.959999084472656,25.44179344177246,63026200
2007-11-20,34.22999954223633,34.970001220703125,34.099998474121094,34.58000183105469,25.906280517578125,100009400
2007-11-21,34.400001525878906,34.72999954223633,34.18000030517578,34.22999954223633,25.644075393676758,89518700
2007-11-23,34.36000061035156,34.439998626708984,33.709999084472656,34.11000061035156,25.554168701171875,33467200
2007-11-26,34.09000015258789,34.369998931884766,32.93000030517578,32.970001220703125,24.700122833251953,80335000
2007-11-27,33.27000045776367,33.599998474121094,32.68000030517578,33.060001373291016,24.76754379272461,84178400
2007-11-28,33.380001068115234,33.88999938964844,32.900001525878906,33.70000076293945,25.247007369995117,88585000
2007-11-29,33.58000183105469,33.93000030517578,33.310001373291016,33.59000015258789,25.16460609436035,53633600
2007-11-30,33.91999816894531,34.119998931884766,33.189998626708984,33.599998474121094,25.172090530395508,71027800
2007-12-03,33.5,33.63999938964844,32.68000030517578,32.91999816894531,24.662654876708984,61770600
2007-12-04,32.7400016784668,33.2400016784668,32.630001068115234,32.77000045776367,24.55028533935547,54801500
2007-12-05,33.13999938964844,34.52000045776367,33.029998779296875,34.150001525878906,25.584136962890625,84894700
2007-12-06,34.2599983215332,34.61000061035156,33.869998931884766,34.54999923706055,25.883808135986328,49209700
2007-12-07,34.61000061035156,34.70000076293945,34.220001220703125,34.529998779296875,25.86882209777832,40771000
2007-12-10,34.63999938964844,34.95000076293945,34.470001220703125,34.7599983215332,26.041135787963867,36083500
2007-12-11,34.72999954223633,34.9900016784668,33.93000030517578,34.099998474121094,25.546674728393555,55070700
2007-12-12,34.61000061035156,35.09000015258789,33.93000030517578,34.470001220703125,25.823877334594727,63345400
2007-12-13,34.47999954223633,35.45000076293945,34.279998779296875,35.220001220703125,26.3857479095459,73913200
2007-12-14,35.04999923706055,35.84000015258789,35.0099983215332,35.310001373291016,26.453174591064453,71126200
2007-12-17,35.029998779296875,35.130001068115234,34.36000061035156,34.38999938964844,25.76393699645996,58121200
2007-12-18,34.63999938964844,35.0,34.209999084472656,34.7400016784668,26.026147842407227,52791800
2007-12-19,34.689998626708984,35.13999938964844,34.380001068115234,34.790000915527344,26.063613891601562,58469100
2007-12-20,35.290000915527344,35.790000915527344,35.08000183105469,35.52000045776367,26.610502243041992,59345000
2007-12-21,35.900001525878906,36.060001373291016,35.75,36.060001373291016,27.015050888061523,83240500
2007-12-24,36.130001068115234,36.720001220703125,36.04999923706055,36.58000183105469,27.40462303161621,29622600
2007-12-26,36.40999984741211,36.63999938964844,36.2599983215332,36.61000061035156,27.427095413208008,30252400
2007-12-27,36.349998474121094,36.54999923706055,35.939998626708984,35.970001220703125,26.947622299194336,33311100
2007-12-28,36.099998474121094,36.22999954223633,35.66999816894531,36.119998931884766,27.05999755859375,33447200
2007-12-31,35.900001525878906,35.9900016784668,35.52000045776367,35.599998474121094,26.670438766479492,35229700
2008-01-02,35.790000915527344,35.959999084472656,35.0,35.220001220703125,26.3857479095459,63004200
2008-01-03,35.220001220703125,35.650001525878906,34.86000061035156,35.369998931884766,26.498136520385742,49599600
2008-01-04,35.189998626708984,35.20000076293945,34.09000015258789,34.380001068115234,25.756446838378906,72090800
2008-01-07,34.54999923706055,34.79999923706055,34.25,34.61000061035156,25.928760528564453,80164300
2008-01-08,34.709999084472656,34.709999084472656,33.400001525878906,33.45000076293945,25.059715270996094,79148300
2008-01-09,33.36000061035156,34.540000915527344,33.349998474121094,34.439998626708984,25.8013916015625,74305500
2008-01-10,34.349998474121094,34.5,33.779998779296875,34.33000183105469,25.718994140625,72446000
2008-01-11,34.13999938964844,34.2400016784668,33.720001220703125,33.90999984741211,25.40434455871582,55187900
2008-01-14,34.459999084472656,34.56999969482422,34.08000183105469,34.38999938964844,25.76393699645996,52792200
2008-01-15,34.029998779296875,34.380001068115234,34.0,34.0,25.471763610839844,61606200
2008-01-16,33.41999816894531,33.650001525878906,32.5099983215332,33.22999954223633,24.89490509033203,120778500
2008-01-17,33.540000915527344,33.79999923706055,32.970001220703125,33.11000061035156,24.805002212524414,94247800
2008-01-18,33.15999984741211,34.0,32.970001220703125,33.0099983215332,24.73008155822754,117062000
2008-01-22,31.540000915527344,32.529998779296875,31.5,31.959999084472656,23.94345474243164,108521400
2008-01-23,31.479999542236328,32.04999923706055,31.040000915527344,31.93000030517578,23.920978546142578,137597400
2008-01-24,32.349998474121094,33.36000061035156,32.119998931884766,33.25,24.909887313842773,155640400
2008-01-25,34.900001525878906,35.0,32.869998931884766,32.939998626708984,24.677644729614258,196992300
2008-01-28,33.02000045776367,33.099998474121094,32.41999816894531,32.720001220703125,24.5128231048584,81019000
2008-01-29,32.849998474121094,32.88999938964844,32.349998474121094,32.599998474121094,24.42292022705078,68023000
2008-01-30,32.560001373291016,32.79999923706055,32.04999923706055,32.20000076293945,24.123262405395508,106432600
2008-01-31,31.90999984741211,32.7400016784668,31.719999313354492,32.599998474121094,24.42292022705078,103642200
2008-02-01,31.059999465942383,33.25,30.25,30.450000762939453,22.812210083007812,291138900
2008-02-04,30.489999771118164,30.719999313354492,30.110000610351562,30.190000534057617,22.6174259185791,119998600
2008-02-05,29.90999984741211,29.940000534057617,28.889999389648438,29.06999969482422,21.778356552124023,137534100
2008-02-06,29.280000686645508,29.350000381469727,28.290000915527344,28.520000457763672,21.366315841674805,138315600
2008-02-07,28.34000015258789,28.780000686645508,27.899999618530273,28.1200008392334,21.066652297973633,164964900
2008-02-08,28.290000915527344,29.079999923706055,28.239999771118164,28.559999465942383,21.396278381347656,124872000
2008-02-11,28.520000457763672,28.610000610351562,27.90999984741211,28.209999084472656,21.134077072143555,156814100
2008-02-12,28.43000030517578,28.6200008392334,28.110000610351562,28.34000015258789,21.231464385986328,84365900
2008-02-13,28.6200008392334,29.049999237060547,28.530000686645508,28.959999084472656,21.695953369140625,88986200
2008-02-14,28.8799991607666,29.040000915527344,28.459999084472656,28.5,21.351335525512695,69113500
2008-02-15,28.309999465942383,28.639999389648438,28.25,28.420000076293945,21.291399002075195,68166100
2008-02-19,28.799999237060547,28.84000015258789,28.06999969482422,28.170000076293945,21.18610382080078,68261200
2008-02-20,28.149999618530273,28.260000228881836,27.920000076293945,28.219999313354492,21.22370719909668,93056200
2008-02-21,28.6200008392334,28.959999084472656,27.959999084472656,28.100000381469727,21.13346290588379,98776500
2008-02-22,28.239999771118164,28.389999389648438,27.200000762939453,27.68000030517578,20.817588806152344,125705400
2008-02-25,27.649999618530273,28.239999771118164,27.479999542236328,27.84000015258789,20.93791961669922,109974300
2008-02-26,27.739999771118164,28.860000610351562,27.670000076293945,28.3799991607666,21.34404945373535,108923500
2008-02-27,28.190000534057617,28.68000030517578,28.100000381469727,28.260000228881836,21.25379180908203,75199500
2008-02-28,28.020000457763672,28.270000457763672,27.799999237060547,27.93000030517578,21.00560760498047,83002900
2008-02-29,27.690000534057617,27.829999923706055,27.020000457763672,27.200000762939453,20.456588745117188,117411400
2008-03-03,27.239999771118164,27.389999389648438,26.8700008392334,26.989999771118164,20.29865264892578,76544300
2008-03-04,27.020000457763672,27.6299991607666,26.959999084472656,27.59000015258789,20.749900817871094,86925600
2008-03-05,27.75,28.40999984741211,27.700000762939453,28.1200008392334,21.14850616455078,106489800
2008-03-06,28.059999465942383,28.170000076293945,27.5,27.56999969482422,20.734859466552734,91127700
2008-03-07,27.34000015258789,28.06999969482422,27.31999969482422,27.8700008392334,20.96048355102539,77597600
2008-03-10,27.829999923706055,28.260000228881836,27.75,28.049999237060547,21.095853805541992,72175100
2008-03-11,28.399999618530273,29.34000015258789,28.3799991607666,29.280000686645508,22.020912170410156,98740700
2008-03-12,29.43000030517578,29.489999771118164,28.540000915527344,28.6299991607666,21.53205680847168,75993800
2008-03-13,28.540000915527344,28.989999771118164,28.15999984741211,28.6200008392334,21.52454376220703,84552200
2008-03-14,28.719999313354492,29.010000228881836,27.639999389648438,27.959999084472656,21.028169631958008,105214900
2008-03-17,27.299999237060547,28.729999542236328,27.280000686645508,28.299999237060547,21.283870697021484,84490100
2008-03-18,28.670000076293945,29.479999542236328,28.670000076293945,29.420000076293945,22.126205444335938,83695300
2008-03-19,29.3799991607666,29.59000015258789,28.6200008392334,28.6200008392334,21.52454376220703,61442100
2008-03-20,28.739999771118164,29.219999313354492,28.59000015258789,29.18000030517578,21.945703506469727,60170200
2008-03-24,29.329999923706055,29.399999618530273,29.059999465942383,29.170000076293945,21.938182830810547,48294700
2008-03-25,29.329999923706055,29.3700008392334,28.940000534057617,29.139999389648438,21.91562271118164,49149000
2008-03-26,29.030000686645508,29.06999969482422,28.3799991607666,28.559999465942383,21.479412078857422,45868100
2008-03-27,28.479999542236328,28.489999771118164,28.0,28.049999237060547,21.095853805541992,47894400
2008-03-28,28.229999542236328,28.43000030517578,27.829999923706055,27.90999984741211,20.99056625366211,49244000
2008-03-31,27.8799991607666,28.59000015258789,27.84000015258789,28.3799991607666,21.34404945373535,46780600
2008-04-01,28.829999923706055,29.540000915527344,28.6299991607666,29.5,22.186372756958008,65796200
2008-04-02,29.56999969482422,29.579999923706055,29.0,29.15999984741211,21.930662155151367,49499400
2008-04-03,29.0,29.31999969482422,28.799999237060547,29.0,21.810331344604492,38961400
2008-04-04,29.1299991607666,29.260000228881836,28.739999771118164,29.15999984741211,21.930662155151367,43860800
2008-04-07,29.549999237060547,29.59000015258789,29.030000686645508,29.15999984741211,21.930662155151367,44428600
2008-04-08,28.940000534057617,29.0,28.540000915527344,28.75,21.622314453125,44733500
2008-04-09,28.719999313354492,29.040000915527344,28.540000915527344,28.889999389648438,21.72760009765625,45839300
2008-04-10,28.829999923706055,29.399999618530273,28.799999237060547,29.110000610351562,21.8930606842041,65591600
2008-04-11,28.8700008392334,29.010000228881836,28.209999084472656,28.280000686645508,21.268829345703125,54373700
2008-04-14,28.239999771118164,28.309999465942383,27.93000030517578,28.059999465942383,21.103376388549805,43418100
2008-04-15,28.1200008392334,28.479999542236328,28.030000686645508,28.25,21.24627113342285,34310000
2008-04-16,28.56999969482422,29.049999237060547,28.3799991607666,28.950000762939453,21.772729873657227,54107400
2008-04-17,29.1200008392334,29.34000015258789,28.899999618530273,29.219999313354492,21.97579002380371,48743300
2008-04-18,30.010000228881836,30.100000381469727,29.610000610351562,30.0,22.562410354614258,73658900
2008-04-21,30.190000534057617,30.600000381469727,30.1200008392334,30.420000076293945,22.87828254699707,54411700
2008-04-22,30.639999389648438,30.700000762939453,29.969999313354492,30.25,22.75043296813965,67387500
2008-04-23,30.450000762939453,31.459999084472656,30.299999237060547,31.450000762939453,23.65292739868164,98351500
2008-04-24,31.6299991607666,32.099998474121094,31.15999984741211,31.799999237060547,23.91615104675293,115416700
2008-04-25,30.049999237060547,30.389999389648438,29.600000381469727,29.829999923706055,22.434560775756836,145194900
2008-04-28,29.799999237060547,29.84000015258789,28.81999969482422,28.989999771118164,21.802812576293945,97473000
2008-04-29,28.799999237060547,28.899999618530273,28.450000762939453,28.639999389648438,21.539579391479492,84428900
2008-04-30,28.739999771118164,29.209999084472656,28.510000228881836,28.520000457763672,21.4493350982666,74733600
2008-05-01,28.5,29.489999771118164,28.479999542236328,29.399999618530273,22.111160278320312,71699400
2008-05-02,29.59000015258789,29.6200008392334,28.860000610351562,29.239999771118164,21.990833282470703,66024200
2008-05-05,29.93000030517578,30.229999542236328,28.989999771118164,29.079999923706055,21.87049674987793,119687700
2008-05-06,29.0,29.860000610351562,28.93000030517578,29.700000762939453,22.3367862701416,93582000
2008-05-07,29.690000534057617,30.139999389648438,29.079999923706055,29.209999084472656,21.968265533447266,88775000
2008-05-08,29.280000686645508,29.389999389648438,29.0,29.270000457763672,22.013397216796875,69589900
2008-05-09,29.209999084472656,29.549999237060547,28.950000762939453,29.389999389648438,22.103641510009766,51621200
2008-05-12,29.399999618530273,30.059999465942383,29.350000381469727,29.989999771118164,22.554893493652344,64278800
2008-05-13,30.0,30.1299991607666,29.530000686645508,29.780000686645508,22.479408264160156,70934700
2008-05-14,29.889999389648438,30.260000228881836,29.729999542236328,29.93000030517578,22.59263038635254,66730400
2008-05-15,29.979999542236328,30.530000686645508,29.940000534057617,30.450000762939453,22.985153198242188,53355800
2008-05-16,30.469999313354492,30.479999542236328,29.920000076293945,29.989999771118164,22.637924194335938,81538200
2008-05-19,29.8700008392334,29.889999389648438,29.309999465942383,29.459999084472656,22.237852096557617,59615000
2008-05-20,29.299999237060547,29.309999465942383,28.6299991607666,28.760000228881836,21.709463119506836,75767600
2008-05-21,28.809999465942383,29.049999237060547,28.190000534057617,28.25,21.324481964111328,60125100
2008-05-22,28.280000686645508,28.700000762939453,28.18000030517578,28.469999313354492,21.490550994873047,52203100
2008-05-23,28.260000228881836,28.329999923706055,27.950000762939453,28.049999237060547,21.17351531982422,48890700
2008-05-27,28.110000610351562,28.5,28.049999237060547,28.440000534057617,21.46790885925293,47334500
2008-05-28,28.559999465942383,28.56999969482422,28.040000915527344,28.18000030517578,21.271652221679688,52318500
2008-05-29,28.209999084472656,28.68000030517578,28.139999389648438,28.309999465942383,21.36977767944336,47699200
2008-05-30,28.3799991607666,28.700000762939453,28.200000762939453,28.31999969482422,21.377328872680664,63399200
2008-06-02,28.239999771118164,28.360000610351562,27.549999237060547,27.799999237060547,20.98480796813965,77028400
2008-06-03,27.90999984741211,28.309999465942383,27.270000457763672,27.309999465942383,20.614927291870117,86616700
2008-06-04,27.280000686645508,27.639999389648438,27.200000762939453,27.540000915527344,20.788545608520508,79567400
2008-06-05,27.719999313354492,28.299999237060547,27.600000381469727,28.299999237060547,21.362220764160156,76063400
2008-06-06,27.989999771118164,28.170000076293945,27.489999771118164,27.489999771118164,20.750804901123047,78500800
2008-06-09,27.649999618530273,27.90999984741211,27.299999237060547,27.709999084472656,20.9168643951416,66787100
2008-06-10,27.360000610351562,28.290000915527344,27.31999969482422,27.889999389648438,21.052743911743164,77433900
2008-06-11,27.850000381469727,27.940000534057617,27.110000610351562,27.1200008392334,20.471513748168945,59330800
2008-06-12,27.399999618530273,28.549999237060547,27.190000534057617,28.239999771118164,21.316944122314453,113996300
2008-06-13,28.6299991607666,29.56999969482422,28.5,29.06999969482422,21.94346046447754,131969100
2008-06-16,29.020000457763672,29.110000610351562,28.639999389648438,28.93000030517578,21.837785720825195,74718900
2008-06-17,29.040000915527344,29.1200008392334,28.790000915527344,28.799999237060547,21.73965072631836,44256700
2008-06-18,28.549999237060547,28.860000610351562,28.459999084472656,28.459999084472656,21.483001708984375,49677800
2008-06-19,28.549999237060547,29.190000534057617,28.329999923706055,28.93000030517578,21.837785720825195,62037800
2008-06-20,28.899999618530273,28.920000076293945,28.100000381469727,28.229999542236328,21.30939483642578,97480400
2008-06-23,28.299999237060547,28.40999984741211,27.790000915527344,27.969999313354492,21.113130569458008,57145300
2008-06-24,27.920000076293945,28.010000228881836,27.510000228881836,27.729999542236328,20.931962966918945,65218300
2008-06-25,27.809999465942383,28.670000076293945,27.760000228881836,28.350000381469727,21.39996910095215,64280200
2008-06-26,28.030000686645508,28.200000762939453,27.75,27.75,20.94706916809082,67049100
2008-06-27,27.68000030517578,27.90999984741211,27.459999084472656,27.6299991607666,20.85647964477539,73450200
2008-06-30,27.729999542236328,27.979999542236328,27.489999771118164,27.510000228881836,20.765901565551758,57830500
2008-07-01,27.270000457763672,27.3799991607666,26.440000534057617,26.8700008392334,20.282800674438477,100327800
2008-07-02,26.899999618530273,27.0,25.8799991607666,25.8799991607666,19.535493850708008,84669000
2008-07-03,25.969999313354492,26.100000381469727,25.600000381469727,25.979999542236328,19.61098289489746,37074500
2008-07-07,26.110000610351562,26.389999389648438,25.450000762939453,26.030000686645508,19.648719787597656,71527600
2008-07-08,25.93000030517578,26.200000762939453,25.510000228881836,25.850000381469727,19.51285171508789,65553200
2008-07-09,25.790000915527344,25.850000381469727,25.18000030517578,25.229999542236328,19.04484748840332,54255800
2008-07-10,25.200000762939453,25.670000076293945,24.979999542236328,25.450000762939453,19.210906982421875,57830600
2008-07-11,25.15999984741211,25.639999389648438,24.8700008392334,25.25,19.0599422454834,69532600
2008-07-14,25.479999542236328,25.809999465942383,25.06999969482422,25.149999618530273,18.98445701599121,51216200
2008-07-15,24.93000030517578,26.639999389648438,24.93000030517578,26.149999618530273,19.739299774169922,92719300
2008-07-16,26.1299991607666,27.290000915527344,25.920000076293945,27.260000228881836,20.577190399169922,82060400
2008-07-17,27.579999923706055,27.90999984741211,27.110000610351562,27.520000457763672,20.773452758789062,96526100
2008-07-18,26.360000610351562,26.469999313354492,25.110000610351562,25.860000610351562,19.520397186279297,150277000
2008-07-21,25.65999984741211,26.170000076293945,25.530000686645508,25.639999389648438,19.354331970214844,77575600
2008-07-22,25.540000915527344,25.940000534057617,25.479999542236328,25.799999237060547,19.475109100341797,88657200
2008-07-23,25.860000610351562,26.84000015258789,25.850000381469727,26.43000030517578,19.950660705566406,79408800
2008-07-24,26.09000015258789,26.170000076293945,25.440000534057617,25.440000534057617,19.20336151123047,81092600
2008-07-25,25.639999389648438,26.219999313354492,25.5,26.15999984741211,19.746850967407227,58682300
2008-07-28,26.059999465942383,26.110000610351562,25.34000015258789,25.5,19.2486515045166,59707800
2008-07-29,25.520000457763672,26.190000534057617,25.399999618530273,26.110000610351562,19.709110260009766,66368200
2008-07-30,26.200000762939453,26.489999771118164,25.899999618530273,26.229999542236328,19.79969024658203,51977700
2008-07-31,25.850000381469727,26.280000686645508,25.709999084472656,25.719999313354492,19.414716720581055,60461000
2008-08-01,25.920000076293945,25.950000762939453,25.06999969482422,25.440000534057617,19.20336151123047,82720200
2008-08-04,25.389999389648438,25.549999237060547,25.110000610351562,25.280000686645508,19.082584381103516,60588300
2008-08-05,25.639999389648438,26.280000686645508,25.5,26.209999084472656,19.784597396850586,84297600
2008-08-06,26.729999542236328,27.15999984741211,26.3799991607666,27.020000457763672,20.396020889282227,95550000
2008-08-07,26.899999618530273,27.75,26.729999542236328,27.389999389648438,20.675317764282227,82565800
2008-08-08,27.350000381469727,28.229999542236328,27.190000534057617,28.1299991607666,21.233903884887695,80814100
2008-08-11,27.860000610351562,28.399999618530273,27.65999984741211,27.899999618530273,21.060291290283203,68743800
2008-08-12,27.780000686645508,28.360000610351562,27.579999923706055,28.1200008392334,21.226356506347656,62813000
2008-08-13,28.06999969482422,28.5,27.760000228881836,27.90999984741211,21.067838668823242,51165200
2008-08-14,27.81999969482422,28.280000686645508,27.559999465942383,27.90999984741211,21.067838668823242,49732300
2008-08-15,27.979999542236328,28.149999618530273,27.579999923706055,27.809999465942383,20.992355346679688,47267400
2008-08-18,27.780000686645508,28.049999237060547,27.549999237060547,27.690000534057617,20.901771545410156,38078200
2008-08-19,27.540000915527344,27.75,27.270000457763672,27.31999969482422,20.70473289489746,40332900
2008-08-20,27.540000915527344,27.579999923706055,27.170000076293945,27.290000915527344,20.681995391845703,41497200
2008-08-21,27.100000381469727,27.229999542236328,26.860000610351562,27.18000030517578,20.5986270904541,43614200
2008-08-22,27.229999542236328,27.8799991607666,27.219999313354492,27.84000015258789,21.098819732666016,47930400
2008-08-25,27.610000610351562,27.84000015258789,27.459999084472656,27.65999984741211,20.962400436401367,51381300
2008-08-26,27.579999923706055,27.719999313354492,27.170000076293945,27.270000457763672,20.666833877563477,44774400
2008-08-27,27.34000015258789,27.790000915527344,27.1299991607666,27.559999465942383,20.886619567871094,33975300
2008-08-28,27.610000610351562,28.010000228881836,27.600000381469727,27.940000534057617,21.174598693847656,48372600
2008-08-29,27.68000030517578,27.780000686645508,27.290000915527344,27.290000915527344,20.681995391845703,50735500
2008-09-02,27.670000076293945,27.760000228881836,27.059999465942383,27.100000381469727,20.538007736206055,66079200
2008-09-03,27.0,27.18000030517578,26.84000015258789,26.899999618530273,20.386423110961914,57127700
2008-09-04,26.739999771118164,26.889999389648438,26.350000381469727,26.350000381469727,19.969606399536133,66141900
2008-09-05,26.030000686645508,26.219999313354492,25.6299991607666,25.649999618530273,19.439102172851562,82305200
2008-09-08,26.209999084472656,26.329999923706055,25.670000076293945,26.1200008392334,19.795297622680664,62110800
2008-09-09,26.200000762939453,26.600000381469727,26.049999237060547,26.100000381469727,19.78014373779297,85735700
2008-09-10,26.520000457763672,26.860000610351562,26.25,26.440000534057617,20.037809371948242,75064900
2008-09-11,26.100000381469727,27.459999084472656,26.030000686645508,27.34000015258789,20.719884872436523,72913300
2008-09-12,27.139999389648438,27.739999771118164,26.940000534057617,27.6200008392334,20.932092666625977,75628500
2008-09-15,26.920000076293945,27.489999771118164,26.729999542236328,26.81999969482422,20.325794219970703,82349400
2008-09-16,26.09000015258789,26.489999771118164,25.520000457763672,25.989999771118164,19.6967716217041,111729700
2008-09-17,25.729999542236328,25.8700008392334,24.5,24.56999969482422,18.62061309814453,106972100
2008-09-18,24.799999237060547,25.350000381469727,24.010000228881836,25.260000228881836,19.14353370666504,132291300
2008-09-19,26.3700008392334,26.399999618530273,23.5,25.15999984741211,19.067750930786133,134926100
2008-09-22,26.219999313354492,26.31999969482422,25.31999969482422,25.399999618530273,19.249637603759766,105207700
2008-09-23,25.65999984741211,26.170000076293945,25.34000015258789,25.440000534057617,19.279953002929688,92181300
2008-09-24,25.579999923706055,26.09000015258789,25.459999084472656,25.719999313354492,19.492149353027344,80250300
2008-09-25,25.81999969482422,26.8799991607666,25.739999771118164,26.610000610351562,20.166648864746094,96203500
2008-09-26,26.170000076293945,27.559999465942383,26.139999389648438,27.399999618530273,20.765352249145508,100744300
2008-09-29,26.940000534057617,27.65999984741211,25.010000228881836,25.010000228881836,18.95406723022461,134383100
2008-09-30,25.770000457763672,26.690000534057617,25.540000915527344,26.690000534057617,20.227275848388672,107192700
2008-10-01,26.3799991607666,26.989999771118164,26.280000686645508,26.479999542236328,20.0681209564209,88957000
2008-10-02,26.18000030517578,26.530000686645508,25.700000762939453,26.25,19.89381980895996,93819800
2008-10-03,26.3700008392334,27.469999313354492,26.239999771118164,26.31999969482422,19.94686508178711,114289400
2008-10-06,25.6299991607666,25.989999771118164,24.139999389648438,24.90999984741211,18.878280639648438,146374600
2008-10-07,24.979999542236328,25.209999084472656,23.139999389648438,23.229999542236328,17.60508155822754,145941200
2008-10-08,22.899999618530273,24.299999237060547,22.5,23.010000228881836,17.438356399536133,171598600
2008-10-09,23.770000457763672,23.90999984741211,22.06999969482422,22.299999237060547,16.9002742767334,131948700
2008-10-10,21.790000915527344,22.350000381469727,20.649999618530273,21.5,16.29399299621582,228467500
2008-10-13,22.860000610351562,25.5,22.6299991607666,25.5,19.32542610168457,144935400
2008-10-14,25.639999389648438,25.729999542236328,23.600000381469727,24.100000381469727,18.264423370361328,165674900
2008-10-15,23.780000686645508,24.25,22.479999542236328,22.65999984741211,17.173095703125,113280200
2008-10-16,22.940000534057617,24.190000534057617,21.309999465942383,24.190000534057617,18.33262825012207,161147800
2008-10-17,23.56999969482422,25.110000610351562,23.309999465942383,23.93000030517578,18.13558578491211,133673100
2008-10-20,24.200000762939453,24.75,23.010000228881836,24.719999313354492,18.734294891357422,93484300
2008-10-21,24.299999237060547,25.010000228881836,23.270000457763672,23.360000610351562,17.703601837158203,100385600
2008-10-22,23.040000915527344,23.059999465942383,20.899999618530273,21.530000686645508,16.31672477722168,150054800
2008-10-23,21.549999237060547,22.59000015258789,20.889999389648438,22.31999969482422,16.915428161621094,154774100
2008-10-24,21.059999465942383,22.860000610351562,20.950000762939453,21.959999084472656,16.642601013183594,153919700
2008-10-27,21.670000076293945,21.959999084472656,21.020000457763672,21.18000030517578,16.051471710205078,117683900
2008-10-28,21.639999389648438,23.209999084472656,21.34000015258789,23.100000381469727,17.50655746459961,134088800
2008-10-29,23.1299991607666,23.969999313354492,22.700000762939453,23.0,17.4307804107666,111701800
2008-10-30,23.690000534057617,23.8799991607666,22.389999389648438,22.6299991607666,17.15036392211914,95323000
2008-10-31,22.530000686645508,22.90999984741211,22.1200008392334,22.329999923706055,16.923002243041992,93055200
2008-11-03,22.479999542236328,22.90999984741211,22.209999084472656,22.6200008392334,17.14278793334961,61923500
2008-11-04,23.1299991607666,23.65999984741211,22.8700008392334,23.530000686645508,17.832441329956055,72123000
2008-11-05,23.329999923706055,23.34000015258789,22.049999237060547,22.079999923706055,16.733543395996094,81179700
2008-11-06,21.8700008392334,22.079999923706055,20.860000610351562,20.8799991607666,15.824111938476562,95509700
2008-11-07,21.31999969482422,21.540000915527344,21.0,21.5,16.29399299621582,71256300
2008-11-10,21.850000381469727,21.969999313354492,21.190000534057617,21.299999237060547,16.142414093017578,67106800
2008-11-11,21.290000915527344,21.299999237060547,20.790000915527344,21.200000762939453,16.06662368774414,78014500
2008-11-12,20.889999389648438,21.0,20.280000686645508,20.299999237060547,15.384557723999023,90162300
2008-11-13,20.149999618530273,21.25,18.739999771118164,21.25,16.104520797729492,148413700
2008-11-14,20.559999465942383,21.34000015258789,19.649999618530273,20.059999465942383,15.202665328979492,96624500
2008-11-17,19.739999771118164,20.239999771118164,19.149999618530273,19.31999969482422,14.641850471496582,97289000
2008-11-18,19.5,19.65999984741211,18.75,19.6200008392334,14.96993637084961,108966500
2008-11-19,19.6299991607666,19.950000762939453,18.25,18.290000915527344,13.955154418945312,103010500
2008-11-20,18.1200008392334,18.84000015258789,17.5,17.530000686645508,13.37528133392334,139532800
2008-11-21,18.020000457763672,19.700000762939453,17.979999542236328,19.68000030517578,15.015717506408691,157231900
2008-11-24,19.889999389648438,20.940000534057617,19.8700008392334,20.690000534057617,15.786336898803711,125289900
2008-11-25,20.860000610351562,20.93000030517578,19.549999237060547,19.989999771118164,15.252245903015137,92948100
2008-11-26,19.729999542236328,20.68000030517578,19.729999542236328,20.489999771118164,15.633745193481445,79678300
2008-11-28,20.229999542236328,20.309999465942383,20.020000457763672,20.219999313354492,15.427735328674316,28650800
2008-12-01,19.8799991607666,19.950000762939453,18.600000381469727,18.610000610351562,14.19931697845459,79639900
2008-12-02,18.989999771118164,19.309999465942383,18.559999465942383,19.149999618530273,14.611329078674316,79689800
2008-12-03,18.649999618530273,19.899999618530273,18.600000381469727,19.8700008392334,15.160690307617188,80961500
2008-12-04,19.399999618530273,19.920000076293945,18.790000915527344,19.110000610351562,14.580811500549316,78719200
2008-12-05,18.90999984741211,19.979999542236328,18.469999313354492,19.8700008392334,15.160690307617188,91996200
2008-12-08,20.350000381469727,21.25,20.139999389648438,21.010000228881836,16.030498504638672,107225000
2008-12-09,20.6200008392334,21.25,20.459999084472656,20.600000381469727,15.71767520904541,80484900
2008-12-10,20.81999969482422,20.959999084472656,20.299999237060547,20.610000610351562,15.725301742553711,61499000
2008-12-11,20.110000610351562,20.1200008392334,19.309999465942383,19.450000762939453,14.840228080749512,83564300
2008-12-12,19.149999618530273,19.850000381469727,18.700000762939453,19.360000610351562,14.771559715270996,78112600
2008-12-15,19.34000015258789,19.440000534057617,18.889999389648438,19.040000915527344,14.5274019241333,59925900
2008-12-16,19.209999084472656,20.18000030517578,19.0,20.110000610351562,15.343804359436035,97688700
2008-12-17,19.809999465942383,20.049999237060547,19.5,19.65999984741211,15.000460624694824,78922700
2008-12-18,19.860000610351562,20.020000457763672,18.989999771118164,19.299999237060547,14.725781440734863,80759200
2008-12-19,19.420000076293945,19.799999237060547,19.110000610351562,19.1200008392334,14.588446617126465,113530400
2008-12-22,19.239999771118164,19.290000915527344,18.889999389648438,19.18000030517578,14.634218215942383,58575400
2008-12-23,19.280000686645508,19.56999969482422,19.010000228881836,19.280000686645508,14.710521697998047,47511400
2008-12-24,19.260000228881836,19.450000762939453,19.100000381469727,19.170000076293945,14.626588821411133,16880400
2008-12-26,19.200000762939453,19.329999923706055,19.09000015258789,19.1299991607666,14.596067428588867,23101000
2008-12-29,19.149999618530273,19.209999084472656,18.639999389648438,18.959999084472656,14.466362953186035,58512800
2008-12-30,19.010000228881836,19.489999771118164,19.0,19.34000015258789,14.756303787231445,43224100
2008-12-31,19.309999465942383,19.68000030517578,19.270000457763672,19.440000534057617,14.832602500915527,46419000
2009-01-02,19.530000686645508,20.399999618530273,19.3700008392334,20.329999923706055,15.511667251586914,50084000
2009-01-05,20.200000762939453,20.670000076293945,20.059999465942383,20.520000457763672,15.656638145446777,61475200
2009-01-06,20.75,21.0,20.610000610351562,20.760000228881836,15.839754104614258,58083400
2009-01-07,20.190000534057617,20.290000915527344,19.479999542236328,19.510000228881836,14.886011123657227,72709900
2009-01-08,19.6299991607666,20.190000534057617,19.549999237060547,20.1200008392334,15.351431846618652,70255400
2009-01-09,20.170000076293945,20.299999237060547,19.40999984741211,19.520000457763672,14.893635749816895,49815300
2009-01-12,19.709999084472656,19.790000915527344,19.299999237060547,19.469999313354492,14.855483055114746,52163500
2009-01-13,19.520000457763672,19.989999771118164,19.520000457763672,19.81999969482422,15.122536659240723,65843500
2009-01-14,19.530000686645508,19.68000030517578,19.010000228881836,19.09000015258789,14.5655517578125,80257500
2009-01-15,19.06999969482422,19.299999237060547,18.520000457763672,19.239999771118164,14.6799955368042,96169800
2009-01-16,19.6299991607666,19.90999984741211,19.149999618530273,19.709999084472656,15.03860855102539,79634100
2009-01-20,19.459999084472656,19.6200008392334,18.3700008392334,18.479999542236328,14.100123405456543,89873000
2009-01-21,18.8700008392334,19.450000762939453,18.459999084472656,19.3799991607666,14.78681755065918,68340900
2009-01-22,18.049999237060547,18.18000030517578,17.06999969482422,17.110000610351562,13.054825782775879,222436600
2009-01-23,16.969999313354492,17.489999771118164,16.75,17.200000762939453,13.123492240905762,117020600
2009-01-26,17.290000915527344,17.809999465942383,17.229999542236328,17.6299991607666,13.451576232910156,92476500
2009-01-27,17.780000686645508,17.969999313354492,17.43000030517578,17.65999984741211,13.474470138549805,61695000
2009-01-28,17.799999237060547,18.309999465942383,17.760000228881836,18.040000915527344,13.764410018920898,64145500
2009-01-29,17.780000686645508,17.959999084472656,17.559999465942383,17.59000015258789,13.421059608459473,49192800
2009-01-30,17.739999771118164,17.790000915527344,17.100000381469727,17.100000381469727,13.047197341918945,62370900
2009-02-02,17.030000686645508,18.1299991607666,17.0,17.829999923706055,13.604182243347168,88871700
2009-02-03,17.850000381469727,18.610000610351562,17.600000381469727,18.5,14.115385055541992,86865100
2009-02-04,18.540000915527344,19.0,18.5,18.6299991607666,14.214570999145508,75618000
2009-02-05,18.510000228881836,19.139999389648438,18.25,19.040000915527344,14.5274019241333,75195200
2009-02-06,19.15999984741211,19.93000030517578,19.059999465942383,19.65999984741211,15.000460624694824,86746000
2009-02-09,19.639999389648438,19.770000457763672,19.260000228881836,19.440000534057617,14.832602500915527,52196400
2009-02-10,19.25,19.799999237060547,18.700000762939453,18.799999237060547,14.344279289245605,83953200
2009-02-11,18.940000534057617,19.489999771118164,18.920000076293945,19.209999084472656,14.657108306884766,58599000
2009-02-12,18.969999313354492,19.31999969482422,18.540000915527344,19.260000228881836,14.695259094238281,75323200
2009-02-13,19.270000457763672,19.469999313354492,19.040000915527344,19.09000015258789,14.5655517578125,47416000
2009-02-17,18.489999771118164,18.5,17.889999389648438,18.09000015258789,13.897191047668457,75853300
2009-02-18,18.219999313354492,18.450000762939453,18.0,18.1200008392334,13.92024040222168,54946900
2009-02-19,18.299999237060547,18.3799991607666,17.809999465942383,17.90999984741211,13.758916854858398,49195600
2009-02-20,17.770000457763672,18.190000534057617,17.65999984741211,18.0,13.828058242797852,69413800
2009-02-23,18.020000457763672,18.149999618530273,17.15999984741211,17.209999084472656,13.221156120300293,70803400
2009-02-24,17.030000686645508,17.350000381469727,16.360000610351562,17.170000076293945,13.190427780151367,122674500
2009-02-25,17.010000228881836,17.239999771118164,16.459999084472656,16.959999084472656,13.02910041809082,105894600
2009-02-26,17.049999237060547,17.079999923706055,16.420000076293945,16.420000076293945,12.614256858825684,83219500
2009-02-27,16.290000915527344,16.520000457763672,16.100000381469727,16.149999618530273,12.40683650970459,93428000
2009-03-02,15.960000038146973,16.25,15.720000267028809,15.789999961853027,12.130279541015625,80602100
2009-03-03,16.030000686645508,16.239999771118164,15.640000343322754,15.880000114440918,12.19941520690918,80476600
2009-03-04,16.1200008392334,16.399999618530273,15.890000343322754,16.1200008392334,12.383792877197266,69285100
2009-03-05,15.859999656677246,15.880000114440918,15.270000457763672,15.270000457763672,11.73080062866211,89708500
2009-03-06,15.350000381469727,15.619999885559082,14.869999885559082,15.279999732971191,11.738482475280762,92821400
2009-03-09,15.199999809265137,15.739999771118164,15.100000381469727,15.149999618530273,11.638611793518066,66479100
2009-03-10,15.369999885559082,16.6200008392334,15.25,16.479999542236328,12.66035270690918,95184200
2009-03-11,16.6299991607666,17.200000762939453,16.43000030517578,17.110000610351562,13.144333839416504,84522200
2009-03-12,17.010000228881836,17.040000915527344,16.479999542236328,17.010000228881836,13.067513465881348,93694100
2009-03-13,16.979999542236328,17.049999237060547,16.18000030517578,16.649999618530273,12.790948867797852,82965800
2009-03-16,16.81999969482422,16.959999084472656,16.239999771118164,16.25,12.483658790588379,67028900
2009-03-17,16.31999969482422,16.899999618530273,16.260000228881836,16.899999618530273,12.983006477355957,62481000
2009-03-18,17.030000686645508,17.219999313354492,16.600000381469727,16.959999084472656,13.02910041809082,70710700
2009-03-19,17.3700008392334,17.450000762939453,16.920000076293945,17.139999389648438,13.167379379272461,58994600
2009-03-20,17.31999969482422,17.649999618530273,16.8799991607666,17.059999465942383,13.10591983795166,81725500
2009-03-23,17.3700008392334,18.59000015258789,17.309999465942383,18.329999923706055,14.081568717956543,71600000
2009-03-24,18.040000915527344,18.209999084472656,17.84000015258789,17.93000030517578,13.774283409118652,50044100
2009-03-25,17.979999542236328,18.309999465942383,17.520000457763672,17.8799991607666,13.735870361328125,73927100
2009-03-26,18.170000076293945,18.8799991607666,18.1200008392334,18.829999923706055,14.465680122375488,63775100
2009-03-27,18.540000915527344,18.6200008392334,18.049999237060547,18.1299991607666,13.927925109863281,47670400
2009-03-30,17.739999771118164,17.760000228881836,17.270000457763672,17.479999542236328,13.42857837677002,49633000
2009-03-31,17.829999923706055,18.790000915527344,17.780000686645508,18.3700008392334,14.11230182647705,92423300
2009-04-01,18.229999542236328,19.360000610351562,18.18000030517578,19.309999465942383,14.834430694580078,96438900
2009-04-02,19.5,19.889999389648438,19.0,19.290000915527344,14.819067001342773,99082300
2009-04-03,19.1299991607666,19.149999618530273,18.43000030517578,18.75,14.404220581054688,81858400
2009-04-06,18.540000915527344,18.760000228881836,18.270000457763672,18.760000228881836,14.411908149719238,47476100
2009-04-07,18.760000228881836,19.139999389648438,18.6299991607666,18.760000228881836,14.411908149719238,65815200
2009-04-08,18.969999313354492,19.6200008392334,18.959999084472656,19.190000534057617,14.742242813110352,56408900
2009-04-09,19.450000762939453,19.700000762939453,19.219999313354492,19.670000076293945,15.110991477966309,55759600
2009-04-13,19.690000534057617,19.850000381469727,19.3700008392334,19.59000015258789,15.049534797668457,44444700
2009-04-14,19.440000534057617,19.549999237060547,19.0,19.350000381469727,14.865156173706055,63796300
2009-04-15,19.209999084472656,19.25,18.510000228881836,18.829999923706055,14.465680122375488,72725500
2009-04-16,19.15999984741211,19.780000686645508,18.989999771118164,19.760000228881836,15.180130004882812,67688700
2009-04-17,19.690000534057617,19.690000534057617,19.0,19.200000762939453,14.74992847442627,61398500
2009-04-20,18.889999389648438,18.950000762939453,18.56999969482422,18.610000610351562,14.296671867370605,62937200
2009-04-21,18.59000015258789,19.079999923706055,18.56999969482422,18.969999313354492,14.573235511779785,60928300
2009-04-22,18.760000228881836,19.190000534057617,18.700000762939453,18.780000686645508,14.42727279663086,59401000
2009-04-23,18.920000076293945,18.940000534057617,18.469999313354492,18.920000076293945,14.534819602966309,86116300
2009-04-24,19.81999969482422,21.200000762939453,19.5,20.90999984741211,16.063589096069336,168478500
2009-04-27,20.549999237060547,20.81999969482422,20.280000686645508,20.399999618530273,15.671789169311523,68219600
2009-04-28,20.25,20.270000457763672,19.790000915527344,19.93000030517578,15.310726165771484,76685200
2009-04-29,20.110000610351562,20.889999389648438,20.059999465942383,20.25,15.556557655334473,79301600
2009-04-30,20.600000381469727,21.100000381469727,20.010000228881836,20.260000228881836,15.564244270324707,87439900
2009-05-01,20.190000534057617,20.350000381469727,19.860000610351562,20.239999771118164,15.548879623413086,63224500
2009-05-04,20.3700008392334,20.399999618530273,19.979999542236328,20.190000534057617,15.510469436645508,54313400
2009-05-05,20.139999389648438,20.239999771118164,19.639999389648438,19.790000915527344,15.203176498413086,66835500
2009-05-06,20.059999465942383,20.06999969482422,19.610000610351562,19.790000915527344,15.203176498413086,59639100
2009-05-07,19.959999084472656,19.989999771118164,19.139999389648438,19.31999969482422,14.842111587524414,68727200
2009-05-08,19.459999084472656,19.639999389648438,19.139999389648438,19.420000076293945,14.918939590454102,67597600
2009-05-11,19.200000762939453,19.729999542236328,19.010000228881836,19.31999969482422,14.842111587524414,63762600
2009-05-12,19.510000228881836,20.059999465942383,19.469999313354492,19.889999389648438,15.279995918273926,71966800
2009-05-13,19.920000076293945,20.0,19.670000076293945,19.75,15.172446250915527,49281700
2009-05-14,19.829999923706055,20.229999542236328,19.799999237060547,20.059999465942383,15.410600662231445,54539500
2009-05-15,20.1299991607666,20.5,19.979999542236328,20.219999313354492,15.533517837524414,61289900
2009-05-18,20.360000610351562,20.600000381469727,20.239999771118164,20.600000381469727,15.82544231414795,46073800
2009-05-19,20.510000228881836,20.739999771118164,20.25,20.309999465942383,15.701740264892578,51368300
2009-05-20,20.40999984741211,20.690000534057617,20.219999313354492,20.3799991607666,15.755860328674316,47450700
2009-05-21,20.139999389648438,20.229999542236328,19.510000228881836,19.81999969482422,15.322922706604004,58232800
2009-05-22,19.93000030517578,20.170000076293945,19.469999313354492,19.75,15.268804550170898,37318700
2009-05-26,19.540000915527344,20.450000762939453,19.450000762939453,20.34000015258789,15.72493839263916,44991700
2009-05-27,20.25,20.600000381469727,20.06999969482422,20.1299991607666,15.562582969665527,42892900
2009-05-28,20.31999969482422,20.6299991607666,20.049999237060547,20.450000762939453,15.809977531433105,45480800
2009-05-29,20.559999465942383,20.940000534057617,20.299999237060547,20.889999389648438,16.15013885498047,46134900
2009-06-01,21.0,21.5,20.860000610351562,21.399999618530273,16.544429779052734,57317100
2009-06-02,21.360000610351562,21.979999542236328,21.200000762939453,21.399999618530273,16.544429779052734,48935700
2009-06-03,21.309999465942383,21.760000228881836,21.290000915527344,21.729999542236328,16.799549102783203,56039600
2009-06-04,21.770000457763672,21.899999618530273,21.579999923706055,21.829999923706055,16.876863479614258,42330000
2009-06-05,21.959999084472656,22.309999465942383,21.809999465942383,22.139999389648438,17.11652183532715,59579200
2009-06-08,21.979999542236328,22.31999969482422,21.6299991607666,22.049999237060547,17.046947479248047,49000600
2009-06-09,22.059999465942383,22.31999969482422,21.8799991607666,22.079999923706055,17.07014274597168,50887700
2009-06-10,22.170000076293945,22.6200008392334,22.1200008392334,22.549999237060547,17.433496475219727,61297200
2009-06-11,22.59000015258789,23.260000228881836,22.56999969482422,22.829999923706055,17.64996910095215,65124600
2009-06-12,22.899999618530273,23.3799991607666,22.739999771118164,23.329999923706055,18.036523818969727,50963500
2009-06-15,23.229999542236328,23.540000915527344,23.020000457763672,23.420000076293945,18.10610008239746,69089600
2009-06-16,23.469999313354492,24.110000610351562,23.440000534057617,23.450000762939453,18.129291534423828,105295600
2009-06-17,23.5,23.81999969482422,23.170000076293945,23.68000030517578,18.307104110717773,86483100
2009-06-18,23.6200008392334,23.690000534057617,23.299999237060547,23.5,18.16794776916504,58852200
2009-06-19,24.040000915527344,24.34000015258789,23.75,24.06999969482422,18.608612060546875,115459000
2009-06-22,23.950000762939453,23.950000762939453,23.25,23.280000686645508,17.997867584228516,71291600
2009-06-23,23.3799991607666,23.65999984741211,23.209999084472656,23.34000015258789,18.044246673583984,56752700
2009-06-24,23.450000762939453,23.75,23.360000610351562,23.469999313354492,18.144746780395508,54287700
2009-06-25,23.43000030517578,23.920000076293945,23.200000762939453,23.790000915527344,18.392148971557617,57724300
2009-06-26,23.56999969482422,23.690000534057617,23.31999969482422,23.350000381469727,18.05198097229004,65126400
2009-06-29,23.600000381469727,24.030000686645508,23.549999237060547,23.860000610351562,18.446260452270508,62854900
2009-06-30,23.969999313354492,24.239999771118164,23.6299991607666,23.770000457763672,18.376684188842773,66452400
2009-07-01,24.049999237060547,24.299999237060547,23.959999084472656,24.040000915527344,18.58542251586914,54908400
2009-07-02,23.760000228881836,24.040000915527344,23.209999084472656,23.3700008392334,18.06744384765625,65422200
2009-07-06,23.209999084472656,23.280000686645508,22.8700008392334,23.200000762939453,17.936017990112305,49207700
2009-07-07,23.079999923706055,23.139999389648438,22.459999084472656,22.530000686645508,17.418031692504883,52842500
2009-07-08,22.309999465942383,22.690000534057617,22.0,22.559999465942383,17.441226959228516,73023400
2009-07-09,22.649999618530273,22.809999465942383,22.3700008392334,22.440000534057617,17.34845733642578,46981200
2009-07-10,22.190000534057617,22.540000915527344,22.149999618530273,22.389999389648438,17.30980110168457,43229200
2009-07-13,22.420000076293945,23.290000915527344,22.139999389648438,23.229999542236328,17.959205627441406,67584000
2009-07-14,23.200000762939453,23.219999313354492,22.860000610351562,23.110000610351562,17.86642837524414,45448700
2009-07-15,23.75,24.1200008392334,23.559999465942383,24.1200008392334,18.647268295288086,67238700
2009-07-16,23.93000030517578,24.440000534057617,23.860000610351562,24.440000534057617,18.894662857055664,64555100
2009-07-17,24.399999618530273,24.450000762939453,24.100000381469727,24.290000915527344,18.778701782226562,52860100
2009-07-20,24.440000534057617,24.530000686645508,24.149999618530273,24.530000686645508,18.964242935180664,47798000
2009-07-21,24.690000534057617,24.829999923706055,24.3700008392334,24.829999923706055,19.19617462158203,52028400
2009-07-22,24.700000762939453,24.899999618530273,24.510000228881836,24.799999237060547,19.172983169555664,66192500
2009-07-23,24.93000030517578,25.719999313354492,24.84000015258789,25.559999465942383,19.760540008544922,106060500
2009-07-24,23.610000610351562,23.889999389648438,22.809999465942383,23.450000762939453,18.129291534423828,215135700
2009-07-27,23.440000534057617,23.450000762939453,22.899999618530273,23.110000610351562,17.86642837524414,80950000
2009-07-28,22.989999771118164,23.549999237060547,22.899999618530273,23.469999313354492,18.144746780395508,70288400
2009-07-29,23.729999542236328,23.90999984741211,23.34000015258789,23.799999237060547,18.39988136291504,73626900
2009-07-30,24.200000762939453,24.43000030517578,23.709999084472656,23.809999465942383,18.407611846923828,67820000
2009-07-31,23.770000457763672,24.06999969482422,23.5,23.520000457763672,18.183414459228516,54258200
2009-08-03,23.81999969482422,23.860000610351562,23.5,23.829999923706055,18.42306900024414,46902900
2009-08-04,23.68000030517578,23.790000915527344,23.530000686645508,23.770000457763672,18.376684188842773,49218300
2009-08-05,23.84000015258789,24.25,23.790000915527344,23.809999465942383,18.407611846923828,53310300
2009-08-06,23.93000030517578,23.979999542236328,23.270000457763672,23.459999084472656,18.137020111083984,59686000
2009-08-07,23.75,23.81999969482422,23.5,23.559999465942383,18.21432876586914,46169700
2009-08-10,23.459999084472656,23.549999237060547,23.299999237060547,23.420000076293945,18.10610008239746,35261900
2009-08-11,23.31999969482422,23.399999618530273,23.049999237060547,23.1299991607666,17.881895065307617,33615800
2009-08-12,23.1299991607666,23.899999618530273,23.030000686645508,23.530000686645508,18.19114112854004,61972300
2009-08-13,23.6299991607666,23.850000381469727,23.399999618530273,23.6200008392334,18.26072120666504,38954500
2009-08-14,23.6200008392334,23.799999237060547,23.510000228881836,23.690000534057617,18.314836502075195,46330200
2009-08-17,23.31999969482422,23.600000381469727,23.229999542236328,23.25,17.97467041015625,42474400
2009-08-18,23.290000915527344,23.649999618530273,23.270000457763672,23.579999923706055,18.33229637145996,38878900
2009-08-19,23.25,23.719999313354492,23.25,23.649999618530273,18.386714935302734,41821300
2009-08-20,23.600000381469727,23.8700008392334,23.540000915527344,23.670000076293945,18.402263641357422,39505900
2009-08-21,23.93000030517578,24.420000076293945,23.770000457763672,24.40999984741211,18.977581024169922,69011400
2009-08-24,24.40999984741211,24.729999542236328,24.280000686645508,24.639999389648438,19.15639877319336,54180900
2009-08-25,24.600000381469727,24.81999969482422,24.459999084472656,24.639999389648438,19.15639877319336,43980300
2009-08-26,24.59000015258789,24.75,24.420000076293945,24.549999237060547,19.086421966552734,41079000
2009-08-27,24.40999984741211,24.780000686645508,24.299999237060547,24.690000534057617,19.19526481628418,45495600
2009-08-28,25.06999969482422,25.489999771118164,24.610000610351562,24.68000030517578,19.18749237060547,55808000
2009-08-31,24.56999969482422,24.850000381469727,24.290000915527344,24.649999618530273,19.16417121887207,49592800
2009-09-01,24.350000381469727,24.739999771118164,23.899999618530273,24.0,18.65882682800293,62608500
2009-09-02,23.81999969482422,24.139999389648438,23.780000686645508,23.860000610351562,18.54998016357422,40771300
2009-09-03,23.90999984741211,24.139999389648438,23.760000228881836,24.110000610351562,18.744352340698242,34120000
2009-09-04,24.09000015258789,24.799999237060547,24.079999923706055,24.6200008392334,19.140846252441406,44999700
2009-09-08,24.6200008392334,24.84000015258789,24.40999984741211,24.81999969482422,19.296335220336914,53737100
2009-09-09,24.739999771118164,24.950000762939453,24.670000076293945,24.780000686645508,19.265239715576172,49900300
2009-09-10,24.799999237060547,25.049999237060547,24.649999618530273,25.0,19.436275482177734,46256000
2009-09-11,24.93000030517578,25.170000076293945,24.809999465942383,24.860000610351562,19.327438354492188,54303500
2009-09-14,24.649999618530273,25.09000015258789,24.639999389648438,25.0,19.436275482177734,42806800
2009-09-15,24.969999313354492,25.270000457763672,24.860000610351562,25.200000762939453,19.59177017211914,44716600
2009-09-16,25.25,25.350000381469727,24.950000762939453,25.200000762939453,19.59177017211914,50055800
2009-09-17,25.059999465942383,25.3799991607666,25.059999465942383,25.299999237060547,19.66950798034668,42428800
2009-09-18,25.459999084472656,25.479999542236328,25.100000381469727,25.260000228881836,19.638412475585938,68016500
2009-09-21,25.110000610351562,25.3700008392334,25.100000381469727,25.299999237060547,19.66950798034668,28878700
2009-09-22,25.399999618530273,25.81999969482422,25.290000915527344,25.770000457763672,20.0349178314209,61376700
2009-09-23,25.920000076293945,26.25,25.639999389648438,25.709999084472656,19.988264083862305,60599900
2009-09-24,25.920000076293945,26.110000610351562,25.65999984741211,25.940000534057617,20.167081832885742,56302900
2009-09-25,25.690000534057617,25.81999969482422,25.520000457763672,25.549999237060547,19.86387825012207,50158900
2009-09-28,25.600000381469727,26.15999984741211,25.600000381469727,25.829999923706055,20.081565856933594,44358000
2009-09-29,25.90999984741211,25.959999084472656,25.690000534057617,25.75,20.019367218017578,39050300
2009-09-30,25.760000228881836,25.989999771118164,25.3799991607666,25.719999313354492,19.996044158935547,63533400
2009-10-01,25.40999984741211,25.469999313354492,24.799999237060547,24.8799991607666,19.342987060546875,75958100
2009-10-02,24.459999084472656,25.09000015258789,24.43000030517578,24.959999084472656,19.405176162719727,51219700
2009-10-05,24.979999542236328,25.059999465942383,24.520000457763672,24.639999389648438,19.15639877319336,60804900
2009-10-06,24.68000030517578,25.209999084472656,24.65999984741211,25.110000610351562,19.521800994873047,48795300
2009-10-07,24.989999771118164,25.18000030517578,24.8799991607666,25.100000381469727,19.514019012451172,38472700
2009-10-08,25.440000534057617,25.899999618530273,25.219999313354492,25.670000076293945,19.957168579101562,60521300
2009-10-09,25.56999969482422,25.790000915527344,25.459999084472656,25.549999237060547,19.86387825012207,39520000
2009-10-12,25.65999984741211,25.889999389648438,25.549999237060547,25.719999313354492,19.996044158935547,29145800
2009-10-13,25.59000015258789,25.940000534057617,25.520000457763672,25.809999465942383,20.066011428833008,37749000
2009-10-14,26.139999389648438,26.200000762939453,25.81999969482422,25.959999084472656,20.182626724243164,45365500
2009-10-15,25.899999618530273,26.709999084472656,25.899999618530273,26.709999084472656,20.76572036743164,65620100
2009-10-16,26.450000762939453,26.6299991607666,26.100000381469727,26.5,20.60245132446289,56500900
2009-10-19,26.489999771118164,26.579999923706055,26.25,26.360000610351562,20.493614196777344,48143200
2009-10-20,26.420000076293945,26.510000228881836,25.940000534057617,26.3700008392334,20.50139045715332,54604700
2009-10-21,26.459999084472656,26.75,26.389999389648438,26.579999923706055,20.664649963378906,61672700
2009-10-22,26.559999465942383,26.719999313354492,26.1299991607666,26.59000015258789,20.67243194580078,61600000
2009-10-23,29.200000762939453,29.350000381469727,27.8799991607666,28.020000457763672,21.78418731689453,281761000
2009-10-26,28.1299991607666,29.020000457763672,28.110000610351562,28.68000030517578,22.297300338745117,124149700
2009-10-27,28.729999542236328,28.8799991607666,28.440000534057617,28.59000015258789,22.22732925415039,69685800
2009-10-28,28.239999771118164,28.770000457763672,27.950000762939453,28.020000457763672,21.78418731689453,73542400
2009-10-29,28.06999969482422,28.40999984741211,27.850000381469727,28.219999313354492,21.939666748046875,65225500
2009-10-30,28.030000686645508,28.399999618530273,27.65999984741211,27.729999542236328,21.5587215423584,73371800
2009-11-02,27.700000762939453,28.049999237060547,27.40999984741211,27.8799991607666,21.67534065246582,62428900
2009-11-03,27.639999389648438,27.739999771118164,27.43000030517578,27.530000686645508,21.40322494506836,50294800
2009-11-04,27.690000534057617,28.389999389648438,27.6200008392334,28.059999465942383,21.815277099609375,63898400
2009-11-05,28.520000457763672,28.739999771118164,28.280000686645508,28.469999313354492,22.134031295776367,52681700
2009-11-06,28.3799991607666,28.6299991607666,28.200000762939453,28.520000457763672,22.172910690307617,38908500
2009-11-09,28.6200008392334,29.0,28.530000686645508,28.989999771118164,22.53830909729004,57518000
2009-11-10,28.899999618530273,29.280000686645508,28.809999465942383,29.010000228881836,22.55385398864746,65881100
2009-11-11,29.079999923706055,29.299999237060547,29.020000457763672,29.1200008392334,22.63937759399414,49693400
2009-11-12,29.010000228881836,29.489999771118164,29.0,29.360000610351562,22.825963973999023,55352400
2009-11-13,29.469999313354492,29.790000915527344,29.3700008392334,29.6299991607666,23.035869598388672,53037600
2009-11-16,29.610000610351562,29.799999237060547,29.3700008392334,29.540000915527344,22.96590805053711,54129500
2009-11-17,29.5,30.0,29.469999313354492,30.0,23.426620483398438,75648900
2009-11-18,30.0,30.139999389648438,29.809999465942383,30.110000610351562,23.512529373168945,59431200
2009-11-19,29.989999771118164,30.0,29.700000762939453,29.780000686645508,23.254831314086914,51967700
2009-11-20,29.65999984741211,29.770000457763672,29.43000030517578,29.6200008392334,23.1298885345459,42647100
2009-11-23,29.84000015258789,30.010000228881836,29.700000762939453,29.940000534057617,23.379777908325195,41832700
2009-11-24,29.950000762939453,29.989999771118164,29.75,29.90999984741211,23.356351852416992,37341400
2009-11-25,29.809999465942383,29.860000610351562,29.579999923706055,29.790000915527344,23.262643814086914,32033500
2009-11-27,29.110000610351562,29.389999389648438,28.75,29.219999313354492,22.817541122436523,29357900
2009-11-30,29.149999618530273,29.450000762939453,29.0,29.40999984741211,22.965906143188477,44172000
2009-12-01,29.520000457763672,30.049999237060547,29.40999984741211,30.010000228881836,23.434436798095703,49904200
2009-12-02,29.899999618530273,29.989999771118164,29.649999618530273,29.780000686645508,23.254831314086914,36308600
2009-12-03,29.84000015258789,30.200000762939453,29.760000228881836,29.829999923706055,23.29387855529785,43095200
2009-12-04,30.049999237060547,30.3700008392334,29.829999923706055,29.979999542236328,23.411014556884766,58810700
2009-12-07,29.780000686645508,30.079999923706055,29.68000030517578,29.790000915527344,23.262643814086914,38082700
2009-12-08,29.520000457763672,29.739999771118164,29.3799991607666,29.56999969482422,23.09084701538086,37402200
2009-12-09,29.469999313354492,29.809999465942383,29.25,29.709999084472656,23.200170516967773,44713300
2009-12-10,29.709999084472656,29.959999084472656,29.65999984741211,29.8700008392334,23.32511329650879,45940200
2009-12-11,29.969999313354492,30.0,29.790000915527344,29.850000381469727,23.309499740600586,43744200
2009-12-14,29.90999984741211,30.15999984741211,29.899999618530273,30.110000610351562,23.512529373168945,34651200
2009-12-15,29.889999389648438,30.209999084472656,29.8799991607666,30.020000457763672,23.442249298095703,49473200
2009-12-16,30.06999969482422,30.40999984741211,30.040000915527344,30.100000381469727,23.504718780517578,55737800
2009-12-17,29.950000762939453,29.959999084472656,29.56999969482422,29.600000381469727,23.114274978637695,43691200
2009-12-18,29.84000015258789,30.450000762939453,29.799999237060547,30.360000610351562,23.707746505737305,94118000
2009-12-21,30.399999618530273,30.84000015258789,30.3700008392334,30.520000457763672,23.83268928527832,40129100
2009-12-22,30.600000381469727,30.93000030517578,30.540000915527344,30.81999969482422,24.06695556640625,36321000
2009-12-23,30.709999084472656,30.950000762939453,30.690000534057617,30.920000076293945,24.145048141479492,28362700
2009-12-24,30.8799991607666,31.0,30.760000228881836,31.0,24.207515716552734,11083900
2009-12-28,31.0,31.18000030517578,30.889999389648438,31.170000076293945,24.340267181396484,25384000
2009-12-29,31.350000381469727,31.5,31.229999542236328,31.389999389648438,24.512062072753906,29716200
2009-12-30,31.149999618530273,31.290000915527344,30.799999237060547,30.959999084472656,24.176279067993164,42006200
2009-12-31,30.979999542236328,30.989999771118164,30.479999542236328,30.479999542236328,23.801456451416016,31929700
2010-01-04,30.6200008392334,31.100000381469727,30.59000015258789,30.950000762939453,24.168472290039062,38409100
2010-01-05,30.850000381469727,31.100000381469727,30.639999389648438,30.959999084472656,24.176279067993164,49749600
2010-01-06,30.8799991607666,31.079999923706055,30.520000457763672,30.770000457763672,24.02790641784668,58182400
2010-01-07,30.6299991607666,30.700000762939453,30.190000534057617,30.450000762939453,23.778024673461914,50559700
2010-01-08,30.280000686645508,30.8799991607666,30.239999771118164,30.65999984741211,23.9420166015625,51197400
2010-01-11,30.709999084472656,30.760000228881836,30.1200008392334,30.270000457763672,23.63747215270996,68754700
2010-01-12,30.149999618530273,30.399999618530273,29.90999984741211,30.06999969482422,23.481290817260742,65912100
2010-01-13,30.260000228881836,30.520000457763672,30.010000228881836,30.350000381469727,23.699939727783203,51863500
2010-01-14,30.309999465942383,31.100000381469727,30.260000228881836,30.959999084472656,24.176279067993164,63228100
2010-01-15,31.079999923706055,31.239999771118164,30.709999084472656,30.860000610351562,24.098186492919922,79913200
2010-01-19,30.75,31.239999771118164,30.68000030517578,31.100000381469727,24.285602569580078,46575700
2010-01-20,30.809999465942383,30.940000534057617,30.309999465942383,30.59000015258789,23.887348175048828,54849500
2010-01-21,30.610000610351562,30.719999313354492,30.0,30.010000228881836,23.434436798095703,73086700
2010-01-22,30.0,30.200000762939453,28.84000015258789,28.959999084472656,22.6145076751709,102004600
2010-01-25,29.239999771118164,29.65999984741211,29.100000381469727,29.31999969482422,22.895631790161133,63373000
2010-01-26,29.200000762939453,29.850000381469727,29.09000015258789,29.5,23.036182403564453,66639900
2010-01-27,29.350000381469727,29.81999969482422,29.020000457763672,29.670000076293945,23.168941497802734,63949500
2010-01-28,29.84000015258789,29.8700008392334,28.889999389648438,29.15999984741211,22.77068328857422,117513700
2010-01-29,29.899999618530273,29.920000076293945,27.65999984741211,28.18000030517578,22.005414962768555,193888500
2010-02-01,28.389999389648438,28.479999542236328,27.920000076293945,28.40999984741211,22.185012817382812,85931100
2010-02-02,28.3700008392334,28.5,28.139999389648438,28.459999084472656,22.22406005859375,54413700
2010-02-03,28.260000228881836,28.790000915527344,28.1200008392334,28.6299991607666,22.356807708740234,61397900
2010-02-04,28.3799991607666,28.5,27.809999465942383,27.84000015258789,21.73991584777832,77850000
2010-02-05,28.0,28.280000686645508,27.56999969482422,28.020000457763672,21.880474090576172,80960100
2010-02-08,28.010000228881836,28.079999923706055,27.56999969482422,27.719999313354492,21.64620018005371,52820600
2010-02-09,27.969999313354492,28.34000015258789,27.75,28.010000228881836,21.87265968322754,59195800
2010-02-10,28.030000686645508,28.239999771118164,27.84000015258789,27.989999771118164,21.85704803466797,48591300
2010-02-11,27.93000030517578,28.399999618530273,27.700000762939453,28.1200008392334,21.95856285095215,65993700
2010-02-12,27.809999465942383,28.059999465942383,27.579999923706055,27.93000030517578,21.81019401550293,81117200
2010-02-16,28.1299991607666,28.3700008392334,28.020000457763672,28.350000381469727,22.24168586730957,51935600
2010-02-17,28.530000686645508,28.649999618530273,28.360000610351562,28.59000015258789,22.429977416992188,45882900
2010-02-18,28.59000015258789,29.030000686645508,28.510000228881836,28.969999313354492,22.72810173034668,42856500
2010-02-19,28.790000915527344,28.920000076293945,28.690000534057617,28.770000457763672,22.57119369506836,44451800
2010-02-22,28.84000015258789,28.940000534057617,28.649999618530273,28.729999542236328,22.539806365966797,36707100
2010-02-23,28.68000030517578,28.829999923706055,28.09000015258789,28.329999923706055,22.22599220275879,52266200
2010-02-24,28.520000457763672,28.790000915527344,28.3799991607666,28.6299991607666,22.46135711669922,43165900
2010-02-25,28.270000457763672,28.649999618530273,28.020000457763672,28.600000381469727,22.43781852722168,48735300
2010-02-26,28.649999618530273,28.850000381469727,28.510000228881836,28.670000076293945,22.492738723754883,40370600
2010-03-01,28.770000457763672,29.049999237060547,28.530000686645508,29.020000457763672,22.767332077026367,43805400
2010-03-02,29.079999923706055,29.299999237060547,28.239999771118164,28.459999084472656,22.32798957824707,93123900
2010-03-03,28.510000228881836,28.610000610351562,28.350000381469727,28.459999084472656,22.32798957824707,48442100
2010-03-04,28.459999084472656,28.649999618530273,28.270000457763672,28.6299991607666,22.46135711669922,42890600
2010-03-05,28.65999984741211,28.68000030517578,28.420000076293945,28.59000015258789,22.429977416992188,56001800
2010-03-08,28.520000457763672,28.93000030517578,28.5,28.6299991607666,22.46135711669922,39414500
2010-03-09,28.559999465942383,29.110000610351562,28.549999237060547,28.799999237060547,22.594724655151367,50271600
2010-03-10,28.860000610351562,29.110000610351562,28.799999237060547,28.969999313354492,22.72810173034668,44891400
2010-03-11,28.889999389648438,29.190000534057617,28.850000381469727,29.18000030517578,22.892858505249023,35349700
2010-03-12,29.31999969482422,29.3799991607666,29.040000915527344,29.270000457763672,22.963464736938477,31700200
2010-03-15,29.18000030517578,29.3700008392334,29.010000228881836,29.290000915527344,22.97915267944336,37512000
2010-03-16,29.420000076293945,29.489999771118164,29.200000762939453,29.3700008392334,23.04192352294922,36723500
2010-03-17,29.5,29.8700008392334,29.399999618530273,29.6299991607666,23.245887756347656,50385700
2010-03-18,29.6299991607666,29.719999313354492,29.5,29.610000610351562,23.230205535888672,43845200
2010-03-19,29.760000228881836,29.899999618530273,29.350000381469727,29.59000015258789,23.214509963989258,81332100
2010-03-22,29.5,29.700000762939453,29.389999389648438,29.600000381469727,23.222360610961914,37718200
2010-03-23,29.59000015258789,29.899999618530273,29.40999984741211,29.8799991607666,23.44203758239746,42026600
2010-03-24,29.719999313354492,29.850000381469727,29.600000381469727,29.649999618530273,23.261587142944336,33987700
2010-03-25,29.829999923706055,30.56999969482422,29.799999237060547,30.010000228881836,23.54402732849121,73168700
2010-03-26,30.09000015258789,30.200000762939453,29.59000015258789,29.65999984741211,23.26943588256836,55595500
2010-03-29,29.709999084472656,29.81999969482422,29.549999237060547,29.59000015258789,23.214509963989258,33336000
2010-03-30,29.6299991607666,29.860000610351562,29.5,29.770000457763672,23.35573387145996,34954800
2010-03-31,29.639999389648438,29.719999313354492,29.170000076293945,29.290000915527344,22.97915267944336,63760000
2010-04-01,29.350000381469727,29.540000915527344,28.6200008392334,29.15999984741211,22.87716293334961,74768100
2010-04-05,29.1299991607666,29.43000030517578,29.030000686645508,29.270000457763672,22.963464736938477,34331200
2010-04-06,29.149999618530273,29.579999923706055,28.979999542236328,29.31999969482422,23.002695083618164,47366800
2010-04-07,29.15999984741211,29.559999465942383,29.139999389648438,29.350000381469727,23.02622413635254,58318800
2010-04-08,29.31999969482422,29.979999542236328,29.299999237060547,29.920000076293945,23.47341537475586,63713800
2010-04-09,29.950000762939453,30.40999984741211,29.899999618530273,30.34000015258789,23.80291748046875,54752500
2010-04-12,30.25,30.489999771118164,30.209999084472656,30.31999969482422,23.787227630615234,37068800
2010-04-13,30.149999618530273,30.5,30.1299991607666,30.450000762939453,23.88921356201172,41374600
2010-04-14,30.790000915527344,31.0,30.65999984741211,30.81999969482422,24.179500579833984,68941200
2010-04-15,30.81999969482422,30.950000762939453,30.709999084472656,30.8700008392334,24.21872329711914,52745400
2010-04-16,30.790000915527344,30.979999542236328,30.600000381469727,30.670000076293945,24.061819076538086,88703100
2010-04-19,30.770000457763672,31.25,30.760000228881836,31.040000915527344,24.352096557617188,64970300
2010-04-20,31.219999313354492,31.440000534057617,31.1299991607666,31.360000610351562,24.603147506713867,52199500
2010-04-21,31.329999923706055,31.5,31.229999542236328,31.329999923706055,24.579608917236328,55343100
2010-04-22,31.040000915527344,31.530000686645508,30.899999618530273,31.389999389648438,24.626684188842773,84847600
2010-04-23,31.1200008392334,31.579999923706055,30.649999618530273,30.959999084472656,24.289337158203125,126766600
2010-04-26,31.0,31.280000686645508,30.860000610351562,31.110000610351562,24.407014846801758,63649300
2010-04-27,30.950000762939453,31.25,30.75,30.850000381469727,24.20303726196289,68730900
2010-04-28,30.920000076293945,31.0,30.6200008392334,30.90999984741211,24.250099182128906,64557900
2010-04-29,30.93000030517578,31.43000030517578,30.670000076293945,31.0,24.320711135864258,52665200
2010-04-30,31.06999969482422,31.079999923706055,30.520000457763672,30.540000915527344,23.959829330444336,63214800
2010-05-03,30.670000076293945,31.059999465942383,30.579999923706055,30.860000610351562,24.210878372192383,43989500
2010-05-04,30.520000457763672,30.549999237060547,29.75,30.1299991607666,23.638166427612305,82085600
2010-05-05,29.770000457763672,30.09000015258789,29.690000534057617,29.850000381469727,23.418495178222656,66833800
2010-05-06,29.59000015258789,29.8799991607666,27.90999984741211,28.979999542236328,22.7359561920166,128613000
2010-05-07,28.93000030517578,28.950000762939453,27.31999969482422,28.209999084472656,22.131845474243164,173718100
2010-05-10,29.010000228881836,29.479999542236328,28.709999084472656,28.940000534057617,22.704566955566406,86653300
2010-05-11,28.68000030517578,29.649999618530273,28.56999969482422,28.8799991607666,22.657495498657227,63789400
2010-05-12,28.979999542236328,29.579999923706055,28.920000076293945,29.440000534057617,23.096839904785156,47146800
2010-05-13,29.260000228881836,29.729999542236328,29.18000030517578,29.239999771118164,22.939926147460938,45188800
2010-05-14,29.200000762939453,29.209999084472656,28.639999389648438,28.93000030517578,22.69671630859375,63334000
2010-05-17,29.1200008392334,29.229999542236328,28.450000762939453,28.940000534057617,22.704566955566406,46053300
2010-05-18,28.8700008392334,29.0,28.399999618530273,28.600000381469727,22.5390682220459,52690600
2010-05-19,28.520000457763672,28.690000534057617,27.790000915527344,28.239999771118164,22.25535774230957,61746700
2010-05-20,27.649999618530273,27.84000015258789,27.040000915527344,27.110000610351562,21.364830017089844,87991100
2010-05-21,26.6299991607666,27.110000610351562,26.440000534057617,26.84000015258789,21.152042388916016,117596300
2010-05-24,26.850000381469727,26.860000610351562,26.260000228881836,26.270000457763672,20.702844619750977,73711700
2010-05-25,25.649999618530273,26.329999923706055,25.3799991607666,26.06999969482422,20.545228958129883,98373600
2010-05-26,26.229999542236328,26.610000610351562,24.559999465942383,25.010000228881836,19.70986557006836,176684100
2010-05-27,25.729999542236328,26.360000610351562,25.729999542236328,26.0,20.49006462097168,136433600
2010-05-28,25.84000015258789,26.1200008392334,25.65999984741211,25.799999237060547,20.33245086669922,67496900
2010-06-01,25.530000686645508,26.309999465942383,25.520000457763672,25.889999389648438,20.403377532958984,76152400
2010-06-02,26.059999465942383,26.479999542236328,25.729999542236328,26.459999084472656,20.85257911682129,65718800
2010-06-03,26.549999237060547,26.93000030517578,26.40999984741211,26.860000610351562,21.167808532714844,67837000
2010-06-04,26.100000381469727,26.56999969482422,25.6200008392334,25.790000915527344,20.324565887451172,89832200
2010-06-07,25.81999969482422,25.829999923706055,25.239999771118164,25.290000915527344,19.930526733398438,80456200
2010-06-08,25.25,25.260000228881836,24.649999618530273,25.110000610351562,19.788673400878906,87355000
2010-06-09,25.219999313354492,25.520000457763672,24.75,24.790000915527344,19.536489486694336,87794000
2010-06-10,25.1299991607666,25.149999618530273,24.780000686645508,25.0,19.701980590820312,78930900
2010-06-11,25.040000915527344,25.719999313354492,24.770000457763672,25.65999984741211,20.222116470336914,68057700
2010-06-14,25.860000610351562,25.959999084472656,25.469999313354492,25.5,20.09602165222168,50972400
2010-06-15,25.75,26.649999618530273,25.739999771118164,26.579999923706055,20.94715118408203,81641500
2010-06-16,26.469999313354492,26.579999923706055,26.229999542236328,26.31999969482422,20.742246627807617,48698000
2010-06-17,26.559999465942383,26.670000076293945,26.040000915527344,26.3700008392334,20.781652450561523,47995500
2010-06-18,26.3700008392334,26.530000686645508,26.170000076293945,26.440000534057617,20.83681297302246,52075600
2010-06-21,26.780000686645508,26.889999389648438,25.889999389648438,25.950000762939453,20.450658798217773,54625300
2010-06-22,26.15999984741211,26.450000762939453,25.760000228881836,25.770000457763672,20.308805465698242,55985400
2010-06-23,25.780000686645508,25.780000686645508,25.219999313354492,25.309999465942383,19.9462890625,61466200
2010-06-24,25.459999084472656,25.719999313354492,24.93000030517578,25.0,19.701980590820312,85243400
2010-06-25,25.049999237060547,25.110000610351562,24.309999465942383,24.530000686645508,19.331584930419922,156256700
2010-06-28,24.510000228881836,24.610000610351562,24.1200008392334,24.309999465942383,19.158206939697266,73784800
2010-06-29,24.1299991607666,24.200000762939453,23.110000610351562,23.309999465942383,18.370126724243164,119882100
2010-06-30,23.299999237060547,23.68000030517578,22.950000762939453,23.010000228881836,18.133703231811523,81050500
2010-07-01,23.09000015258789,23.31999969482422,22.729999542236328,23.15999984741211,18.25191879272461,92239400
2010-07-02,23.360000610351562,23.479999542236328,23.049999237060547,23.270000457763672,18.338605880737305,62485100
2010-07-06,23.700000762939453,24.09000015258789,23.579999923706055,23.81999969482422,18.772048950195312,73592000
2010-07-07,23.81999969482422,24.31999969482422,23.610000610351562,24.299999237060547,19.150327682495117,79965300
2010-07-08,24.600000381469727,24.6200008392334,23.969999313354492,24.40999984741211,19.23701286315918,50758100
2010-07-09,24.329999923706055,24.40999984741211,24.149999618530273,24.270000457763672,19.12668228149414,53806100
2010-07-12,24.43000030517578,24.889999389648438,24.420000076293945,24.829999923706055,19.568012237548828,49854200
2010-07-13,25.139999389648438,25.299999237060547,24.899999618530273,25.1299991607666,19.804431915283203,61928700
2010-07-14,25.5,25.610000610351562,25.1200008392334,25.440000534057617,20.04874038696289,72808100
2010-07-15,25.5,25.59000015258789,24.979999542236328,25.510000228881836,20.103906631469727,56934700
2010-07-16,25.510000228881836,25.639999389648438,24.8799991607666,24.889999389648438,19.615293502807617,65064800
2010-07-19,24.959999084472656,25.299999237060547,24.90999984741211,25.229999542236328,19.88323974609375,38181800
2010-07-20,24.860000610351562,25.479999542236328,24.700000762939453,25.479999542236328,20.080259323120117,45530700
2010-07-21,25.600000381469727,25.649999618530273,24.979999542236328,25.1200008392334,19.796550750732422,73297300
2010-07-22,25.510000228881836,25.989999771118164,25.469999313354492,25.84000015258789,20.363967895507812,73016400
2010-07-23,25.84000015258789,26.020000457763672,25.25,25.809999465942383,20.340328216552734,108520100
2010-07-26,25.860000610351562,26.200000762939453,25.799999237060547,26.100000381469727,20.568870544433594,67249900
2010-07-27,26.139999389648438,26.239999771118164,25.959999084472656,26.15999984741211,20.616159439086914,60672100
2010-07-28,26.06999969482422,26.190000534057617,25.829999923706055,25.950000762939453,20.450658798217773,69704800
2010-07-29,26.1299991607666,26.40999984741211,25.600000381469727,26.030000686645508,20.513710021972656,69446200
2010-07-30,25.75,25.84000015258789,25.350000381469727,25.809999465942383,20.340328216552734,83534800
2010-08-02,25.989999771118164,26.3799991607666,25.75,26.329999923706055,20.7501277923584,55044600
2010-08-03,26.200000762939453,26.350000381469727,25.969999313354492,26.15999984741211,20.616159439086914,56877700
2010-08-04,26.149999618530273,26.239999771118164,25.440000534057617,25.729999542236328,20.277278900146484,78531900
2010-08-05,25.489999771118164,25.579999923706055,25.209999084472656,25.3700008392334,19.993576049804688,64922100
2010-08-06,25.18000030517578,25.559999465942383,25.020000457763672,25.549999237060547,20.135425567626953,55982100
2010-08-09,25.549999237060547,25.729999542236328,25.3700008392334,25.610000610351562,20.182706832885742,57096500
2010-08-10,25.329999923706055,25.34000015258789,24.8799991607666,25.06999969482422,19.757143020629883,87257700
2010-08-11,24.68000030517578,24.899999618530273,24.559999465942383,24.860000610351562,19.59165382385254,76746900
2010-08-12,24.420000076293945,24.68000030517578,24.360000610351562,24.489999771118164,19.300064086914062,70240500
2010-08-13,24.350000381469727,24.670000076293945,24.239999771118164,24.399999618530273,19.229135513305664,45263500
2010-08-16,24.360000610351562,24.610000610351562,24.299999237060547,24.5,19.307937622070312,40909700
2010-08-17,24.709999084472656,24.959999084472656,24.600000381469727,24.709999084472656,19.577320098876953,52912600
2010-08-18,24.68000030517578,24.950000762939453,24.40999984741211,24.81999969482422,19.66446876525879,46818900
2010-08-19,24.6200008392334,24.739999771118164,24.209999084472656,24.440000534057617,19.363401412963867,54064600
2010-08-20,24.309999465942383,24.399999618530273,24.200000762939453,24.229999542236328,19.197025299072266,49560100
2010-08-23,24.440000534057617,24.639999389648438,24.239999771118164,24.280000686645508,19.23664093017578,51643000
2010-08-24,24.09000015258789,24.350000381469727,24.0,24.040000915527344,19.04648780822754,66522500
2010-08-25,24.0,24.219999313354492,23.8700008392334,24.100000381469727,19.09402847290039,47404800
2010-08-26,24.09000015258789,24.190000534057617,23.790000915527344,23.81999969482422,18.87218475341797,49105300
2010-08-27,23.8799991607666,24.020000457763672,23.510000228881836,23.93000030517578,18.9593448638916,60939400
2010-08-30,23.739999771118164,23.81999969482422,23.600000381469727,23.639999389648438,18.729578018188477,45453100
2010-08-31,23.600000381469727,23.729999542236328,23.31999969482422,23.469999313354492,18.594894409179688,66074600
2010-09-01,23.670000076293945,23.950000762939453,23.540000915527344,23.899999618530273,18.93556785583496,65235900
2010-09-02,23.8799991607666,23.950000762939453,23.709999084472656,23.940000534057617,18.967262268066406,48837100
2010-09-03,24.239999771118164,24.450000762939453,24.200000762939453,24.290000915527344,19.24456024169922,64189100
2010-09-07,24.100000381469727,24.299999237060547,23.920000076293945,23.959999084472656,18.98310661315918,51928700
2010-09-08,24.06999969482422,24.200000762939453,23.739999771118164,23.93000030517578,18.9593448638916,65512400
2010-09-09,24.190000534057617,24.209999084472656,23.989999771118164,24.010000228881836,19.022716522216797,46028900
2010-09-10,23.979999542236328,24.030000686645508,23.790000915527344,23.850000381469727,18.89595603942871,58284300
2010-09-13,24.200000762939453,25.290000915527344,24.09000015258789,25.110000610351562,19.89423942565918,114680400
2010-09-14,25.040000915527344,25.350000381469727,24.889999389648438,25.030000686645508,19.830848693847656,87160400
2010-09-15,25.100000381469727,25.219999313354492,24.920000076293945,25.1200008392334,19.902151107788086,56201900
2010-09-16,25.059999465942383,25.3700008392334,25.049999237060547,25.329999923706055,20.068540573120117,44548300
2010-09-17,25.399999618530273,25.530000686645508,25.079999923706055,25.219999313354492,19.981386184692383,70341600
2010-09-20,25.280000686645508,25.520000457763672,25.110000610351562,25.43000030517578,20.147764205932617,49838700
2010-09-21,25.420000076293945,25.420000076293945,25.079999923706055,25.149999618530273,19.925918579101562,52675700
2010-09-22,24.889999389648438,24.969999313354492,24.360000610351562,24.610000610351562,19.498092651367188,94299400
2010-09-23,24.510000228881836,24.59000015258789,24.360000610351562,24.43000030517578,19.35548210144043,46201800
2010-09-24,24.639999389648438,24.799999237060547,24.579999923706055,24.780000686645508,19.63277816772461,51948800
2010-09-27,24.850000381469727,24.989999771118164,24.59000015258789,24.729999542236328,19.593168258666992,43603300
2010-09-28,24.799999237060547,24.899999618530273,24.350000381469727,24.68000030517578,19.553552627563477,56041200
2010-09-29,24.6299991607666,24.65999984741211,24.399999618530273,24.5,19.410940170288086,44318900
2010-09-30,24.610000610351562,24.829999923706055,24.360000610351562,24.489999771118164,19.403024673461914,61262700
2010-10-01,24.770000457763672,24.81999969482422,24.299999237060547,24.3799991607666,19.31586265563965,62672300
2010-10-04,23.959999084472656,23.989999771118164,23.780000686645508,23.90999984741211,18.943492889404297,98143400
2010-10-05,24.059999465942383,24.450000762939453,23.90999984741211,24.350000381469727,19.29210090637207,78152900
2010-10-06,24.31999969482422,24.540000915527344,24.1299991607666,24.43000030517578,19.35548210144043,50489700
2010-10-07,24.6200008392334,24.75,24.280000686645508,24.530000686645508,19.434707641601562,50096100
2010-10-08,24.6200008392334,24.649999618530273,24.3700008392334,24.56999969482422,19.466394424438477,41327800
2010-10-11,24.739999771118164,24.739999771118164,24.5,24.59000015258789,19.48224449157715,27587800
2010-10-12,24.649999618530273,24.93000030517578,24.43000030517578,24.829999923706055,19.672395706176758,50141500
2010-10-13,25.020000457763672,25.540000915527344,24.889999389648438,25.34000015258789,20.076457977294922,75336500
2010-10-14,25.290000915527344,25.34000015258789,25.0,25.229999542236328,19.989301681518555,51949100
2010-10-15,25.360000610351562,25.549999237060547,25.229999542236328,25.540000915527344,20.23491859436035,68954800
2010-10-18,25.59000015258789,25.950000762939453,25.450000762939453,25.81999969482422,20.456756591796875,48330500
2010-10-19,25.270000457763672,25.3700008392334,24.950000762939453,25.100000381469727,19.886310577392578,66150900
2010-10-20,25.260000228881836,25.399999618530273,25.100000381469727,25.309999465942383,20.052688598632812,56283600
2010-10-21,25.399999618530273,25.540000915527344,25.049999237060547,25.420000076293945,20.13983726501465,50032400
2010-10-22,25.520000457763672,25.540000915527344,25.270000457763672,25.3799991607666,20.108142852783203,25837900
2010-10-25,25.239999771118164,25.350000381469727,25.170000076293945,25.190000534057617,19.957618713378906,50912400
2010-10-26,25.1200008392334,25.969999313354492,25.059999465942383,25.899999618530273,20.520132064819336,69304200
2010-10-27,25.790000915527344,26.110000610351562,25.6200008392334,26.049999237060547,20.638978958129883,64805500
2010-10-28,26.209999084472656,26.3799991607666,25.920000076293945,26.280000686645508,20.821203231811523,80730300
2010-10-29,27.149999618530273,27.200000762939453,26.479999542236328,26.670000076293945,21.13019371032715,114193200
2010-11-01,26.8799991607666,27.219999313354492,26.700000762939453,26.950000762939453,21.352031707763672,61912100
2010-11-02,27.059999465942383,27.420000076293945,27.020000457763672,27.389999389648438,21.700639724731445,54402100
2010-11-03,27.459999084472656,27.489999771118164,26.959999084472656,27.030000686645508,21.41541862487793,110255300
2010-11-04,27.40999984741211,27.43000030517578,27.010000228881836,27.139999389648438,21.50257110595703,93599300
2010-11-05,27.170000076293945,27.190000534057617,26.530000686645508,26.850000381469727,21.27280616760254,110953700
2010-11-08,26.68000030517578,28.8700008392334,26.579999923706055,26.809999465942383,21.241111755371094,71670800
2010-11-09,26.809999465942383,27.110000610351562,26.709999084472656,26.950000762939453,21.352031707763672,58538600
2010-11-10,27.010000228881836,27.079999923706055,26.809999465942383,26.940000534057617,21.344114303588867,52277300
2010-11-11,26.68000030517578,26.719999313354492,26.280000686645508,26.68000030517578,21.13812255859375,62073100
2010-11-12,26.469999313354492,26.520000457763672,26.100000381469727,26.270000457763672,20.813283920288086,64962200
2010-11-15,26.329999923706055,26.5,26.170000076293945,26.200000762939453,20.7578182220459,51794600
2010-11-16,26.040000915527344,26.040000915527344,25.649999618530273,25.809999465942383,20.57447624206543,65339200
2010-11-17,25.899999618530273,25.90999984741211,25.549999237060547,25.56999969482422,20.383159637451172,58299700
2010-11-18,25.709999084472656,26.079999923706055,25.610000610351562,25.84000015258789,20.598386764526367,59514000
2010-11-19,25.799999237060547,25.829999923706055,25.600000381469727,25.690000534057617,20.478816986083984,52423200
2010-11-22,25.649999618530273,25.739999771118164,25.440000534057617,25.729999542236328,20.510700225830078,53350500
2010-11-23,25.56999969482422,25.600000381469727,25.09000015258789,25.1200008392334,20.024442672729492,69742500
2010-11-24,25.200000762939453,25.459999084472656,25.15999984741211,25.3700008392334,20.223730087280273,56825900
2010-11-26,25.209999084472656,25.40999984741211,25.170000076293945,25.25,20.128070831298828,21356500
2010-11-29,25.190000534057617,25.420000076293945,24.93000030517578,25.309999465942383,20.175905227661133,56603600
2010-11-30,25.049999237060547,25.469999313354492,25.0,25.260000228881836,20.13604164123535,75282100
2010-12-01,25.56999969482422,26.25,25.559999465942383,26.040000915527344,20.75782012939453,74123500
2010-12-02,26.239999771118164,26.979999542236328,26.200000762939453,26.889999389648438,21.435401916503906,91759200
2010-12-03,26.809999465942383,27.059999465942383,26.780000686645508,27.020000457763672,21.539030075073242,52622000
2010-12-06,26.93000030517578,26.979999542236328,26.760000228881836,26.84000015258789,21.395538330078125,36264200
2010-12-07,27.079999923706055,27.1299991607666,26.850000381469727,26.8700008392334,21.419456481933594,57860500
2010-12-08,26.829999923706055,27.239999771118164,26.799999237060547,27.229999542236328,21.706432342529297,41666800
2010-12-09,27.280000686645508,27.34000015258789,27.010000228881836,27.079999923706055,21.586856842041016,47148300
2010-12-10,27.190000534057617,27.399999618530273,27.110000610351562,27.34000015258789,21.794118881225586,37625800
2010-12-13,27.270000457763672,27.450000762939453,27.170000076293945,27.25,21.72237205505371,47943900
2010-12-14,27.309999465942383,27.75,27.260000228881836,27.6200008392334,22.01732635498047,64070500
2010-12-15,27.530000686645508,27.989999771118164,27.530000686645508,27.850000381469727,22.200668334960938,69634200
2010-12-16,27.760000228881836,27.989999771118164,27.65999984741211,27.989999771118164,22.31226921081543,57680200
2010-12-17,27.920000076293945,28.09000015258789,27.75,27.899999618530273,22.24052619934082,87456500
2010-12-20,27.950000762939453,27.989999771118164,27.68000030517578,27.809999465942383,22.168777465820312,52811000
2010-12-21,27.850000381469727,28.139999389648438,27.760000228881836,28.06999969482422,22.37603759765625,38153000
2010-12-22,28.010000228881836,28.399999618530273,27.979999542236328,28.190000534057617,22.471689224243164,42252300
2010-12-23,27.969999313354492,28.31999969482422,27.959999084472656,28.299999237060547,22.55937957763672,24902500
2010-12-27,28.1200008392334,28.200000762939453,27.8799991607666,28.06999969482422,22.37603759765625,21652800
2010-12-28,27.969999313354492,28.170000076293945,27.959999084472656,28.010000228881836,22.32820701599121,23042200
2010-12-29,27.940000534057617,28.1200008392334,27.8799991607666,27.969999313354492,22.29632568359375,19502500
2010-12-30,27.920000076293945,28.0,27.780000686645508,27.850000381469727,22.200668334960938,20786100
2010-12-31,27.799999237060547,27.920000076293945,27.6299991607666,27.90999984741211,22.24849510192871,24752000
2011-01-03,28.049999237060547,28.18000030517578,27.920000076293945,27.979999542236328,22.304296493530273,53443800
2011-01-04,27.940000534057617,28.170000076293945,27.850000381469727,28.09000015258789,22.391983032226562,54405600
2011-01-05,27.899999618530273,28.010000228881836,27.770000457763672,28.0,22.320236206054688,58998700
2011-01-06,28.040000915527344,28.850000381469727,27.860000610351562,28.81999969482422,22.973899841308594,88026300
2011-01-07,28.639999389648438,28.739999771118164,28.25,28.600000381469727,22.798524856567383,73762000
2011-01-10,28.260000228881836,28.399999618530273,28.040000915527344,28.219999313354492,22.49560546875,57573600
2011-01-11,28.200000762939453,28.25,28.049999237060547,28.110000610351562,22.407922744750977,50298900
2011-01-12,28.1200008392334,28.59000015258789,28.06999969482422,28.549999237060547,22.758678436279297,52631100
2011-01-13,28.329999923706055,28.389999389648438,28.010000228881836,28.190000534057617,22.471689224243164,67077600
2011-01-14,28.079999923706055,28.3799991607666,27.90999984741211,28.299999237060547,22.55937957763672,62688400
2011-01-18,28.15999984741211,28.739999771118164,28.139999389648438,28.65999984741211,22.84636116027832,53322700
2011-01-19,28.459999084472656,28.68000030517578,28.270000457763672,28.469999313354492,22.694894790649414,50005900
2011-01-20,28.5,28.549999237060547,28.1299991607666,28.350000381469727,22.599239349365234,58613600
2011-01-21,28.399999618530273,28.43000030517578,28.020000457763672,28.020000457763672,22.336185455322266,58080300
2011-01-24,28.020000457763672,28.559999465942383,27.989999771118164,28.3799991607666,22.623159408569336,52047800
2011-01-25,28.139999389648438,28.450000762939453,28.1200008392334,28.450000762939453,22.6789608001709,42436600
2011-01-26,28.510000228881836,28.989999771118164,28.5,28.780000686645508,22.942018508911133,74628800
2011-01-27,28.75,29.459999084472656,28.489999771118164,28.8700008392334,23.013761520385742,146938600
2011-01-28,28.899999618530273,28.93000030517578,27.450000762939453,27.75,22.120943069458008,141249400
2011-01-31,27.770000457763672,27.899999618530273,27.420000076293945,27.729999542236328,22.105003356933594,65029000
2011-02-01,27.799999237060547,28.059999465942383,27.610000610351562,27.989999771118164,22.31226921081543,62810700
2011-02-02,27.93000030517578,28.110000610351562,27.8799991607666,27.940000534057617,22.27240562438965,45824000
2011-02-03,27.969999313354492,27.969999313354492,27.540000915527344,27.649999618530273,22.041236877441406,60340100
2011-02-04,27.700000762939453,27.84000015258789,27.510000228881836,27.770000457763672,22.136892318725586,40412200
2011-02-07,27.799999237060547,28.34000015258789,27.790000915527344,28.200000762939453,22.47966766357422,68980900
2011-02-08,28.100000381469727,28.34000015258789,28.049999237060547,28.280000686645508,22.543439865112305,34904200
2011-02-09,28.190000534057617,28.260000228881836,27.90999984741211,27.969999313354492,22.29632568359375,52905100
2011-02-10,27.93000030517578,27.940000534057617,27.290000915527344,27.5,21.92166519165039,76672400
2011-02-11,27.760000228881836,27.809999465942383,27.06999969482422,27.25,21.72237205505371,83939700
2011-02-14,27.209999084472656,27.270000457763672,26.950000762939453,27.229999542236328,21.706432342529297,56766200
2011-02-15,27.040000915527344,27.329999923706055,26.950000762939453,26.959999084472656,21.618223190307617,44116500
2011-02-16,27.049999237060547,27.06999969482422,26.600000381469727,27.020000457763672,21.666345596313477,70817900
2011-02-17,26.969999313354492,27.3700008392334,26.90999984741211,27.209999084472656,21.818689346313477,57207300
2011-02-18,27.1299991607666,27.209999084472656,26.989999771118164,27.059999465942383,21.698413848876953,68667800
2011-02-22,26.780000686645508,27.100000381469727,26.520000457763672,26.59000015258789,21.3215389251709,60889000
2011-02-23,26.530000686645508,26.860000610351562,26.43000030517578,26.59000015258789,21.3215389251709,60234100
2011-02-24,26.639999389648438,27.059999465942383,26.5,26.770000457763672,21.465877532958984,64494200
2011-02-25,26.90999984741211,26.950000762939453,26.5,26.549999237060547,21.28946304321289,53006300
2011-02-28,26.690000534057617,26.860000610351562,26.510000228881836,26.579999923706055,21.313518524169922,51379900
2011-03-01,26.600000381469727,26.780000686645508,26.149999618530273,26.15999984741211,20.976743698120117,60055000
2011-03-02,26.110000610351562,26.3700008392334,26.040000915527344,26.079999923706055,20.91259002685547,48658200
2011-03-03,26.260000228881836,26.399999618530273,26.18000030517578,26.200000762939453,21.00881004333496,68271500
2011-03-04,26.219999313354492,26.239999771118164,25.799999237060547,25.950000762939453,20.808345794677734,70437200
2011-03-07,26.1299991607666,26.270000457763672,25.549999237060547,25.719999313354492,20.623918533325195,64980400
2011-03-08,25.770000457763672,26.020000457763672,25.649999618530273,25.90999984741211,20.776273727416992,50549800
2011-03-09,25.809999465942383,25.979999542236328,25.65999984741211,25.889999389648438,20.76023292541504,39789100
2011-03-10,25.6200008392334,25.709999084472656,25.350000381469727,25.40999984741211,20.375343322753906,66549500
2011-03-11,25.40999984741211,25.850000381469727,25.360000610351562,25.68000030517578,20.591838836669922,49905800
2011-03-14,25.489999771118164,25.760000228881836,25.350000381469727,25.690000534057617,20.59986114501953,54473400
2011-03-15,25.079999923706055,25.469999313354492,25.0,25.389999389648438,20.359304428100586,76067300
2011-03-16,25.219999313354492,25.280000686645508,24.68000030517578,24.790000915527344,19.87818717956543,100725400
2011-03-17,25.059999465942383,25.219999313354492,24.75,24.780000686645508,19.87017059326172,62497000
2011-03-18,25.059999465942383,25.18000030517578,24.799999237060547,24.799999237060547,19.886201858520508,85486700
2011-03-21,25.18000030517578,25.579999923706055,25.149999618530273,25.329999923706055,20.31119728088379,46878100
2011-03-22,25.299999237060547,25.459999084472656,25.229999542236328,25.299999237060547,20.287128448486328,30895600
2011-03-23,25.229999542236328,25.610000610351562,25.18000030517578,25.540000915527344,20.479583740234375,43969000
2011-03-24,25.600000381469727,25.8700008392334,25.5,25.809999465942383,20.69608497619629,38696700
2011-03-25,25.93000030517578,25.950000762939453,25.59000015258789,25.6200008392334,20.54372215270996,57029800
2011-03-28,25.65999984741211,25.719999313354492,25.3799991607666,25.40999984741211,20.375343322753906,48973200
2011-03-29,25.34000015258789,25.520000457763672,25.299999237060547,25.489999771118164,20.43949317932129,40763500
2011-03-30,25.600000381469727,25.719999313354492,25.5,25.610000610351562,20.535715103149414,41999300
2011-03-31,25.600000381469727,25.68000030517578,25.34000015258789,25.389999389648438,20.359304428100586,63233700
2011-04-01,25.530000686645508,25.530000686645508,25.309999465942383,25.479999542236328,20.431472778320312,63114200
2011-04-04,25.450000762939453,25.65999984741211,25.40999984741211,25.549999237060547,20.48759651184082,35433700
2011-04-05,25.81999969482422,26.18000030517578,25.739999771118164,25.780000686645508,20.672027587890625,73651100
2011-04-06,25.979999542236328,26.309999465942383,25.860000610351562,26.149999618530273,20.968719482421875,65581400
2011-04-07,26.190000534057617,26.260000228881836,25.969999313354492,26.200000762939453,21.00881004333496,46134700
2011-04-08,26.170000076293945,26.280000686645508,25.959999084472656,26.06999969482422,20.90456771850586,39887600
2011-04-11,26.190000534057617,26.25,25.799999237060547,25.979999542236328,20.832399368286133,34286300
2011-04-12,25.829999923706055,25.850000381469727,25.549999237060547,25.639999389648438,20.559768676757812,36920400
2011-04-13,25.649999618530273,25.8700008392334,25.559999465942383,25.6299991607666,20.551753997802734,38144700
2011-04-14,25.420000076293945,25.440000534057617,25.09000015258789,25.420000076293945,20.38335609436035,55239900
2011-04-15,25.459999084472656,25.559999465942383,25.18000030517578,25.3700008392334,20.343265533447266,65080400
2011-04-18,25.100000381469727,25.280000686645508,24.719999313354492,25.079999923706055,20.11072540283203,58045100
2011-04-19,25.0,25.170000076293945,24.8700008392334,25.149999618530273,20.166852951049805,38892400
2011-04-20,25.540000915527344,26.0,25.510000228881836,25.760000228881836,20.655996322631836,61608600
2011-04-21,25.790000915527344,25.889999389648438,25.360000610351562,25.520000457763672,20.463546752929688,46892300
2011-04-25,25.559999465942383,25.6200008392334,25.34000015258789,25.610000610351562,20.535715103149414,33525100
2011-04-26,25.739999771118164,26.440000534057617,25.670000076293945,26.190000534057617,21.000795364379883,69200000
2011-04-27,26.299999237060547,26.389999389648438,26.1299991607666,26.3799991607666,21.153141021728516,52689000
2011-04-28,26.459999084472656,26.8700008392334,26.399999618530273,26.709999084472656,21.417760848999023,80200000
2011-04-29,26.549999237060547,26.639999389648438,25.360000610351562,25.920000076293945,20.784290313720703,319317900
2011-05-02,25.940000534057617,26.0,25.479999542236328,25.65999984741211,20.575801849365234,89825600
2011-05-03,25.600000381469727,25.850000381469727,25.489999771118164,25.809999465942383,20.69608497619629,71892900
2011-05-04,25.850000381469727,26.25,25.790000915527344,26.059999465942383,20.89655113220215,73292300
2011-05-05,26.049999237060547,26.079999923706055,25.68000030517578,25.790000915527344,20.680044174194336,55600000
2011-05-06,26.06999969482422,26.219999313354492,25.75,25.8700008392334,20.74419593811035,55993000
2011-05-09,25.799999237060547,25.959999084472656,25.670000076293945,25.829999923706055,20.712125778198242,38696400
2011-05-10,25.3799991607666,25.850000381469727,25.25,25.670000076293945,20.58382225036621,120798700
2011-05-11,25.649999618530273,25.65999984741211,25.209999084472656,25.360000610351562,20.335248947143555,78600000
2011-05-12,25.350000381469727,25.389999389648438,25.100000381469727,25.31999969482422,20.30316925048828,77400000
2011-05-13,25.280000686645508,25.31999969482422,24.950000762939453,25.030000686645508,20.070629119873047,66812300
2011-05-16,24.959999084472656,25.06999969482422,24.5,24.56999969482422,19.701766967773438,91350900
2011-05-17,24.399999618530273,24.700000762939453,24.270000457763672,24.520000457763672,19.79055404663086,82882100
2011-05-18,24.530000686645508,24.739999771118164,24.25,24.690000534057617,19.92776870727539,53931100
2011-05-19,24.850000381469727,24.8799991607666,24.5,24.719999313354492,19.951976776123047,37783600
2011-05-20,24.719999313354492,24.8700008392334,24.440000534057617,24.489999771118164,19.76634407043457,45451500
2011-05-23,24.209999084472656,24.25,24.030000686645508,24.170000076293945,19.50806427001953,52692500
2011-05-24,24.200000762939453,24.290000915527344,24.040000915527344,24.149999618530273,19.491920471191406,47691800
2011-05-25,24.170000076293945,24.309999465942383,24.15999984741211,24.190000534057617,19.52420997619629,34904200
2011-05-26,24.350000381469727,25.030000686645508,24.31999969482422,24.670000076293945,19.91162109375,78016600
2011-05-27,24.68000030517578,24.899999618530273,24.649999618530273,24.760000228881836,19.98426628112793,50251000
2011-05-31,24.959999084472656,25.059999465942383,24.700000762939453,25.010000228881836,20.18604278564453,60196300
2011-06-01,24.989999771118164,25.100000381469727,24.3700008392334,24.43000030517578,19.71791648864746,74033500
2011-06-02,24.489999771118164,24.649999618530273,24.18000030517578,24.219999313354492,19.548419952392578,51487800
2011-06-03,24.049999237060547,24.139999389648438,23.84000015258789,23.90999984741211,19.2982177734375,60697700
2011-06-06,23.889999389648438,24.25,23.770000457763672,24.010000228881836,19.378921508789062,54778700
2011-06-07,24.09000015258789,24.170000076293945,23.899999618530273,24.059999465942383,19.419286727905273,41112600
2011-06-08,23.899999618530273,24.020000457763672,23.860000610351562,23.940000534057617,19.32242774963379,42205000
2011-06-09,24.010000228881836,24.040000915527344,23.81999969482422,23.959999084472656,19.33856773376465,42878700
2011-06-10,24.020000457763672,24.020000457763672,23.690000534057617,23.709999084472656,19.136791229248047,49327200
2011-06-13,23.790000915527344,24.190000534057617,23.700000762939453,24.040000915527344,19.403135299682617,47572500
2011-06-14,24.299999237060547,24.450000762939453,24.190000534057617,24.219999313354492,19.548419952392578,42894500
2011-06-15,24.0,24.010000228881836,23.670000076293945,23.739999771118164,19.16100311279297,49410200
2011-06-16,23.75,24.100000381469727,23.649999618530273,24.0,19.370861053466797,57184100
2011-06-17,24.219999313354492,24.299999237060547,23.979999542236328,24.260000228881836,19.58070182800293,83320400
2011-06-20,24.170000076293945,24.65999984741211,24.15999984741211,24.469999313354492,19.750200271606445,54338400
2011-06-21,24.520000457763672,24.860000610351562,24.399999618530273,24.760000228881836,19.98426628112793,49708700
2011-06-22,24.600000381469727,24.809999465942383,24.59000015258789,24.649999618530273,19.895479202270508,44287300
2011-06-23,24.440000534057617,24.649999618530273,24.200000762939453,24.6299991607666,19.879335403442383,59470400
2011-06-24,24.510000228881836,24.540000915527344,24.190000534057617,24.299999237060547,19.612991333007812,101387200
2011-06-27,24.229999542236328,25.459999084472656,24.229999542236328,25.200000762939453,20.339401245117188,92044200
2011-06-28,25.299999237060547,25.920000076293945,25.15999984741211,25.799999237060547,20.823673248291016,81032100
2011-06-29,25.709999084472656,25.709999084472656,25.360000610351562,25.6200008392334,20.678386688232422,66051000
2011-06-30,25.739999771118164,26.0,25.65999984741211,26.0,20.98509407043457,52535400
2011-07-01,25.93000030517578,26.170000076293945,25.84000015258789,26.020000457763672,21.001230239868164,52906200
2011-07-05,26.100000381469727,26.149999618530273,25.899999618530273,26.030000686645508,21.009307861328125,37805300
2011-07-06,25.969999313354492,26.3700008392334,25.959999084472656,26.329999923706055,21.251440048217773,48744200
2011-07-07,26.489999771118164,26.8799991607666,26.360000610351562,26.770000457763672,21.606576919555664,51946500
2011-07-08,26.540000915527344,26.979999542236328,26.510000228881836,26.920000076293945,21.727643966674805,58320700
2011-07-11,26.6200008392334,26.799999237060547,26.489999771118164,26.6299991607666,21.493572235107422,43999800
2011-07-12,26.549999237060547,26.790000915527344,26.34000015258789,26.540000915527344,21.420934677124023,47319300
2011-07-13,26.600000381469727,26.959999084472656,26.510000228881836,26.6299991607666,21.493572235107422,40861800
2011-07-14,26.6200008392334,27.010000228881836,26.360000610351562,26.469999313354492,21.36443519592285,46382300
2011-07-15,26.469999313354492,26.93000030517578,26.469999313354492,26.780000686645508,21.614648818969727,49132400
2011-07-18,26.6299991607666,26.899999618530273,26.260000228881836,26.59000015258789,21.461294174194336,44501900
2011-07-19,26.809999465942383,27.639999389648438,26.780000686645508,27.540000915527344,22.228052139282227,86730600
2011-07-20,27.280000686645508,27.350000381469727,26.979999542236328,27.059999465942383,21.840639114379883,49795400
2011-07-21,27.040000915527344,27.309999465942383,26.649999618530273,27.100000381469727,21.872922897338867,81737400
2011-07-22,26.860000610351562,27.549999237060547,26.68000030517578,27.530000686645508,22.219980239868164,76380600
2011-07-25,27.260000228881836,28.09000015258789,27.190000534057617,27.90999984741211,22.52668571472168,108482400
2011-07-26,27.81999969482422,28.149999618530273,27.780000686645508,28.079999923706055,22.663902282714844,74636500
2011-07-27,27.8799991607666,27.989999771118164,27.200000762939453,27.329999923706055,22.05855941772461,71488700
2011-07-28,27.290000915527344,28.06999969482422,27.209999084472656,27.719999313354492,22.373334884643555,83761400
2011-07-29,27.520000457763672,27.709999084472656,27.260000228881836,27.399999618530273,22.11505889892578,104394800
2011-08-01,27.510000228881836,27.690000534057617,26.75,27.270000457763672,22.0101318359375,61838400
2011-08-02,26.979999542236328,27.450000762939453,26.760000228881836,26.799999237060547,21.630786895751953,63883100
2011-08-03,26.829999923706055,27.0,26.479999542236328,26.920000076293945,21.727643966674805,64581200
2011-08-04,26.530000686645508,26.8700008392334,25.93000030517578,25.940000534057617,20.936664581298828,92949500
2011-08-05,25.969999313354492,26.100000381469727,25.229999542236328,25.68000030517578,20.726816177368164,112071700
2011-08-08,25.020000457763672,25.600000381469727,24.389999389648438,24.479999542236328,19.75826644897461,134257200
2011-08-09,24.709999084472656,25.6200008392334,24.030000686645508,25.579999923706055,20.646099090576172,126268900
2011-08-10,24.950000762939453,25.09000015258789,24.100000381469727,24.200000762939453,19.532276153564453,127819900
2011-08-11,24.5,25.3799991607666,24.399999618530273,25.190000534057617,20.331329345703125,90690100
2011-08-12,25.1299991607666,25.34000015258789,24.649999618530273,25.100000381469727,20.25868797302246,64787100
2011-08-15,25.239999771118164,25.579999923706055,25.149999618530273,25.510000228881836,20.589601516723633,56529400
2011-08-16,25.219999313354492,25.59000015258789,25.049999237060547,25.350000381469727,20.589603424072266,54251500
2011-08-17,25.25,25.700000762939453,24.93000030517578,25.25,20.508384704589844,50923700
2011-08-18,24.56999969482422,25.09000015258789,24.030000686645508,24.670000076293945,20.037294387817383,105714200
2011-08-19,24.40999984741211,24.6200008392334,23.90999984741211,24.049999237060547,19.533727645874023,77397900
2011-08-22,24.420000076293945,24.489999771118164,23.790000915527344,23.979999542236328,19.47687339782715,54721000
2011-08-23,24.030000686645508,24.75,24.030000686645508,24.719999313354492,20.077909469604492,59670600
2011-08-24,24.649999618530273,24.93000030517578,24.420000076293945,24.899999618530273,20.224111557006836,45329700
2011-08-25,25.079999923706055,25.15999984741211,24.5,24.56999969482422,19.956077575683594,48192000
2011-08-26,24.510000228881836,25.34000015258789,24.420000076293945,25.25,20.508384704589844,71957000
2011-08-29,25.530000686645508,25.860000610351562,25.3700008392334,25.84000015258789,20.987590789794922,38863200
2011-08-30,25.729999542236328,26.43000030517578,25.700000762939453,26.229999542236328,21.304353713989258,57341400
2011-08-31,26.290000915527344,26.709999084472656,26.260000228881836,26.600000381469727,21.604877471923828,59300800
2011-09-01,26.459999084472656,26.860000610351562,26.209999084472656,26.209999084472656,21.28811264038086,60510800
2011-09-02,25.780000686645508,26.0,25.65999984741211,25.799999237060547,20.955102920532227,43894400
2011-09-06,25.200000762939453,25.59000015258789,25.110000610351562,25.510000228881836,20.719558715820312,54929300
2011-09-07,25.690000534057617,26.0,25.56999969482422,26.0,21.117544174194336,41961000
2011-09-08,26.0,26.65999984741211,25.950000762939453,26.219999313354492,21.29623031616211,65811900
2011-09-09,26.0,26.18000030517578,25.5,25.739999771118164,20.9063663482666,64529200
2011-09-12,25.440000534057617,25.93000030517578,25.270000457763672,25.889999389648438,21.028200149536133,55046100
2011-09-13,25.920000076293945,26.190000534057617,25.809999465942383,26.040000915527344,21.150035858154297,48792300
2011-09-14,26.170000076293945,26.799999237060547,25.889999389648438,26.5,21.52365493774414,66739200
2011-09-15,26.729999542236328,27.030000686645508,26.309999465942383,26.989999771118164,21.921630859375,67808300
2011-09-16,27.049999237060547,27.270000457763672,26.829999923706055,27.1200008392334,22.0272274017334,89681500
2011-09-19,26.799999237060547,27.309999465942383,26.600000381469727,27.209999084472656,22.100318908691406,52324900
2011-09-20,27.309999465942383,27.5,26.93000030517578,26.979999542236328,21.91351318359375,49211900
2011-09-21,27.049999237060547,27.059999465942383,25.969999313354492,25.989999771118164,21.10942268371582,72750700
2011-09-22,25.299999237060547,25.649999618530273,24.600000381469727,25.059999465942383,20.35405921936035,96278300
2011-09-23,24.899999618530273,25.149999618530273,24.690000534057617,25.059999465942383,20.35405921936035,64768100
2011-09-26,25.190000534057617,25.520000457763672,24.729999542236328,25.440000534057617,20.662702560424805,51057600
2011-09-27,25.65999984741211,25.920000076293945,25.450000762939453,25.670000076293945,20.849515914916992,55620700
2011-09-28,25.93000030517578,26.3700008392334,25.510000228881836,25.579999923706055,20.776412963867188,60736200
2011-09-29,25.979999542236328,26.170000076293945,25.09000015258789,25.450000762939453,20.67082977294922,63407300
2011-09-30,25.200000762939453,25.5,24.8799991607666,24.889999389648438,20.215986251831055,54060500
2011-10-03,24.719999313354492,25.34000015258789,24.520000457763672,24.530000686645508,19.923585891723633,64592500
2011-10-04,24.299999237060547,25.389999389648438,24.260000228881836,25.34000015258789,20.58148193359375,83485400
2011-10-05,25.420000076293945,26.15999984741211,25.15999984741211,25.889999389648438,21.028200149536133,94061300
2011-10-06,25.899999618530273,26.399999618530273,25.700000762939453,26.34000015258789,21.393693923950195,55111400
2011-10-07,26.34000015258789,26.510000228881836,26.200000762939453,26.25,21.320598602294922,52741600
2011-10-10,26.579999923706055,26.969999313354492,26.469999313354492,26.940000534057617,21.88102149963379,41815300
2011-10-11,26.860000610351562,27.06999969482422,26.719999313354492,27.0,21.92975425720215,38826200
2011-10-12,27.18000030517578,27.309999465942383,26.899999618530273,26.959999084472656,21.89727210998535,52489800
2011-10-13,26.760000228881836,27.200000762939453,26.6200008392334,27.18000030517578,22.075958251953125,43823500
2011-10-14,27.309999465942383,27.5,27.020000457763672,27.270000457763672,22.1490535736084,50947700
2011-10-17,27.110000610351562,27.420000076293945,26.850000381469727,26.979999542236328,21.91351318359375,39453300
2011-10-18,26.940000534057617,27.399999618530273,26.799999237060547,27.309999465942383,22.18154525756836,52487900
2011-10-19,27.3700008392334,27.469999313354492,27.010000228881836,27.1299991607666,22.035343170166016,42880000
2011-10-20,27.260000228881836,27.34000015258789,26.399999618530273,27.040000915527344,21.962244033813477,76300200
2011-10-21,27.149999618530273,27.190000534057617,26.799999237060547,27.15999984741211,22.05970573425293,76620600
2011-10-24,27.059999465942383,27.399999618530273,27.040000915527344,27.190000534057617,22.08407974243164,56897800
2011-10-25,27.079999923706055,27.229999542236328,26.719999313354492,26.809999465942383,21.775440216064453,53554600
2011-10-26,27.030000686645508,27.059999465942383,26.100000381469727,26.59000015258789,21.596752166748047,63029900
2011-10-27,27.1299991607666,27.399999618530273,26.649999618530273,27.25,22.132808685302734,74512400
2011-10-28,27.139999389648438,27.190000534057617,26.790000915527344,26.979999542236328,21.91351318359375,57712100
2011-10-31,26.760000228881836,27.0,26.6200008392334,26.6299991607666,21.62923812866211,46799000
2011-11-01,26.190000534057617,26.31999969482422,25.860000610351562,25.989999771118164,21.10942268371582,61182600
2011-11-02,26.100000381469727,26.200000762939453,25.700000762939453,26.010000228881836,21.125659942626953,53533100
2011-11-03,26.239999771118164,26.59000015258789,25.979999542236328,26.530000686645508,21.548019409179688,65836100
2011-11-04,26.3799991607666,26.399999618530273,26.0,26.25,21.320598602294922,36549200
2011-11-07,26.209999084472656,26.81999969482422,26.1299991607666,26.799999237060547,21.76731300354004,42589700
2011-11-08,27.010000228881836,27.200000762939453,26.690000534057617,27.15999984741211,22.05970573425293,47822500
2011-11-09,26.59000015258789,26.75,26.059999465942383,26.200000762939453,21.279983520507812,62950900
2011-11-10,26.469999313354492,26.5,26.1200008392334,26.280000686645508,21.34496307373047,32514400
2011-11-11,26.579999923706055,27.079999923706055,26.56999969482422,26.90999984741211,21.85666275024414,37903000
2011-11-14,26.8799991607666,27.0,26.649999618530273,26.760000228881836,21.73482322692871,34199200
2011-11-15,26.559999465942383,26.940000534057617,26.399999618530273,26.739999771118164,21.88212776184082,43874200
2011-11-16,26.469999313354492,26.510000228881836,26.040000915527344,26.06999969482422,21.33384132385254,53262800
2011-11-17,26.010000228881836,26.040000915527344,25.440000534057617,25.540000915527344,20.900135040283203,70977500
2011-11-18,25.479999542236328,25.5,25.149999618530273,25.299999237060547,20.70372772216797,47626200
2011-11-21,25.239999771118164,25.25,24.899999618530273,25.0,20.45823860168457,61882500
2011-11-22,24.889999389648438,24.959999084472656,24.649999618530273,24.790000915527344,20.286386489868164,49204500
2011-11-23,24.610000610351562,24.790000915527344,24.469999313354492,24.469999313354492,20.02451515197754,49099700
2011-11-25,24.3799991607666,24.670000076293945,24.299999237060547,24.299999237060547,19.885406494140625,26164600
2011-11-28,24.940000534057617,24.969999313354492,24.690000534057617,24.8700008392334,20.351852416992188,46766700
2011-11-29,24.81999969482422,25.040000915527344,24.75,24.84000015258789,20.32729721069336,40917100
2011-11-30,25.3700008392334,25.59000015258789,25.139999389648438,25.579999923706055,20.9328556060791,81350900
2011-12-01,25.559999465942383,25.6299991607666,25.200000762939453,25.280000686645508,20.68736457824707,48545400
2011-12-02,25.59000015258789,25.6200008392334,25.15999984741211,25.219999313354492,20.638269424438477,52293800
2011-12-05,25.780000686645508,25.799999237060547,25.5,25.700000762939453,21.03106117248535,56818400
2011-12-06,25.809999465942383,25.8700008392334,25.610000610351562,25.65999984741211,20.99832534790039,46175300
2011-12-07,25.670000076293945,25.760000228881836,25.34000015258789,25.600000381469727,20.949228286743164,62667000
2011-12-08,25.479999542236328,25.719999313354492,25.3700008392334,25.399999618530273,20.785566329956055,60522200
2011-12-09,25.520000457763672,25.8700008392334,25.5,25.700000762939453,21.03106117248535,53788500
2011-12-12,25.40999984741211,25.56999969482422,25.290000915527344,25.510000228881836,20.875581741333008,38945900
2011-12-13,25.75,26.100000381469727,25.649999618530273,25.760000228881836,21.08016586303711,54581100
2011-12-14,25.719999313354492,25.860000610351562,25.56999969482422,25.59000015258789,20.941049575805664,47926400
2011-12-15,25.719999313354492,25.8799991607666,25.540000915527344,25.559999465942383,20.916494369506836,46213900
2011-12-16,25.670000076293945,26.170000076293945,25.6299991607666,26.0,21.27655792236328,101408100
2011-12-19,26.020000457763672,26.1200008392334,25.459999084472656,25.530000686645508,20.891944885253906,52258300
2011-12-20,25.860000610351562,26.100000381469727,25.809999465942383,26.030000686645508,21.301115036010742,60767600
2011-12-21,26.010000228881836,26.190000534057617,25.440000534057617,25.760000228881836,21.08016586303711,64132500
2011-12-22,25.81999969482422,25.860000610351562,25.479999542236328,25.809999465942383,21.121084213256836,35794100
2011-12-23,25.90999984741211,26.040000915527344,25.729999542236328,26.030000686645508,21.301115036010742,23205800
2011-12-27,25.959999084472656,26.139999389648438,25.93000030517578,26.040000915527344,21.309301376342773,21287200
2011-12-28,26.110000610351562,26.149999618530273,25.760000228881836,25.81999969482422,21.129261016845703,29822500
2011-12-29,25.950000762939453,26.049999237060547,25.860000610351562,26.020000457763672,21.292926788330078,22616900
2011-12-30,26.0,26.1200008392334,25.90999984741211,25.959999084472656,21.243825912475586,27395700
2012-01-03,26.549999237060547,26.959999084472656,26.389999389648438,26.770000457763672,21.906679153442383,64731500
2012-01-04,26.81999969482422,27.469999313354492,26.780000686645508,27.399999618530273,22.422224044799805,80516100
2012-01-05,27.3799991607666,27.729999542236328,27.290000915527344,27.68000030517578,22.651351928710938,56081400
2012-01-06,27.530000686645508,28.190000534057617,27.530000686645508,28.110000610351562,23.003236770629883,99455500
2012-01-09,28.049999237060547,28.100000381469727,27.719999313354492,27.739999771118164,22.700454711914062,59706800
2012-01-10,27.93000030517578,28.149999618530273,27.75,27.84000015258789,22.782289505004883,60014400
2012-01-11,27.43000030517578,27.979999542236328,27.3700008392334,27.719999313354492,22.68408966064453,65582400
2012-01-12,27.8700008392334,28.020000457763672,27.649999618530273,28.0,22.913217544555664,49370800
2012-01-13,27.93000030517578,28.25,27.790000915527344,28.25,23.117799758911133,60196100
2012-01-17,28.399999618530273,28.649999618530273,28.170000076293945,28.260000228881836,23.125986099243164,72395300
2012-01-18,28.309999465942383,28.399999618530273,27.969999313354492,28.229999542236328,23.1014347076416,64860600
2012-01-19,28.15999984741211,28.440000534057617,28.030000686645508,28.1200008392334,23.011415481567383,74053500
2012-01-20,28.81999969482422,29.739999771118164,28.75,29.709999084472656,24.312564849853516,165902900
2012-01-23,29.549999237060547,29.950000762939453,29.350000381469727,29.729999542236328,24.32892608642578,76078100
2012-01-24,29.469999313354492,29.56999969482422,29.18000030517578,29.34000015258789,24.009777069091797,51703300
2012-01-25,29.06999969482422,29.649999618530273,29.06999969482422,29.559999465942383,24.189815521240234,59231700
2012-01-26,29.610000610351562,29.700000762939453,29.399999618530273,29.5,24.14071273803711,49102800
2012-01-27,29.450000762939453,29.530000686645508,29.170000076293945,29.229999542236328,23.91976547241211,44187700
2012-01-30,28.969999313354492,29.6200008392334,28.829999923706055,29.610000610351562,24.230731964111328,51114800
2012-01-31,29.65999984741211,29.700000762939453,29.229999542236328,29.530000686645508,24.165260314941406,50572400
2012-02-01,29.790000915527344,30.049999237060547,29.760000228881836,29.889999389648438,24.459863662719727,67409900
2012-02-02,29.899999618530273,30.170000076293945,29.709999084472656,29.950000762939453,24.50896453857422,52223300
2012-02-03,30.139999389648438,30.399999618530273,30.09000015258789,30.239999771118164,24.74628257751465,41838500
2012-02-06,30.040000915527344,30.219999313354492,29.969999313354492,30.200000762939453,24.713544845581055,28039700
2012-02-07,30.149999618530273,30.489999771118164,30.049999237060547,30.350000381469727,24.836294174194336,39242400
2012-02-08,30.260000228881836,30.670000076293945,30.219999313354492,30.65999984741211,25.089977264404297,49659100
2012-02-09,30.68000030517578,30.799999237060547,30.479999542236328,30.770000457763672,25.179990768432617,50481600
2012-02-10,30.639999389648438,30.799999237060547,30.360000610351562,30.5,24.959043502807617,44605300
2012-02-13,30.6299991607666,30.770000457763672,30.43000030517578,30.579999923706055,25.024507522583008,33319800
2012-02-14,30.329999923706055,30.459999084472656,29.850000381469727,30.25,24.917423248291016,59644000
2012-02-15,30.329999923706055,30.389999389648438,30.030000686645508,30.049999237060547,24.752683639526367,43311300
2012-02-16,30.309999465942383,31.549999237060547,30.299999237060547,31.290000915527344,25.774091720581055,94705100
2012-02-17,31.200000762939453,31.31999969482422,30.950000762939453,31.25,25.741146087646484,70036500
2012-02-21,31.18000030517578,31.610000610351562,31.149999618530273,31.440000534057617,25.897645950317383,50829900
2012-02-22,31.450000762939453,31.68000030517578,31.18000030517578,31.270000457763672,25.75762176513672,49253200
2012-02-23,31.200000762939453,31.59000015258789,31.0,31.3700008392334,25.83998680114746,35034700
2012-02-24,31.479999542236328,31.5,31.239999771118164,31.479999542236328,25.930593490600586,35575400
2012-02-27,31.239999771118164,31.5,31.100000381469727,31.350000381469727,25.82351303100586,34568400
2012-02-28,31.40999984741211,31.93000030517578,31.3799991607666,31.8700008392334,26.251846313476562,45230600
2012-02-29,31.889999389648438,32.0,31.610000610351562,31.739999771118164,26.144765853881836,59323600
2012-03-01,31.93000030517578,32.38999938964844,31.850000381469727,32.290000915527344,26.597806930541992,77344100
2012-03-02,32.310001373291016,32.439998626708984,32.0,32.08000183105469,26.424829483032227,47314200
2012-03-05,32.0099983215332,32.04999923706055,31.6200008392334,31.799999237060547,26.194181442260742,45240000
2012-03-06,31.540000915527344,31.979999542236328,31.489999771118164,31.559999465942383,25.996492385864258,51932900
2012-03-07,31.670000076293945,31.920000076293945,31.530000686645508,31.84000015258789,26.227136611938477,34340400
2012-03-08,32.040000915527344,32.209999084472656,31.899999618530273,32.0099983215332,26.367170333862305,36747400
2012-03-09,32.099998474121094,32.15999984741211,31.920000076293945,31.989999771118164,26.350696563720703,34628400
2012-03-12,31.969999313354492,32.20000076293945,31.81999969482422,32.040000915527344,26.391883850097656,34073600
2012-03-13,32.2400016784668,32.689998626708984,32.150001525878906,32.66999816894531,26.91082000732422,48951700
2012-03-14,32.529998779296875,32.880001068115234,32.4900016784668,32.77000045776367,26.993196487426758,41986900
2012-03-15,32.790000915527344,32.939998626708984,32.58000183105469,32.849998474121094,27.0590877532959,49068300
2012-03-16,32.90999984741211,32.95000076293945,32.5,32.599998474121094,26.853160858154297,65626400
2012-03-19,32.540000915527344,32.61000061035156,32.150001525878906,32.20000076293945,26.523677825927734,44789200
2012-03-20,32.099998474121094,32.150001525878906,31.739999771118164,31.989999771118164,26.350696563720703,41566800
2012-03-21,31.959999084472656,32.150001525878906,31.81999969482422,31.90999984741211,26.284793853759766,37928600
2012-03-22,31.809999465942383,32.09000015258789,31.790000915527344,32.0,26.35893440246582,31749500
2012-03-23,32.099998474121094,32.11000061035156,31.719999313354492,32.0099983215332,26.367170333862305,35912200
2012-03-26,32.189998626708984,32.61000061035156,32.150001525878906,32.59000015258789,26.844928741455078,36758300
2012-03-27,32.650001525878906,32.70000076293945,32.400001525878906,32.52000045776367,26.78725814819336,36274900
2012-03-28,32.52000045776367,32.70000076293945,32.040000915527344,32.189998626708984,26.51543617248535,41344800
2012-03-29,32.060001373291016,32.189998626708984,31.809999465942383,32.119998931884766,26.457780838012695,37038500
2012-03-30,32.400001525878906,32.40999984741211,32.040000915527344,32.2599983215332,26.57309913635254,31749400
2012-04-02,32.220001220703125,32.459999084472656,31.950000762939453,32.290000915527344,26.597806930541992,35853600
2012-04-03,32.15999984741211,32.189998626708984,31.65999984741211,31.940000534057617,26.309513092041016,42752100
2012-04-04,31.65999984741211,31.690000534057617,31.049999237060547,31.209999084472656,25.70819091796875,49455900
2012-04-05,31.149999618530273,31.6299991607666,31.049999237060547,31.520000457763672,25.963542938232422,50368600
2012-04-09,31.219999313354492,31.399999618530273,30.969999313354492,31.100000381469727,25.617582321166992,31056400
2012-04-10,31.059999465942383,31.190000534057617,30.299999237060547,30.469999313354492,25.098648071289062,54131300
2012-04-11,30.43000030517578,30.530000686645508,30.229999542236328,30.350000381469727,24.999801635742188,43014000
2012-04-12,30.479999542236328,31.040000915527344,30.420000076293945,30.979999542236328,25.518741607666016,38304000
2012-04-13,30.889999389648438,31.15999984741211,30.719999313354492,30.809999465942383,25.378705978393555,39749200
2012-04-16,30.989999771118164,31.190000534057617,30.770000457763672,31.079999923706055,25.601112365722656,38124800
2012-04-17,31.270000457763672,31.610000610351562,31.200000762939453,31.440000534057617,25.897645950317383,34361500
2012-04-18,31.280000686645508,31.309999465942383,31.040000915527344,31.139999389648438,25.650531768798828,40552900
2012-04-19,31.1299991607666,31.68000030517578,30.940000534057617,31.010000228881836,25.543455123901367,54781200
2012-04-20,32.150001525878906,32.88999938964844,32.04999923706055,32.41999816894531,26.704898834228516,106045000
2012-04-23,32.310001373291016,32.5,32.029998779296875,32.119998931884766,26.457780838012695,61398200
2012-04-24,32.209999084472656,32.52000045776367,31.829999923706055,31.920000076293945,26.29302978515625,40871100
2012-04-25,31.920000076293945,32.31999969482422,31.8700008392334,32.20000076293945,26.523677825927734,62495500
2012-04-26,32.119998931884766,32.22999954223633,31.920000076293945,32.11000061035156,26.449539184570312,40308100
2012-04-27,32.119998931884766,32.220001220703125,31.8799991607666,31.979999542236328,26.34245491027832,41419100
2012-04-30,31.979999542236328,32.11000061035156,31.920000076293945,32.02000045776367,26.37540626525879,35697200
2012-05-01,32.04999923706055,32.34000015258789,31.950000762939453,32.0099983215332,26.367170333862305,43832300
2012-05-02,31.850000381469727,31.93000030517578,31.639999389648438,31.799999237060547,26.194181442260742,37385300
2012-05-03,31.8799991607666,31.899999618530273,31.610000610351562,31.760000228881836,26.161235809326172,31501300
2012-05-04,31.450000762939453,31.56999969482422,30.920000076293945,30.979999542236328,25.518741607666016,57927200
2012-05-07,30.700000762939453,30.860000610351562,30.56999969482422,30.649999618530273,25.246912002563477,48641400
2012-05-08,30.479999542236328,30.780000686645508,30.170000076293945,30.5,25.12335968017578,46328300
2012-05-09,30.190000534057617,30.829999923706055,30.100000381469727,30.760000228881836,25.337526321411133,50309300
2012-05-10,30.860000610351562,31.020000457763672,30.450000762939453,30.739999771118164,25.32105255126953,43839200
2012-05-11,30.690000534057617,31.540000915527344,30.690000534057617,31.15999984741211,25.667007446289062,43459300
2012-05-14,30.81999969482422,31.040000915527344,30.639999389648438,30.68000030517578,25.271625518798828,40528900
2012-05-15,30.639999389648438,30.799999237060547,30.149999618530273,30.209999084472656,25.047761917114258,61822800
2012-05-16,30.309999465942383,30.31999969482422,29.739999771118164,29.899999618530273,24.790733337402344,60083700
2012-05-17,29.989999771118164,30.209999084472656,29.709999084472656,29.719999313354492,24.641490936279297,48484000
2012-05-18,29.790000915527344,29.809999465942383,29.170000076293945,29.270000457763672,24.268390655517578,56205300
2012-05-21,29.100000381469727,29.790000915527344,29.059999465942383,29.75,24.666372299194336,38787900
2012-05-22,29.690000534057617,29.8799991607666,29.5,29.760000228881836,24.674652099609375,39504900
2012-05-23,29.350000381469727,29.399999618530273,28.639999389648438,29.110000610351562,24.135730743408203,65171000
2012-05-24,29.15999984741211,29.299999237060547,28.760000228881836,29.06999969482422,24.102563858032227,52575000
2012-05-25,29.200000762939453,29.360000610351562,29.010000228881836,29.059999465942383,24.09426498413086,29507200
2012-05-29,29.3799991607666,29.719999313354492,29.219999313354492,29.559999465942383,24.508832931518555,37758800
2012-05-30,29.350000381469727,29.479999542236328,29.1200008392334,29.34000015258789,24.326425552368164,41585500
2012-05-31,29.299999237060547,29.420000076293945,28.940000534057617,29.190000534057617,24.20206069946289,39134000
2012-06-01,28.760000228881836,28.959999084472656,28.440000534057617,28.450000762939453,23.588510513305664,56634300
2012-06-04,28.6200008392334,28.780000686645508,28.31999969482422,28.549999237060547,23.671428680419922,47926300
2012-06-05,28.510000228881836,28.75,28.389999389648438,28.510000228881836,23.63825798034668,45715400
2012-06-06,28.8799991607666,29.3700008392334,28.809999465942383,29.350000381469727,24.334714889526367,46860500
2012-06-07,29.639999389648438,29.700000762939453,29.170000076293945,29.229999542236328,24.235219955444336,37792800
2012-06-08,29.209999084472656,29.68000030517578,29.049999237060547,29.649999618530273,24.583450317382812,42551100
2012-06-11,29.729999542236328,29.809999465942383,28.81999969482422,28.899999618530273,23.961612701416016,46361900
2012-06-12,29.100000381469727,29.299999237060547,28.84000015258789,29.290000915527344,24.28496742248535,35337900
2012-06-13,29.219999313354492,29.440000534057617,29.049999237060547,29.1299991607666,24.152307510375977,32984600
2012-06-14,29.329999923706055,29.459999084472656,28.8799991607666,29.34000015258789,24.326425552368164,39458900
2012-06-15,29.59000015258789,30.079999923706055,29.489999771118164,30.020000457763672,24.890230178833008,62314400
2012-06-18,29.989999771118164,30.030000686645508,29.709999084472656,29.84000015258789,24.740985870361328,58679900
2012-06-19,30.190000534057617,31.110000610351562,30.049999237060547,30.700000762939453,25.45403289794922,75725800
2012-06-20,30.93000030517578,31.049999237060547,30.639999389648438,30.93000030517578,25.644731521606445,36257100
2012-06-21,30.959999084472656,31.139999389648438,30.059999465942383,30.139999389648438,24.98972511291504,48456600
2012-06-22,30.299999237060547,30.729999542236328,30.030000686645508,30.700000762939453,25.45403289794922,45098100
2012-06-25,30.299999237060547,30.31999969482422,29.6200008392334,29.8700008392334,24.765857696533203,42217200
2012-06-26,30.0,30.270000457763672,29.940000534057617,30.020000457763672,24.890230178833008,38421300
2012-06-27,30.190000534057617,30.5,30.030000686645508,30.170000076293945,25.014604568481445,33781700
2012-06-28,29.979999542236328,30.049999237060547,29.420000076293945,29.90999984741211,24.799028396606445,45328400
2012-06-29,30.450000762939453,30.690000534057617,30.139999389648438,30.59000015258789,25.362825393676758,55227200
2012-07-02,30.6200008392334,30.6200008392334,30.209999084472656,30.559999465942383,25.337955474853516,30589100
2012-07-03,30.229999542236328,30.760000228881836,30.170000076293945,30.760000228881836,25.503780364990234,20938100
2012-07-05,30.59000015258789,30.780000686645508,30.3799991607666,30.700000762939453,25.45403289794922,28801900
2012-07-06,30.610000610351562,30.700000762939453,29.950000762939453,30.190000534057617,25.03117561340332,38294800
2012-07-09,30.1200008392334,30.229999542236328,29.780000686645508,30.0,24.873645782470703,30680800
2012-07-10,30.079999923706055,30.219999313354492,29.510000228881836,29.739999771118164,24.65807342529297,37534100
2012-07-11,29.709999084472656,29.739999771118164,29.110000610351562,29.299999237060547,24.29326057434082,39184900
2012-07-12,29.149999618530273,29.18000030517578,28.540000915527344,28.6299991607666,23.73775291442871,63523600
2012-07-13,28.760000228881836,29.479999542236328,28.719999313354492,29.389999389648438,24.36788558959961,39085000
2012-07-16,29.479999542236328,29.530000686645508,29.040000915527344,29.440000534057617,24.409343719482422,27900600
2012-07-17,29.639999389648438,29.860000610351562,29.200000762939453,29.65999984741211,24.59174346923828,33771300
2012-07-18,29.600000381469727,30.450000762939453,29.459999084472656,30.450000762939453,25.24674415588379,41090400
2012-07-19,30.510000228881836,30.799999237060547,30.3799991607666,30.670000076293945,25.429161071777344,46663200
2012-07-20,31.0,31.049999237060547,30.049999237060547,30.1200008392334,24.973142623901367,64021700
2012-07-23,29.56999969482422,29.579999923706055,29.010000228881836,29.280000686645508,24.276681900024414,55151900
2012-07-24,29.239999771118164,29.360000610351562,28.899999618530273,29.149999618530273,24.168893814086914,47723300
2012-07-25,29.239999771118164,29.329999923706055,28.780000686645508,28.829999923706055,23.90357780456543,45579500
2012-07-26,29.229999542236328,29.5,29.09000015258789,29.15999984741211,24.17717933654785,45301400
2012-07-27,29.479999542236328,29.850000381469727,29.18000030517578,29.760000228881836,24.674652099609375,44242600
2012-07-30,29.75,29.81999969482422,29.459999084472656,29.639999389648438,24.575162887573242,28905000
2012-07-31,29.479999542236328,29.709999084472656,29.329999923706055,29.469999313354492,24.4342098236084,37620900
2012-08-01,29.59000015258789,29.649999618530273,29.209999084472656,29.40999984741211,24.38446617126465,31721800
2012-08-02,29.209999084472656,29.530000686645508,28.969999313354492,29.190000534057617,24.20206069946289,39520500
2012-08-03,29.530000686645508,29.940000534057617,29.479999542236328,29.75,24.666372299194336,35859400
2012-08-06,30.0,30.110000610351562,29.809999465942383,29.950000762939453,24.832189559936523,27471800
2012-08-07,30.06999969482422,30.350000381469727,29.8700008392334,30.260000228881836,25.08922004699707,28002900
2012-08-08,30.209999084472656,30.469999313354492,30.110000610351562,30.329999923706055,25.147258758544922,26257600
2012-08-09,30.389999389648438,30.649999618530273,30.299999237060547,30.5,25.288211822509766,24920800
2012-08-10,30.5,30.6200008392334,30.25,30.420000076293945,25.221879959106445,27810300
2012-08-13,30.350000381469727,30.459999084472656,30.15999984741211,30.389999389648438,25.19700050354004,23049100
2012-08-14,30.299999237060547,30.389999389648438,30.010000228881836,30.1299991607666,25.146928787231445,34551400
2012-08-15,30.110000610351562,30.280000686645508,30.020000457763672,30.200000762939453,25.205350875854492,24351000
2012-08-16,30.360000610351562,30.940000534057617,30.260000228881836,30.780000686645508,25.689428329467773,35787200
2012-08-17,30.920000076293945,30.920000076293945,30.59000015258789,30.899999618530273,25.789579391479492,32589900
2012-08-20,30.81999969482422,30.850000381469727,30.579999923706055,30.739999771118164,25.656047821044922,23737700
2012-08-21,30.760000228881836,30.959999084472656,30.610000610351562,30.799999237060547,25.706113815307617,28822700
2012-08-22,30.59000015258789,30.760000228881836,30.469999313354492,30.540000915527344,25.489118576049805,33437400
2012-08-23,30.389999389648438,30.399999618530273,30.079999923706055,30.260000228881836,25.255428314208984,28355600
2012-08-24,30.25,30.6299991607666,30.18000030517578,30.559999465942383,25.505809783935547,22943300
2012-08-27,30.93000030517578,30.959999084472656,30.59000015258789,30.690000534057617,25.614315032958984,34691100
2012-08-28,30.700000762939453,30.799999237060547,30.520000457763672,30.6299991607666,25.56423568725586,23947900
2012-08-29,30.649999618530273,30.75,30.440000534057617,30.649999618530273,25.580921173095703,23346800
2012-08-30,30.530000686645508,30.610000610351562,30.219999313354492,30.31999969482422,25.305505752563477,23982100
2012-08-31,30.600000381469727,30.959999084472656,30.3799991607666,30.81999969482422,25.72281265258789,36590100
2012-09-04,30.450000762939453,30.65999984741211,30.149999618530273,30.389999389648438,25.363922119140625,48556700
2012-09-05,30.219999313354492,30.530000686645508,30.209999084472656,30.389999389648438,25.363922119140625,33650000
2012-09-06,30.5,31.360000610351562,30.459999084472656,31.350000381469727,26.16515350341797,48371700
2012-09-07,31.040000915527344,31.06999969482422,30.729999542236328,30.950000762939453,25.83131217956543,42649100
2012-09-10,30.829999923706055,30.899999618530273,30.510000228881836,30.719999313354492,25.63935089111328,40524000
2012-09-11,30.690000534057617,30.90999984741211,30.610000610351562,30.790000915527344,25.697772979736328,25191800
2012-09-12,30.940000534057617,31.18000030517578,30.729999542236328,30.780000686645508,25.689428329467773,32775800
2012-09-13,30.889999389648438,31.18000030517578,30.399999618530273,30.940000534057617,25.82296371459961,45047300
2012-09-14,31.010000228881836,31.25,30.809999465942383,31.209999084472656,26.048307418823242,51422800
2012-09-17,31.190000534057617,31.260000228881836,31.040000915527344,31.209999084472656,26.048307418823242,36488500
2012-09-18,31.100000381469727,31.209999084472656,31.030000686645508,31.18000030517578,26.02327537536621,34542700
2012-09-19,31.09000015258789,31.190000534057617,31.040000915527344,31.049999237060547,25.91477394104004,48871900
2012-09-20,30.950000762939453,31.479999542236328,30.90999984741211,31.450000762939453,26.24861717224121,45543000
2012-09-21,31.43000030517578,31.610000610351562,31.09000015258789,31.190000534057617,26.031620025634766,102348900
2012-09-24,31.0,31.06999969482422,30.639999389648438,30.780000686645508,25.689428329467773,46825900
2012-09-25,30.950000762939453,31.0,30.360000610351562,30.389999389648438,25.363922119140625,54266400
2012-09-26,30.280000686645508,30.600000381469727,30.040000915527344,30.170000076293945,25.180315017700195,54672000
2012-09-27,30.170000076293945,30.399999618530273,29.889999389648438,30.15999984741211,25.171958923339844,47129900
2012-09-28,30.18000030517578,30.260000228881836,29.739999771118164,29.760000228881836,24.838119506835938,54229300
2012-10-01,29.809999465942383,29.979999542236328,29.420000076293945,29.489999771118164,24.612775802612305,54042700
2012-10-02,29.68000030517578,29.889999389648438,29.5,29.65999984741211,24.754655838012695,43338900
2012-10-03,29.75,29.989999771118164,29.670000076293945,29.860000610351562,24.921586990356445,46655900
2012-10-04,29.969999313354492,30.030000686645508,29.56999969482422,30.030000686645508,25.06346893310547,43634900
2012-10-05,30.229999542236328,30.25,29.739999771118164,29.850000381469727,24.913236618041992,41133900
2012-10-08,29.639999389648438,29.920000076293945,29.549999237060547,29.780000686645508,24.854812622070312,29752000
2012-10-09,29.68000030517578,29.739999771118164,29.18000030517578,29.280000686645508,24.43750762939453,45121100
2012-10-10,29.149999618530273,29.309999465942383,28.950000762939453,28.979999542236328,24.187122344970703,47227100
2012-10-11,29.219999313354492,29.25,28.8700008392334,28.950000762939453,24.162080764770508,41488500
2012-10-12,28.969999313354492,29.31999969482422,28.799999237060547,29.200000762939453,24.37073516845703,46464700
2012-10-15,29.3700008392334,29.719999313354492,29.25,29.510000228881836,24.62946891784668,42440200
2012-10-16,29.450000762939453,29.739999771118164,29.31999969482422,29.489999771118164,24.612775802612305,47739400
2012-10-17,29.299999237060547,29.639999389648438,29.09000015258789,29.59000015258789,24.69623374938965,44206100
2012-10-18,29.649999618530273,29.729999542236328,29.260000228881836,29.5,24.621118545532227,59238500
2012-10-19,29.049999237060547,29.079999923706055,28.5,28.639999389648438,23.903348922729492,90470800
2012-10-22,28.729999542236328,28.829999923706055,27.829999923706055,28.0,23.369197845458984,83374000
2012-10-23,27.770000457763672,28.200000762939453,27.760000228881836,28.049999237060547,23.410930633544922,64414800
2012-10-24,28.15999984741211,28.200000762939453,27.8700008392334,27.899999618530273,23.285736083984375,53320400
2012-10-25,28.190000534057617,28.200000762939453,27.860000610351562,27.8799991607666,23.269044876098633,54084300
2012-10-26,27.860000610351562,28.34000015258789,27.84000015258789,28.209999084472656,23.544469833374023,57790000
2012-10-31,28.549999237060547,28.8799991607666,28.5,28.540000915527344,23.819889068603516,69464100
2012-11-01,28.84000015258789,29.559999465942383,28.81999969482422,29.520000457763672,24.637813568115234,72047900
2012-11-02,29.59000015258789,29.770000457763672,29.329999923706055,29.5,24.621118545532227,57131600
2012-11-05,29.6200008392334,29.739999771118164,29.329999923706055,29.6299991607666,24.7296199798584,38070800
2012-11-06,29.81999969482422,30.200000762939453,29.610000610351562,29.860000610351562,24.921586990356445,43401500
2012-11-07,29.530000686645508,29.829999923706055,29.049999237060547,29.079999923706055,24.270587921142578,57871800
2012-11-08,29.1200008392334,29.3700008392334,28.799999237060547,28.809999465942383,24.045238494873047,49841800
2012-11-09,28.8799991607666,29.190000534057617,28.809999465942383,28.829999923706055,24.061931610107422,43291200
2012-11-12,28.940000534057617,29.010000228881836,28.209999084472656,28.219999313354492,23.552810668945312,61112300
2012-11-13,27.020000457763672,27.299999237060547,26.75,27.09000015258789,22.795490264892578,131689200
2012-11-14,27.239999771118164,27.290000915527344,26.799999237060547,26.84000015258789,22.585121154785156,76086100
2012-11-15,26.8799991607666,26.969999313354492,26.6299991607666,26.65999984741211,22.43365478515625,50955600
2012-11-16,26.670000076293945,26.700000762939453,26.34000015258789,26.520000457763672,22.31585121154785,64083300
2012-11-19,26.799999237060547,26.799999237060547,26.469999313354492,26.729999542236328,22.492555618286133,57179300
2012-11-20,26.760000228881836,26.799999237060547,26.459999084472656,26.709999084472656,22.475725173950195,47070400
2012-11-21,26.709999084472656,27.170000076293945,26.670000076293945,26.950000762939453,22.677682876586914,66360300
2012-11-23,27.229999542236328,27.770000457763672,27.200000762939453,27.700000762939453,23.308786392211914,57845700
2012-11-26,27.540000915527344,27.579999923706055,27.170000076293945,27.389999389648438,23.04793357849121,85198700
2012-11-27,27.360000610351562,27.3799991607666,27.040000915527344,27.079999923706055,22.787080764770508,45018600
2012-11-28,27.010000228881836,27.389999389648438,26.770000457763672,27.360000610351562,23.022686004638672,53018400
2012-11-29,27.110000610351562,27.360000610351562,26.860000610351562,26.950000762939453,22.677682876586914,69551400
2012-11-30,27.049999237060547,27.1299991607666,26.489999771118164,26.6200008392334,22.39999771118164,83690200
2012-12-03,26.780000686645508,26.81999969482422,26.399999618530273,26.43000030517578,22.2401123046875,53173800
2012-12-04,26.5,26.6299991607666,26.34000015258789,26.3700008392334,22.18962860107422,49777500
2012-12-05,26.3799991607666,26.93000030517578,26.260000228881836,26.670000076293945,22.44206428527832,68283800
2012-12-06,26.809999465942383,26.979999542236328,26.610000610351562,26.729999542236328,22.492555618286133,39182300
2012-12-07,26.81999969482422,26.81999969482422,26.3700008392334,26.459999084472656,22.265357971191406,46162100
2012-12-10,26.559999465942383,26.969999313354492,26.520000457763672,26.940000534057617,22.66926383972168,47031100
2012-12-11,27.049999237060547,27.489999771118164,27.049999237060547,27.31999969482422,22.989028930664062,52282800
2012-12-12,27.530000686645508,27.6200008392334,27.079999923706055,27.239999771118164,22.921709060668945,43966300
2012-12-13,27.31999969482422,27.520000457763672,26.950000762939453,27.110000610351562,22.81231689453125,45080100
2012-12-14,27.110000610351562,27.1299991607666,26.700000762939453,26.809999465942383,22.559879302978516,42077500
2012-12-17,26.790000915527344,27.219999313354492,26.68000030517578,27.100000381469727,22.80390167236328,42046100
2012-12-18,27.25,27.6299991607666,27.139999389648438,27.559999465942383,23.190982818603516,50486900
2012-12-19,27.690000534057617,27.729999542236328,27.25,27.309999465942383,22.98060417175293,53519900
2012-12-20,27.360000610351562,27.68000030517578,27.149999618530273,27.68000030517578,23.291955947875977,52607300
2012-12-21,27.450000762939453,27.489999771118164,27.0,27.450000762939453,23.09842300415039,98776500
2012-12-24,27.200000762939453,27.25,27.0,27.059999465942383,22.77024269104004,20842400
2012-12-26,27.030000686645508,27.200000762939453,26.700000762939453,26.860000610351562,22.601947784423828,31631100
2012-12-27,26.889999389648438,27.09000015258789,26.56999969482422,26.959999084472656,22.68609619140625,39394000
2012-12-28,26.709999084472656,26.899999618530273,26.549999237060547,26.549999237060547,22.34109115600586,28239900
2012-12-31,26.59000015258789,26.770000457763672,26.3700008392334,26.709999084472656,22.475725173950195,42749500
2013-01-02,27.25,27.729999542236328,27.149999618530273,27.6200008392334,23.241472244262695,52899300
2013-01-03,27.6299991607666,27.649999618530273,27.15999984741211,27.25,22.93012046813965,48294400
2013-01-04,27.270000457763672,27.34000015258789,26.729999542236328,26.739999771118164,22.5009708404541,52521100
2013-01-07,26.770000457763672,26.8799991607666,26.639999389648438,26.690000534057617,22.45890235900879,37110400
2013-01-08,26.75,26.790000915527344,26.459999084472656,26.549999237060547,22.34109115600586,44703100
2013-01-09,26.719999313354492,26.75,26.559999465942383,26.700000762939453,22.46731185913086,49047900
2013-01-10,26.649999618530273,26.979999542236328,26.290000915527344,26.459999084472656,22.265357971191406,71431300
2013-01-11,26.489999771118164,26.93000030517578,26.280000686645508,26.829999923706055,22.576704025268555,55512100
2013-01-14,26.899999618530273,27.079999923706055,26.760000228881836,26.889999389648438,22.627195358276367,48324400
2013-01-15,26.829999923706055,27.290000915527344,26.829999923706055,27.209999084472656,22.896459579467773,48244500
2013-01-16,27.149999618530273,27.229999542236328,27.010000228881836,27.040000915527344,22.753419876098633,41077400
2013-01-17,27.190000534057617,27.469999313354492,27.059999465942383,27.25,22.93012046813965,51685900
2013-01-18,27.100000381469727,27.290000915527344,27.040000915527344,27.25,22.93012046813965,52167700
2013-01-22,27.299999237060547,27.450000762939453,27.0,27.149999618530273,22.84597396850586,58650600
2013-01-23,27.200000762939453,27.639999389648438,27.200000762939453,27.610000610351562,23.233057022094727,50387700
2013-01-24,27.700000762939453,28.06999969482422,27.469999313354492,27.6299991607666,23.249879837036133,101739300
2013-01-25,27.579999923706055,28.229999542236328,27.389999389648438,27.8799991607666,23.46025276184082,81847700
2013-01-28,28.010000228881836,28.229999542236328,27.760000228881836,27.90999984741211,23.48549461364746,56056500
2013-01-29,27.81999969482422,28.1299991607666,27.600000381469727,28.010000228881836,23.569643020629883,49242600
2013-01-30,28.010000228881836,28.190000534057617,27.760000228881836,27.850000381469727,23.435009002685547,43580500
2013-01-31,27.790000915527344,27.969999313354492,27.399999618530273,27.450000762939453,23.09842300415039,50530000
2013-02-01,27.670000076293945,28.049999237060547,27.549999237060547,27.93000030517578,23.502330780029297,55565900
2013-02-04,27.8700008392334,28.020000457763672,27.420000076293945,27.440000534057617,23.090002059936523,50540000
2013-02-05,27.6200008392334,27.65999984741211,27.360000610351562,27.5,23.140491485595703,35410400
2013-02-06,27.3799991607666,27.540000915527344,27.25,27.34000015258789,23.005857467651367,41889600
2013-02-07,27.350000381469727,27.389999389648438,27.100000381469727,27.280000686645508,22.955366134643555,38028300
2013-02-08,27.350000381469727,27.709999084472656,27.309999465942383,27.549999237060547,23.18256378173828,33318500
2013-02-11,27.649999618530273,27.920000076293945,27.5,27.860000610351562,23.443424224853516,32247700
2013-02-12,27.8799991607666,28.0,27.75,27.8799991607666,23.46025276184082,35990900
2013-02-13,27.93000030517578,28.110000610351562,27.8799991607666,28.030000686645508,23.586469650268555,41715600
2013-02-14,27.920000076293945,28.059999465942383,27.8700008392334,28.040000915527344,23.594890594482422,32663200
2013-02-15,28.040000915527344,28.15999984741211,27.8799991607666,28.010000228881836,23.569643020629883,49650900
2013-02-19,27.8799991607666,28.09000015258789,27.799999237060547,28.049999237060547,23.798723220825195,38781400
2013-02-20,28.1299991607666,28.200000762939453,27.829999923706055,27.8700008392334,23.64600372314453,44110200
2013-02-21,27.739999771118164,27.739999771118164,27.229999542236328,27.489999771118164,23.32359504699707,49078500
2013-02-22,27.68000030517578,27.760000228881836,27.479999542236328,27.760000228881836,23.552675247192383,31425900
2013-02-25,27.969999313354492,28.049999237060547,27.3700008392334,27.3700008392334,23.22178077697754,48011800
2013-02-26,27.3799991607666,27.600000381469727,27.34000015258789,27.3700008392334,23.22178077697754,49923300
2013-02-27,27.420000076293945,28.0,27.329999923706055,27.809999465942383,23.5950927734375,36394700
2013-02-28,27.8799991607666,27.969999313354492,27.739999771118164,27.799999237060547,23.586610794067383,35840200
2013-03-01,27.719999313354492,27.979999542236328,27.520000457763672,27.950000762939453,23.71387481689453,34849700
2013-03-04,27.850000381469727,28.149999618530273,27.700000762939453,28.149999618530273,23.883567810058594,38157500
2013-03-05,28.290000915527344,28.540000915527344,28.15999984741211,28.350000381469727,24.05325698852539,41432200
2013-03-06,28.209999084472656,28.229999542236328,27.780000686645508,28.09000015258789,23.832656860351562,51448500
2013-03-07,28.110000610351562,28.280000686645508,28.010000228881836,28.139999389648438,23.875078201293945,29196700
2013-03-08,28.25,28.329999923706055,27.959999084472656,28.0,23.756303787231445,37667800
2013-03-11,27.940000534057617,27.969999313354492,27.670000076293945,27.8700008392334,23.64600372314453,36627500
2013-03-12,27.84000015258789,27.950000762939453,27.639999389648438,27.90999984741211,23.67994499206543,39255200
2013-03-13,27.8700008392334,28.020000457763672,27.75,27.920000076293945,23.688425064086914,29093400
2013-03-14,28.0,28.15999984741211,27.93000030517578,28.139999389648438,23.875078201293945,55914800
2013-03-15,28.030000686645508,28.15999984741211,27.979999542236328,28.040000915527344,23.790241241455078,92710300
2013-03-18,27.8799991607666,28.280000686645508,27.809999465942383,28.100000381469727,23.841142654418945,44809400
2013-03-19,28.1200008392334,28.219999313354492,28.030000686645508,28.18000030517578,23.909015655517578,51901600
2013-03-20,28.34000015258789,28.489999771118164,28.18000030517578,28.31999969482422,24.027799606323242,35447800
2013-03-21,28.110000610351562,28.360000610351562,28.049999237060547,28.110000610351562,23.849624633789062,34233200
2013-03-22,28.190000534057617,28.34000015258789,28.100000381469727,28.25,23.96840476989746,28720900
2013-03-25,28.299999237060547,28.350000381469727,27.959999084472656,28.15999984741211,23.89204978942871,44154000
2013-03-26,28.239999771118164,28.34000015258789,28.110000610351562,28.15999984741211,23.89204978942871,27824300
2013-03-27,28.139999389648438,28.450000762939453,28.079999923706055,28.3700008392334,24.070219039916992,36047400
2013-03-28,28.31999969482422,28.65999984741211,28.260000228881836,28.610000610351562,24.273847579956055,55453800
2013-04-01,28.639999389648438,28.65999984741211,28.360000610351562,28.610000610351562,24.273847579956055,29201100
2013-04-02,28.59000015258789,28.850000381469727,28.520000457763672,28.799999237060547,24.435043334960938,28456500
2013-04-03,28.75,28.950000762939453,28.540000915527344,28.559999465942383,24.231422424316406,35062800
2013-04-04,28.389999389648438,28.610000610351562,28.270000457763672,28.600000381469727,24.26535987854004,45263200
2013-04-05,28.219999313354492,28.780000686645508,28.110000610351562,28.700000762939453,24.350208282470703,50927300
2013-04-08,28.729999542236328,28.729999542236328,28.469999313354492,28.59000015258789,24.256881713867188,34759500
2013-04-09,28.729999542236328,29.81999969482422,28.68000030517578,29.610000610351562,25.122291564941406,77733800
2013-04-10,29.56999969482422,30.31999969482422,29.520000457763672,30.280000686645508,25.690746307373047,71116700
2013-04-11,29.100000381469727,29.200000762939453,28.729999542236328,28.940000534057617,24.5538330078125,130923200
2013-04-12,28.850000381469727,29.020000457763672,28.65999984741211,28.790000915527344,24.426565170288086,62886300
2013-04-15,28.649999618530273,28.979999542236328,28.510000228881836,28.690000534057617,24.341724395751953,56332900
2013-04-16,28.899999618530273,29.139999389648438,28.700000762939453,28.969999313354492,24.579282760620117,52797300
2013-04-17,28.850000381469727,29.040000915527344,28.600000381469727,28.829999923706055,24.460506439208984,52840700
2013-04-18,28.950000762939453,28.979999542236328,28.5,28.790000915527344,24.426565170288086,56906600
2013-04-19,29.6200008392334,30.239999771118164,29.610000610351562,29.770000457763672,25.258041381835938,99790700
2013-04-22,30.299999237060547,31.18000030517578,30.270000457763672,30.829999923706055,26.157386779785156,137904000
2013-04-23,30.700000762939453,30.899999618530273,30.3799991607666,30.600000381469727,25.96225357055664,59126900
2013-04-24,30.6200008392334,31.920000076293945,30.600000381469727,31.760000228881836,26.946434020996094,90946600
2013-04-25,31.709999084472656,32.84000015258789,31.540000915527344,31.940000534057617,27.099149703979492,110700200
2013-04-26,31.899999618530273,31.979999542236328,31.450000762939453,31.790000915527344,26.97188949584961,47799300
2013-04-29,31.799999237060547,32.68000030517578,31.770000457763672,32.61000061035156,27.667604446411133,59116400
2013-04-30,32.560001373291016,33.11000061035156,32.279998779296875,33.099998474121094,28.083341598510742,75165200
2013-05-01,32.93000030517578,33.08000183105469,32.599998474121094,32.720001220703125,27.76093101501465,54330900
2013-05-02,32.630001068115234,33.16999816894531,32.38999938964844,33.15999984741211,28.13425064086914,46059500
2013-05-03,33.22999954223633,33.52000045776367,33.08000183105469,33.4900016784668,28.414234161376953,46784600
2013-05-06,33.41999816894531,33.90999984741211,33.25,33.75,28.63483428955078,40978300
2013-05-07,33.650001525878906,33.790000915527344,33.2400016784668,33.310001373291016,28.261512756347656,43078300
2013-05-08,33.06999969482422,33.2400016784668,32.650001525878906,32.9900016784668,27.99001693725586,51595700
2013-05-09,32.849998474121094,33.0,32.59000015258789,32.65999984741211,27.71002769470215,46417800
2013-05-10,32.66999816894531,32.720001220703125,32.31999969482422,32.689998626708984,27.735477447509766,36394900
2013-05-13,32.61000061035156,33.06999969482422,32.54999923706055,33.029998779296875,28.023950576782227,36027600
2013-05-14,32.86000061035156,33.529998779296875,32.79999923706055,33.529998779296875,28.64764976501465,56870100
2013-05-15,33.45000076293945,33.900001525878906,33.43000030517578,33.849998474121094,28.921056747436523,46303900
2013-05-16,33.63999938964844,34.150001525878906,33.54999923706055,34.08000183105469,29.117568969726562,59382900
2013-05-17,34.130001068115234,34.869998931884766,34.099998474121094,34.869998931884766,29.79253387451172,60666700
2013-05-20,34.72999954223633,35.099998474121094,34.68000030517578,35.08000183105469,29.97195816040039,54020800
2013-05-21,35.099998474121094,35.27000045776367,34.720001220703125,34.849998474121094,29.77544403076172,48702400
2013-05-22,34.790000915527344,34.84000015258789,34.36000061035156,34.61000061035156,29.570396423339844,66047500
2013-05-23,34.22999954223633,34.54999923706055,33.900001525878906,34.150001525878906,29.1773738861084,51102700
2013-05-24,33.91999816894531,34.279998779296875,33.900001525878906,34.27000045776367,29.27989959716797,33174400
2013-05-28,34.41999816894531,35.18000030517578,34.40999984741211,35.02000045776367,29.92069435119629,48212100
2013-05-29,34.7400016784668,35.02000045776367,34.56999969482422,34.880001068115234,29.80107307434082,38412200
2013-05-30,34.849998474121094,35.25,34.810001373291016,35.029998779296875,29.92923355102539,51131000
2013-05-31,34.81999969482422,35.279998779296875,34.790000915527344,34.900001525878906,29.818166732788086,56165700
2013-06-03,34.91999816894531,35.630001068115234,34.83000183105469,35.59000015258789,30.407695770263672,51252600
2013-06-04,35.619998931884766,35.7400016784668,34.77000045776367,34.9900016784668,29.895061492919922,65529500
2013-06-05,34.599998474121094,34.88999938964844,34.43000030517578,34.779998779296875,29.715639114379883,46025100
2013-06-06,34.84000015258789,35.11000061035156,34.4900016784668,34.959999084472656,29.869434356689453,37618500
2013-06-07,35.25,35.779998779296875,35.060001373291016,35.66999816894531,30.476036071777344,40757300
2013-06-10,35.5099983215332,35.650001525878906,35.13999938964844,35.470001220703125,30.305164337158203,35994500
2013-06-11,35.04999923706055,35.18000030517578,34.68000030517578,34.84000015258789,29.766908645629883,39435900
2013-06-12,35.13999938964844,35.27000045776367,34.849998474121094,35.0,29.90359878540039,37372700
2013-06-13,34.9900016784668,35.02000045776367,34.59000015258789,34.720001220703125,29.66437339782715,45654900
2013-06-14,34.54999923706055,34.689998626708984,34.25,34.400001525878906,29.390972137451172,53192600
2013-06-17,34.689998626708984,35.15999984741211,34.630001068115234,35.0,29.90359878540039,49670100
2013-06-18,34.970001220703125,35.16999816894531,34.900001525878906,34.97999954223633,29.88651466369629,28616500
2013-06-19,34.959999084472656,35.09000015258789,34.59000015258789,34.59000015258789,29.553308486938477,30816200
2013-06-20,34.2599983215332,34.33000183105469,33.369998931884766,33.4900016784668,28.613481521606445,54493700
2013-06-21,33.65999984741211,33.72999954223633,33.04999923706055,33.27000045776367,28.425504684448242,85338500
2013-06-24,32.939998626708984,34.20000076293945,32.56999969482422,33.720001220703125,28.809986114501953,56109000
2013-06-25,34.08000183105469,34.380001068115234,33.459999084472656,33.66999816894531,28.767269134521484,44073400
2013-06-26,34.119998931884766,34.47999954223633,33.88999938964844,34.349998474121094,29.348249435424805,48665900
2013-06-27,34.52000045776367,34.779998779296875,34.5,34.619998931884766,29.578937530517578,28993100
2013-06-28,34.380001068115234,34.790000915527344,34.34000015258789,34.540000915527344,29.510587692260742,65545500
2013-07-01,34.75,34.9900016784668,34.33000183105469,34.36000061035156,29.356794357299805,31055400
2013-07-02,34.40999984741211,34.439998626708984,33.630001068115234,33.939998626708984,28.99795150756836,37630000
2013-07-03,33.65999984741211,34.369998931884766,33.599998474121094,34.0099983215332,29.057758331298828,15994400
2013-07-05,34.09000015258789,34.2400016784668,33.58000183105469,34.209999084472656,29.2286376953125,26085900
2013-07-08,34.349998474121094,34.59000015258789,33.97999954223633,34.33000183105469,29.331165313720703,32396900
2013-07-09,34.58000183105469,34.599998474121094,34.13999938964844,34.349998474121094,29.348249435424805,25318500
2013-07-10,34.34000015258789,34.810001373291016,34.31999969482422,34.70000076293945,29.64728355407715,29658800
2013-07-11,35.0,35.77000045776367,34.900001525878906,35.689998626708984,30.493125915527344,53638300
2013-07-12,35.58000183105469,35.72999954223633,35.279998779296875,35.66999816894531,30.476036071777344,35501200
2013-07-15,35.65999984741211,36.220001220703125,35.58000183105469,36.16999816894531,30.903228759765625,34142600
2013-07-16,36.0099983215332,36.43000030517578,35.959999084472656,36.27000045776367,30.988677978515625,36378500
2013-07-17,36.34000015258789,36.38999938964844,35.4900016784668,35.7400016784668,30.53585433959961,37285100
2013-07-18,35.720001220703125,35.88999938964844,35.220001220703125,35.439998626708984,30.279531478881836,49547100
2013-07-19,32.400001525878906,32.66999816894531,31.020000457763672,31.399999618530273,26.827802658081055,248428500
2013-07-22,31.700000762939453,32.0099983215332,31.600000381469727,32.0099983215332,27.348979949951172,79040700
2013-07-23,31.90999984741211,32.040000915527344,31.709999084472656,31.81999969482422,27.186647415161133,65810400
2013-07-24,32.040000915527344,32.189998626708984,31.889999389648438,31.959999084472656,27.30626106262207,52803100
2013-07-25,31.6200008392334,31.649999618530273,31.25,31.389999389648438,26.819259643554688,63213000
2013-07-26,31.260000228881836,31.6200008392334,31.209999084472656,31.6200008392334,27.015771865844727,38633600
2013-07-29,31.469999313354492,31.600000381469727,31.399999618530273,31.540000915527344,26.94742202758789,28870700
2013-07-30,31.780000686645508,32.119998931884766,31.549999237060547,31.850000381469727,27.2122802734375,45799500
2013-07-31,31.969999313354492,32.04999923706055,31.709999084472656,31.84000015258789,27.2037353515625,43898400
2013-08-01,32.060001373291016,32.09000015258789,31.600000381469727,31.670000076293945,27.058490753173828,42557900
2013-08-02,31.690000534057617,31.899999618530273,31.56999969482422,31.889999389648438,27.24645233154297,29199900
2013-08-05,31.899999618530273,32.0,31.639999389648438,31.700000762939453,27.084123611450195,30984000
2013-08-06,31.549999237060547,31.670000076293945,31.3799991607666,31.579999923706055,26.981595993041992,36331500
2013-08-07,31.540000915527344,32.099998474121094,31.25,32.060001373291016,27.39169692993164,38078600
2013-08-08,32.2400016784668,33.06999969482422,32.04999923706055,32.88999938964844,28.100845336914062,59034400
2013-08-09,32.77000045776367,32.900001525878906,32.470001220703125,32.70000076293945,27.938514709472656,26800700
2013-08-12,32.459999084472656,32.970001220703125,32.459999084472656,32.869998931884766,28.083751678466797,25493700
2013-08-13,32.5099983215332,32.54999923706055,32.209999084472656,32.22999954223633,27.730987548828125,39464100
2013-08-14,32.13999938964844,33.36000061035156,31.700000762939453,32.349998474121094,27.83423614501953,48519600
2013-08-15,32.0,32.18000030517578,30.84000015258789,31.790000915527344,27.35240936279297,33338000
2013-08-16,31.790000915527344,31.989999771118164,31.65999984741211,31.799999237060547,27.36101722717285,32866300
2013-08-19,31.760000228881836,31.969999313354492,31.3799991607666,31.389999389648438,27.008249282836914,27902500
2013-08-20,31.440000534057617,31.899999618530273,31.3700008392334,31.6200008392334,27.206140518188477,22979600
2013-08-21,31.610000610351562,32.0099983215332,31.540000915527344,31.610000610351562,27.197538375854492,37409100
2013-08-22,32.189998626708984,32.4900016784668,32.099998474121094,32.38999938964844,27.8686580657959,31169900
2013-08-23,35.16999816894531,35.20000076293945,34.0,34.75,29.899215698242188,225493800
2013-08-26,34.400001525878906,34.66999816894531,34.029998779296875,34.150001525878906,29.38297462463379,72786800
2013-08-27,33.52000045776367,34.099998474121094,33.150001525878906,33.2599983215332,28.617216110229492,58522300
2013-08-28,33.38999938964844,33.599998474121094,33.0,33.02000045776367,28.410715103149414,44257400
2013-08-29,32.93000030517578,33.599998474121094,32.79999923706055,33.54999923706055,28.866727828979492,45284700
2013-08-30,33.369998931884766,33.47999954223633,33.09000015258789,33.400001525878906,28.737667083740234,42790200
2013-09-03,31.75,32.06999969482422,31.290000915527344,31.8799991607666,27.429845809936523,154507000
2013-09-04,31.389999389648438,31.469999313354492,31.110000610351562,31.200000762939453,26.84476661682129,142320600
2013-09-05,31.100000381469727,31.440000534057617,30.950000762939453,31.229999542236328,26.87057876586914,71644900
2013-09-06,31.309999465942383,31.389999389648438,31.1299991607666,31.149999618530273,26.801748275756836,75434900
2013-09-09,31.219999313354492,31.790000915527344,31.200000762939453,31.65999984741211,27.240554809570312,49628500
2013-09-10,31.899999618530273,32.400001525878906,31.790000915527344,32.38999938964844,27.8686580657959,56881200
2013-09-11,32.56999969482422,32.93000030517578,32.529998779296875,32.7400016784668,28.169797897338867,39087500
2013-09-12,32.720001220703125,32.779998779296875,32.59000015258789,32.689998626708984,28.126779556274414,32860200
2013-09-13,32.77000045776367,33.06999969482422,32.5099983215332,33.029998779296875,28.419321060180664,40899000
2013-09-16,33.380001068115234,33.5,32.72999954223633,32.79999923706055,28.221424102783203,52839700
2013-09-17,33.41999816894531,33.470001220703125,32.900001525878906,32.93000030517578,28.333271026611328,84716500
2013-09-18,32.9900016784668,33.400001525878906,32.83000183105469,33.31999969482422,28.668834686279297,64099900
2013-09-19,33.47999954223633,33.68000030517578,33.31999969482422,33.63999938964844,28.94416046142578,42026600
2013-09-20,33.40999984741211,33.47999954223633,32.689998626708984,32.790000915527344,28.212820053100586,102904900
2013-09-23,32.540000915527344,32.970001220703125,32.5,32.7400016784668,28.169797897338867,39826100
2013-09-24,32.869998931884766,32.869998931884766,32.150001525878906,32.45000076293945,27.92028045654297,40685000
2013-09-25,32.4900016784668,32.79999923706055,32.400001525878906,32.5099983215332,27.97190284729004,28907500
2013-09-26,32.63999938964844,33.0,32.59000015258789,32.77000045776367,28.195615768432617,28504000
2013-09-27,32.880001068115234,33.75,32.869998931884766,33.27000045776367,28.62581443786621,55348000
2013-09-30,33.0,33.310001373291016,32.70000076293945,33.279998779296875,28.634418487548828,39839500
2013-10-01,33.349998474121094,33.61000061035156,33.29999923706055,33.58000183105469,28.892547607421875,36718700
2013-10-02,33.36000061035156,34.029998779296875,33.290000915527344,33.91999816894531,29.185083389282227,46946800
2013-10-03,33.880001068115234,34.0,33.41999816894531,33.86000061035156,29.133455276489258,38703800
2013-10-04,33.689998626708984,33.9900016784668,33.619998931884766,33.880001068115234,29.150665283203125,33008100
2013-10-07,33.599998474121094,33.709999084472656,33.20000076293945,33.29999923706055,28.651626586914062,35069300
2013-10-08,33.310001373291016,33.33000183105469,32.79999923706055,33.0099983215332,28.402111053466797,41017600
2013-10-09,33.06999969482422,33.349998474121094,32.959999084472656,33.06999969482422,28.453737258911133,35878600
2013-10-10,33.310001373291016,33.88999938964844,33.2599983215332,33.7599983215332,29.04741668701172,42875100
2013-10-11,33.68000030517578,34.13999938964844,33.68000030517578,34.130001068115234,29.365772247314453,30033300
2013-10-14,33.900001525878906,34.5,33.779998779296875,34.45000076293945,29.641098022460938,27757900
2013-10-15,34.66999816894531,34.9900016784668,34.470001220703125,34.4900016784668,29.675519943237305,47097800
2013-10-16,34.599998474121094,34.900001525878906,34.560001373291016,34.63999938964844,29.8045711517334,35111600
2013-10-17,34.45000076293945,34.9900016784668,34.369998931884766,34.91999816894531,30.045486450195312,31359200
2013-10-18,34.81999969482422,34.9900016784668,34.33000183105469,34.959999084472656,30.079912185668945,41811700
2013-10-21,34.97999954223633,35.20000076293945,34.90999984741211,34.9900016784668,30.105712890625,27433500
2013-10-22,35.02000045776367,35.099998474121094,34.52000045776367,34.58000183105469,29.752944946289062,40438500
2013-10-23,34.349998474121094,34.4900016784668,33.66999816894531,33.7599983215332,29.04741668701172,58600500
2013-10-24,33.81999969482422,34.099998474121094,33.56999969482422,33.720001220703125,29.01299476623535,53209700
2013-10-25,35.880001068115234,36.290000915527344,35.470001220703125,35.72999954223633,30.7424259185791,113494000
2013-10-28,35.61000061035156,35.72999954223633,35.27000045776367,35.56999969482422,30.604753494262695,38383600
2013-10-29,35.630001068115234,35.720001220703125,35.2599983215332,35.52000045776367,30.561744689941406,31702200
2013-10-30,35.529998779296875,35.790000915527344,35.43000030517578,35.540000915527344,30.578950881958008,36997700
2013-10-31,35.65999984741211,35.689998626708984,35.34000015258789,35.40999984741211,30.467090606689453,41682300
2013-11-01,35.66999816894531,35.689998626708984,35.38999938964844,35.529998779296875,30.570341110229492,40264600
2013-11-04,35.59000015258789,35.97999954223633,35.54999923706055,35.939998626708984,30.923107147216797,28060700
2013-11-05,35.790000915527344,36.709999084472656,35.77000045776367,36.63999938964844,31.525390625,51681900
2013-11-06,37.2400016784668,38.220001220703125,37.060001373291016,38.18000030517578,32.85042190551758,88948800
2013-11-07,37.959999084472656,38.0099983215332,37.43000030517578,37.5,32.265350341796875,60437400
2013-11-08,37.66999816894531,37.779998779296875,37.34000015258789,37.779998779296875,32.50627136230469,36737800
2013-11-11,37.689998626708984,37.779998779296875,37.349998474121094,37.59000015258789,32.34278106689453,26872500
2013-11-12,37.380001068115234,37.599998474121094,37.20000076293945,37.36000061035156,32.1448860168457,31651600
2013-11-13,36.97999954223633,38.15999984741211,36.900001525878906,38.15999984741211,32.83320999145508,44957600
2013-11-14,37.869998931884766,38.130001068115234,37.720001220703125,38.02000045776367,32.7127571105957,46183700
2013-11-15,37.95000076293945,38.02000045776367,37.720001220703125,37.84000015258789,32.557884216308594,50601300
2013-11-18,37.349998474121094,37.58000183105469,37.06999969482422,37.20000076293945,32.007232666015625,53277500
2013-11-19,36.849998474121094,37.22999954223633,36.66999816894531,36.7400016784668,31.85118293762207,44275000
2013-11-20,36.91999816894531,37.40999984741211,36.86000061035156,37.08000183105469,32.145938873291016,32229900
2013-11-21,37.27000045776367,37.529998779296875,37.2599983215332,37.400001525878906,32.42335510253906,23064700
2013-11-22,37.529998779296875,37.68000030517578,37.33000183105469,37.56999969482422,32.57072448730469,27982000
2013-11-25,37.93000030517578,37.95000076293945,37.56999969482422,37.63999938964844,32.631412506103516,30646800
2013-11-26,37.56999969482422,37.650001525878906,37.349998474121094,37.349998474121094,32.38001251220703,34465300
2013-11-27,37.56999969482422,37.7599983215332,37.4900016784668,37.599998474121094,32.59673309326172,26002100
2013-11-29,37.81999969482422,38.290000915527344,37.81999969482422,38.130001068115234,33.05622482299805,22090400
2013-12-02,38.09000015258789,38.779998779296875,38.060001373291016,38.45000076293945,33.33362579345703,42950400
2013-12-03,38.13999938964844,38.4900016784668,38.08000183105469,38.310001373291016,33.2122688293457,52109800
2013-12-04,38.209999084472656,38.97999954223633,38.119998931884766,38.939998626708984,33.7584228515625,51983600
2013-12-05,38.849998474121094,38.880001068115234,37.18000030517578,38.0,32.943511962890625,116305000
2013-12-06,38.41999816894531,38.54999923706055,37.9900016784668,38.36000061035156,33.255615234375,36457300
2013-12-09,38.560001373291016,38.869998931884766,38.369998931884766,38.709999084472656,33.55903244018555,30286000
2013-12-10,38.61000061035156,38.900001525878906,38.02000045776367,38.11000061035156,33.038875579833984,37828600
2013-12-11,38.060001373291016,38.29999923706055,37.38999938964844,37.61000061035156,32.605411529541016,39853400
2013-12-12,37.63999938964844,37.63999938964844,37.18000030517578,37.220001220703125,32.267303466796875,36012800
2013-12-13,37.41999816894531,37.45000076293945,36.619998931884766,36.689998626708984,31.807828903198242,40066100
2013-12-16,36.72999954223633,37.0,36.540000915527344,36.88999938964844,31.981218338012695,31734200
2013-12-17,36.939998626708984,37.11000061035156,36.33000183105469,36.52000045776367,31.660438537597656,45687700
2013-12-18,36.36000061035156,36.599998474121094,35.529998779296875,36.58000183105469,31.712467193603516,63192100
2013-12-19,36.5099983215332,36.54999923706055,36.08000183105469,36.25,31.426372528076172,34160100
2013-12-20,36.20000076293945,36.93000030517578,36.189998626708984,36.79999923706055,31.9032039642334,62649100
2013-12-23,36.810001373291016,36.88999938964844,36.54999923706055,36.619998931884766,31.747146606445312,25128700
2013-12-24,36.720001220703125,37.16999816894531,36.63999938964844,37.08000183105469,32.145938873291016,14243000
2013-12-26,37.20000076293945,37.4900016784668,37.16999816894531,37.439998626708984,32.45802307128906,17612800
2013-12-27,37.58000183105469,37.619998931884766,37.16999816894531,37.290000915527344,32.32799530029297,14563000
2013-12-30,37.220001220703125,37.380001068115234,36.900001525878906,37.290000915527344,32.32799530029297,16290500
2013-12-31,37.400001525878906,37.58000183105469,37.220001220703125,37.40999984741211,32.43201446533203,17503500
2014-01-02,37.349998474121094,37.400001525878906,37.099998474121094,37.15999984741211,32.21528625488281,30632200
2014-01-03,37.20000076293945,37.220001220703125,36.599998474121094,36.90999984741211,31.998550415039062,31134800
2014-01-06,36.849998474121094,36.88999938964844,36.11000061035156,36.130001068115234,31.32234001159668,43603700
2014-01-07,36.33000183105469,36.4900016784668,36.209999084472656,36.40999984741211,31.565082550048828,35802800
2014-01-08,36.0,36.13999938964844,35.58000183105469,35.7599983215332,31.001577377319336,59971700
2014-01-09,35.880001068115234,35.90999984741211,35.400001525878906,35.529998779296875,30.802181243896484,36516300
2014-01-10,35.900001525878906,36.150001525878906,35.75,36.040000915527344,31.24431610107422,40548800
2014-01-13,35.9900016784668,36.02000045776367,34.83000183105469,34.97999954223633,30.32536506652832,45901900
2014-01-14,34.72999954223633,35.880001068115234,34.630001068115234,35.779998779296875,31.0189208984375,41623300
2014-01-15,35.900001525878906,36.790000915527344,35.849998474121094,36.7599983215332,31.868507385253906,44812600
2014-01-16,36.689998626708984,37.0,36.310001373291016,36.88999938964844,31.981218338012695,38018700
2014-01-17,36.83000183105469,36.83000183105469,36.150001525878906,36.380001068115234,31.539087295532227,46267500
2014-01-21,36.81999969482422,36.81999969482422,36.060001373291016,36.16999816894531,31.357017517089844,31567300
2014-01-22,36.2599983215332,36.31999969482422,35.75,35.93000030517578,31.148958206176758,21904300
2014-01-23,36.09000015258789,36.130001068115234,35.52000045776367,36.060001373291016,31.261661529541016,43954000
2014-01-24,37.45000076293945,37.54999923706055,36.529998779296875,36.810001373291016,31.911853790283203,76395500
2014-01-27,36.869998931884766,36.88999938964844,35.97999954223633,36.029998779296875,31.23565673828125,44420800
2014-01-28,36.119998931884766,36.38999938964844,35.75,36.27000045776367,31.443714141845703,36205500
2014-01-29,35.97999954223633,36.880001068115234,35.900001525878906,36.65999984741211,31.781824111938477,52745900
2014-01-30,36.790000915527344,36.880001068115234,36.22999954223633,36.86000061035156,31.95520782470703,35036300
2014-01-31,36.95000076293945,37.88999938964844,36.560001373291016,37.84000015258789,32.80480194091797,93162300
2014-02-03,37.7400016784668,37.9900016784668,36.43000030517578,36.47999954223633,31.625782012939453,64063100
2014-02-04,36.970001220703125,37.189998626708984,36.25,36.349998474121094,31.513076782226562,54697900
2014-02-05,36.290000915527344,36.470001220703125,35.79999923706055,35.81999969482422,31.0535945892334,55814400
2014-02-06,35.79999923706055,36.25,35.689998626708984,36.18000030517578,31.365680694580078,35351800
2014-02-07,36.31999969482422,36.59000015258789,36.0099983215332,36.560001373291016,31.695133209228516,33260500
2014-02-10,36.630001068115234,36.79999923706055,36.290000915527344,36.79999923706055,31.9032039642334,26767000
2014-02-11,36.880001068115234,37.2599983215332,36.86000061035156,37.16999816894531,32.22395706176758,32141400
2014-02-12,37.349998474121094,37.599998474121094,37.29999923706055,37.470001220703125,32.484039306640625,27051800
2014-02-13,37.33000183105469,37.86000061035156,37.33000183105469,37.61000061035156,32.605411529541016,37635500
2014-02-14,37.38999938964844,37.779998779296875,37.33000183105469,37.619998931884766,32.614070892333984,31407500
2014-02-18,37.630001068115234,37.779998779296875,37.40999984741211,37.41999816894531,32.683956146240234,32834000
2014-02-19,37.220001220703125,37.75,37.209999084472656,37.5099983215332,32.76256561279297,29750400
2014-02-20,37.56999969482422,37.869998931884766,37.400001525878906,37.75,32.972190856933594,27526100
2014-02-21,37.939998626708984,38.349998474121094,37.86000061035156,37.97999954223633,33.17307662963867,38021300
2014-02-24,37.689998626708984,37.97999954223633,37.540000915527344,37.689998626708984,32.91978073120117,32085100
2014-02-25,37.61000061035156,37.849998474121094,37.349998474121094,37.540000915527344,32.78876876831055,30736500
2014-02-26,37.58000183105469,37.7400016784668,37.189998626708984,37.470001220703125,32.72762680053711,41041800
2014-02-27,37.45000076293945,37.88999938964844,37.22999954223633,37.86000061035156,33.068267822265625,33903400
2014-02-28,37.97999954223633,38.459999084472656,37.81999969482422,38.310001373291016,33.461307525634766,41215000
2014-03-03,37.91999816894531,38.130001068115234,37.4900016784668,37.779998779296875,32.99838638305664,29717500
2014-03-04,38.20000076293945,38.47999954223633,38.06999969482422,38.40999984741211,33.54865646362305,26802400
2014-03-05,38.25,38.27000045776367,37.93000030517578,38.11000061035156,33.286617279052734,20520100
2014-03-06,38.13999938964844,38.2400016784668,37.88999938964844,38.150001525878906,33.321556091308594,23582200
2014-03-07,38.279998779296875,38.36000061035156,37.689998626708984,37.900001525878906,33.10321044921875,26591600
2014-03-10,37.9900016784668,38.0099983215332,37.720001220703125,37.81999969482422,33.0333251953125,19006600
2014-03-11,37.869998931884766,38.22999954223633,37.720001220703125,38.02000045776367,33.2080078125,25216400
2014-03-12,37.79999923706055,38.43000030517578,37.790000915527344,38.27000045776367,33.426368713378906,30494100
2014-03-13,38.41999816894531,38.45000076293945,37.63999938964844,37.88999938964844,33.094459533691406,32169700
2014-03-14,37.650001525878906,38.13999938964844,37.5099983215332,37.70000076293945,32.92851638793945,27195600
2014-03-17,37.900001525878906,38.40999984741211,37.790000915527344,38.04999923706055,33.23421096801758,20479600
2014-03-18,38.2599983215332,39.900001525878906,38.220001220703125,39.54999923706055,34.544368743896484,64063900
2014-03-19,39.470001220703125,39.54999923706055,38.90999984741211,39.27000045776367,34.2998046875,35597200
2014-03-20,39.25,40.650001525878906,39.2400016784668,40.33000183105469,35.225650787353516,59269800
2014-03-21,40.720001220703125,40.939998626708984,40.0099983215332,40.15999984741211,35.07716369628906,80721800
2014-03-24,40.34000015258789,40.63999938964844,39.86000061035156,40.5,35.37412643432617,46098400
2014-03-25,40.65999984741211,40.9900016784668,39.959999084472656,40.34000015258789,35.234375,43193100
2014-03-26,40.47999954223633,40.709999084472656,39.599998474121094,39.790000915527344,34.753990173339844,41977500
2014-03-27,39.7400016784668,39.970001220703125,39.34000015258789,39.36000061035156,34.378421783447266,35369200
2014-03-28,39.790000915527344,40.63999938964844,39.68000030517578,40.29999923706055,35.19944381713867,43472700
2014-03-31,40.43000030517578,41.5,40.400001525878906,40.9900016784668,35.80213165283203,46886300
2014-04-01,41.150001525878906,41.59000015258789,41.06999969482422,41.41999816894531,36.177703857421875,32605000
2014-04-02,41.439998626708984,41.65999984741211,41.16999816894531,41.349998474121094,36.11655807495117,28666700
2014-04-03,41.290000915527344,41.290000915527344,40.709999084472656,41.0099983215332,35.819583892822266,30139600
2014-04-04,41.25,41.38999938964844,39.63999938964844,39.869998931884766,34.82386016845703,51409600
2014-04-07,39.959999084472656,40.27000045776367,39.7400016784668,39.79999923706055,34.762733459472656,37559600
2014-04-08,39.75,39.93000030517578,39.20000076293945,39.81999969482422,34.78020095825195,35918600
2014-04-09,39.93000030517578,40.54999923706055,39.880001068115234,40.470001220703125,35.34793472290039,27398700
2014-04-10,40.439998626708984,40.689998626708984,39.09000015258789,39.36000061035156,34.378421783447266,45960800
2014-04-11,39.0,39.790000915527344,39.0,39.209999084472656,34.24740982055664,34330200
2014-04-14,39.11000061035156,39.40999984741211,38.900001525878906,39.18000030517578,34.22119140625,32006600
2014-04-15,39.34000015258789,39.959999084472656,39.04999923706055,39.75,34.719051361083984,33968700
2014-04-16,40.060001373291016,40.41999816894531,39.90999984741211,40.400001525878906,35.28678894042969,30615800
2014-04-17,40.0099983215332,40.20000076293945,39.5099983215332,40.0099983215332,34.94615173339844,36688400
2014-04-21,40.130001068115234,40.150001525878906,39.790000915527344,39.939998626708984,34.885005950927734,22221200
2014-04-22,39.959999084472656,40.13999938964844,39.83000183105469,39.9900016784668,34.928680419921875,27056700
2014-04-23,39.9900016784668,39.9900016784668,39.470001220703125,39.689998626708984,34.666656494140625,24602800
2014-04-24,39.7400016784668,39.970001220703125,39.29999923706055,39.86000061035156,34.81513214111328,42381600
2014-04-25,40.290000915527344,40.68000030517578,39.75,39.90999984741211,34.85880661010742,56876800
2014-04-28,40.13999938964844,41.290000915527344,40.09000015258789,40.869998931884766,35.69731140136719,50610200
2014-04-29,41.099998474121094,41.189998626708984,40.38999938964844,40.5099983215332,35.38287353515625,29636200
2014-04-30,40.400001525878906,40.5,40.16999816894531,40.400001525878906,35.28678894042969,35458700
2014-05-01,40.2400016784668,40.36000061035156,39.95000076293945,40.0,34.93742370605469,28787400
2014-05-02,40.310001373291016,40.34000015258789,39.65999984741211,39.689998626708984,34.666656494140625,43416600
2014-05-05,39.52000045776367,39.63999938964844,39.29999923706055,39.43000030517578,34.43954849243164,22460900
2014-05-06,39.290000915527344,39.349998474121094,38.95000076293945,39.060001373291016,34.116390228271484,27112400
2014-05-07,39.220001220703125,39.5099983215332,38.5099983215332,39.41999816894531,34.430816650390625,41744500
2014-05-08,39.34000015258789,39.900001525878906,38.970001220703125,39.63999938964844,34.62296676635742,32120400
2014-05-09,39.540000915527344,39.849998474121094,39.369998931884766,39.540000915527344,34.5356330871582,29647600
2014-05-12,39.7400016784668,40.02000045776367,39.650001525878906,39.970001220703125,34.91120529174805,22782600
2014-05-13,39.91999816894531,40.5,39.849998474121094,40.41999816894531,35.55331039428711,27004800
2014-05-14,40.29999923706055,40.45000076293945,40.04999923706055,40.2400016784668,35.39499282836914,18818700
2014-05-15,40.09000015258789,40.400001525878906,39.5099983215332,39.599998474121094,34.832054138183594,37793200
2014-05-16,39.66999816894531,39.84000015258789,39.27000045776367,39.83000183105469,35.03434753417969,29867100
2014-05-19,39.61000061035156,39.81999969482422,39.459999084472656,39.75,34.963993072509766,24537400
2014-05-20,39.68000030517578,39.939998626708984,39.459999084472656,39.68000030517578,34.90241622924805,21320900
2014-05-21,39.79999923706055,40.349998474121094,39.7400016784668,40.349998474121094,35.49174499511719,22398700
2014-05-22,40.290000915527344,40.349998474121094,39.849998474121094,40.099998474121094,35.27185821533203,20201800
2014-05-23,40.369998931884766,40.369998931884766,40.0,40.119998931884766,35.2894287109375,18020000
2014-05-27,40.2599983215332,40.2599983215332,39.810001373291016,40.189998626708984,35.35100555419922,26160600
2014-05-28,40.13999938964844,40.189998626708984,39.81999969482422,40.0099983215332,35.19268035888672,25711500
2014-05-29,40.150001525878906,40.349998474121094,39.90999984741211,40.34000015258789,35.48295593261719,19888200
2014-05-30,40.45000076293945,40.970001220703125,40.25,40.939998626708984,36.010711669921875,34567600
2014-06-02,40.95000076293945,41.09000015258789,40.68000030517578,40.790000915527344,35.87876892089844,18504300
2014-06-03,40.599998474121094,40.68000030517578,40.25,40.290000915527344,35.4389762878418,18068900
2014-06-04,40.209999084472656,40.369998931884766,39.86000061035156,40.31999969482422,35.46535873413086,23209000
2014-06-05,40.59000015258789,41.25,40.400001525878906,41.209999084472656,36.24820327758789,31865200
2014-06-06,41.47999954223633,41.65999984741211,41.2400016784668,41.47999954223633,36.48569107055664,24060500
2014-06-09,41.38999938964844,41.47999954223633,41.02000045776367,41.27000045776367,36.30097961425781,15019200
2014-06-10,41.029998779296875,41.15999984741211,40.86000061035156,41.11000061035156,36.160247802734375,15117700
2014-06-11,40.93000030517578,41.06999969482422,40.77000045776367,40.86000061035156,35.94034194946289,18040000
2014-06-12,40.810001373291016,40.880001068115234,40.290000915527344,40.58000183105469,35.694068908691406,29818900
2014-06-13,41.099998474121094,41.56999969482422,40.86000061035156,41.22999954223633,36.26579284667969,26310000
2014-06-16,41.040000915527344,41.61000061035156,41.040000915527344,41.5,36.50328063964844,24205300
2014-06-17,41.290000915527344,41.90999984741211,40.34000015258789,41.68000030517578,36.66161346435547,22518600
2014-06-18,41.61000061035156,41.7400016784668,41.18000030517578,41.650001525878906,36.635223388671875,27097000
2014-06-19,41.56999969482422,41.77000045776367,41.33000183105469,41.5099983215332,36.512081146240234,19828200
2014-06-20,41.45000076293945,41.83000183105469,41.380001068115234,41.68000030517578,36.66161346435547,47764900
2014-06-23,41.72999954223633,42.0,41.689998626708984,41.9900016784668,36.93429183959961,18743900
2014-06-24,41.83000183105469,41.939998626708984,41.560001373291016,41.75,36.723182678222656,26509100
2014-06-25,41.70000076293945,42.04999923706055,41.459999084472656,42.029998779296875,36.9694709777832,20049100
2014-06-26,41.93000030517578,41.939998626708984,41.43000030517578,41.720001220703125,36.69680404663086,23604400
2014-06-27,41.61000061035156,42.290000915527344,41.5099983215332,42.25,37.16298294067383,74640000
2014-06-30,42.16999816894531,42.209999084472656,41.70000076293945,41.70000076293945,36.67920684814453,30793100
2014-07-01,41.86000061035156,42.150001525878906,41.689998626708984,41.869998931884766,36.8287353515625,26917000
2014-07-02,41.72999954223633,41.900001525878906,41.529998779296875,41.900001525878906,36.85512161254883,20208100
2014-07-03,41.90999984741211,41.9900016784668,41.560001373291016,41.79999923706055,36.76715850830078,15969300
2014-07-07,41.75,42.119998931884766,41.709999084472656,41.9900016784668,36.93429183959961,21952400
2014-07-08,41.869998931884766,42.0,41.61000061035156,41.779998779296875,36.749568939208984,31218200
2014-07-09,41.97999954223633,41.9900016784668,41.529998779296875,41.66999816894531,36.65281677246094,18445900
2014-07-10,41.369998931884766,42.0,41.04999923706055,41.689998626708984,36.67041015625,21854700
2014-07-11,41.70000076293945,42.09000015258789,41.47999954223633,42.09000015258789,37.022239685058594,24083000
2014-07-14,42.220001220703125,42.45000076293945,42.040000915527344,42.13999938964844,37.066226959228516,21881100
2014-07-15,42.33000183105469,42.470001220703125,42.029998779296875,42.45000076293945,37.338905334472656,28748700
2014-07-16,42.5099983215332,44.310001373291016,42.47999954223633,44.08000183105469,38.77265167236328,63318000
2014-07-17,45.45000076293945,45.709999084472656,44.25,44.529998779296875,39.16846466064453,82180300
2014-07-18,44.650001525878906,44.84000015258789,44.25,44.689998626708984,39.30919647216797,43407500
2014-07-21,44.560001373291016,45.15999984741211,44.220001220703125,44.84000015258789,39.44114303588867,37604400
2014-07-22,45.0,45.150001525878906,44.59000015258789,44.83000183105469,39.432342529296875,43095800
2014-07-23,45.45000076293945,45.45000076293945,44.619998931884766,44.869998931884766,39.46752166748047,52362900
2014-07-24,44.93000030517578,45.0,44.31999969482422,44.400001525878906,39.05411911010742,30725300
2014-07-25,44.29999923706055,44.65999984741211,44.29999923706055,44.5,39.14207458496094,26737700
2014-07-28,44.36000061035156,44.5099983215332,43.93000030517578,43.970001220703125,38.67588806152344,29684200
2014-07-29,43.90999984741211,44.09000015258789,43.63999938964844,43.88999938964844,38.60552215576172,27763100
2014-07-30,44.06999969482422,44.099998474121094,43.290000915527344,43.58000183105469,38.33283615112305,31921400
2014-07-31,43.380001068115234,43.689998626708984,43.08000183105469,43.15999984741211,37.96342468261719,31537500
2014-08-01,43.209999084472656,43.25,42.599998474121094,42.86000061035156,37.69953536987305,31170300
2014-08-04,42.970001220703125,43.470001220703125,42.810001373291016,43.369998931884766,38.14813995361328,34277400
2014-08-05,43.310001373291016,43.459999084472656,42.83000183105469,43.08000183105469,37.89305114746094,26266400
2014-08-06,42.7400016784668,43.16999816894531,42.209999084472656,42.7400016784668,37.5939826965332,24634000
2014-08-07,42.84000015258789,43.45000076293945,42.650001525878906,43.22999954223633,38.024986267089844,30314900
2014-08-08,43.22999954223633,43.31999969482422,42.90999984741211,43.20000076293945,37.99860382080078,28942700
2014-08-11,43.2599983215332,43.45000076293945,43.02000045776367,43.20000076293945,37.99860382080078,20351600
2014-08-12,43.040000915527344,43.59000015258789,43.0,43.52000045776367,38.28007125854492,21431100
2014-08-13,43.68000030517578,44.18000030517578,43.52000045776367,44.08000183105469,38.77265167236328,22889500
2014-08-14,44.08000183105469,44.41999816894531,44.0099983215332,44.27000045776367,38.939762115478516,19313200
2014-08-15,44.58000183105469,44.900001525878906,44.400001525878906,44.790000915527344,39.39716339111328,41611300
2014-08-18,44.939998626708984,45.11000061035156,44.68000030517578,45.11000061035156,39.678627014160156,26891100
2014-08-19,44.970001220703125,45.34000015258789,44.83000183105469,45.33000183105469,40.12117385864258,28139500
2014-08-20,45.34000015258789,45.400001525878906,44.900001525878906,44.95000076293945,39.78484344482422,24770500
2014-08-21,44.84000015258789,45.25,44.83000183105469,45.220001220703125,40.023807525634766,22285500
2014-08-22,45.349998474121094,45.470001220703125,45.06999969482422,45.150001525878906,39.96187210083008,18294500
2014-08-25,45.400001525878906,45.439998626708984,45.040000915527344,45.16999816894531,39.97956085205078,16910000
2014-08-26,45.310001373291016,45.400001525878906,44.939998626708984,45.0099983215332,39.837947845458984,14873100
2014-08-27,44.900001525878906,45.0,44.7599983215332,44.869998931884766,39.71403121948242,21287900
2014-08-28,44.75,44.97999954223633,44.61000061035156,44.880001068115234,39.72288513183594,17657600
2014-08-29,45.09000015258789,45.439998626708984,44.86000061035156,45.43000030517578,40.20968246459961,21607600
2014-09-02,45.43000030517578,45.459999084472656,44.849998474121094,45.09000015258789,39.908748626708984,22976800
2014-09-03,44.529998779296875,45.11000061035156,44.529998779296875,44.959999084472656,39.79369354248047,33684500
2014-09-04,44.7400016784668,45.27000045776367,44.720001220703125,45.2599983215332,40.0592155456543,26475500
2014-09-05,45.11000061035156,45.93000030517578,45.11000061035156,45.90999984741211,40.634525299072266,36939400
2014-09-08,46.02000045776367,46.79999923706055,45.9900016784668,46.470001220703125,41.13018035888672,45736700
2014-09-09,46.470001220703125,46.970001220703125,46.41999816894531,46.7599983215332,41.38685607910156,40302400
2014-09-10,46.81999969482422,46.939998626708984,46.279998779296875,46.84000015258789,41.45765686035156,27302400
2014-09-11,46.7400016784668,47.0,46.470001220703125,47.0,41.599281311035156,29216400
2014-09-12,46.90999984741211,47.02000045776367,46.599998474121094,46.70000076293945,41.3337516784668,38244700
2014-09-15,46.540000915527344,46.709999084472656,46.099998474121094,46.2400016784668,40.926612854003906,37667600
2014-09-16,46.38999938964844,46.849998474121094,46.290000915527344,46.7599983215332,41.38685607910156,27910600
2014-09-17,46.2599983215332,46.689998626708984,46.22999954223633,46.52000045776367,41.17443084716797,38311900
2014-09-18,46.59000015258789,46.83000183105469,46.459999084472656,46.68000030517578,41.31605529785156,35556600
2014-09-19,46.810001373291016,47.56999969482422,46.599998474121094,47.52000045776367,42.05952835083008,202522400
2014-09-22,47.29999923706055,47.380001068115234,46.97999954223633,47.060001373291016,41.65238571166992,38686100
2014-09-23,46.849998474121094,46.97999954223633,46.470001220703125,46.560001373291016,41.209842681884766,33430300
2014-09-24,46.630001068115234,47.11000061035156,46.34000015258789,47.08000183105469,41.67008590698242,26582700
2014-09-25,46.880001068115234,47.09000015258789,46.029998779296875,46.040000915527344,40.74959945678711,33077400
2014-09-26,45.93000030517578,46.619998931884766,45.7599983215332,46.40999984741211,41.07707214355469,27078800
2014-09-29,45.97999954223633,46.560001373291016,45.7599983215332,46.439998626708984,41.1036262512207,26091000
2014-09-30,46.369998931884766,46.47999954223633,46.0099983215332,46.36000061035156,41.03281021118164,33033100
2014-10-01,46.27000045776367,46.529998779296875,45.849998474121094,45.900001525878906,40.62567901611328,38088400
2014-10-02,45.83000183105469,46.099998474121094,45.63999938964844,45.7599983215332,40.50176239013672,25119400
2014-10-03,45.97999954223633,46.29999923706055,45.61000061035156,46.09000015258789,40.793846130371094,32453200
2014-10-06,46.119998931884766,46.29999923706055,45.91999816894531,46.09000015258789,40.793846130371094,20604000
2014-10-07,45.86000061035156,45.93000030517578,45.41999816894531,45.529998779296875,40.298187255859375,25723700
2014-10-08,45.47999954223633,46.88999938964844,45.34000015258789,46.779998779296875,41.404563903808594,33031000
2014-10-09,46.5,46.79999923706055,45.7400016784668,45.849998474121094,40.5814208984375,34422800
2014-10-10,45.599998474121094,46.119998931884766,43.95000076293945,44.029998779296875,38.970550537109375,51978100
2014-10-13,43.81999969482422,44.560001373291016,43.4900016784668,43.650001525878906,38.63422393798828,37100200
2014-10-14,43.869998931884766,44.380001068115234,43.560001373291016,43.72999954223633,38.70503234863281,38115700
2014-10-15,43.0,43.38999938964844,42.099998474121094,43.220001220703125,38.253639221191406,60218700
2014-10-16,42.529998779296875,43.08000183105469,42.220001220703125,42.7400016784668,37.82878494262695,49040400
2014-10-17,43.20000076293945,43.939998626708984,42.790000915527344,43.630001068115234,38.61652374267578,40683300
2014-10-20,43.060001373291016,44.13999938964844,42.810001373291016,44.08000183105469,39.01482009887695,34527900
2014-10-21,44.36000061035156,44.97999954223633,44.189998626708984,44.880001068115234,39.72288513183594,36433800
2014-10-22,45.0,45.06999969482422,44.22999954223633,44.380001068115234,39.28034210205078,33570900
2014-10-23,44.619998931884766,45.45000076293945,44.529998779296875,45.02000045776367,39.84679412841797,45451900
2014-10-24,46.83000183105469,46.900001525878906,45.18000030517578,46.130001068115234,40.82925796508789,61076700
2014-10-27,45.709999084472656,46.099998474121094,45.709999084472656,45.90999984741211,40.634525299072266,30371300
2014-10-28,45.86000061035156,46.5,45.77000045776367,46.4900016784668,41.14788055419922,29049800
2014-10-29,46.439998626708984,46.70000076293945,46.34000015258789,46.619998931884766,41.262943267822266,30276100
2014-10-30,46.31999969482422,46.31999969482422,45.77000045776367,46.04999923706055,40.758445739746094,30073900
2014-10-31,46.939998626708984,46.970001220703125,46.47999954223633,46.95000076293945,41.555015563964844,35849700
2014-11-03,46.88999938964844,47.459999084472656,46.72999954223633,47.439998626708984,41.98870849609375,23130400
2014-11-04,47.29999923706055,47.72999954223633,47.25,47.56999969482422,42.10377502441406,21530800
2014-11-05,47.79999923706055,47.900001525878906,47.2599983215332,47.86000061035156,42.36045837402344,22449600
2014-11-06,47.86000061035156,48.86000061035156,47.790000915527344,48.70000076293945,43.10392761230469,33037800
2014-11-07,48.91999816894531,48.91999816894531,48.290000915527344,48.68000030517578,43.08622741699219,28000600
2014-11-10,48.650001525878906,49.150001525878906,48.54999923706055,48.88999938964844,43.2720947265625,36370100
2014-11-11,48.849998474121094,48.95000076293945,48.650001525878906,48.869998931884766,43.254390716552734,23445200
2014-11-12,48.560001373291016,48.91999816894531,48.52000045776367,48.779998779296875,43.174739837646484,22722100
2014-11-13,48.810001373291016,49.650001525878906,48.709999084472656,49.61000061035156,43.909366607666016,26210400
2014-11-14,49.7400016784668,50.04999923706055,49.38999938964844,49.58000183105469,43.882808685302734,29081700
2014-11-17,49.40999984741211,49.709999084472656,49.13999938964844,49.459999084472656,43.77659606933594,30318600
2014-11-18,49.130001068115234,49.33000183105469,48.70000076293945,48.7400016784668,43.41141128540039,23995500
2014-11-19,48.65999984741211,48.75,47.93000030517578,48.220001220703125,42.94827651977539,26177500
2014-11-20,48.0,48.70000076293945,47.869998931884766,48.70000076293945,43.37579345703125,21510600
2014-11-21,49.02000045776367,49.04999923706055,47.56999969482422,47.97999954223633,42.73450469970703,42884800
2014-11-24,47.9900016784668,48.0,47.38999938964844,47.59000015258789,42.38714599609375,35434200
2014-11-25,47.65999984741211,47.970001220703125,47.45000076293945,47.470001220703125,42.280269622802734,28008000
2014-11-26,47.4900016784668,47.9900016784668,47.279998779296875,47.75,42.529659271240234,27163600
2014-11-28,47.95000076293945,48.20000076293945,47.61000061035156,47.810001373291016,42.58310317993164,21534400
2014-12-01,47.880001068115234,48.779998779296875,47.709999084472656,48.619998931884766,43.304542541503906,31191600
2014-12-02,48.84000015258789,49.04999923706055,48.20000076293945,48.459999084472656,43.16202926635742,25773500
2014-12-03,48.439998626708984,48.5,47.810001373291016,48.08000183105469,42.823585510253906,23534800
2014-12-04,48.38999938964844,49.060001373291016,48.20000076293945,48.84000015258789,43.500492095947266,30320400
2014-12-05,48.81999969482422,48.970001220703125,48.380001068115234,48.41999816894531,43.126407623291016,27313400
2014-12-08,48.2599983215332,48.349998474121094,47.45000076293945,47.70000076293945,42.485130310058594,26663100
2014-12-09,47.11000061035156,47.91999816894531,47.04999923706055,47.59000015258789,42.38714599609375,24330500
2014-12-10,47.58000183105469,47.65999984741211,46.70000076293945,46.900001525878906,41.77257537841797,30431800
2014-12-11,47.08000183105469,47.7400016784668,46.68000030517578,47.16999816894531,42.013065338134766,29060400
2014-12-12,46.779998779296875,47.72999954223633,46.66999816894531,46.95000076293945,41.817108154296875,34248400
2014-12-15,47.20000076293945,47.66999816894531,46.54999923706055,46.66999816894531,41.56773376464844,29247800
2014-12-16,45.900001525878906,46.34000015258789,45.130001068115234,45.15999984741211,40.222816467285156,47801400
2014-12-17,45.04999923706055,45.95000076293945,44.900001525878906,45.7400016784668,40.73941421508789,34970900
2014-12-18,46.58000183105469,47.52000045776367,46.34000015258789,47.52000045776367,42.324806213378906,40105600
2014-12-19,47.630001068115234,48.099998474121094,47.16999816894531,47.65999984741211,42.449501037597656,64551200
2014-12-22,47.779998779296875,48.119998931884766,47.709999084472656,47.97999954223633,42.73450469970703,26566000
2014-12-23,48.369998931884766,48.79999923706055,48.130001068115234,48.45000076293945,43.15313720703125,23648100
2014-12-24,48.63999938964844,48.63999938964844,48.08000183105469,48.13999938964844,42.87702560424805,11437800
2014-12-26,48.40999984741211,48.40999984741211,47.81999969482422,47.880001068115234,42.645450592041016,13197800
2014-12-29,47.70000076293945,47.779998779296875,47.2599983215332,47.45000076293945,42.262454986572266,14439500
2014-12-30,47.439998626708984,47.619998931884766,46.84000015258789,47.02000045776367,41.87946701049805,16384700
2014-12-31,46.72999954223633,47.439998626708984,46.45000076293945,46.45000076293945,41.37177276611328,21552500
2015-01-02,46.65999984741211,47.41999816894531,46.540000915527344,46.7599983215332,41.647891998291016,27913900
2015-01-05,46.369998931884766,46.72999954223633,46.25,46.33000183105469,41.26490783691406,39673900
2015-01-06,46.380001068115234,46.75,45.540000915527344,45.650001525878906,40.659244537353516,36447900
2015-01-07,45.97999954223633,46.459999084472656,45.4900016784668,46.22999954223633,41.17583084106445,29114100
2015-01-08,46.75,47.75,46.720001220703125,47.59000015258789,42.38714599609375,29645200
2015-01-09,47.61000061035156,47.81999969482422,46.900001525878906,47.189998626708984,42.03087615966797,23944200
2015-01-12,47.41999816894531,47.540000915527344,46.36000061035156,46.599998474121094,41.50537872314453,23651900
2015-01-13,46.970001220703125,47.90999984741211,46.060001373291016,46.36000061035156,41.2916145324707,35270600
2015-01-14,45.959999084472656,46.2400016784668,45.619998931884766,45.959999084472656,40.93534851074219,29719600
2015-01-15,46.220001220703125,46.380001068115234,45.40999984741211,45.47999954223633,40.507835388183594,32750800
2015-01-16,45.310001373291016,46.279998779296875,45.16999816894531,46.2400016784668,41.18474578857422,35695300
2015-01-20,46.29999923706055,46.650001525878906,45.56999969482422,46.38999938964844,41.318336486816406,36161900
2015-01-21,45.939998626708984,46.13999938964844,45.47999954223633,45.91999816894531,40.89971923828125,39081100
2015-01-22,46.380001068115234,47.13999938964844,46.08000183105469,47.130001068115234,41.977439880371094,35898000
2015-01-23,47.36000061035156,47.38999938964844,46.79999923706055,47.18000030517578,42.02197265625,26211600
2015-01-26,47.0,47.130001068115234,46.2400016784668,47.0099983215332,41.870548248291016,42525500
2015-01-27,42.95000076293945,43.20000076293945,42.11000061035156,42.65999984741211,37.996131896972656,169164000
2015-01-28,42.7400016784668,42.790000915527344,41.15999984741211,41.189998626708984,36.68684005737305,84507100
2015-01-29,40.93000030517578,42.119998931884766,40.790000915527344,42.0099983215332,37.41719436645508,63585300
2015-01-30,41.54999923706055,41.58000183105469,40.349998474121094,40.400001525878906,35.98320770263672,78004900
2015-02-02,40.59000015258789,41.369998931884766,40.22999954223633,41.279998779296875,36.76700210571289,50352500
2015-02-03,41.630001068115234,41.93000030517578,41.04999923706055,41.599998474121094,37.052024841308594,52082400
2015-02-04,41.939998626708984,42.209999084472656,41.36000061035156,41.84000015258789,37.265777587890625,41614800
2015-02-05,42.220001220703125,42.63999938964844,41.86000061035156,42.45000076293945,37.8090934753418,36548200
2015-02-06,42.68000030517578,42.790000915527344,42.150001525878906,42.40999984741211,37.77345657348633,34616600
2015-02-09,42.2400016784668,42.7400016784668,42.209999084472656,42.36000061035156,37.72892379760742,31381100
2015-02-10,42.7400016784668,42.77000045776367,42.18000030517578,42.599998474121094,37.942691802978516,29670700
2015-02-11,42.650001525878906,42.650001525878906,42.209999084472656,42.380001068115234,37.74673843383789,38262500
2015-02-12,42.65999984741211,43.09000015258789,42.5099983215332,43.09000015258789,38.379119873046875,33268800
2015-02-13,43.380001068115234,43.869998931884766,43.150001525878906,43.869998931884766,39.0738410949707,40264900
2015-02-17,43.970001220703125,44.0,43.189998626708984,43.58000183105469,39.09178161621094,33695700
2015-02-18,43.630001068115234,43.70000076293945,43.38999938964844,43.529998779296875,39.046939849853516,27111700
2015-02-19,43.18000030517578,43.529998779296875,43.04999923706055,43.5,39.02001953125,27603400
2015-02-20,43.5099983215332,43.880001068115234,43.290000915527344,43.86000061035156,39.342952728271484,29721100
2015-02-23,43.70000076293945,44.189998626708984,43.650001525878906,44.150001525878906,39.603084564208984,32518800
2015-02-24,44.150001525878906,44.29999923706055,43.91999816894531,44.09000015258789,39.54926300048828,25271700
2015-02-25,43.95000076293945,44.09000015258789,43.79999923706055,43.9900016784668,39.459556579589844,29759800
2015-02-26,43.9900016784668,44.22999954223633,43.88999938964844,44.060001373291016,39.52235412597656,28957300
2015-02-27,44.130001068115234,44.20000076293945,43.65999984741211,43.849998474121094,39.33397674560547,33807700
2015-03-02,43.66999816894531,44.189998626708984,43.54999923706055,43.880001068115234,39.36089324951172,31924000
2015-03-03,43.560001373291016,43.83000183105469,43.09000015258789,43.279998779296875,38.82267379760742,31748600
2015-03-04,43.0099983215332,43.209999084472656,42.880001068115234,43.060001373291016,38.62533187866211,25748700
2015-03-05,43.06999969482422,43.2400016784668,42.81999969482422,43.11000061035156,38.670188903808594,23193500
2015-03-06,43.0,43.11000061035156,42.150001525878906,42.36000061035156,37.99742889404297,36248800
2015-03-09,42.189998626708984,43.130001068115234,42.189998626708984,42.849998474121094,38.43696594238281,32108000
2015-03-10,42.349998474121094,42.709999084472656,42.029998779296875,42.029998779296875,37.701412200927734,39159700
2015-03-11,42.310001373291016,42.369998931884766,41.84000015258789,41.97999954223633,37.65656661987305,32215300
2015-03-12,41.33000183105469,41.650001525878906,40.86000061035156,41.02000045776367,36.795433044433594,59992500
2015-03-13,40.70000076293945,41.470001220703125,40.61000061035156,41.380001068115234,37.11836242675781,58007700
2015-03-16,41.470001220703125,41.63999938964844,41.279998779296875,41.560001373291016,37.279815673828125,35273500
2015-03-17,41.369998931884766,41.83000183105469,41.150001525878906,41.70000076293945,37.40540313720703,31673400
2015-03-18,41.43000030517578,42.83000183105469,41.33000183105469,42.5,38.123008728027344,44194800
2015-03-19,42.2599983215332,42.59000015258789,42.220001220703125,42.290000915527344,37.93464279174805,33879100
2015-03-20,42.560001373291016,42.97999954223633,42.4900016784668,42.880001068115234,38.46388244628906,71904500
2015-03-23,42.880001068115234,43.130001068115234,42.779998779296875,42.86000061035156,38.44594192504883,26246100
2015-03-24,42.779998779296875,43.16999816894531,42.75,42.900001525878906,38.4818115234375,25513300
2015-03-25,42.91999816894531,42.93000030517578,41.439998626708984,41.459999084472656,37.19011688232422,43469900
2015-03-26,41.220001220703125,41.61000061035156,40.91999816894531,41.209999084472656,36.96586227416992,37495600
2015-03-27,41.119998931884766,41.43000030517578,40.83000183105469,40.970001220703125,36.75059127807617,34401400
2015-03-30,41.099998474121094,41.540000915527344,40.90999984741211,40.959999084472656,36.74161911010742,35049700
2015-03-31,40.779998779296875,41.029998779296875,40.540000915527344,40.65999984741211,36.472503662109375,34887200
2015-04-01,40.599998474121094,40.7599983215332,40.310001373291016,40.720001220703125,36.52633285522461,36865300
2015-04-02,40.65999984741211,40.7400016784668,40.119998931884766,40.290000915527344,36.140625,37487500
2015-04-06,40.34000015258789,41.779998779296875,40.18000030517578,41.54999923706055,37.270851135253906,39223700
2015-04-07,41.61000061035156,41.90999984741211,41.310001373291016,41.529998779296875,37.25289535522461,28809400
2015-04-08,41.459999084472656,41.689998626708984,41.040000915527344,41.41999816894531,37.154232025146484,24753400
2015-04-09,41.25,41.619998931884766,41.25,41.47999954223633,37.208065032958984,25723900
2015-04-10,41.630001068115234,41.95000076293945,41.40999984741211,41.720001220703125,37.42333984375,28022000
2015-04-13,41.400001525878906,42.060001373291016,41.38999938964844,41.7599983215332,37.45922088623047,30276700
2015-04-14,41.79999923706055,42.029998779296875,41.38999938964844,41.650001525878906,37.360557556152344,24244400
2015-04-15,41.7599983215332,42.459999084472656,41.68000030517578,42.2599983215332,37.90773391723633,27343600
2015-04-16,41.95000076293945,42.34000015258789,41.81999969482422,42.15999984741211,37.818031311035156,22509700
2015-04-17,41.66999816894531,41.7400016784668,41.15999984741211,41.619998931884766,37.333641052246094,42387600
2015-04-20,41.72999954223633,43.16999816894531,41.68000030517578,42.90999984741211,38.49078369140625,46057700
2015-04-21,43.0,43.150001525878906,42.529998779296875,42.63999938964844,38.248600006103516,26013800
2015-04-22,42.66999816894531,43.130001068115234,42.54999923706055,42.9900016784668,38.56254577636719,25064300
2015-04-23,42.88999938964844,43.61000061035156,42.79999923706055,43.34000015258789,38.876502990722656,46309500
2015-04-24,45.65999984741211,48.13999938964844,45.650001525878906,47.869998931884766,42.939964294433594,130933700
2015-04-27,47.22999954223633,48.130001068115234,47.220001220703125,48.029998779296875,43.08348846435547,59248200
2015-04-28,47.779998779296875,49.209999084472656,47.70000076293945,49.15999984741211,44.09711837768555,60730800
2015-04-29,48.720001220703125,49.310001373291016,48.5,49.060001373291016,44.00741195678711,47804600
2015-04-30,48.70000076293945,49.540000915527344,48.599998474121094,48.63999938964844,43.63066864013672,64725500
2015-05-01,48.58000183105469,48.880001068115234,48.400001525878906,48.65999984741211,43.64860916137695,38937300
2015-05-04,48.369998931884766,48.869998931884766,48.18000030517578,48.2400016784668,43.2718620300293,34039500
2015-05-05,47.81999969482422,48.15999984741211,47.310001373291016,47.599998474121094,42.69777297973633,50369200
2015-05-06,47.56999969482422,47.77000045776367,46.02000045776367,46.279998779296875,41.51371765136719,52433000
2015-05-07,46.27000045776367,47.09000015258789,46.15999984741211,46.70000076293945,41.89046859741211,32971700
2015-05-08,47.54999923706055,47.97999954223633,47.52000045776367,47.75,42.83232498168945,35364900
2015-05-11,47.54999923706055,47.90999984741211,47.369998931884766,47.369998931884766,42.491455078125,24609400
2015-05-12,46.849998474121094,47.68000030517578,46.41999816894531,47.349998474121094,42.47352981567383,29928300
2015-05-13,48.189998626708984,48.31999969482422,47.56999969482422,47.630001068115234,42.72468566894531,34184600
2015-05-14,48.029998779296875,48.81999969482422,48.029998779296875,48.720001220703125,43.702430725097656,32980900
2015-05-15,48.869998931884766,48.90999984741211,48.04999923706055,48.29999923706055,43.32567596435547,28642700
2015-05-18,47.97999954223633,48.220001220703125,47.61000061035156,48.0099983215332,43.065547943115234,24136500
2015-05-19,47.560001373291016,47.810001373291016,47.18000030517578,47.58000183105469,42.957210540771484,28574800
2015-05-20,47.38999938964844,47.93000030517578,47.27000045776367,47.58000183105469,42.957210540771484,25047900
2015-05-21,47.279998779296875,47.599998474121094,47.0099983215332,47.41999816894531,42.812747955322266,22410700
2015-05-22,47.29999923706055,47.349998474121094,46.81999969482422,46.900001525878906,42.34326934814453,25720600
2015-05-26,46.83000183105469,46.880001068115234,46.189998626708984,46.59000015258789,42.063392639160156,29581900
2015-05-27,46.81999969482422,47.77000045776367,46.619998931884766,47.61000061035156,42.98429489135742,27335600
2015-05-28,47.5,48.02000045776367,47.38999938964844,47.45000076293945,42.83984375,19283700
2015-05-29,47.43000030517578,47.56999969482422,46.59000015258789,46.86000061035156,42.30716323852539,36519600
2015-06-01,47.060001373291016,47.77000045776367,46.619998931884766,47.22999954223633,42.641212463378906,28837300
2015-06-02,46.93000030517578,47.349998474121094,46.619998931884766,46.91999816894531,42.361324310302734,21498300
2015-06-03,47.369998931884766,47.7400016784668,46.81999969482422,46.849998474121094,42.29813003540039,28002200
2015-06-04,46.790000915527344,47.15999984741211,46.20000076293945,46.36000061035156,41.855743408203125,27745500
2015-06-05,46.310001373291016,46.52000045776367,45.84000015258789,46.13999938964844,41.657108306884766,25438100
2015-06-08,46.29999923706055,46.43000030517578,45.66999816894531,45.72999954223633,41.28695297241211,22121600
2015-06-09,45.7599983215332,45.939998626708984,45.459999084472656,45.650001525878906,41.214717864990234,24406100
2015-06-10,45.790000915527344,46.83000183105469,45.689998626708984,46.61000061035156,42.081451416015625,28417400
2015-06-11,46.65999984741211,46.91999816894531,46.130001068115234,46.439998626708984,41.92796325683594,27347800
2015-06-12,46.220001220703125,46.470001220703125,45.900001525878906,45.970001220703125,41.50363540649414,23931000
2015-06-15,45.45000076293945,45.650001525878906,45.02000045776367,45.47999954223633,41.06123733520508,33254500
2015-06-16,45.349998474121094,46.2400016784668,45.29999923706055,45.83000183105469,41.37723922729492,27070300
2015-06-17,45.72999954223633,46.06999969482422,45.36000061035156,45.970001220703125,41.50363540649414,28704100
2015-06-18,46.220001220703125,46.79999923706055,46.16999816894531,46.720001220703125,42.18075942993164,32658300
2015-06-19,46.790000915527344,46.83000183105469,45.9900016784668,46.099998474121094,41.62100601196289,63837000
2015-06-22,46.33000183105469,46.720001220703125,46.15999984741211,46.22999954223633,41.73836898803711,20318100
2015-06-23,46.130001068115234,46.279998779296875,45.619998931884766,45.90999984741211,41.449466705322266,25896500
2015-06-24,45.66999816894531,46.25,45.54999923706055,45.63999938964844,41.20569610595703,34890900
2015-06-25,46.029998779296875,46.060001373291016,45.5,45.650001525878906,41.214717864990234,20616000
2015-06-26,45.650001525878906,46.279998779296875,45.029998779296875,45.2599983215332,40.86260986328125,49835300
2015-06-29,45.040000915527344,45.22999954223633,44.36000061035156,44.369998931884766,40.05907440185547,34081700
2015-06-30,44.709999084472656,44.720001220703125,43.939998626708984,44.150001525878906,39.86046600341797,35945400
2015-07-01,44.459999084472656,45.22999954223633,44.099998474121094,44.45000076293945,40.13130569458008,28343900
2015-07-02,44.47999954223633,44.75,44.060001373291016,44.400001525878906,40.08616256713867,21752000
2015-07-06,43.959999084472656,44.47999954223633,43.95000076293945,44.38999938964844,40.07714080810547,23034000
2015-07-07,44.34000015258789,44.4900016784668,43.31999969482422,44.29999923706055,39.995887756347656,36435800
2015-07-08,44.439998626708984,44.900001525878906,44.029998779296875,44.2400016784668,39.941715240478516,39785900
2015-07-09,44.75,45.220001220703125,44.5,44.52000045776367,40.19451141357422,32424700
2015-07-10,45.0099983215332,45.13999938964844,44.56999969482422,44.61000061035156,40.27576446533203,25465800
2015-07-13,44.97999954223633,45.619998931884766,44.95000076293945,45.540000915527344,41.115413665771484,28178300
2015-07-14,45.45000076293945,45.959999084472656,45.310001373291016,45.619998931884766,41.18762969970703,22880300
2015-07-15,45.68000030517578,45.88999938964844,45.43000030517578,45.7599983215332,41.31403350830078,26629600
2015-07-16,46.0099983215332,46.689998626708984,45.970001220703125,46.65999984741211,42.126590728759766,26271700
2015-07-17,46.54999923706055,46.779998779296875,46.2599983215332,46.619998931884766,42.09048080444336,29467100
2015-07-20,46.650001525878906,47.130001068115234,46.439998626708984,46.91999816894531,42.361324310302734,30631900
2015-07-21,46.779998779296875,47.33000183105469,46.47999954223633,47.279998779296875,42.68635177612305,42781900
2015-07-22,45.439998626708984,46.93000030517578,45.20000076293945,45.540000915527344,41.115413665771484,59152400
2015-07-23,45.27000045776367,46.22999954223633,45.099998474121094,46.11000061035156,41.63003158569336,33934000
2015-07-24,45.90999984741211,46.31999969482422,45.79999923706055,45.939998626708984,41.47654724121094,32333200
2015-07-27,45.939998626708984,46.0099983215332,45.25,45.349998474121094,40.9438591003418,39701400
2015-07-28,45.58000183105469,45.63999938964844,44.790000915527344,45.34000015258789,40.934837341308594,34328900
2015-07-29,45.400001525878906,46.779998779296875,45.2599983215332,46.290000915527344,41.79254150390625,40945900
2015-07-30,46.2599983215332,47.400001525878906,45.93000030517578,46.880001068115234,42.32521438598633,39777900
2015-07-31,47.290000915527344,47.369998931884766,46.5,46.70000076293945,42.1627082824707,31201500
2015-08-03,46.97999954223633,47.0,46.45000076293945,46.810001373291016,42.262020111083984,24125900
2015-08-04,46.75,47.709999084472656,46.68000030517578,47.540000915527344,42.921085357666016,33403900
2015-08-05,47.97999954223633,48.40999984741211,47.540000915527344,47.58000183105469,42.957210540771484,26959700
2015-08-06,47.709999084472656,47.77000045776367,46.33000183105469,46.619998931884766,42.09048080444336,27368000
2015-08-07,46.38999938964844,46.779998779296875,46.2599983215332,46.7400016784668,42.198822021484375,19163000
2015-08-10,46.95000076293945,47.4900016784668,46.84000015258789,47.33000183105469,42.73149108886719,23079900
2015-08-11,46.81999969482422,46.939998626708984,45.900001525878906,46.40999984741211,41.90088653564453,29237400
2015-08-12,46.189998626708984,46.900001525878906,45.709999084472656,46.7400016784668,42.198822021484375,30181400
2015-08-13,47.060001373291016,47.099998474121094,46.4900016784668,46.72999954223633,42.18980407714844,22627200
2015-08-14,46.529998779296875,47.099998474121094,46.52000045776367,47.0,42.433563232421875,21473400
2015-08-17,46.810001373291016,47.45000076293945,46.56999969482422,47.31999969482422,42.72246551513672,21099700
2015-08-18,46.84000015258789,47.43000030517578,46.70000076293945,47.27000045776367,42.95875549316406,23574100
2015-08-19,46.779998779296875,47.08000183105469,46.29999923706055,46.61000061035156,42.35894775390625,31485500
2015-08-20,46.06999969482422,46.470001220703125,45.65999984741211,45.65999984741211,41.49559783935547,36238200
2015-08-21,45.29999923706055,45.47999954223633,43.06999969482422,43.06999969482422,39.14181900024414,70053100
2015-08-24,40.45000076293945,42.689998626708984,39.720001220703125,41.68000030517578,37.87858200073242,88753700
2015-08-25,42.56999969482422,43.2400016784668,40.38999938964844,40.470001220703125,36.77894592285156,70616600
2015-08-26,42.0099983215332,42.84000015258789,41.060001373291016,42.709999084472656,38.81465148925781,63408000
2015-08-27,43.22999954223633,43.95000076293945,42.93000030517578,43.900001525878906,39.89611053466797,50943200
2015-08-28,43.400001525878906,44.150001525878906,43.38999938964844,43.93000030517578,39.92338562011719,28246700
2015-08-31,43.560001373291016,43.93000030517578,43.099998474121094,43.52000045776367,39.55076599121094,34441700
2015-09-01,42.16999816894531,42.59000015258789,41.65999984741211,41.81999969482422,38.005821228027344,49688900
2015-09-02,42.36000061035156,43.380001068115234,41.880001068115234,43.36000061035156,39.405364990234375,37671500
2015-09-03,43.40999984741211,43.97999954223633,43.279998779296875,43.5,39.532588958740234,28285200
2015-09-04,42.810001373291016,43.040000915527344,42.20000076293945,42.61000061035156,38.723777770996094,37138800
2015-09-08,43.29999923706055,44.0,43.20000076293945,43.88999938964844,39.88702392578125,32469800
2015-09-09,44.209999084472656,44.400001525878906,42.90999984741211,43.06999969482422,39.14181900024414,33469500
2015-09-10,43.119998931884766,43.790000915527344,42.75,43.290000915527344,39.34174346923828,31366600
2015-09-11,43.13999938964844,43.59000015258789,42.939998626708984,43.47999954223633,39.514427185058594,27132500
2015-09-14,43.43000030517578,43.439998626708984,42.86000061035156,43.040000915527344,39.11455154418945,23656000
2015-09-15,43.189998626708984,44.290000915527344,43.08000183105469,43.97999954223633,39.96881866455078,28882200
2015-09-16,43.970001220703125,44.380001068115234,43.84000015258789,44.29999923706055,40.25963592529297,23372200
2015-09-17,44.290000915527344,45.0,44.08000183105469,44.25,40.21419143676758,32768200
2015-09-18,43.5,43.9900016784668,43.33000183105469,43.47999954223633,39.514427185058594,63143700
2015-09-21,43.619998931884766,44.470001220703125,43.599998474121094,44.11000061035156,40.08695983886719,26177200
2015-09-22,43.380001068115234,44.04999923706055,43.310001373291016,43.900001525878906,39.89611053466797,28085900
2015-09-23,43.93000030517578,44.16999816894531,43.5099983215332,43.869998931884766,39.86885070800781,17145200
2015-09-24,43.45000076293945,44.130001068115234,43.27000045776367,43.90999984741211,39.90520095825195,27905600
2015-09-25,44.47999954223633,44.72999954223633,43.7599983215332,43.939998626708984,39.93246078491211,29384600
2015-09-28,43.83000183105469,44.09000015258789,43.209999084472656,43.290000915527344,39.34174346923828,27613800
2015-09-29,43.369998931884766,43.56999969482422,43.04999923706055,43.439998626708984,39.47806930541992,32763600
2015-09-30,43.880001068115234,44.29999923706055,43.65999984741211,44.2599983215332,40.2232780456543,34958900
2015-10-01,44.75,44.75,43.75,44.61000061035156,40.541351318359375,28657900
2015-10-02,44.27000045776367,45.56999969482422,43.91999816894531,45.56999969482422,41.41381072998047,41839000
2015-10-05,45.75,46.88999938964844,45.70000076293945,46.630001068115234,42.37712860107422,34369300
2015-10-06,46.33000183105469,47.18000030517578,46.220001220703125,46.75,42.486175537109375,27017200
2015-10-07,47.099998474121094,47.349998474121094,45.95000076293945,46.79999923706055,42.5316162109375,27711500
2015-10-08,46.560001373291016,47.52000045776367,46.5,47.45000076293945,43.12234115600586,33772700
2015-10-09,47.45000076293945,47.540000915527344,46.91999816894531,47.11000061035156,42.813358306884766,28600600
2015-10-12,46.97999954223633,47.06999969482422,46.5,47.0,42.71337890625,19769100
2015-10-13,46.560001373291016,47.130001068115234,46.560001373291016,46.88999938964844,42.613407135009766,19987800
2015-10-14,46.650001525878906,47.099998474121094,46.529998779296875,46.68000030517578,42.422576904296875,24697800
2015-10-15,47.0099983215332,47.029998779296875,46.529998779296875,47.0099983215332,42.722469329833984,27189400
2015-10-16,47.02000045776367,47.540000915527344,46.900001525878906,47.5099983215332,43.17686462402344,26450300
2015-10-19,47.41999816894531,47.880001068115234,47.02000045776367,47.619998931884766,43.276832580566406,29387600
2015-10-20,47.439998626708984,47.810001373291016,47.02000045776367,47.77000045776367,43.413150787353516,30802200
2015-10-21,47.91999816894531,47.9900016784668,47.11000061035156,47.20000076293945,42.89513397216797,25144300
2015-10-22,47.529998779296875,48.95000076293945,47.09000015258789,48.029998779296875,43.649436950683594,56637100
2015-10-23,52.29999923706055,54.06999969482422,52.25,52.869998931884766,48.04800796508789,135227100
2015-10-26,52.529998779296875,54.31999969482422,52.5,54.25,49.30213928222656,64633300
2015-10-27,53.9900016784668,54.369998931884766,53.58000183105469,53.689998626708984,48.793212890625,50999900
2015-10-28,53.540000915527344,53.97999954223633,52.86000061035156,53.97999954223633,49.0567626953125,47000800
2015-10-29,53.540000915527344,53.83000183105469,53.220001220703125,53.36000061035156,48.493316650390625,30202100
2015-10-30,53.31999969482422,53.9900016784668,52.619998931884766,52.63999938964844,47.8389778137207,46619800
2015-11-02,52.849998474121094,53.36000061035156,52.619998931884766,53.2400016784668,48.38425827026367,30285000
2015-11-03,52.93000030517578,54.38999938964844,52.900001525878906,54.150001525878906,49.21126937866211,36596900
2015-11-04,54.18000030517578,54.880001068115234,54.060001373291016,54.400001525878906,49.438472747802734,37087800
2015-11-05,54.4900016784668,54.70000076293945,54.0,54.380001068115234,49.420284271240234,31468500
2015-11-06,54.09000015258789,54.97999954223633,53.959999084472656,54.91999816894531,49.911033630371094,32851200
2015-11-09,54.54999923706055,54.869998931884766,53.560001373291016,54.15999984741211,49.22035217285156,32513100
2015-11-10,54.06999969482422,54.130001068115234,53.27000045776367,53.5099983215332,48.62963104248047,55283700
2015-11-11,53.70000076293945,54.20000076293945,53.459999084472656,53.650001525878906,48.75687026977539,36516300
2015-11-12,53.47999954223633,53.97999954223633,53.189998626708984,53.31999969482422,48.45695877075195,35361100
2015-11-13,53.06999969482422,53.290000915527344,52.529998779296875,52.84000015258789,48.020748138427734,36848200
2015-11-16,53.08000183105469,53.88999938964844,52.849998474121094,53.77000045776367,48.86592102050781,32165200
2015-11-17,53.16999816894531,53.529998779296875,52.849998474121094,52.970001220703125,48.46336364746094,31551300
2015-11-18,53.0,53.97999954223633,52.97999954223633,53.849998474121094,49.268489837646484,29710000
2015-11-19,53.9900016784668,54.65999984741211,53.779998779296875,53.939998626708984,49.35083770751953,28149200
2015-11-20,54.25,54.29999923706055,53.27000045776367,54.189998626708984,49.579559326171875,37147600
2015-11-23,54.25,54.459999084472656,53.75,54.189998626708984,49.579559326171875,28235900
2015-11-24,53.91999816894531,54.439998626708984,53.58000183105469,54.25,49.634456634521484,24600000
2015-11-25,54.09000015258789,54.22999954223633,53.689998626708984,53.689998626708984,49.12210464477539,21005100
2015-11-27,53.79999923706055,54.08000183105469,53.790000915527344,53.93000030517578,49.341678619384766,9009100
2015-11-30,54.540000915527344,54.959999084472656,54.0,54.349998474121094,49.7259521484375,56241400
2015-12-01,54.40999984741211,55.22999954223633,54.29999923706055,55.220001220703125,50.52193832397461,39952800
2015-12-02,55.31999969482422,55.959999084472656,55.060001373291016,55.209999084472656,50.512779235839844,47274900
2015-12-03,55.4900016784668,55.77000045776367,53.93000030517578,54.20000076293945,49.58871841430664,38627800
2015-12-04,54.119998931884766,56.22999954223633,54.099998474121094,55.90999984741211,51.15322494506836,43963700
2015-12-07,55.790000915527344,55.970001220703125,55.290000915527344,55.810001373291016,51.061737060546875,30709800
2015-12-08,55.470001220703125,56.099998474121094,54.9900016784668,55.790000915527344,51.043434143066406,32878000
2015-12-09,55.369998931884766,55.869998931884766,54.5099983215332,54.97999954223633,50.30235290527344,36373200
2015-12-10,55.38999938964844,55.65999984741211,55.0099983215332,55.27000045776367,50.56767272949219,31775800
2015-12-11,54.709999084472656,55.099998474121094,54.0099983215332,54.060001373291016,49.46062469482422,39549500
2015-12-14,54.33000183105469,55.209999084472656,53.68000030517578,55.13999938964844,50.4487419128418,46768900
2015-12-15,55.65999984741211,55.900001525878906,55.09000015258789,55.20000076293945,50.50363540649414,39843000
2015-12-16,55.540000915527344,56.25,54.7599983215332,56.130001068115234,51.35451126098633,37503300
2015-12-17,56.36000061035156,56.790000915527344,55.529998779296875,55.70000076293945,50.96108627319336,41280900
2015-12-18,55.77000045776367,56.0,54.029998779296875,54.130001068115234,49.524662017822266,84684200
2015-12-21,54.880001068115234,55.349998474121094,54.22999954223633,54.83000183105469,50.16511535644531,37246300
2015-12-22,54.9900016784668,55.47999954223633,54.5,55.349998474121094,50.64086151123047,28322200
2015-12-23,55.70000076293945,55.880001068115234,55.439998626708984,55.81999969482422,51.07087326049805,27279800
2015-12-24,55.86000061035156,55.959999084472656,55.43000030517578,55.66999816894531,50.93364334106445,9558500
2015-12-28,55.349998474121094,55.95000076293945,54.97999954223633,55.95000076293945,51.1898307800293,22458300
2015-12-29,56.290000915527344,56.849998474121094,56.060001373291016,56.54999923706055,51.7387809753418,27731400
2015-12-30,56.470001220703125,56.779998779296875,56.290000915527344,56.310001373291016,51.51919174194336,21704500
2015-12-31,56.040000915527344,56.189998626708984,55.41999816894531,55.47999954223633,50.75981521606445,27334100
2016-01-04,54.31999969482422,54.79999923706055,53.38999938964844,54.79999923706055,50.137657165527344,53778000
2016-01-05,54.93000030517578,55.38999938964844,54.540000915527344,55.04999923706055,50.36639404296875,34079700
2016-01-06,54.31999969482422,54.400001525878906,53.63999938964844,54.04999923706055,49.45146942138672,39518900
2016-01-07,52.70000076293945,53.4900016784668,52.06999969482422,52.16999816894531,47.73141860961914,56564900
2016-01-08,52.369998931884766,53.279998779296875,52.150001525878906,52.33000183105469,47.877811431884766,48754000
2016-01-11,52.5099983215332,52.849998474121094,51.459999084472656,52.29999923706055,47.85036087036133,36943800
2016-01-12,52.7599983215332,53.099998474121094,52.060001373291016,52.779998779296875,48.28952407836914,36095500
2016-01-13,53.79999923706055,54.06999969482422,51.29999923706055,51.63999938964844,47.246517181396484,66883600
2016-01-14,52.0,53.41999816894531,51.56999969482422,53.11000061035156,48.59144973754883,52381900
2016-01-15,51.310001373291016,51.970001220703125,50.34000015258789,50.9900016784668,46.651824951171875,71820700
2016-01-19,51.47999954223633,51.68000030517578,50.060001373291016,50.560001373291016,46.258399963378906,43564500
2016-01-20,49.97999954223633,51.380001068115234,49.099998474121094,50.790000915527344,46.46882629394531,63273000
2016-01-21,51.0,51.58000183105469,50.29999923706055,50.47999954223633,46.185203552246094,40191200
2016-01-22,51.40999984741211,52.33000183105469,51.2599983215332,52.290000915527344,47.841209411621094,37555800
2016-01-25,51.939998626708984,52.650001525878906,51.650001525878906,51.790000915527344,47.38374710083008,34707700
2016-01-26,51.790000915527344,52.439998626708984,51.54999923706055,52.16999816894531,47.73141860961914,28900800
2016-01-27,52.0099983215332,52.20000076293945,51.02000045776367,51.220001220703125,46.862247467041016,36775200
2016-01-28,51.86000061035156,52.209999084472656,51.25,52.060001373291016,47.63077163696289,62513800
2016-01-29,54.72999954223633,55.09000015258789,54.0,55.09000015258789,50.402992248535156,83611700
2016-02-01,54.880001068115234,55.09000015258789,54.5,54.709999084472656,50.05531311035156,44208500
2016-02-02,54.16999816894531,54.2599983215332,52.650001525878906,53.0,48.49081039428711,56313800
2016-02-03,53.25,53.38999938964844,51.2599983215332,52.15999984741211,47.722267150878906,57559800
2016-02-04,52.099998474121094,52.810001373291016,51.369998931884766,52.0,47.575889587402344,46987100
2016-02-05,51.939998626708984,52.0,49.560001373291016,50.15999984741211,45.89243698120117,62009000
2016-02-08,49.54999923706055,49.56999969482422,48.189998626708984,49.40999984741211,45.20622634887695,59290500
2016-02-09,49.02000045776367,50.2400016784668,48.66999816894531,49.279998779296875,45.08729553222656,46740500
2016-02-10,49.88999938964844,50.38999938964844,49.52000045776367,49.709999084472656,45.480716705322266,38237000
2016-02-11,48.68000030517578,50.11000061035156,48.5099983215332,49.689998626708984,45.46241760253906,48878600
2016-02-12,50.25,50.68000030517578,49.75,50.5,46.20351028442383,34243300
2016-02-16,50.900001525878906,51.09000015258789,50.130001068115234,51.09000015258789,47.078922271728516,37291200
2016-02-17,51.4900016784668,52.77000045776367,51.45000076293945,52.41999816894531,48.304500579833984,40789000
2016-02-18,52.33000183105469,52.95000076293945,52.099998474121094,52.189998626708984,48.09255599975586,27176000
2016-02-19,51.970001220703125,52.279998779296875,51.529998779296875,51.81999969482422,47.75160217285156,33559100
2016-02-22,52.279998779296875,53.0,52.279998779296875,52.650001525878906,48.51644515991211,25008300
2016-02-23,52.34000015258789,52.369998931884766,50.97999954223633,51.18000030517578,47.1618537902832,28895300
2016-02-24,50.689998626708984,51.5,50.20000076293945,51.36000061035156,47.327720642089844,33014500
2016-02-25,51.72999954223633,52.099998474121094,50.61000061035156,52.099998474121094,48.00962829589844,26939500
2016-02-26,52.599998474121094,52.68000030517578,51.099998474121094,51.29999923706055,47.272422790527344,35975900
2016-02-29,51.349998474121094,51.650001525878906,50.65999984741211,50.880001068115234,46.88541030883789,31654000
2016-03-01,50.970001220703125,52.59000015258789,50.91999816894531,52.58000183105469,48.451942443847656,33024500
2016-03-02,52.40999984741211,52.959999084472656,52.15999984741211,52.95000076293945,48.79289245605469,29289900
2016-03-03,52.970001220703125,52.970001220703125,51.779998779296875,52.349998474121094,48.23999786376953,24427800
2016-03-04,52.400001525878906,52.45000076293945,51.709999084472656,52.029998779296875,47.94511795043945,33034200
2016-03-07,51.560001373291016,51.79999923706055,50.58000183105469,51.029998779296875,47.02363204956055,38407800
2016-03-08,50.79999923706055,52.130001068115234,50.599998474121094,51.650001525878906,47.59495544433594,33835100
2016-03-09,51.88999938964844,52.849998474121094,51.86000061035156,52.84000015258789,48.69153594970703,28251600
2016-03-10,52.93000030517578,52.939998626708984,51.15999984741211,52.04999923706055,47.96355438232422,38387800
2016-03-11,53.0,53.06999969482422,52.380001068115234,53.06999969482422,48.903465270996094,32275700
2016-03-14,52.709999084472656,53.59000015258789,52.630001068115234,53.16999816894531,48.9956169128418,24083600
2016-03-15,52.75,53.59000015258789,52.7400016784668,53.59000015258789,49.38264083862305,21104800
2016-03-16,53.45000076293945,54.599998474121094,53.400001525878906,54.349998474121094,50.082977294921875,31691700
2016-03-17,54.209999084472656,55.0,54.0,54.65999984741211,50.36863327026367,28223900
2016-03-18,54.91999816894531,54.970001220703125,53.45000076293945,53.4900016784668,49.29049301147461,67625500
2016-03-21,53.25,53.93000030517578,52.93000030517578,53.86000061035156,49.631446838378906,23925700
2016-03-22,53.61000061035156,54.25,53.459999084472656,54.06999969482422,49.82495880126953,23124100
2016-03-23,54.11000061035156,54.2400016784668,53.7400016784668,53.970001220703125,49.732810974121094,20129000
2016-03-24,53.84000015258789,54.33000183105469,53.72999954223633,54.209999084472656,49.95397186279297,19950000
2016-03-28,54.209999084472656,54.290000915527344,53.33000183105469,53.540000915527344,49.33656311035156,17025100
2016-03-29,53.65999984741211,54.86000061035156,53.45000076293945,54.709999084472656,50.414710998535156,23924300
2016-03-30,54.93000030517578,55.63999938964844,54.900001525878906,55.04999923706055,50.728023529052734,23008300
2016-03-31,54.95000076293945,55.59000015258789,54.86000061035156,55.22999954223633,50.893882751464844,26360500
2016-04-01,55.04999923706055,55.61000061035156,54.56999969482422,55.56999969482422,51.20720291137695,24399200
2016-04-04,55.43000030517578,55.65999984741211,55.0,55.43000030517578,51.07819366455078,18928800
2016-04-05,55.189998626708984,55.29999923706055,54.459999084472656,54.560001373291016,50.27649688720703,19272300
2016-04-06,54.36000061035156,55.20000076293945,54.209999084472656,55.119998931884766,50.792518615722656,21188700
2016-04-07,54.869998931884766,54.90999984741211,54.22999954223633,54.459999084472656,50.184349060058594,19225100
2016-04-08,54.66999816894531,55.279998779296875,54.31999969482422,54.41999816894531,50.147483825683594,22167200
2016-04-11,54.4900016784668,55.150001525878906,54.29999923706055,54.310001373291016,50.046119689941406,21414200
2016-04-12,54.369998931884766,54.779998779296875,53.7599983215332,54.650001525878906,50.35942459106445,24944300
2016-04-13,55.119998931884766,55.439998626708984,54.88999938964844,55.349998474121094,51.00445556640625,20818000
2016-04-14,55.220001220703125,55.58000183105469,55.06999969482422,55.36000061035156,51.013675689697266,20877100
2016-04-15,55.29999923706055,55.91999816894531,55.11000061035156,55.650001525878906,51.280914306640625,28793800
2016-04-18,55.4900016784668,56.59000015258789,55.209999084472656,56.459999084472656,52.02731704711914,23786000
2016-04-19,56.630001068115234,56.77000045776367,55.68000030517578,56.38999938964844,51.96281051635742,29596800
2016-04-20,56.290000915527344,56.5,55.4900016784668,55.59000015258789,51.22562789916992,36195700
2016-04-21,55.79999923706055,56.22999954223633,55.41999816894531,55.779998779296875,51.40071105957031,38909100
2016-04-22,51.90999984741211,52.43000030517578,50.77000045776367,51.779998779296875,47.71474838256836,126834100
2016-04-25,51.779998779296875,52.130001068115234,51.630001068115234,52.11000061035156,48.018836975097656,33226900
2016-04-26,52.2599983215332,52.349998474121094,51.09000015258789,51.439998626708984,47.40144348144531,33532600
2016-04-27,51.47999954223633,51.5,50.54999923706055,50.939998626708984,46.940696716308594,43369300
2016-04-28,50.619998931884766,50.77000045776367,49.560001373291016,49.900001525878906,45.98234558105469,43134800
2016-04-29,49.349998474121094,50.25,49.349998474121094,49.869998931884766,45.95469665527344,48411700
2016-05-02,50.0,50.75,49.779998779296875,50.61000061035156,46.63661193847656,33114500
2016-05-03,50.34000015258789,50.40999984741211,49.599998474121094,49.779998779296875,45.87176513671875,26460200
2016-05-04,49.84000015258789,50.060001373291016,49.459999084472656,49.869998931884766,45.95469665527344,24257600
2016-05-05,49.869998931884766,50.29999923706055,49.72999954223633,49.939998626708984,46.019203186035156,25390700
2016-05-06,49.91999816894531,50.38999938964844,49.65999984741211,50.38999938964844,46.433876037597656,24787300
2016-05-09,50.4900016784668,50.59000015258789,50.0,50.06999969482422,46.139007568359375,17951600
2016-05-10,50.33000183105469,51.099998474121094,50.189998626708984,51.02000045776367,47.01441955566406,22891000
2016-05-11,51.130001068115234,51.779998779296875,51.0,51.04999923706055,47.04206085205078,24039100
2016-05-12,51.20000076293945,51.810001373291016,50.91999816894531,51.5099983215332,47.4659423828125,24102800
2016-05-13,51.439998626708984,51.900001525878906,51.040000915527344,51.08000183105469,47.06970977783203,22592300
2016-05-16,50.79999923706055,51.959999084472656,50.75,51.83000183105469,47.76082992553711,20032000
2016-05-17,51.720001220703125,51.72999954223633,50.36000061035156,50.5099983215332,46.869998931884766,27803500
2016-05-18,50.47999954223633,51.13999938964844,50.29999923706055,50.810001373291016,47.148380279541016,24907500
2016-05-19,50.470001220703125,50.619998931884766,49.81999969482422,50.31999969482422,46.69369125366211,23842400
2016-05-20,50.47999954223633,51.220001220703125,50.400001525878906,50.619998931884766,46.972068786621094,23905800
2016-05-23,50.599998474121094,50.68000030517578,49.97999954223633,50.029998779296875,46.42460250854492,26118700
2016-05-24,50.70000076293945,51.709999084472656,50.400001525878906,51.59000015258789,47.87218475341797,34757900
2016-05-25,51.91999816894531,52.4900016784668,51.790000915527344,52.119998931884766,48.36397933959961,24040200
2016-05-26,51.93000030517578,51.97999954223633,51.36000061035156,51.88999938964844,48.15055465698242,24335200
2016-05-27,51.91999816894531,52.31999969482422,51.77000045776367,52.31999969482422,48.54956817626953,17721400
2016-05-31,52.2599983215332,53.0,52.08000183105469,53.0,49.180572509765625,37653100
2016-06-01,52.439998626708984,52.95000076293945,52.439998626708984,52.849998474121094,49.04136657714844,25324800
2016-06-02,52.63999938964844,52.7400016784668,51.84000015258789,52.47999954223633,48.69804763793945,22840800
2016-06-03,52.380001068115234,52.41999816894531,51.599998474121094,51.790000915527344,48.05775451660156,23368300
2016-06-06,51.9900016784668,52.349998474121094,51.88999938964844,52.130001068115234,48.37327194213867,18243300
2016-06-07,52.2400016784668,52.72999954223633,52.099998474121094,52.099998474121094,48.34543228149414,20866800
2016-06-08,52.02000045776367,52.439998626708984,51.869998931884766,52.040000915527344,48.28974151611328,21149400
2016-06-09,52.0,52.0,51.4900016784668,51.619998931884766,47.90000534057617,20305700
2016-06-10,51.04999923706055,52.04999923706055,51.040000915527344,51.47999954223633,47.77009963989258,25833200
2016-06-13,49.58000183105469,50.720001220703125,49.060001373291016,50.13999938964844,46.52666091918945,83217800
2016-06-14,49.900001525878906,50.099998474121094,49.56999969482422,49.83000183105469,46.239009857177734,42577100
2016-06-15,49.779998779296875,50.119998931884766,49.689998626708984,49.689998626708984,46.10909652709961,33757600
2016-06-16,49.52000045776367,50.470001220703125,49.5099983215332,50.38999938964844,46.75865173339844,31188600
2016-06-17,50.40999984741211,50.43000030517578,49.81999969482422,50.130001068115234,46.517391204833984,45710500
2016-06-20,50.63999938964844,50.83000183105469,50.029998779296875,50.06999969482422,46.46171569824219,35607900
2016-06-21,50.20000076293945,51.43000030517578,50.15999984741211,51.189998626708984,47.500999450683594,34097800
2016-06-22,51.08000183105469,51.459999084472656,50.95000076293945,50.9900016784668,47.31542205810547,28816800
2016-06-23,51.279998779296875,52.060001373291016,51.150001525878906,51.90999984741211,48.16911315917969,29028800
2016-06-24,49.810001373291016,50.939998626708984,49.52000045776367,49.83000183105469,46.239009857177734,133503000
2016-06-27,49.099998474121094,49.150001525878906,48.040000915527344,48.43000030517578,44.93989944458008,50216300
2016-06-28,48.91999816894531,49.470001220703125,48.66999816894531,49.439998626708984,45.87710952758789,38140700
2016-06-29,49.90999984741211,50.720001220703125,49.79999923706055,50.540000915527344,46.89784240722656,31304000
2016-06-30,50.720001220703125,51.29999923706055,50.5,51.16999816894531,47.48244094848633,28527800
2016-07-01,51.130001068115234,51.720001220703125,51.06999969482422,51.15999984741211,47.47316360473633,21400400
2016-07-05,50.83000183105469,51.279998779296875,50.7400016784668,51.16999816894531,47.48244094848633,24806400
2016-07-06,50.779998779296875,51.540000915527344,50.38999938964844,51.380001068115234,47.677310943603516,28167500
2016-07-07,51.41999816894531,51.61000061035156,51.06999969482422,51.380001068115234,47.677310943603516,19585200
2016-07-08,51.72999954223633,52.36000061035156,51.54999923706055,52.29999923706055,48.531005859375,28391000
2016-07-11,52.5,52.83000183105469,52.470001220703125,52.59000015258789,48.800113677978516,22269200
2016-07-12,52.939998626708984,53.400001525878906,52.790000915527344,53.209999084472656,49.37543487548828,27317600
2016-07-13,53.560001373291016,53.86000061035156,53.18000030517578,53.5099983215332,49.65380859375,25356800
2016-07-14,53.84000015258789,53.9900016784668,53.58000183105469,53.7400016784668,49.86723709106445,24545500
2016-07-15,53.95000076293945,54.0,53.209999084472656,53.70000076293945,49.83012390136719,32024400
2016-07-18,53.70000076293945,54.34000015258789,53.54999923706055,53.959999084472656,50.071380615234375,31433900
2016-07-19,53.709999084472656,53.900001525878906,52.93000030517578,53.09000015258789,49.26408004760742,53336500
2016-07-20,56.150001525878906,56.84000015258789,55.529998779296875,55.90999984741211,51.880855560302734,89893300
2016-07-21,55.97999954223633,56.22999954223633,55.7599983215332,55.79999923706055,51.778785705566406,32776700
2016-07-22,56.08000183105469,56.630001068115234,55.779998779296875,56.56999969482422,52.49330139160156,32157200
2016-07-25,56.470001220703125,56.7400016784668,56.2599983215332,56.72999954223633,52.641754150390625,25610600
2016-07-26,56.52000045776367,57.290000915527344,56.5099983215332,56.7599983215332,52.66959762573242,28079000
2016-07-27,56.61000061035156,56.79999923706055,56.11000061035156,56.189998626708984,52.14067840576172,32327500
2016-07-28,56.0,56.369998931884766,55.720001220703125,56.209999084472656,52.159236907958984,37550400
2016-07-29,56.2599983215332,56.7599983215332,56.04999923706055,56.68000030517578,52.59536361694336,30558700
2016-08-01,56.599998474121094,56.75,56.13999938964844,56.58000183105469,52.5025749206543,26003400
2016-08-02,56.849998474121094,56.900001525878906,56.310001373291016,56.58000183105469,52.5025749206543,35122000
2016-08-03,56.68000030517578,57.11000061035156,56.4900016784668,56.970001220703125,52.864471435546875,22075600
2016-08-04,56.79999923706055,57.52000045776367,56.66999816894531,57.38999938964844,53.25419998168945,26587700
2016-08-05,57.650001525878906,58.209999084472656,57.45000076293945,57.959999084472656,53.783119201660156,29335200
2016-08-08,58.060001373291016,58.09000015258789,57.779998779296875,58.060001373291016,53.875911712646484,19473500
2016-08-09,58.16999816894531,58.5,58.02000045776367,58.20000076293945,54.00582504272461,16920700
2016-08-10,58.15999984741211,58.31999969482422,57.81999969482422,58.02000045776367,53.838802337646484,15756900
2016-08-11,58.029998779296875,58.45000076293945,58.029998779296875,58.29999923706055,54.0986213684082,18162300
2016-08-12,58.029998779296875,58.189998626708984,57.619998931884766,57.939998626708984,53.764564514160156,21655200
2016-08-15,58.0099983215332,58.5,57.959999084472656,58.119998931884766,53.93159103393555,19283900
2016-08-16,57.61000061035156,57.619998931884766,57.27000045776367,57.439998626708984,53.63279342651367,20523500
2016-08-17,57.540000915527344,57.68000030517578,57.22999954223633,57.560001373291016,53.744842529296875,18856400
2016-08-18,57.41999816894531,57.70000076293945,57.27000045776367,57.599998474121094,53.78219985961914,14214300
2016-08-19,57.43000030517578,57.72999954223633,57.20000076293945,57.619998931884766,53.80086898803711,17271000
2016-08-22,57.599998474121094,57.75,57.2599983215332,57.66999816894531,53.84755325317383,15221900
2016-08-23,57.900001525878906,58.18000030517578,57.849998474121094,57.88999938964844,54.052974700927734,18732400
2016-08-24,57.79999923706055,58.040000915527344,57.720001220703125,57.95000076293945,54.1089973449707,18151500
2016-08-25,57.880001068115234,58.290000915527344,57.779998779296875,58.16999816894531,54.31441116333008,18552600
2016-08-26,58.279998779296875,58.70000076293945,57.689998626708984,58.029998779296875,54.183692932128906,20971200
2016-08-29,58.18000030517578,58.599998474121094,58.099998474121094,58.099998474121094,54.249053955078125,16417200
2016-08-30,57.97999954223633,58.189998626708984,57.61000061035156,57.88999938964844,54.052974700927734,16930200
2016-08-31,57.650001525878906,57.79999923706055,57.29999923706055,57.459999084472656,53.6514778137207,20860300
2016-09-01,57.0099983215332,57.81999969482422,57.0099983215332,57.59000015258789,53.772857666015625,26075400
2016-09-02,57.66999816894531,58.189998626708984,57.41999816894531,57.66999816894531,53.84755325317383,18900500
2016-09-06,57.779998779296875,57.79999923706055,57.209999084472656,57.61000061035156,53.79153823852539,16278400
2016-09-07,57.470001220703125,57.84000015258789,57.40999984741211,57.65999984741211,53.83821487426758,17493400
2016-09-08,57.630001068115234,57.790000915527344,57.18000030517578,57.43000030517578,53.62345886230469,20146100
2016-09-09,56.790000915527344,57.52000045776367,56.209999084472656,56.209999084472656,52.48432540893555,35113900
2016-09-12,56.0,57.209999084472656,55.61000061035156,57.04999923706055,53.268653869628906,29303000
2016-09-13,56.5,56.650001525878906,56.04999923706055,56.529998779296875,52.78311538696289,30130200
2016-09-14,56.38999938964844,56.630001068115234,56.029998779296875,56.2599983215332,52.531009674072266,24062500
2016-09-15,56.150001525878906,57.349998474121094,55.97999954223633,57.189998626708984,53.39936447143555,26847000
2016-09-16,57.630001068115234,57.630001068115234,56.75,57.25,53.45539474487305,44607000
2016-09-19,57.27000045776367,57.75,56.849998474121094,56.93000030517578,53.15660858154297,20937100
2016-09-20,57.349998474121094,57.349998474121094,56.75,56.810001373291016,53.044551849365234,17384000
2016-09-21,57.5099983215332,57.849998474121094,57.08000183105469,57.7599983215332,53.93158721923828,33707300
2016-09-22,57.91999816894531,58.0,57.630001068115234,57.81999969482422,53.98761749267578,19822200
2016-09-23,57.869998931884766,57.90999984741211,57.380001068115234,57.43000030517578,53.62345886230469,19955300
2016-09-26,57.08000183105469,57.13999938964844,56.83000183105469,56.900001525878906,53.12860107421875,21688700
2016-09-27,56.93000030517578,58.060001373291016,56.68000030517578,57.95000076293945,54.1089973449707,28065100
2016-09-28,57.880001068115234,58.060001373291016,57.66999816894531,58.029998779296875,54.183692932128906,20536400
2016-09-29,57.810001373291016,58.16999816894531,57.209999084472656,57.400001525878906,53.595458984375,25463500
2016-09-30,57.56999969482422,57.77000045776367,57.34000015258789,57.599998474121094,53.78219985961914,29910800
2016-10-03,57.40999984741211,57.54999923706055,57.060001373291016,57.41999816894531,53.61412811279297,19189500
2016-10-04,57.27000045776367,57.599998474121094,56.970001220703125,57.2400016784668,53.4460563659668,20085900
2016-10-05,57.290000915527344,57.959999084472656,57.2599983215332,57.63999938964844,53.81954574584961,16726400
2016-10-06,57.7400016784668,57.86000061035156,57.279998779296875,57.7400016784668,53.91291809082031,16212600
2016-10-07,57.849998474121094,57.97999954223633,57.41999816894531,57.79999923706055,53.968936920166016,20089000
2016-10-10,57.90999984741211,58.38999938964844,57.869998931884766,58.040000915527344,54.19303512573242,18196500
2016-10-11,57.88999938964844,58.02000045776367,56.88999938964844,57.189998626708984,53.39936447143555,26497400
2016-10-12,57.11000061035156,57.27000045776367,56.400001525878906,57.11000061035156,53.32467269897461,22177500
2016-10-13,56.70000076293945,57.29999923706055,56.31999969482422,56.91999816894531,53.147274017333984,25313700
2016-10-14,57.119998931884766,57.7400016784668,57.119998931884766,57.41999816894531,53.61412811279297,27402500
2016-10-17,57.36000061035156,57.459999084472656,56.869998931884766,57.220001220703125,53.42738342285156,23830000
2016-10-18,57.529998779296875,57.95000076293945,57.40999984741211,57.65999984741211,53.83821487426758,19149500
2016-10-19,57.470001220703125,57.84000015258789,57.400001525878906,57.529998779296875,53.71683120727539,22878400
2016-10-20,57.5,57.52000045776367,56.65999984741211,57.25,53.45539474487305,49455600
2016-10-21,60.279998779296875,60.45000076293945,59.4900016784668,59.65999984741211,55.70565414428711,80032200
2016-10-24,59.939998626708984,61.0,59.93000030517578,61.0,56.95684051513672,54067000
2016-10-25,60.849998474121094,61.369998931884766,60.79999923706055,60.9900016784668,56.9474983215332,35137200
2016-10-26,60.810001373291016,61.20000076293945,60.470001220703125,60.630001068115234,56.61135482788086,29911600
2016-10-27,60.61000061035156,60.83000183105469,60.09000015258789,60.099998474121094,56.11648941040039,28479900
2016-10-28,60.0099983215332,60.52000045776367,59.58000183105469,59.869998931884766,55.9017333984375,33574700
2016-10-31,60.15999984741211,60.41999816894531,59.91999816894531,59.91999816894531,55.94841766357422,26434700
2016-11-01,59.970001220703125,60.02000045776367,59.25,59.79999923706055,55.83638000488281,24533000
2016-11-02,59.81999969482422,59.93000030517578,59.29999923706055,59.43000030517578,55.49089813232422,22147000
2016-11-03,59.529998779296875,59.63999938964844,59.11000061035156,59.209999084472656,55.28548049926758,21600400
2016-11-04,58.650001525878906,59.279998779296875,58.52000045776367,58.709999084472656,54.81862258911133,28697000
2016-11-07,59.779998779296875,60.52000045776367,59.779998779296875,60.41999816894531,56.415279388427734,31664800
2016-11-08,60.54999923706055,60.779998779296875,60.150001525878906,60.470001220703125,56.46196746826172,22935400
2016-11-09,60.0,60.59000015258789,59.20000076293945,60.16999816894531,56.181846618652344,49632500
2016-11-10,60.47999954223633,60.4900016784668,57.630001068115234,58.70000076293945,54.80929183959961,57822400
2016-11-11,58.22999954223633,59.119998931884766,58.0099983215332,59.02000045776367,55.10807800292969,38767800
2016-11-14,59.02000045776367,59.08000183105469,57.279998779296875,58.119998931884766,54.26772689819336,41328400
2016-11-15,58.33000183105469,59.4900016784668,58.31999969482422,58.869998931884766,55.3393669128418,35904100
2016-11-16,58.939998626708984,59.65999984741211,58.810001373291016,59.650001525878906,56.07258224487305,27332500
2016-11-17,60.40999984741211,60.95000076293945,59.970001220703125,60.63999938964844,57.00320053100586,32132700
2016-11-18,60.779998779296875,61.13999938964844,60.29999923706055,60.349998474121094,56.7306022644043,27686300
2016-11-21,60.5,60.970001220703125,60.41999816894531,60.86000061035156,57.21001052856445,19652600
2016-11-22,60.97999954223633,61.2599983215332,60.810001373291016,61.119998931884766,57.454410552978516,23206700
2016-11-23,61.0099983215332,61.099998474121094,60.25,60.400001525878906,56.77760314941406,21848900
2016-11-25,60.29999923706055,60.529998779296875,60.130001068115234,60.529998779296875,56.899803161621094,8409600
2016-11-28,60.34000015258789,61.02000045776367,60.209999084472656,60.61000061035156,56.97500228881836,20732600
2016-11-29,60.650001525878906,61.40999984741211,60.52000045776367,61.09000015258789,57.42621612548828,22366700
2016-11-30,60.86000061035156,61.18000030517578,60.220001220703125,60.2599983215332,56.645992279052734,34655400
2016-12-01,60.11000061035156,60.150001525878906,58.939998626708984,59.20000076293945,55.64956283569336,34542100
2016-12-02,59.08000183105469,59.470001220703125,58.79999923706055,59.25,55.696563720703125,25515700
2016-12-05,59.70000076293945,60.59000015258789,59.560001373291016,60.220001220703125,56.608394622802734,23552700
2016-12-06,60.43000030517578,60.459999084472656,59.79999923706055,59.95000076293945,56.354591369628906,19907000
2016-12-07,60.0099983215332,61.380001068115234,59.79999923706055,61.369998931884766,57.689422607421875,30809000
2016-12-08,61.29999923706055,61.58000183105469,60.84000015258789,61.0099983215332,57.351009368896484,21220800
2016-12-09,61.18000030517578,61.9900016784668,61.130001068115234,61.970001220703125,58.25344467163086,27349400
2016-12-12,61.81999969482422,62.29999923706055,61.720001220703125,62.16999816894531,58.441444396972656,20198100
2016-12-13,62.5,63.41999816894531,62.2400016784668,62.97999954223633,59.20286560058594,35718900
2016-12-14,63.0,63.45000076293945,62.529998779296875,62.68000030517578,58.920860290527344,30352700
2016-12-15,62.70000076293945,63.150001525878906,62.29999923706055,62.58000183105469,58.82685470581055,27669900
2016-12-16,62.95000076293945,62.95000076293945,62.119998931884766,62.29999923706055,58.56364440917969,42453100
2016-12-19,62.560001373291016,63.77000045776367,62.41999816894531,63.619998931884766,59.80447769165039,34338200
2016-12-20,63.689998626708984,63.79999923706055,63.029998779296875,63.540000915527344,59.729278564453125,26028400
2016-12-21,63.43000030517578,63.70000076293945,63.119998931884766,63.540000915527344,59.729278564453125,17096300
2016-12-22,63.84000015258789,64.0999984741211,63.40999984741211,63.54999923706055,59.73868942260742,22176600
2016-12-23,63.45000076293945,63.540000915527344,62.79999923706055,63.2400016784668,59.4472770690918,12403800
2016-12-27,63.209999084472656,64.06999969482422,63.209999084472656,63.279998779296875,59.48487091064453,11763200
2016-12-28,63.400001525878906,63.400001525878906,62.83000183105469,62.9900016784668,59.2122688293457,14653300
2016-12-29,62.86000061035156,63.20000076293945,62.72999954223633,62.900001525878906,59.12767028808594,10250600
2016-12-30,62.959999084472656,62.9900016784668,62.029998779296875,62.13999938964844,58.413238525390625,25579900
2017-01-03,62.790000915527344,62.84000015258789,62.130001068115234,62.58000183105469,58.82685470581055,20694100
2017-01-04,62.47999954223633,62.75,62.119998931884766,62.29999923706055,58.56364440917969,21340000
2017-01-05,62.189998626708984,62.65999984741211,62.029998779296875,62.29999923706055,58.56364440917969,24876000
2017-01-06,62.29999923706055,63.150001525878906,62.040000915527344,62.84000015258789,59.07126235961914,19922900
2017-01-09,62.7599983215332,63.08000183105469,62.540000915527344,62.63999938964844,58.88325500488281,20382700
2017-01-10,62.72999954223633,63.06999969482422,62.279998779296875,62.619998931884766,58.86444854736328,18593000
2017-01-11,62.61000061035156,63.22999954223633,62.43000030517578,63.189998626708984,59.400264739990234,21517300
2017-01-12,63.060001373291016,63.400001525878906,61.95000076293945,62.61000061035156,58.85504913330078,20968200
2017-01-13,62.619998931884766,62.869998931884766,62.349998474121094,62.70000076293945,58.93966293334961,19422300
2017-01-17,62.68000030517578,62.70000076293945,62.029998779296875,62.529998779296875,58.779850006103516,20664000
2017-01-18,62.66999816894531,62.70000076293945,62.119998931884766,62.5,58.751651763916016,19670100
2017-01-19,62.2400016784668,62.97999954223633,62.20000076293945,62.29999923706055,58.56364440917969,18451700
2017-01-20,62.66999816894531,62.81999969482422,62.369998931884766,62.7400016784668,58.977256774902344,30213500
2017-01-23,62.70000076293945,63.119998931884766,62.56999969482422,62.959999084472656,59.1840705871582,23097600
2017-01-24,63.20000076293945,63.7400016784668,62.939998626708984,63.52000045776367,59.71048355102539,24672900
2017-01-25,63.95000076293945,64.0999984741211,63.45000076293945,63.68000030517578,59.860877990722656,23672700
2017-01-26,64.12000274658203,64.54000091552734,63.54999923706055,64.2699966430664,60.415496826171875,43554600
2017-01-27,65.38999938964844,65.91000366210938,64.88999938964844,65.77999877929688,61.834938049316406,44818000
2017-01-30,65.69000244140625,65.79000091552734,64.80000305175781,65.12999725341797,61.223915100097656,31651400
2017-01-31,64.86000061035156,65.1500015258789,64.26000213623047,64.6500015258789,60.77271270751953,25270500
2017-02-01,64.36000061035156,64.62000274658203,63.470001220703125,63.58000183105469,59.766883850097656,39671500
2017-02-02,63.25,63.40999984741211,62.75,63.16999816894531,59.3814697265625,45827000
2017-02-03,63.5,63.70000076293945,63.06999969482422,63.68000030517578,59.860877990722656,30301800
2017-02-06,63.5,63.650001525878906,63.13999938964844,63.63999938964844,59.82328414916992,19796400
2017-02-07,63.7400016784668,63.779998779296875,63.22999954223633,63.43000030517578,59.62587356567383,20277200
2017-02-08,63.56999969482422,63.810001373291016,63.220001220703125,63.34000015258789,59.54127883911133,18096400
2017-02-09,63.52000045776367,64.44000244140625,63.31999969482422,64.05999755859375,60.21809387207031,22644400
2017-02-10,64.25,64.30000305175781,63.97999954223633,64.0,60.16169738769531,18170700
2017-02-13,64.23999786376953,64.86000061035156,64.12999725341797,64.72000122070312,60.8385124206543,22920100
2017-02-14,64.41000366210938,64.72000122070312,64.0199966430664,64.56999969482422,61.065494537353516,23108400
2017-02-15,64.5,64.56999969482422,64.16000366210938,64.52999877929688,61.02766036987305,17005200
2017-02-16,64.73999786376953,65.23999786376953,64.44000244140625,64.5199966430664,61.018192291259766,20546300
2017-02-17,64.47000122070312,64.69000244140625,64.30000305175781,64.62000274658203,61.11277770996094,21248800
2017-02-21,64.61000061035156,64.94999694824219,64.44999694824219,64.48999786376953,60.98983383178711,20655900
2017-02-22,64.33000183105469,64.38999938964844,64.05000305175781,64.36000061035156,60.86688232421875,19292700
2017-02-23,64.41999816894531,64.7300033569336,64.19000244140625,64.62000274658203,61.11277770996094,20273100
2017-02-24,64.52999877929688,64.80000305175781,64.13999938964844,64.62000274658203,61.11277770996094,21796800
2017-02-27,64.54000091552734,64.54000091552734,64.05000305175781,64.2300033569336,60.74394989013672,15871500
2017-02-28,64.08000183105469,64.19999694824219,63.7599983215332,63.97999954223633,60.50750732421875,23239800
2017-03-01,64.12999725341797,64.98999786376953,64.0199966430664,64.94000244140625,61.4154167175293,26937500
2017-03-02,64.69000244140625,64.75,63.880001068115234,64.01000213623047,60.535884857177734,24539600
2017-03-03,63.9900016784668,64.27999877929688,63.619998931884766,64.25,60.76285171508789,18135900
2017-03-06,63.970001220703125,64.55999755859375,63.810001373291016,64.2699966430664,60.781768798828125,18750300
2017-03-07,64.19000244140625,64.77999877929688,64.19000244140625,64.4000015258789,60.904720306396484,18521000
2017-03-08,64.26000213623047,65.08000183105469,64.25,64.98999786376953,61.46269226074219,21510900
2017-03-09,65.19000244140625,65.19999694824219,64.4800033569336,64.7300033569336,61.2168083190918,19846800
2017-03-10,65.11000061035156,65.26000213623047,64.75,64.93000030517578,61.40593719482422,19538200
2017-03-13,65.01000213623047,65.19000244140625,64.56999969482422,64.70999908447266,61.1978874206543,20100000
2017-03-14,64.52999877929688,64.55000305175781,64.1500015258789,64.41000366210938,60.9141731262207,14280200
2017-03-15,64.55000305175781,64.91999816894531,64.25,64.75,61.2357177734375,24833800
2017-03-16,64.75,64.76000213623047,64.30000305175781,64.63999938964844,61.13168716430664,20674300
2017-03-17,64.91000366210938,65.23999786376953,64.68000030517578,64.87000274658203,61.349205017089844,49219700
2017-03-20,64.91000366210938,65.18000030517578,64.72000122070312,64.93000030517578,61.40593719482422,14598100
2017-03-21,65.19000244140625,65.5,64.12999725341797,64.20999908447266,60.72502899169922,26640500
2017-03-22,64.12000274658203,65.13999938964844,64.12000274658203,65.02999877929688,61.500518798828125,20680000
2017-03-23,64.94000244140625,65.23999786376953,64.7699966430664,64.87000274658203,61.349205017089844,19269200
2017-03-24,65.36000061035156,65.44999694824219,64.76000213623047,64.9800033569336,61.4532470703125,22617100
2017-03-27,64.62999725341797,65.22000122070312,64.3499984741211,65.0999984741211,61.56672286987305,18614700
2017-03-28,64.95999908447266,65.47000122070312,64.6500015258789,65.29000091552734,61.74641036987305,20080400
2017-03-29,65.12000274658203,65.5,64.94999694824219,65.47000122070312,61.91664123535156,13618400
2017-03-30,65.41999816894531,65.9800033569336,65.36000061035156,65.70999908447266,62.14361572265625,15122800
2017-03-31,65.6500015258789,66.19000244140625,65.44999694824219,65.86000061035156,62.28547668457031,21040300
2017-04-03,65.80999755859375,65.94000244140625,65.19000244140625,65.55000305175781,61.99230194091797,20400900
2017-04-04,65.38999938964844,65.80999755859375,65.27999877929688,65.7300033569336,62.16253662109375,12997400
2017-04-05,66.30000305175781,66.3499984741211,65.44000244140625,65.55999755859375,62.00175857543945,21448600
2017-04-06,65.5999984741211,66.05999755859375,65.4800033569336,65.7300033569336,62.16253662109375,18103500
2017-04-07,65.8499984741211,65.95999908447266,65.44000244140625,65.68000030517578,62.11524200439453,14108500
2017-04-10,65.61000061035156,65.81999969482422,65.36000061035156,65.52999877929688,61.97336959838867,17952700
2017-04-11,65.5999984741211,65.61000061035156,64.8499984741211,65.4800033569336,61.92609405517578,18791500
2017-04-12,65.41999816894531,65.51000213623047,65.11000061035156,65.2300033569336,61.689666748046875,17108500
2017-04-13,65.29000091552734,65.86000061035156,64.94999694824219,64.94999694824219,61.424861907958984,17896500
2017-04-17,65.04000091552734,65.48999786376953,65.01000213623047,65.4800033569336,61.92609405517578,16689300
2017-04-18,65.33000183105469,65.70999908447266,65.16000366210938,65.38999938964844,61.84098815917969,15155600
2017-04-19,65.6500015258789,65.75,64.88999938964844,65.04000091552734,61.50997543334961,26992800
2017-04-20,65.45999908447266,65.75,65.13999938964844,65.5,61.94501495361328,22299500
2017-04-21,65.66999816894531,66.69999694824219,65.44999694824219,66.4000015258789,62.79616928100586,32522600
2017-04-24,67.4800033569336,67.66000366210938,67.0999984741211,67.52999877929688,63.864830017089844,29770000
2017-04-25,67.9000015258789,68.04000091552734,67.5999984741211,67.91999816894531,64.23368072509766,30242700
2017-04-26,68.08000183105469,68.30999755859375,67.62000274658203,67.83000183105469,64.14855194091797,26190800
2017-04-27,68.1500015258789,68.37999725341797,67.58000183105469,68.2699966430664,64.5646743774414,34971000
2017-04-28,68.91000366210938,69.13999938964844,67.69000244140625,68.45999908447266,64.7443618774414,39548800
2017-05-01,68.68000030517578,69.55000305175781,68.5,69.41000366210938,65.6427993774414,31954400
2017-05-02,69.70999908447266,69.70999908447266,69.12999725341797,69.30000305175781,65.53877258300781,23906100
2017-05-03,69.37999725341797,69.37999725341797,68.70999908447266,69.08000183105469,65.33071899414062,28928000
2017-05-04,69.02999877929688,69.08000183105469,68.63999938964844,68.80999755859375,65.07535552978516,21749400
2017-05-05,68.9000015258789,69.02999877929688,68.48999786376953,69.0,65.25505828857422,19128800
2017-05-08,68.97000122070312,69.05000305175781,68.41999816894531,68.94000244140625,65.19829559326172,18566100
2017-05-09,68.86000061035156,69.27999877929688,68.68000030517578,69.04000091552734,65.29289245605469,22858400
2017-05-10,68.98999786376953,69.55999755859375,68.91999816894531,69.30999755859375,65.54822540283203,17977800
2017-05-11,68.36000061035156,68.7300033569336,68.12000274658203,68.45999908447266,64.7443618774414,28789400
2017-05-12,68.61000061035156,68.61000061035156,68.04000091552734,68.37999725341797,64.668701171875,18714100
2017-05-15,68.13999938964844,68.4800033569336,67.56999969482422,68.43000030517578,64.71598815917969,31530300
2017-05-16,68.2300033569336,69.44000244140625,68.16000366210938,69.41000366210938,66.0190658569336,34956000
2017-05-17,68.88999938964844,69.0999984741211,67.43000030517578,67.4800033569336,64.18335723876953,30548800
2017-05-18,67.4000015258789,68.12999725341797,67.13999938964844,67.70999908447266,64.402099609375,25201300
2017-05-19,67.5,68.0999984741211,67.43000030517578,67.69000244140625,64.38309478759766,26961100
2017-05-22,67.88999938964844,68.5,67.5,68.44999694824219,65.10595703125,16237600
2017-05-23,68.72000122070312,68.75,68.37999725341797,68.68000030517578,65.32472229003906,15425800
2017-05-24,68.87000274658203,68.87999725341797,68.44999694824219,68.7699966430664,65.41033172607422,14593900
2017-05-25,68.97000122070312,69.87999725341797,68.91000366210938,69.62000274658203,66.21880340576172,21854100
2017-05-26,69.80000305175781,70.22000122070312,69.5199966430664,69.95999908447266,66.54217529296875,19827900
2017-05-30,69.79000091552734,70.41000366210938,69.7699966430664,70.41000366210938,66.97021484375,17072800
2017-05-31,70.52999877929688,70.73999786376953,69.80999755859375,69.83999633789062,66.42803955078125,30436400
2017-06-01,70.23999786376953,70.61000061035156,69.44999694824219,70.0999984741211,66.67533874511719,21603600
2017-06-02,70.44000244140625,71.86000061035156,70.23999786376953,71.76000213623047,68.25424194335938,34770300
2017-06-05,71.97000122070312,72.88999938964844,71.80999755859375,72.27999877929688,68.74884796142578,33316800
2017-06-06,72.30000305175781,72.62000274658203,72.2699966430664,72.5199966430664,68.97712707519531,31511100
2017-06-07,72.63999938964844,72.7699966430664,71.94999694824219,72.38999938964844,68.85347747802734,22301800
2017-06-08,72.51000213623047,72.5199966430664,71.5,71.94999694824219,68.43497467041016,24588300
2017-06-09,72.04000091552734,72.08000183105469,68.58999633789062,70.31999969482422,66.88460540771484,49187400
2017-06-12,69.25,69.94000244140625,68.12999725341797,69.77999877929688,66.3709716796875,47761700
2017-06-13,70.0199966430664,70.81999969482422,69.95999908447266,70.6500015258789,67.19847869873047,25258600
2017-06-14,70.91000366210938,71.0999984741211,69.43000030517578,70.2699966430664,66.83705139160156,25510700
2017-06-15,69.2699966430664,70.20999908447266,68.80000305175781,69.9000015258789,66.4851303100586,26068700
2017-06-16,69.7300033569336,70.02999877929688,69.22000122070312,70.0,66.58024597167969,48345100
2017-06-19,70.5,70.94000244140625,70.3499984741211,70.87000274658203,67.40772247314453,23798300
2017-06-20,70.81999969482422,70.87000274658203,69.87000274658203,69.91000366210938,66.49463653564453,21512200
2017-06-21,70.20999908447266,70.62000274658203,69.94000244140625,70.2699966430664,66.83705139160156,19891100
2017-06-22,70.54000091552734,70.58999633789062,69.70999908447266,70.26000213623047,66.82752990722656,22965700
2017-06-23,70.08999633789062,71.25,69.91999816894531,71.20999908447266,67.73111724853516,27617300
2017-06-26,71.4000015258789,71.70999908447266,70.44000244140625,70.52999877929688,67.08433532714844,19607000
2017-06-27,70.11000061035156,70.18000030517578,69.18000030517578,69.20999908447266,65.82881927490234,25215100
2017-06-28,69.20999908447266,69.83999633789062,68.79000091552734,69.80000305175781,66.3900146484375,25806200
2017-06-29,69.37999725341797,69.48999786376953,68.08999633789062,68.48999786376953,65.14400482177734,28918700
2017-06-30,68.77999877929688,69.37999725341797,68.73999786376953,68.93000030517578,65.5625,24161100
2017-07-03,69.33000183105469,69.5999984741211,68.0199966430664,68.16999816894531,64.83963775634766,16165500
2017-07-05,68.26000213623047,69.44000244140625,68.22000122070312,69.08000183105469,65.7051773071289,21176300
2017-07-06,68.2699966430664,68.77999877929688,68.12000274658203,68.56999969482422,65.22010040283203,21117600
2017-07-07,68.69999694824219,69.83999633789062,68.69999694824219,69.45999908447266,66.06661987304688,16878300
2017-07-10,69.45999908447266,70.25,69.19999694824219,69.9800033569336,66.56121826171875,15014500
2017-07-11,70.0,70.68000030517578,69.75,69.98999786376953,66.57071685791016,17460000
2017-07-12,70.69000244140625,71.27999877929688,70.55000305175781,71.1500015258789,67.674072265625,17750900
2017-07-13,71.5,72.04000091552734,71.30999755859375,71.7699966430664,68.26376342773438,20269800
2017-07-14,72.23999786376953,73.2699966430664,71.95999908447266,72.77999877929688,69.22443389892578,25868100
2017-07-17,72.80000305175781,73.44999694824219,72.72000122070312,73.3499984741211,69.7665786743164,21803900
2017-07-18,73.08999633789062,73.38999938964844,72.66000366210938,73.30000305175781,69.71900939941406,26435300
2017-07-19,73.5,74.04000091552734,73.44999694824219,73.86000061035156,70.25165557861328,22416200
2017-07-20,74.18000030517578,74.30000305175781,73.27999877929688,74.22000122070312,70.59407043457031,42361000
2017-07-21,73.44999694824219,74.29000091552734,73.16999816894531,73.79000091552734,70.1850814819336,46717100
2017-07-24,73.52999877929688,73.75,73.12999725341797,73.5999984741211,70.0043716430664,21394800
2017-07-25,73.80000305175781,74.30999755859375,73.5,74.19000244140625,70.5655517578125,22018700
2017-07-26,74.33999633789062,74.37999725341797,73.80999755859375,74.05000305175781,70.43236541748047,16252200
2017-07-27,73.76000213623047,74.41999816894531,72.31999969482422,73.16000366210938,69.58586120605469,36844200
2017-07-28,72.66999816894531,73.30999755859375,72.54000091552734,73.04000091552734,69.47171020507812,18306700
2017-07-31,73.30000305175781,73.44000244140625,72.41000366210938,72.69999694824219,69.14833068847656,23600100
2017-08-01,73.0999984741211,73.41999816894531,72.48999786376953,72.58000183105469,69.0342025756836,22132300
2017-08-02,72.55000305175781,72.55999755859375,71.44000244140625,72.26000213623047,68.7298355102539,26499200
2017-08-03,72.19000244140625,72.44000244140625,71.8499984741211,72.1500015258789,68.62519836425781,18214400
2017-08-04,72.4000015258789,73.04000091552734,72.23999786376953,72.68000030517578,69.12931823730469,22579000
2017-08-07,72.80000305175781,72.9000015258789,72.26000213623047,72.4000015258789,68.86299896240234,18705700
2017-08-08,72.08999633789062,73.12999725341797,71.75,72.79000091552734,69.23394012451172,22044600
2017-08-09,72.25,72.51000213623047,72.05000305175781,72.47000122070312,68.9295654296875,22213400
2017-08-10,71.9000015258789,72.19000244140625,71.3499984741211,71.41000366210938,67.92134857177734,24734500
2017-08-11,71.61000061035156,72.69999694824219,71.27999877929688,72.5,68.95809936523438,21443700
2017-08-14,73.05999755859375,73.72000122070312,72.94999694824219,73.58999633789062,69.9948501586914,20096600
2017-08-15,73.58999633789062,73.58999633789062,73.04000091552734,73.22000122070312,70.01398468017578,19181400
2017-08-16,73.33999633789062,74.0999984741211,73.16999816894531,73.6500015258789,70.4251480102539,18150400
2017-08-17,73.58000183105469,73.87000274658203,72.4000015258789,72.4000015258789,69.2298812866211,22977500
2017-08-18,72.2699966430664,72.83999633789062,71.93000030517578,72.48999786376953,69.31593322753906,18761500
2017-08-21,72.47000122070312,72.4800033569336,71.69999694824219,72.1500015258789,68.99082946777344,17734800
2017-08-22,72.3499984741211,73.23999786376953,72.3499984741211,73.16000366210938,69.95661163330078,14343700
2017-08-23,72.95999908447266,73.1500015258789,72.52999877929688,72.72000122070312,69.535888671875,13766500
2017-08-24,72.73999786376953,72.86000061035156,72.06999969482422,72.69000244140625,69.50718688964844,17098300
2017-08-25,72.86000061035156,73.3499984741211,72.4800033569336,72.81999969482422,69.63147735595703,12794300
2017-08-28,73.05999755859375,73.08999633789062,72.55000305175781,72.83000183105469,69.64105224609375,14569700
2017-08-29,72.25,73.16000366210938,72.05000305175781,73.05000305175781,69.85140991210938,11478400
2017-08-30,73.01000213623047,74.20999908447266,72.83000183105469,74.01000213623047,70.76937866210938,16897800
2017-08-31,74.02999877929688,74.95999908447266,73.80000305175781,74.7699966430664,71.4961166381836,27652800
2017-09-01,74.70999908447266,74.73999786376953,73.63999938964844,73.94000244140625,70.70245361328125,21736200
2017-09-05,73.33999633789062,73.88999938964844,72.9800033569336,73.61000061035156,70.38690185546875,21556000
2017-09-06,73.73999786376953,74.04000091552734,73.3499984741211,73.4000015258789,70.18609619140625,16535800
2017-09-07,73.68000030517578,74.5999984741211,73.5999984741211,74.33999633789062,71.08493041992188,17471200
2017-09-08,74.33000183105469,74.44000244140625,73.83999633789062,73.9800033569336,70.7406997680664,14703800
2017-09-11,74.30999755859375,74.94000244140625,74.30999755859375,74.76000213623047,71.48654174804688,17910400
2017-09-12,74.76000213623047,75.23999786376953,74.37000274658203,74.68000030517578,71.41004943847656,14394900
2017-09-13,74.93000030517578,75.2300033569336,74.55000305175781,75.20999908447266,71.91683959960938,13380800
2017-09-14,75.0,75.48999786376953,74.5199966430664,74.7699966430664,71.4961166381836,15733900
2017-09-15,74.83000183105469,75.38999938964844,74.06999969482422,75.30999755859375,72.012451171875,38578400
2017-09-18,75.2300033569336,75.97000122070312,75.04000091552734,75.16000366210938,71.8690414428711,23307000
2017-09-19,75.20999908447266,75.70999908447266,75.01000213623047,75.44000244140625,72.13677978515625,16093300
2017-09-20,75.3499984741211,75.55000305175781,74.30999755859375,74.94000244140625,71.65866088867188,21587900
2017-09-21,75.11000061035156,75.23999786376953,74.11000061035156,74.20999908447266,70.96060943603516,19186100
2017-09-22,73.98999786376953,74.51000213623047,73.8499984741211,74.41000366210938,71.15187072753906,14111400
2017-09-25,74.08999633789062,74.25,72.91999816894531,73.26000213623047,70.05221557617188,24149200
2017-09-26,73.66999816894531,73.80999755859375,72.98999786376953,73.26000213623047,70.05221557617188,18019600
2017-09-27,73.55000305175781,74.16999816894531,73.16999816894531,73.8499984741211,70.61638641357422,19565100
2017-09-28,73.54000091552734,73.97000122070312,73.30999755859375,73.87000274658203,70.6355209350586,10883800
2017-09-29,73.94000244140625,74.54000091552734,73.87999725341797,74.48999786376953,71.22836303710938,17079100
2017-10-02,74.70999908447266,75.01000213623047,74.30000305175781,74.61000061035156,71.34310913085938,15304800
2017-10-03,74.66999816894531,74.87999725341797,74.19000244140625,74.26000213623047,71.00843811035156,12190400
2017-10-04,74.08999633789062,74.72000122070312,73.70999908447266,74.69000244140625,71.41960906982422,13317700
2017-10-05,75.22000122070312,76.12000274658203,74.95999908447266,75.97000122070312,72.6435546875,21195300
2017-10-06,75.66999816894531,76.02999877929688,75.54000091552734,76.0,72.67225646972656,13959800
2017-10-09,75.97000122070312,76.55000305175781,75.86000061035156,76.29000091552734,72.94955444335938,11386500
2017-10-10,76.33000183105469,76.62999725341797,76.13999938964844,76.29000091552734,72.94955444335938,13944500
2017-10-11,76.36000061035156,76.45999908447266,75.94999694824219,76.41999816894531,73.0738525390625,15388900
2017-10-12,76.48999786376953,77.29000091552734,76.37000274658203,77.12000274658203,73.74319458007812,16876500
2017-10-13,77.58999633789062,77.87000274658203,77.29000091552734,77.48999786376953,74.09700775146484,15335700
2017-10-16,77.41999816894531,77.80999755859375,77.3499984741211,77.6500015258789,74.24999237060547,12380100
2017-10-17,77.47000122070312,77.62000274658203,77.25,77.58999633789062,74.192626953125,16824000
2017-10-18,77.66999816894531,77.8499984741211,77.37000274658203,77.61000061035156,74.21175384521484,13300700
2017-10-19,77.56999969482422,77.93000030517578,77.3499984741211,77.91000366210938,74.49862670898438,15092800
2017-10-20,78.31999969482422,78.97000122070312,78.22000122070312,78.80999755859375,75.35921478271484,22866400
2017-10-23,78.98999786376953,79.33999633789062,78.76000213623047,78.83000183105469,75.37834167480469,20627200
2017-10-24,78.9000015258789,79.19999694824219,78.45999908447266,78.86000061035156,75.40701293945312,17517200
2017-10-25,78.58000183105469,79.0999984741211,78.01000213623047,78.62999725341797,75.18709564208984,20410800
2017-10-26,79.19999694824219,79.41999816894531,78.75,78.76000213623047,75.31138610839844,32120700
2017-10-27,84.37000274658203,86.19999694824219,83.61000061035156,83.80999755859375,80.14027404785156,71066700
2017-10-30,83.69999694824219,84.33000183105469,83.11000061035156,83.88999938964844,80.2167739868164,31756700
2017-10-31,84.36000061035156,84.36000061035156,83.11000061035156,83.18000030517578,79.5378646850586,27086600
2017-11-01,83.68000030517578,83.76000213623047,82.87999725341797,83.18000030517578,79.5378646850586,22307400
2017-11-02,83.3499984741211,84.45999908447266,83.12000274658203,84.05000305175781,80.3697738647461,23992900
2017-11-03,84.08000183105469,84.54000091552734,83.4000015258789,84.13999938964844,80.45582580566406,17633500
2017-11-06,84.19999694824219,84.69999694824219,84.08000183105469,84.47000122070312,80.7713851928711,19860900
2017-11-07,84.7699966430664,84.9000015258789,83.93000030517578,84.2699966430664,80.58012390136719,17939700
2017-11-08,84.13999938964844,84.61000061035156,83.83000183105469,84.55999755859375,80.85743713378906,18034200
2017-11-09,84.11000061035156,84.2699966430664,82.9000015258789,84.08999633789062,80.40801239013672,21178400
2017-11-10,83.79000091552734,84.0999984741211,83.2300033569336,83.87000274658203,80.19766235351562,19397800
2017-11-13,83.66000366210938,83.94000244140625,83.45999908447266,83.93000030517578,80.2550277709961,14196900
2017-11-14,83.5,84.0999984741211,82.9800033569336,84.05000305175781,80.3697738647461,18801300
2017-11-15,83.47000122070312,83.69000244140625,82.69000244140625,82.9800033569336,79.7451171875,19383100
2017-11-16,83.0999984741211,83.41999816894531,82.94000244140625,83.19999694824219,79.95652770996094,20962800
2017-11-17,83.12000274658203,83.12000274658203,82.23999786376953,82.4000015258789,79.18772888183594,22079000
2017-11-20,82.4000015258789,82.58999633789062,82.25,82.52999877929688,79.3126449584961,16315000
2017-11-21,82.73999786376953,83.83999633789062,82.73999786376953,83.72000122070312,80.45626068115234,21237500
2017-11-22,83.83000183105469,83.9000015258789,83.04000091552734,83.11000061035156,79.87005615234375,20553100
2017-11-24,83.01000213623047,83.43000030517578,82.77999877929688,83.26000213623047,80.01419067382812,7425600
2017-11-27,83.30999755859375,83.9800033569336,83.30000305175781,83.87000274658203,80.60041809082031,18265200
2017-11-28,84.06999969482422,85.05999755859375,84.0199966430664,84.87999725341797,81.57103729248047,21926000
2017-11-29,84.70999908447266,84.91999816894531,83.18000030517578,83.33999633789062,80.09107208251953,27381100
2017-11-30,83.51000213623047,84.5199966430664,83.33999633789062,84.16999816894531,80.88871002197266,33054600
2017-12-01,83.5999984741211,84.80999755859375,83.22000122070312,84.26000213623047,80.97521209716797,29532100
2017-12-04,84.41999816894531,84.43000030517578,80.69999694824219,81.08000183105469,77.91919708251953,39094900
2017-12-05,81.33999633789062,82.68000030517578,80.9800033569336,81.58999633789062,78.40929412841797,26152300
2017-12-06,81.55000305175781,83.13999938964844,81.43000030517578,82.77999877929688,79.55290985107422,26162100
2017-12-07,82.54000091552734,82.80000305175781,82.0,82.48999786376953,79.27420806884766,23184500
2017-12-08,83.62999725341797,84.58000183105469,83.33000183105469,84.16000366210938,80.87911224365234,24489100
2017-12-11,84.29000091552734,85.37000274658203,84.12000274658203,85.2300033569336,81.90739440917969,22857900
2017-12-12,85.30999755859375,86.05000305175781,85.08000183105469,85.58000183105469,82.24374389648438,23924100
2017-12-13,85.73999786376953,86.0,85.16999816894531,85.3499984741211,82.02272033691406,22062700
2017-12-14,85.43000030517578,85.87000274658203,84.52999877929688,84.69000244140625,81.38843536376953,19306000
2017-12-15,85.26000213623047,87.08999633789062,84.87999725341797,86.8499984741211,83.46424102783203,53936700
2017-12-18,87.12000274658203,87.5,86.2300033569336,86.37999725341797,83.01256561279297,22283800
2017-12-19,86.3499984741211,86.3499984741211,85.2699966430664,85.83000183105469,82.4840087890625,23524800
2017-12-20,86.19999694824219,86.30000305175781,84.70999908447266,85.5199966430664,82.18610382080078,23674900
2017-12-21,86.05000305175781,86.0999984741211,85.4000015258789,85.5,82.16687774658203,17990700
2017-12-22,85.4000015258789,85.62999725341797,84.91999816894531,85.51000213623047,82.17647552490234,14145800
2017-12-26,85.30999755859375,85.52999877929688,85.02999877929688,85.4000015258789,82.07077026367188,9891200
2017-12-27,85.6500015258789,85.9800033569336,85.22000122070312,85.70999908447266,82.3686752319336,14678000
2017-12-28,85.9000015258789,85.93000030517578,85.55000305175781,85.72000122070312,82.37828826904297,10594300
2017-12-29,85.62999725341797,86.05000305175781,85.5,85.54000091552734,82.205322265625,18717400
2018-01-02,86.12999725341797,86.30999755859375,85.5,85.94999694824219,82.59931945800781,22483800
2018-01-03,86.05999755859375,86.51000213623047,85.97000122070312,86.3499984741211,82.98372650146484,26061400
2018-01-04,86.58999633789062,87.66000366210938,86.56999969482422,87.11000061035156,83.71411895751953,21912000
2018-01-05,87.66000366210938,88.41000366210938,87.43000030517578,88.19000244140625,84.75201416015625,23407100
2018-01-08,88.19999694824219,88.58000183105469,87.5999984741211,88.27999877929688,84.83848571777344,22113000
2018-01-09,88.6500015258789,88.7300033569336,87.86000061035156,88.22000122070312,84.78083801269531,19484300
2018-01-10,87.86000061035156,88.19000244140625,87.41000366210938,87.81999969482422,84.39643859863281,18652200
2018-01-11,88.12999725341797,88.12999725341797,87.23999786376953,88.08000183105469,84.64628601074219,17808900
2018-01-12,88.66999816894531,89.77999877929688,88.44999694824219,89.5999984741211,86.1070327758789,24271500
2018-01-16,90.0999984741211,90.79000091552734,88.01000213623047,88.3499984741211,84.90576171875,36599700
2018-01-17,89.08000183105469,90.27999877929688,88.75,90.13999938964844,86.6259765625,25621200
2018-01-18,89.80000305175781,90.66999816894531,89.66000366210938,90.0999984741211,86.5875473022461,24159700
2018-01-19,90.13999938964844,90.61000061035156,89.66000366210938,90.0,86.49143981933594,36875000
2018-01-22,90.0,91.62000274658203,89.73999786376953,91.61000061035156,88.03866577148438,23601600
2018-01-23,91.9000015258789,92.30000305175781,91.54000091552734,91.9000015258789,88.3173828125,23412800
2018-01-24,92.55000305175781,93.43000030517578,91.58000183105469,91.81999969482422,88.240478515625,33277500
2018-01-25,92.47000122070312,93.23999786376953,91.93000030517578,92.33000183105469,88.73062133789062,26383200
2018-01-26,93.12000274658203,94.05999755859375,92.58000183105469,94.05999755859375,90.39317321777344,29172200
2018-01-29,95.13999938964844,95.44999694824219,93.72000122070312,93.91999816894531,90.25862121582031,31569900
2018-01-30,93.30000305175781,93.66000366210938,92.0999984741211,92.73999786376953,89.12462615966797,38635100
2018-01-31,93.75,95.4000015258789,93.51000213623047,95.01000213623047,91.3061294555664,48756300
2018-02-01,94.79000091552734,96.06999969482422,93.58000183105469,94.26000213623047,90.58537292480469,47227900
2018-02-02,93.63999938964844,93.97000122070312,91.5,91.77999877929688,88.20204162597656,47867800
2018-02-05,90.55999755859375,93.23999786376953,88.0,88.0,84.56941986083984,51031500
2018-02-06,86.88999938964844,91.4800033569336,85.25,91.33000183105469,87.76958465576172,67998600
2018-02-07,90.48999786376953,91.7699966430664,89.19999694824219,89.61000061035156,86.11664581298828,41107600
2018-02-08,89.70999908447266,89.87999725341797,84.76000213623047,85.01000213623047,81.69598388671875,55628700
2018-02-09,86.30000305175781,88.93000030517578,83.83000183105469,88.18000030517578,84.74239349365234,63499100
2018-02-12,88.73999786376953,89.77999877929688,87.93000030517578,89.12999725341797,85.65534210205078,35720300
2018-02-13,88.93000030517578,90.0,87.80000305175781,89.83000183105469,86.32807159423828,26407700
2018-02-14,88.51000213623047,90.98999786376953,88.41000366210938,90.80999755859375,87.67982482910156,34960900
2018-02-15,91.20999908447266,92.72000122070312,90.62000274658203,92.66000366210938,89.4660415649414,27823900
2018-02-16,92.44999694824219,93.5,91.80000305175781,92.0,88.82879638671875,30596900
2018-02-20,91.4800033569336,93.05999755859375,91.01000213623047,92.72000122070312,89.52397918701172,30911700
2018-02-21,92.9800033569336,93.36000061035156,91.48999786376953,91.48999786376953,88.33636474609375,26922500
2018-02-22,92.05000305175781,92.7300033569336,91.36000061035156,91.7300033569336,88.56810760498047,24392800
2018-02-23,93.5999984741211,94.06999969482422,92.36000061035156,94.05999755859375,90.81778717041016,26329200
2018-02-26,94.4000015258789,95.44999694824219,94.25,95.41999816894531,92.13089752197266,30199800
2018-02-27,95.73999786376953,95.83999633789062,94.19999694824219,94.19999694824219,90.95297241210938,25869100
2018-02-28,94.83999633789062,95.70999908447266,93.62999725341797,93.7699966430664,90.53778839111328,31167300
2018-03-01,93.98999786376953,94.56999969482422,91.83999633789062,92.8499984741211,89.64949798583984,37135600
2018-03-02,91.58000183105469,93.1500015258789,90.86000061035156,93.05000305175781,89.84260559082031,32830400
2018-03-05,92.33999633789062,94.2699966430664,92.26000213623047,93.63999938964844,90.41226959228516,23901600
2018-03-06,94.33999633789062,94.48999786376953,92.94000244140625,93.31999969482422,90.1032943725586,22175800
2018-03-07,93.16000366210938,93.94000244140625,92.43000030517578,93.86000061035156,90.62467956542969,26716100
2018-03-08,94.2699966430664,95.0999984741211,93.7699966430664,94.43000030517578,91.17503356933594,25887800
2018-03-09,95.29000091552734,96.54000091552734,95.0,96.54000091552734,93.2123031616211,36937300
2018-03-12,96.5,97.20999908447266,96.04000091552734,96.7699966430664,93.43436431884766,26073700
2018-03-13,97.0,97.23999786376953,93.97000122070312,94.41000366210938,91.15573120117188,35387800
2018-03-14,95.12000274658203,95.41000366210938,93.5,93.8499984741211,90.61502075195312,32132000
2018-03-15,93.52999877929688,94.58000183105469,92.83000183105469,94.18000030517578,90.93365478515625,27611000
2018-03-16,94.68000030517578,95.37999725341797,93.91999816894531,94.5999984741211,91.33917236328125,49081300
2018-03-19,93.73999786376953,93.9000015258789,92.11000061035156,92.88999938964844,89.6881103515625,33344100
2018-03-20,93.05000305175781,93.7699966430664,93.0,93.12999725341797,89.91983795166016,23075200
2018-03-21,92.93000030517578,94.05000305175781,92.20999908447266,92.4800033569336,89.29225158691406,24457100
2018-03-22,91.2699966430664,91.75,89.66000366210938,89.79000091552734,86.6949691772461,38604700
2018-03-23,89.5,90.45999908447266,87.08000183105469,87.18000030517578,84.1749496459961,44068900
2018-03-26,90.61000061035156,94.0,90.4000015258789,93.77999877929688,90.54744720458984,56396800
2018-03-27,94.94000244140625,95.13999938964844,88.51000213623047,89.47000122070312,86.38600158691406,56569000
2018-03-28,89.81999969482422,91.2300033569336,88.87000274658203,89.38999938964844,86.30875396728516,52501100
2018-03-29,90.18000030517578,92.29000091552734,88.4000015258789,91.2699966430664,88.12395477294922,45867500
2018-04-02,90.47000122070312,90.87999725341797,87.51000213623047,88.5199966430664,85.46875,48515400
2018-04-03,89.58000183105469,90.05000305175781,87.88999938964844,89.70999908447266,86.61772155761719,37213800
2018-04-04,87.8499984741211,92.76000213623047,87.7300033569336,92.33000183105469,89.14742279052734,35560000
2018-04-05,92.44000244140625,93.06999969482422,91.4000015258789,92.37999725341797,89.19568634033203,29771900
2018-04-06,91.48999786376953,92.45999908447266,89.4800033569336,90.2300033569336,87.11980438232422,38026000
2018-04-09,91.04000091552734,93.16999816894531,90.62000274658203,90.7699966430664,87.64118194580078,31533900
2018-04-10,92.38999938964844,93.27999877929688,91.63999938964844,92.87999725341797,89.67845916748047,26812000
2018-04-11,92.01000213623047,93.29000091552734,91.4800033569336,91.86000061035156,88.69361877441406,24872100
2018-04-12,92.43000030517578,94.16000366210938,92.43000030517578,93.58000183105469,90.35432434082031,26758900
2018-04-13,94.05000305175781,94.18000030517578,92.44000244140625,93.08000183105469,89.8715591430664,23346100
2018-04-16,94.06999969482422,94.66000366210938,93.41999816894531,94.16999816894531,90.92399597167969,20288100
2018-04-17,95.0,96.54000091552734,94.87999725341797,96.06999969482422,92.75848388671875,26771000
2018-04-18,96.22000122070312,96.72000122070312,95.5199966430664,96.44000244140625,93.1157455444336,21043300
2018-04-19,96.44000244140625,97.06999969482422,95.33999633789062,96.11000061035156,92.797119140625,23552500
2018-04-20,95.91000366210938,96.11000061035156,94.05000305175781,95.0,91.72537994384766,31154400
2018-04-23,95.73999786376953,96.29000091552734,94.62999725341797,95.3499984741211,92.06330871582031,22331800
2018-04-24,96.23999786376953,96.47000122070312,92.41000366210938,93.12000274658203,89.9101791381836,34524800
2018-04-25,93.30000305175781,93.30000305175781,90.27999877929688,92.30999755859375,89.12810516357422,33729300
2018-04-26,93.55000305175781,95.1500015258789,93.0999984741211,94.26000213623047,91.0108871459961,42529000
2018-04-27,97.5999984741211,97.9000015258789,93.91000366210938,95.81999969482422,92.51712036132812,48272800
2018-04-30,96.33000183105469,96.4000015258789,93.1500015258789,93.5199966430664,90.29638671875,41523600
2018-05-01,93.20999908447266,95.29000091552734,92.79000091552734,95.0,91.72537994384766,31408900
2018-05-02,94.98999786376953,95.16999816894531,93.19000244140625,93.51000213623047,90.28675079345703,27471000
2018-05-03,92.95999908447266,94.93000030517578,92.44999694824219,94.06999969482422,90.82743835449219,31142500
2018-05-04,93.31999969482422,95.37000274658203,92.91999816894531,95.16000366210938,91.87986755371094,22531300
2018-05-07,95.16999816894531,96.70999908447266,95.0999984741211,96.22000122070312,92.9033203125,24242000
2018-05-08,95.8499984741211,96.16000366210938,95.05999755859375,95.80999755859375,92.50746154785156,23484600
2018-05-09,96.01000213623047,96.97000122070312,95.05000305175781,96.94000244140625,93.59850311279297,27327400
2018-05-10,97.45999908447266,97.94999694824219,97.05000305175781,97.91000366210938,94.53506469726562,22388100
2018-05-11,97.80000305175781,97.87000274658203,97.04000091552734,97.69999694824219,94.33230590820312,16778300
2018-05-14,97.91999816894531,98.69000244140625,97.30999755859375,98.02999877929688,94.65093994140625,19454100
2018-05-15,97.23999786376953,97.8499984741211,96.33999633789062,97.31999969482422,93.96542358398438,24594000
2018-05-16,97.36000061035156,97.4000015258789,96.62000274658203,97.1500015258789,94.20783233642578,17384700
2018-05-17,96.76000213623047,97.54000091552734,95.83000183105469,96.18000030517578,93.26722717285156,17246700
2018-05-18,96.01000213623047,96.93000030517578,96.01000213623047,96.36000061035156,93.44176483154297,17865800
2018-05-21,97.0,98.01000213623047,96.80000305175781,97.5999984741211,94.64422607421875,19422500
2018-05-22,97.68000030517578,98.16999816894531,97.19999694824219,97.5,94.54724884033203,15441200
2018-05-23,96.70999908447266,98.7300033569336,96.31999969482422,98.66000366210938,95.67211151123047,21251200
2018-05-24,98.7300033569336,98.94000244140625,96.80999755859375,98.30999755859375,95.33271026611328,26649300
2018-05-25,98.30000305175781,98.9800033569336,97.86000061035156,98.36000061035156,95.38119506835938,18363900
2018-05-29,97.83999633789062,98.87999725341797,97.2300033569336,98.01000213623047,95.04179382324219,28671000
2018-05-30,98.30999755859375,99.25,97.91000366210938,98.94999694824219,95.95331573486328,22158500
2018-05-31,99.29000091552734,99.98999786376953,98.61000061035156,98.83999633789062,95.8466567993164,34140900
2018-06-01,99.27999877929688,100.86000061035156,99.16999816894531,100.79000091552734,97.73760986328125,28655600
2018-06-04,101.26000213623047,101.86000061035156,100.8499984741211,101.66999816894531,98.5909652709961,27281600
2018-06-05,102.0,102.33000183105469,101.52999877929688,102.19000244140625,99.09520721435547,23514400
2018-06-06,102.4800033569336,102.5999984741211,101.9000015258789,102.48999786376953,99.38612365722656,21122900
2018-06-07,102.6500015258789,102.69000244140625,100.37999725341797,100.87999725341797,97.82488250732422,28232200
2018-06-08,101.08999633789062,101.94999694824219,100.54000091552734,101.62999725341797,98.55216217041016,22165100
2018-06-11,101.01000213623047,101.58999633789062,100.66999816894531,101.05000305175781,97.98973083496094,23490900
2018-06-12,101.0999984741211,101.44999694824219,100.75,101.30999755859375,98.24186706542969,18325200
2018-06-13,101.72000122070312,102.01000213623047,100.55999755859375,100.8499984741211,97.79578399658203,29492900
2018-06-14,101.6500015258789,102.02999877929688,101.0,101.41999816894531,98.34852600097656,25691800
2018-06-15,101.51000213623047,101.52999877929688,100.06999969482422,100.12999725341797,97.09759521484375,65738600
2018-06-18,100.01000213623047,101.11000061035156,99.41999816894531,100.86000061035156,97.80548858642578,23586000
2018-06-19,99.6500015258789,101.0,99.5,100.86000061035156,97.80548858642578,28653100
2018-06-20,101.37000274658203,102.5199966430664,101.12000274658203,101.87000274658203,98.78490447998047,26180800
2018-06-21,102.08000183105469,102.45999908447266,100.87999725341797,101.13999938964844,98.07701110839844,23198200
2018-06-22,100.41000366210938,100.7699966430664,99.62999725341797,100.41000366210938,97.3691177368164,38923100
2018-06-25,100.0,100.11000061035156,97.30000305175781,98.38999938964844,95.4103012084961,35433300
2018-06-26,98.81999969482422,100.08000183105469,98.75,99.08000183105469,96.07939910888672,26897200
2018-06-27,99.58000183105469,100.0199966430664,97.4000015258789,97.54000091552734,94.5860366821289,31298400
2018-06-28,97.37999725341797,99.11000061035156,97.26000213623047,98.62999725341797,95.64302062988281,26650700
2018-06-29,98.93000030517578,99.91000366210938,98.33000183105469,98.61000061035156,95.62362670898438,28053200
2018-07-02,98.0999984741211,100.05999755859375,98.0,100.01000213623047,96.98123931884766,19564500
2018-07-03,100.4800033569336,100.62999725341797,98.94000244140625,99.05000305175781,96.05030822753906,14670300
2018-07-05,99.5,99.91999816894531,99.02999877929688,99.76000213623047,96.73880767822266,18977400
2018-07-06,99.88999938964844,101.43000030517578,99.66999816894531,101.16000366210938,98.0964126586914,19234600
2018-07-09,101.6500015258789,102.25,101.25,101.8499984741211,98.7655029296875,18212000
2018-07-10,102.0,102.51000213623047,101.86000061035156,102.12000274658203,99.0273208618164,19293100
2018-07-11,101.1500015258789,102.33999633789062,101.0999984741211,101.9800033569336,98.89157104492188,19644600
2018-07-12,102.7699966430664,104.41000366210938,102.7300033569336,104.19000244140625,101.0346450805664,24335900
2018-07-13,104.37000274658203,105.5999984741211,104.08999633789062,105.43000030517578,102.23709106445312,24635200
2018-07-16,105.4000015258789,105.81999969482422,104.5199966430664,104.91000366210938,101.73282623291016,21786900
2018-07-17,104.61000061035156,106.5,104.31999969482422,105.94999694824219,102.74134826660156,25901700
2018-07-18,105.94000244140625,106.05000305175781,104.72000122070312,105.12000274658203,101.93647003173828,29493900
2018-07-19,104.93000030517578,105.30999755859375,103.88999938964844,104.4000015258789,101.23828887939453,40171600
2018-07-20,108.08000183105469,108.19999694824219,106.08000183105469,106.2699966430664,103.0516357421875,56004000
2018-07-23,106.30000305175781,108.13999938964844,106.12999725341797,107.97000122070312,104.70018005371094,29707000
2018-07-24,108.56999969482422,108.81999969482422,107.26000213623047,107.66000366210938,104.39954376220703,26316600
2018-07-25,107.95999908447266,111.1500015258789,107.5999984741211,110.83000183105469,107.47354888916016,30702100
2018-07-26,110.73999786376953,111.0,109.5,109.62000274658203,106.3001937866211,31372100
2018-07-27,110.18000030517578,110.18000030517578,106.13999938964844,107.68000030517578,104.4189453125,37005300
2018-07-30,107.19000244140625,107.52999877929688,104.76000213623047,105.37000274658203,102.17890930175781,34668300
2018-07-31,106.48999786376953,106.72000122070312,105.37999725341797,106.08000183105469,102.8674087524414,27655200
2018-08-01,106.02999877929688,106.44999694824219,105.41999816894531,106.27999877929688,103.06134796142578,23628700
2018-08-02,105.4000015258789,108.08999633789062,104.83999633789062,107.56999969482422,104.3122787475586,26104300
2018-08-03,107.80000305175781,108.05000305175781,106.81999969482422,108.04000091552734,104.76805114746094,18659600
2018-08-06,108.12000274658203,108.41999816894531,107.55999755859375,108.12999725341797,104.85531616210938,20265900
2018-08-07,108.55999755859375,109.0999984741211,108.16999816894531,108.87999725341797,105.58259582519531,16080200
2018-08-08,109.33000183105469,109.75,108.76000213623047,109.48999786376953,106.17412567138672,15487500
2018-08-09,109.70999908447266,110.16000366210938,109.5999984741211,109.66999816894531,106.34867858886719,13677200
2018-08-10,109.41999816894531,109.69000244140625,108.37999725341797,109.0,105.698974609375,18183700
2018-08-13,109.23999786376953,109.58000183105469,108.0999984741211,108.20999908447266,104.93289947509766,18472500
2018-08-14,108.55999755859375,109.75,108.04000091552734,109.55999755859375,106.24201202392578,16788300
2018-08-15,108.48999786376953,108.98999786376953,106.81999969482422,107.66000366210938,104.80131530761719,29982800
2018-08-16,108.30000305175781,108.86000061035156,107.30000305175781,107.63999938964844,104.78184509277344,21384300
2018-08-17,107.36000061035156,107.9000015258789,106.69000244140625,107.58000183105469,104.72343444824219,18061500
2018-08-20,107.51000213623047,107.9000015258789,106.4800033569336,106.87000274658203,104.03230285644531,17914200
2018-08-21,106.91999816894531,107.3499984741211,105.8499984741211,105.9800033569336,103.16593170166016,22881900
2018-08-22,105.8499984741211,107.33999633789062,105.77999877929688,107.05999755859375,104.21723937988281,18000600
2018-08-23,107.1500015258789,108.18000030517578,106.87000274658203,107.55999755859375,104.70396423339844,18167700
2018-08-24,107.66999816894531,108.55999755859375,107.55999755859375,108.4000015258789,105.52166748046875,17234000
2018-08-27,109.2699966430664,109.63999938964844,108.51000213623047,109.5999984741211,106.68978881835938,19662300
2018-08-28,109.94000244140625,110.5,109.79000091552734,110.26000213623047,107.33229064941406,19151500
2018-08-29,110.44999694824219,112.02999877929688,110.2699966430664,112.0199966430664,109.04553985595703,20818000
2018-08-30,111.66999816894531,112.61000061035156,111.44000244140625,111.94999694824219,108.97740173339844,22798700
2018-08-31,111.69000244140625,112.77999877929688,111.5199966430664,112.33000183105469,109.3473129272461,23222700
2018-09-04,110.8499984741211,111.95999908447266,110.22000122070312,111.70999908447266,108.7437744140625,22634600
2018-09-05,111.01000213623047,111.41999816894531,108.0999984741211,108.48999786376953,105.60926818847656,32872400
2018-09-06,108.25,108.98999786376953,107.51000213623047,108.73999786376953,105.85262298583984,23477600
2018-09-07,108.2300033569336,108.72000122070312,107.2300033569336,108.20999908447266,105.33670806884766,22498600
2018-09-10,108.83999633789062,109.63999938964844,108.36000061035156,109.37999725341797,106.47563934326172,20727900
2018-09-11,108.9000015258789,111.58999633789062,108.88999938964844,111.23999786376953,108.28623962402344,24301800
2018-09-12,111.43000030517578,111.8499984741211,110.51000213623047,111.70999908447266,108.7437744140625,18891100
2018-09-13,112.12000274658203,113.7300033569336,112.12000274658203,112.91000366210938,109.91190338134766,26055600
2018-09-14,113.36000061035156,113.7300033569336,112.44000244140625,113.37000274658203,110.35969543457031,19122300
2018-09-17,113.69000244140625,113.69999694824219,111.86000061035156,112.13999938964844,109.16236114501953,20736500
2018-09-18,112.19000244140625,113.69999694824219,111.72000122070312,113.20999908447266,110.20393371582031,22170900
2018-09-19,113.05000305175781,113.31999969482422,111.04000091552734,111.69999694824219,108.73402404785156,21728400
2018-09-20,112.27999877929688,113.80000305175781,111.93000030517578,113.56999969482422,110.55438232421875,23714500
2018-09-21,114.0,115.29000091552734,113.51000213623047,114.26000213623047,111.22607421875,71229700
2018-09-24,113.02999877929688,114.9000015258789,112.22000122070312,114.66999816894531,111.62517547607422,27334500
2018-09-25,114.80000305175781,115.0999984741211,113.75,114.44999694824219,111.4110107421875,22668000
2018-09-26,114.47000122070312,115.05999755859375,113.73999786376953,113.9800033569336,110.9535140991211,19352000
2018-09-27,114.77999877929688,114.91000366210938,114.19999694824219,114.41000366210938,111.37207794189453,19091300
2018-09-28,114.19000244140625,114.56999969482422,113.68000030517578,114.37000274658203,111.3331298828125,21647800
2018-10-01,114.75,115.68000030517578,114.7300033569336,115.61000061035156,112.54022979736328,18883100
2018-10-02,115.30000305175781,115.83999633789062,114.44000244140625,115.1500015258789,112.0924301147461,20787200
2018-10-03,115.41999816894531,116.18000030517578,114.93000030517578,115.16999816894531,112.11190032958984,16648000
2018-10-04,114.61000061035156,114.76000213623047,111.62999725341797,112.79000091552734,109.79509735107422,34821700
2018-10-05,112.62999725341797,113.16999816894531,110.63999938964844,112.12999725341797,109.15261840820312,29068900
2018-10-08,111.66000366210938,112.02999877929688,109.33999633789062,110.8499984741211,107.90660858154297,29640600
2018-10-09,111.13999938964844,113.08000183105469,110.80000305175781,112.26000213623047,109.2791748046875,26198600
2018-10-10,111.23999786376953,111.5,105.79000091552734,106.16000366210938,103.34114837646484,61376300
2018-10-11,105.3499984741211,108.93000030517578,104.19999694824219,105.91000366210938,103.0977783203125,63904300
2018-10-12,109.01000213623047,111.23999786376953,107.12000274658203,109.56999969482422,106.66058349609375,47742100
2018-10-15,108.91000366210938,109.4800033569336,106.94999694824219,107.5999984741211,104.7428970336914,32068100
2018-10-16,109.54000091552734,111.41000366210938,108.94999694824219,111.0,108.05262756347656,31610200
2018-10-17,111.68000030517578,111.80999755859375,109.55000305175781,110.70999908447266,107.77031707763672,26548200
2018-10-18,110.0999984741211,110.52999877929688,107.83000183105469,108.5,105.61901092529297,32506200
2018-10-19,108.93000030517578,110.86000061035156,108.20999908447266,108.66000366210938,105.77476501464844,32785500
2018-10-22,109.31999969482422,110.54000091552734,108.23999786376953,109.62999725341797,106.718994140625,26545600
2018-10-23,107.7699966430664,108.97000122070312,105.11000061035156,108.0999984741211,105.22962188720703,43770400
2018-10-24,108.41000366210938,108.48999786376953,101.58999633789062,102.31999969482422,99.60311126708984,63897800
2018-10-25,106.55000305175781,109.2699966430664,106.1500015258789,108.30000305175781,105.42432403564453,61646800
2018-10-26,105.69000244140625,108.75,104.76000213623047,106.95999908447266,104.11990356445312,55523100
2018-10-29,108.11000061035156,108.69999694824219,101.62999725341797,103.8499984741211,101.09247589111328,55162000
2018-10-30,103.66000366210938,104.37999725341797,100.11000061035156,103.7300033569336,100.97566223144531,65350900
2018-10-31,105.44000244140625,108.13999938964844,105.38999938964844,106.80999755859375,103.973876953125,51062400
2018-11-01,107.05000305175781,107.31999969482422,105.52999877929688,105.91999816894531,103.10749816894531,33384200
2018-11-02,106.4800033569336,107.31999969482422,104.9800033569336,106.16000366210938,103.34114837646484,37680200
2018-11-05,106.37000274658203,107.73999786376953,105.9000015258789,107.51000213623047,104.6552963256836,27922100
2018-11-06,107.37999725341797,108.83999633789062,106.27999877929688,107.72000122070312,104.8597183227539,24340200
2018-11-07,109.44000244140625,112.23999786376953,109.4000015258789,111.95999908447266,108.98712921142578,37901700
2018-11-08,111.80000305175781,112.20999908447266,110.91000366210938,111.75,108.78270721435547,25644100
2018-11-09,110.8499984741211,111.44999694824219,108.76000213623047,109.56999969482422,106.66058349609375,32039200
2018-11-12,109.41999816894531,109.95999908447266,106.0999984741211,106.87000274658203,104.03230285644531,33621800
2018-11-13,107.55000305175781,108.73999786376953,106.63999938964844,106.94000244140625,104.10043334960938,35374600
2018-11-14,108.0999984741211,108.26000213623047,104.47000122070312,104.97000122070312,102.62417602539062,39495100
2018-11-15,104.98999786376953,107.80000305175781,103.91000366210938,107.27999877929688,104.88255310058594,38505200
2018-11-16,107.08000183105469,108.87999725341797,106.80000305175781,108.29000091552734,105.86998748779297,33502100
2018-11-19,108.2699966430664,108.55999755859375,103.55000305175781,104.62000274658203,102.2820053100586,44773900
2018-11-20,101.80000305175781,102.97000122070312,99.3499984741211,101.70999908447266,99.4370346069336,64052500
2018-11-21,103.5999984741211,104.43000030517578,102.23999786376953,103.11000061035156,100.80574035644531,28130600
2018-11-23,102.16999816894531,103.80999755859375,102.0,103.06999969482422,100.76663970947266,13823100
2018-11-26,104.79000091552734,106.62999725341797,104.58000183105469,106.47000122070312,104.09066009521484,32336200
2018-11-27,106.2699966430664,107.33000183105469,105.36000061035156,107.13999938964844,104.74568176269531,29124500
2018-11-28,107.88999938964844,111.33000183105469,107.86000061035156,111.12000274658203,108.63674926757812,46788500
2018-11-29,110.33000183105469,111.12000274658203,109.02999877929688,110.19000244140625,107.72753143310547,28123200
2018-11-30,110.69999694824219,110.97000122070312,109.36000061035156,110.88999938964844,108.41188049316406,33665600
2018-12-03,113.0,113.41999816894531,110.7300033569336,112.08999633789062,109.5850601196289,34732800
2018-12-04,111.94000244140625,112.63999938964844,108.20999908447266,108.5199966430664,106.09483337402344,45197000
2018-12-06,105.81999969482422,109.23999786376953,105.0,109.19000244140625,106.7498779296875,49107400
2018-12-07,108.37999725341797,109.44999694824219,104.30000305175781,104.81999969482422,102.47753143310547,45044900
2018-12-10,104.80000305175781,107.9800033569336,103.88999938964844,107.58999633789062,105.18560791015625,40801500
2018-12-11,109.80000305175781,110.94999694824219,107.44000244140625,108.58999633789062,106.16326904296875,42381900
2018-12-12,110.88999938964844,111.2699966430664,109.04000091552734,109.08000183105469,106.64232635498047,36183000
2018-12-13,109.58000183105469,110.87000274658203,108.62999725341797,109.44999694824219,107.0040512084961,31333400
2018-12-14,108.25,109.26000213623047,105.5,106.02999877929688,103.66048431396484,47043100
2018-12-17,105.41000366210938,105.80000305175781,101.70999908447266,102.88999938964844,100.59066009521484,56957300
2018-12-18,103.75,104.51000213623047,102.5199966430664,103.97000122070312,101.64652252197266,49319200
2018-12-19,103.6500015258789,106.87999725341797,101.3499984741211,103.69000244140625,101.37278747558594,68198200
2018-12-20,103.05000305175781,104.30999755859375,98.77999877929688,101.51000213623047,99.24150085449219,70334200
2018-12-21,101.62999725341797,103.0,97.45999908447266,98.2300033569336,96.0347900390625,111242100
2018-12-24,97.68000030517578,97.97000122070312,93.9800033569336,94.12999725341797,92.02642059326172,43935200
2018-12-26,95.13999938964844,100.69000244140625,93.95999908447266,100.55999755859375,98.31272888183594,51634800
2018-12-27,99.30000305175781,101.19000244140625,96.4000015258789,101.18000030517578,98.91888427734375,49498500
2018-12-28,102.08999633789062,102.41000366210938,99.5199966430664,100.38999938964844,98.14653015136719,38196300
2018-12-31,101.29000091552734,102.4000015258789,100.44000244140625,101.56999969482422,99.30015563964844,33173800
2019-01-02,99.55000305175781,101.75,98.94000244140625,101.12000274658203,98.86021423339844,35329300
2019-01-03,100.0999984741211,100.19000244140625,97.19999694824219,97.4000015258789,95.22335052490234,42579100
2019-01-04,99.72000122070312,102.51000213623047,98.93000030517578,101.93000030517578,99.65211486816406,44060600
2019-01-07,101.63999938964844,103.2699966430664,100.9800033569336,102.05999755859375,99.77920532226562,35656100
2019-01-08,103.04000091552734,103.97000122070312,101.70999908447266,102.80000305175781,100.50267028808594,31514400
2019-01-09,103.86000061035156,104.87999725341797,103.23999786376953,104.2699966430664,101.93981170654297,32280800
2019-01-10,103.22000122070312,103.75,102.37999725341797,103.5999984741211,101.28479766845703,30067600
2019-01-11,103.19000244140625,103.44000244140625,101.63999938964844,102.80000305175781,100.50267028808594,28314200
2019-01-14,101.9000015258789,102.87000274658203,101.26000213623047,102.05000305175781,99.7694320678711,28437100
2019-01-15,102.51000213623047,105.05000305175781,101.87999725341797,105.01000213623047,102.66329193115234,31587600
2019-01-16,105.26000213623047,106.26000213623047,104.95999908447266,105.37999725341797,103.02500915527344,29853900
2019-01-17,105.0,106.62999725341797,104.76000213623047,106.12000274658203,103.74847412109375,28393000
2019-01-18,107.45999908447266,107.9000015258789,105.91000366210938,107.70999908447266,105.30294036865234,37427600
2019-01-22,106.75,107.0999984741211,104.86000061035156,105.68000030517578,103.31830596923828,32371300
2019-01-23,106.12000274658203,107.04000091552734,105.33999633789062,106.70999908447266,104.32527923583984,25874300
2019-01-24,106.86000061035156,107.0,105.33999633789062,106.19999694824219,103.8266830444336,23164800
2019-01-25,107.23999786376953,107.87999725341797,106.19999694824219,107.16999816894531,104.77500915527344,31225600
2019-01-28,106.26000213623047,106.4800033569336,104.66000366210938,105.08000183105469,102.73171997070312,29476700
2019-01-29,104.87999725341797,104.97000122070312,102.16999816894531,102.94000244140625,100.6395492553711,31490500
2019-01-30,104.62000274658203,106.37999725341797,104.33000183105469,106.37999725341797,104.00267028808594,49471900
2019-01-31,103.80000305175781,105.22000122070312,103.18000030517578,104.43000030517578,102.09624481201172,55636400
2019-02-01,103.77999877929688,104.0999984741211,102.3499984741211,102.77999877929688,100.48311614990234,35535700
2019-02-04,102.87000274658203,105.80000305175781,102.7699966430664,105.73999786376953,103.37696838378906,31315100
2019-02-05,106.05999755859375,107.2699966430664,105.95999908447266,107.22000122070312,104.82389068603516,27325400
2019-02-06,107.0,107.0,105.52999877929688,106.02999877929688,103.66048431396484,20609800
2019-02-07,105.19000244140625,105.58999633789062,104.29000091552734,105.2699966430664,102.91747283935547,29760700
2019-02-08,104.38999938964844,105.77999877929688,104.26000213623047,105.66999816894531,103.30853271484375,21461100
2019-02-11,106.19999694824219,106.58000183105469,104.97000122070312,105.25,102.89791107177734,18914100
2019-02-12,106.13999938964844,107.13999938964844,105.4800033569336,106.88999938964844,104.50127410888672,25056600
2019-02-13,107.5,107.77999877929688,106.70999908447266,106.80999755859375,104.42304992675781,18394900
2019-02-14,106.30999755859375,107.29000091552734,105.66000366210938,106.9000015258789,104.51103973388672,21784700
2019-02-15,107.91000366210938,108.30000305175781,107.36000061035156,108.22000122070312,105.80154418945312,26606900
2019-02-19,107.79000091552734,108.66000366210938,107.77999877929688,108.16999816894531,105.7526626586914,18038500
2019-02-20,107.86000061035156,107.94000244140625,106.29000091552734,107.1500015258789,105.20284271240234,21607700
2019-02-21,106.9000015258789,109.4800033569336,106.87000274658203,109.41000366210938,107.4217758178711,29063200
2019-02-22,110.05000305175781,111.19999694824219,109.81999969482422,110.97000122070312,108.95341491699219,27763200
2019-02-25,111.76000213623047,112.18000030517578,111.26000213623047,111.58999633789062,109.5621566772461,23750600
2019-02-26,111.26000213623047,113.23999786376953,111.16999816894531,112.36000061035156,110.31816101074219,21536700
2019-02-27,111.69000244140625,112.36000061035156,110.87999725341797,112.16999816894531,110.13160705566406,21487100
2019-02-28,112.04000091552734,112.87999725341797,111.7300033569336,112.02999877929688,109.99415588378906,29083900
2019-03-01,112.88999938964844,113.0199966430664,111.66999816894531,112.52999877929688,110.48507690429688,23501200
2019-03-04,113.0199966430664,113.25,110.80000305175781,112.26000213623047,110.219970703125,26608000
2019-03-05,112.25,112.38999938964844,111.2300033569336,111.69999694824219,109.6701431274414,19538300
2019-03-06,111.87000274658203,112.66000366210938,111.43000030517578,111.75,109.71924591064453,17687000
2019-03-07,111.4000015258789,111.55000305175781,109.87000274658203,110.38999938964844,108.38395690917969,25339000
2019-03-08,109.16000366210938,110.70999908447266,108.80000305175781,110.51000213623047,108.50177764892578,22818400
2019-03-11,110.98999786376953,112.94999694824219,110.9800033569336,112.83000183105469,110.77962493896484,26491600
2019-03-12,112.81999969482422,113.98999786376953,112.6500015258789,113.62000274658203,111.55526733398438,26132700
2019-03-13,114.12999725341797,115.0,113.77999877929688,114.5,112.41926574707031,35513800
2019-03-14,114.54000091552734,115.19999694824219,114.33000183105469,114.58999633789062,112.50763702392578,30763400
2019-03-15,115.33999633789062,117.25,114.58999633789062,115.91000366210938,113.80365753173828,54681100
2019-03-18,116.16999816894531,117.61000061035156,116.05000305175781,117.56999969482422,115.4334716796875,31207600
2019-03-19,118.08999633789062,118.44000244140625,116.98999786376953,117.6500015258789,115.51203155517578,37588700
2019-03-20,117.38999938964844,118.75,116.70999908447266,117.5199966430664,115.38439178466797,28113300
2019-03-21,117.13999938964844,120.81999969482422,117.08999633789062,120.22000122070312,118.03533935546875,29854400
2019-03-22,119.5,119.58999633789062,117.04000091552734,117.05000305175781,114.92293548583984,33624500
2019-03-25,116.55999755859375,118.01000213623047,116.31999969482422,117.66000366210938,115.52185821533203,27067100
2019-03-26,118.62000274658203,118.70999908447266,116.8499984741211,117.91000366210938,115.76730346679688,26097700
2019-03-27,117.87999725341797,118.20999908447266,115.5199966430664,116.7699966430664,114.64801025390625,22733400
2019-03-28,117.44000244140625,117.58000183105469,116.12999725341797,116.93000030517578,114.80510711669922,18334800
2019-03-29,118.06999969482422,118.31999969482422,116.95999908447266,117.94000244140625,115.79676818847656,25399800
2019-04-01,118.94999694824219,119.11000061035156,118.0999984741211,119.0199966430664,116.85713195800781,22789100
2019-04-02,119.05999755859375,119.4800033569336,118.5199966430664,119.19000244140625,117.02404022216797,18142300
2019-04-03,119.86000061035156,120.43000030517578,119.1500015258789,119.97000122070312,117.78987884521484,22860700
2019-04-04,120.0999984741211,120.2300033569336,118.37999725341797,119.36000061035156,117.19096374511719,20112800
2019-04-05,119.38999938964844,120.2300033569336,119.37000274658203,119.88999938964844,117.7113265991211,15826200
2019-04-08,119.80999755859375,120.0199966430664,118.63999938964844,119.93000030517578,117.75059509277344,15116200
2019-04-09,118.62999725341797,119.54000091552734,118.58000183105469,119.27999877929688,117.11239624023438,17612000
2019-04-10,119.76000213623047,120.3499984741211,119.54000091552734,120.19000244140625,118.00587463378906,16477200
2019-04-11,120.54000091552734,120.8499984741211,119.91999816894531,120.33000183105469,118.14332580566406,14209100
2019-04-12,120.63999938964844,120.9800033569336,120.37000274658203,120.94999694824219,118.75205993652344,19745100
2019-04-15,120.94000244140625,121.58000183105469,120.56999969482422,121.05000305175781,118.8502426147461,15792600
2019-04-16,121.63999938964844,121.6500015258789,120.0999984741211,120.7699966430664,118.57532501220703,14071800
2019-04-17,121.23999786376953,121.8499984741211,120.54000091552734,121.7699966430664,119.55715942382812,19300900
2019-04-18,122.19000244140625,123.5199966430664,121.30000305175781,123.37000274658203,121.12808227539062,27991000
2019-04-22,122.62000274658203,124.0,122.56999969482422,123.76000213623047,121.51099395751953,15648700
2019-04-23,124.0999984741211,125.58000183105469,123.83000183105469,125.44000244140625,123.16046905517578,24025500
2019-04-24,125.79000091552734,125.8499984741211,124.5199966430664,125.01000213623047,122.73828125,31257000
2019-04-25,130.05999755859375,131.3699951171875,128.8300018310547,129.14999389648438,126.80305480957031,38033900
2019-04-26,129.6999969482422,130.52000427246094,129.02000427246094,129.88999938964844,127.52959442138672,23654900
2019-04-29,129.89999389648438,130.17999267578125,129.35000610351562,129.77000427246094,127.41178131103516,16324200
2019-04-30,129.80999755859375,130.6999969482422,129.38999938964844,130.60000610351562,128.22669982910156,24166500
2019-05-01,130.52999877929688,130.64999389648438,127.69999694824219,127.87999725341797,125.55612182617188,26821700
2019-05-02,127.9800033569336,128.0,125.5199966430664,126.20999908447266,123.91647338867188,27350200
2019-05-03,127.36000061035156,129.42999267578125,127.25,128.89999389648438,126.5575942993164,24911100
2019-05-06,126.38999938964844,128.55999755859375,126.11000061035156,128.14999389648438,125.82120513916016,24239800
2019-05-07,126.45999908447266,127.18000030517578,124.22000122070312,125.5199966430664,123.23900604248047,36017700
2019-05-08,125.44000244140625,126.37000274658203,124.75,125.51000213623047,123.22920227050781,28419000
2019-05-09,124.29000091552734,125.79000091552734,123.56999969482422,125.5,123.21937561035156,27235800
2019-05-10,124.91000366210938,127.93000030517578,123.81999969482422,127.12999725341797,124.81975555419922,30915100
2019-05-13,124.11000061035156,125.55000305175781,123.04000091552734,123.3499984741211,121.10844421386719,33944900
2019-05-14,123.87000274658203,125.87999725341797,123.69999694824219,124.7300033569336,122.46337127685547,25266300
2019-05-15,124.26000213623047,126.70999908447266,123.69999694824219,126.0199966430664,124.18792724609375,24722700
2019-05-16,126.75,129.3800048828125,126.45999908447266,128.92999267578125,127.05561828613281,30112200
2019-05-17,128.30999755859375,130.4600067138672,127.91999816894531,128.07000732421875,126.20813751220703,25770500
2019-05-20,126.5199966430664,127.58999633789062,125.76000213623047,126.22000122070312,124.3850326538086,23706900
2019-05-21,127.43000030517578,127.52999877929688,126.58000183105469,126.9000015258789,125.05514526367188,15293300
2019-05-22,126.62000274658203,128.24000549316406,126.5199966430664,127.66999816894531,125.8139419555664,15396500
2019-05-23,126.19999694824219,126.29000091552734,124.73999786376953,126.18000030517578,124.34561157226562,23603800
2019-05-24,126.91000366210938,127.41999816894531,125.97000122070312,126.23999786376953,124.40472412109375,14123400
2019-05-28,126.9800033569336,128.0,126.05000305175781,126.16000366210938,124.3259048461914,23128400
2019-05-29,125.37999725341797,125.38999938964844,124.04000091552734,124.94000244140625,123.1236343383789,22763100
2019-05-30,125.26000213623047,125.76000213623047,124.77999877929688,125.7300033569336,123.90214538574219,16829600
2019-05-31,124.2300033569336,124.62000274658203,123.31999969482422,123.68000030517578,121.88195037841797,26646800
2019-06-03,123.8499984741211,124.37000274658203,119.01000213623047,119.83999633789062,118.09777069091797,37983600
2019-06-04,121.27999877929688,123.27999877929688,120.6500015258789,123.16000366210938,121.36951446533203,29382600
2019-06-05,124.94999694824219,125.87000274658203,124.20999908447266,125.83000183105469,124.00069427490234,24926100
2019-06-06,126.44000244140625,127.97000122070312,125.5999984741211,127.81999969482422,125.96176147460938,21459000
2019-06-07,129.19000244140625,132.25,128.25999450683594,131.39999389648438,129.4897003173828,33885600
2019-06-10,132.39999389648438,134.0800018310547,132.0,132.60000610351562,130.6722869873047,26477100
2019-06-11,133.8800048828125,134.24000549316406,131.27999877929688,132.10000610351562,130.17955017089844,23913700
2019-06-12,131.39999389648438,131.97000122070312,130.7100067138672,131.49000549316406,129.5784149169922,17084700
2019-06-13,131.97999572753906,133.0,131.55999755859375,132.32000732421875,130.39633178710938,17200800
2019-06-14,132.25999450683594,133.7899932861328,131.63999938964844,132.4499969482422,130.5244598388672,17821700
2019-06-17,132.6300048828125,133.72999572753906,132.52999877929688,132.85000610351562,130.9186553955078,14517800
2019-06-18,134.19000244140625,135.24000549316406,133.57000732421875,135.16000366210938,133.19505310058594,25934500
2019-06-19,135.0,135.92999267578125,133.80999755859375,135.69000244140625,133.7173614501953,23744400
2019-06-20,137.4499969482422,137.66000366210938,135.72000122070312,136.9499969482422,134.95901489257812,33042600
2019-06-21,136.5800018310547,137.72999572753906,136.4600067138672,136.97000122070312,134.978759765625,36727900
2019-06-24,137.0,138.39999389648438,137.0,137.77999877929688,135.77696228027344,20628800
2019-06-25,137.25,137.58999633789062,132.72999572753906,133.42999267578125,131.4901885986328,33327400
2019-06-26,134.35000610351562,135.74000549316406,133.60000610351562,133.92999267578125,131.98292541503906,23657700
2019-06-27,134.13999938964844,134.7100067138672,133.50999450683594,134.14999389648438,132.19972229003906,16557500
2019-06-28,134.57000732421875,134.60000610351562,133.16000366210938,133.9600067138672,132.0124969482422,30043000
2019-07-01,136.6300048828125,136.6999969482422,134.97000122070312,135.67999267578125,133.70748901367188,22654200
2019-07-02,136.1199951171875,136.58999633789062,135.33999633789062,136.5800018310547,134.59439086914062,15237800
2019-07-03,136.8000030517578,137.74000549316406,136.2899932861328,137.4600067138672,135.46160888671875,13629300
2019-07-05,135.94000244140625,137.3300018310547,135.72000122070312,137.05999755859375,135.0674285888672,18141100
2019-07-08,136.39999389648438,137.10000610351562,135.3699951171875,136.9600067138672,134.96888732910156,16779700
2019-07-09,136.0,136.97000122070312,135.8000030517578,136.4600067138672,134.47616577148438,19953100
2019-07-10,137.1300048828125,138.5800018310547,137.02000427246094,137.85000610351562,135.84596252441406,24204400
2019-07-11,138.1999969482422,139.22000122070312,137.8699951171875,138.39999389648438,136.387939453125,22327900
2019-07-12,138.85000610351562,139.1300048828125,138.00999450683594,138.89999389648438,136.88067626953125,18936800
2019-07-15,139.44000244140625,139.5399932861328,138.4600067138672,138.89999389648438,136.88067626953125,16651500
2019-07-16,138.9600067138672,139.0500030517578,136.52000427246094,137.0800018310547,135.08712768554688,22726100
2019-07-17,137.6999969482422,137.92999267578125,136.22000122070312,136.27000427246094,134.28892517089844,20211000
2019-07-18,135.5500030517578,136.6199951171875,134.6699981689453,136.4199981689453,134.43673706054688,30808700
2019-07-19,140.22000122070312,140.6699981689453,136.4499969482422,136.6199951171875,134.63381958007812,48992400
2019-07-22,137.41000366210938,139.19000244140625,137.3300018310547,138.42999267578125,136.41751098632812,25074900
2019-07-23,139.75999450683594,139.99000549316406,138.02999877929688,139.2899932861328,137.26499938964844,18034600
2019-07-24,138.89999389648438,140.74000549316406,138.85000610351562,140.72000122070312,138.67422485351562,20738300
2019-07-25,140.42999267578125,140.61000061035156,139.32000732421875,140.19000244140625,138.1519317626953,18356900
2019-07-26,140.3699951171875,141.67999267578125,140.3000030517578,141.33999633789062,139.2852020263672,19037600
2019-07-29,141.5,141.50999450683594,139.3699951171875,141.02999877929688,138.97972106933594,16605900
2019-07-30,140.13999938964844,141.22000122070312,139.8000030517578,140.35000610351562,138.30960083007812,16846500
2019-07-31,140.3300018310547,140.49000549316406,135.0800018310547,136.27000427246094,134.28892517089844,38598800
2019-08-01,137.0,140.94000244140625,136.92999267578125,138.05999755859375,136.05287170410156,40557500
2019-08-02,138.08999633789062,138.32000732421875,135.25999450683594,136.89999389648438,134.90972900390625,30791600
2019-08-05,133.3000030517578,133.92999267578125,130.77999877929688,132.2100067138672,130.28794860839844,42749600
2019-08-06,133.8000030517578,135.67999267578125,133.2100067138672,134.69000244140625,132.7318878173828,32696700
2019-08-07,133.7899932861328,135.64999389648438,131.8300018310547,135.27999877929688,133.3132781982422,33414500
2019-08-08,136.60000610351562,138.99000549316406,135.92999267578125,138.88999938964844,136.87083435058594,27496500
2019-08-09,138.61000061035156,139.3800048828125,136.4600067138672,137.7100067138672,135.70799255371094,23466700
2019-08-12,137.07000732421875,137.86000061035156,135.24000549316406,135.7899932861328,133.81588745117188,20476600
2019-08-13,136.0500030517578,138.8000030517578,135.0,138.60000610351562,136.58505249023438,25154600
2019-08-14,136.36000061035156,136.9199981689453,133.6699981689453,133.97999572753906,132.47186279296875,32527300
2019-08-15,134.38999938964844,134.5800018310547,132.25,133.67999267578125,132.1752471923828,28074400
2019-08-16,134.8800048828125,136.4600067138672,134.72000122070312,136.1300048828125,134.59768676757812,24449100
2019-08-19,137.85000610351562,138.5500030517578,136.88999938964844,138.41000366210938,136.85202026367188,24355700
2019-08-20,138.2100067138672,138.7100067138672,137.24000549316406,137.25999450683594,135.71495056152344,21170800
2019-08-21,138.5500030517578,139.49000549316406,138.0,138.7899932861328,137.2277069091797,14970300
2019-08-22,138.66000366210938,139.1999969482422,136.2899932861328,137.77999877929688,136.2290802001953,18697000
2019-08-23,137.19000244140625,138.35000610351562,132.8000030517578,133.38999938964844,131.8885040283203,38508600
2019-08-26,134.99000549316406,135.55999755859375,133.89999389648438,135.4499969482422,133.92532348632812,20312600
2019-08-27,136.38999938964844,136.72000122070312,134.66000366210938,135.74000549316406,134.21205139160156,23102100
2019-08-28,134.8800048828125,135.75999450683594,133.5500030517578,135.55999755859375,134.03407287597656,17393300
2019-08-29,137.25,138.44000244140625,136.91000366210938,138.1199951171875,136.5652618408203,20168700
2019-08-30,139.14999389648438,139.17999267578125,136.27000427246094,137.86000061035156,136.30821228027344,23940100
2019-09-03,136.61000061035156,137.1999969482422,135.6999969482422,136.0399932861328,134.50868225097656,18869300
2019-09-04,137.3000030517578,137.69000244140625,136.47999572753906,137.6300048828125,136.08079528808594,17995900
2019-09-05,139.11000061035156,140.3800048828125,138.75999450683594,140.0500030517578,138.47354125976562,26101800
2019-09-06,140.02999877929688,140.17999267578125,138.1999969482422,139.10000610351562,137.53424072265625,20824500
2019-09-09,139.58999633789062,139.75,136.4600067138672,137.52000427246094,135.97203063964844,25773900
2019-09-10,136.8000030517578,136.88999938964844,134.50999450683594,136.0800018310547,134.54824829101562,28903400
2019-09-11,135.91000366210938,136.27000427246094,135.08999633789062,136.1199951171875,134.58775329589844,24726100
2019-09-12,137.85000610351562,138.4199981689453,136.8699951171875,137.52000427246094,135.97203063964844,27010000
2019-09-13,137.77999877929688,138.05999755859375,136.57000732421875,137.32000732421875,135.77426147460938,23363100
2019-09-16,135.8300018310547,136.6999969482422,135.66000366210938,136.3300018310547,134.79542541503906,16731400
2019-09-17,136.9600067138672,137.52000427246094,136.42999267578125,137.38999938964844,135.843505859375,17814200
2019-09-18,137.36000061035156,138.6699981689453,136.52999877929688,138.52000427246094,136.9607696533203,23982100
2019-09-19,140.3000030517578,142.3699951171875,140.07000732421875,141.07000732421875,139.48207092285156,35772100
2019-09-20,141.00999450683594,141.64999389648438,138.25,139.44000244140625,137.8704071044922,39167300
2019-09-23,139.22999572753906,139.6300048828125,138.44000244140625,139.13999938964844,137.5737762451172,17139300
2019-09-24,140.36000061035156,140.69000244140625,136.8800048828125,137.3800048828125,135.83360290527344,29773200
2019-09-25,137.5,139.9600067138672,136.02999877929688,139.36000061035156,137.7913055419922,21382000
2019-09-26,139.44000244140625,140.17999267578125,138.44000244140625,139.5399932861328,137.9692840576172,17456600
2019-09-27,140.14999389648438,140.36000061035156,136.64999389648438,137.72999572753906,136.1796417236328,22477700
2019-09-30,138.0500030517578,139.22000122070312,137.77999877929688,139.02999877929688,137.46502685546875,17280900
2019-10-01,139.66000366210938,140.25,137.0,137.07000732421875,135.527099609375,21466600
2019-10-02,136.25,136.3699951171875,133.5800018310547,134.64999389648438,133.1343231201172,30521700
2019-10-03,134.9499969482422,136.75,133.22000122070312,136.27999877929688,134.7459716796875,24132900
2019-10-04,136.75,138.25,136.4199981689453,138.1199951171875,136.5652618408203,22897700
2019-10-07,137.13999938964844,138.17999267578125,137.02000427246094,137.1199951171875,135.57652282714844,15303700
2019-10-08,137.0800018310547,137.75999450683594,135.6199951171875,135.6699981689453,134.14285278320312,25550500
2019-10-09,137.4600067138672,138.6999969482422,136.97000122070312,138.24000549316406,136.6839141845703,19749900
2019-10-10,138.49000549316406,139.6699981689453,138.25,139.10000610351562,137.53424072265625,17654600
2019-10-11,140.1199951171875,141.02999877929688,139.5,139.67999267578125,138.10769653320312,25446000
2019-10-14,139.69000244140625,140.2899932861328,139.52000427246094,139.5500030517578,137.9791717529297,13304300
2019-10-15,140.05999755859375,141.7899932861328,139.80999755859375,141.57000732421875,139.9764404296875,19695700
2019-10-16,140.7899932861328,140.99000549316406,139.52999877929688,140.41000366210938,138.82948303222656,20751600
2019-10-17,140.9499969482422,141.4199981689453,139.02000427246094,139.69000244140625,138.11758422851562,21460600
2019-10-18,139.75999450683594,140.0,136.55999755859375,137.41000366210938,135.86325073242188,32273500
2019-10-21,138.4499969482422,138.5,137.00999450683594,138.42999267578125,136.87176513671875,20078200
2019-10-22,138.97000122070312,140.00999450683594,136.25999450683594,136.3699951171875,134.8349609375,27431000
2019-10-23,136.8800048828125,137.4499969482422,135.61000061035156,137.24000549316406,135.6951904296875,29844600
2019-10-24,139.38999938964844,140.4199981689453,138.6699981689453,139.94000244140625,138.3647918701172,37029300
2019-10-25,139.33999633789062,141.13999938964844,139.1999969482422,140.72999572753906,139.1458740234375,25959700
2019-10-28,144.39999389648438,145.6699981689453,143.50999450683594,144.19000244140625,142.5669403076172,35280100
2019-10-29,144.0800018310547,144.5,142.64999389648438,142.8300018310547,141.2222442626953,20589500
2019-10-30,143.52000427246094,145.0,142.7899932861328,144.61000061035156,142.9822235107422,18496600
2019-10-31,144.89999389648438,144.92999267578125,142.99000549316406,143.3699951171875,141.75616455078125,24605100
2019-11-01,144.25999450683594,144.4199981689453,142.97000122070312,143.72000122070312,142.10223388671875,33128400
2019-11-04,144.8300018310547,145.0,144.16000366210938,144.5500030517578,142.9228973388672,16912000
2019-11-05,144.97000122070312,145.02000427246094,143.91000366210938,144.4600067138672,142.83392333984375,18250200
2019-11-06,144.3699951171875,144.52000427246094,143.1999969482422,144.05999755859375,142.4384002685547,16575800
2019-11-07,143.83999633789062,144.8800048828125,143.77000427246094,144.25999450683594,142.63613891601562,17786700
2019-11-08,143.97999572753906,145.99000549316406,143.75999450683594,145.9600067138672,144.3170166015625,16732700
2019-11-11,145.33999633789062,146.4199981689453,144.72999572753906,146.11000061035156,144.46533203125,14362600
2019-11-12,146.27999877929688,147.57000732421875,146.05999755859375,147.07000732421875,145.41452026367188,18641600
2019-11-13,146.74000549316406,147.4600067138672,146.27999877929688,147.30999755859375,145.65182495117188,16919200
2019-11-14,147.02000427246094,148.41000366210938,147.0,148.05999755859375,146.39337158203125,19729800
2019-11-15,148.92999267578125,149.99000549316406,148.27000427246094,149.97000122070312,148.28189086914062,23485700
2019-11-18,150.07000732421875,150.5500030517578,148.97999572753906,150.33999633789062,148.64772033691406,21534000
2019-11-19,150.8800048828125,151.3300018310547,150.1999969482422,150.38999938964844,148.6971435546875,23935700
2019-11-20,150.30999755859375,150.83999633789062,148.4600067138672,149.6199951171875,148.43919372558594,25696800
2019-11-21,149.39999389648438,149.8000030517578,148.5,149.47999572753906,148.30029296875,18576100
2019-11-22,150.07000732421875,150.3000030517578,148.82000732421875,149.58999633789062,148.40943908691406,15901800
2019-11-25,150.0,151.35000610351562,149.9199981689453,151.22999572753906,150.0364990234375,22420900
2019-11-26,151.36000061035156,152.4199981689453,151.32000732421875,152.02999877929688,150.83018493652344,24620100
2019-11-27,152.3300018310547,152.5,151.52000427246094,152.32000732421875,151.11790466308594,15184400
2019-11-29,152.10000610351562,152.3000030517578,151.27999877929688,151.3800048828125,150.18531799316406,11977300
2019-12-02,151.80999755859375,151.8300018310547,148.32000732421875,149.5500030517578,148.36976623535156,27418400
2019-12-03,147.49000549316406,149.42999267578125,146.64999389648438,149.30999755859375,148.13165283203125,24066000
2019-12-04,150.13999938964844,150.17999267578125,149.1999969482422,149.85000610351562,148.66738891601562,17574700
2019-12-05,150.0500030517578,150.32000732421875,149.47999572753906,149.92999267578125,148.7467498779297,17869100
2019-12-06,150.99000549316406,151.8699951171875,150.27000427246094,151.75,150.55238342285156,16403500
2019-12-09,151.07000732421875,152.2100067138672,150.91000366210938,151.36000061035156,150.1654815673828,16687400
2019-12-10,151.2899932861328,151.88999938964844,150.75999450683594,151.1300048828125,149.9373016357422,16476100
2019-12-11,151.5399932861328,151.8699951171875,150.3300018310547,151.6999969482422,150.50277709960938,18856600
2019-12-12,151.64999389648438,153.44000244140625,151.02000427246094,153.24000549316406,152.0306396484375,24612100
2019-12-13,153.0,154.88999938964844,152.8300018310547,154.52999877929688,153.31045532226562,23845400
2019-12-16,155.11000061035156,155.89999389648438,154.82000732421875,155.52999877929688,154.30255126953125,24144200
2019-12-17,155.4499969482422,155.7100067138672,154.4499969482422,154.69000244140625,153.4691925048828,25425600
2019-12-18,154.3000030517578,155.47999572753906,154.17999267578125,154.3699951171875,153.1517333984375,24129200
2019-12-19,154.0,155.77000427246094,153.75,155.7100067138672,154.4811553955078,24958900
2019-12-20,157.35000610351562,158.49000549316406,156.2899932861328,157.41000366210938,156.16773986816406,53477500
2019-12-23,158.1199951171875,158.1199951171875,157.27000427246094,157.41000366210938,156.16773986816406,17718200
2019-12-24,157.47999572753906,157.7100067138672,157.1199951171875,157.3800048828125,156.13795471191406,8989200
2019-12-26,157.55999755859375,158.72999572753906,157.39999389648438,158.6699981689453,157.41778564453125,14520600
2019-12-27,159.4499969482422,159.5500030517578,158.22000122070312,158.9600067138672,157.70550537109375,18412800
2019-12-30,158.99000549316406,159.02000427246094,156.72999572753906,157.58999633789062,156.34629821777344,16348400
2019-12-31,156.77000427246094,157.77000427246094,156.4499969482422,157.6999969482422,156.45542907714844,18369400
2020-01-02,158.77999877929688,160.72999572753906,158.3300018310547,160.6199951171875,159.35238647460938,22622100
2020-01-03,158.32000732421875,159.9499969482422,158.05999755859375,158.6199951171875,157.36817932128906,21116200
2020-01-06,157.0800018310547,159.10000610351562,156.50999450683594,159.02999877929688,157.7749481201172,20813700
2020-01-07,159.32000732421875,159.6699981689453,157.32000732421875,157.5800018310547,156.33639526367188,21634100
2020-01-08,158.92999267578125,160.8000030517578,157.9499969482422,160.08999633789062,158.82656860351562,27746500
2020-01-09,161.83999633789062,162.22000122070312,161.02999877929688,162.08999633789062,160.81077575683594,21385000
2020-01-10,162.82000732421875,163.22000122070312,161.17999267578125,161.33999633789062,160.06671142578125,20725900
2020-01-13,161.75999450683594,163.30999755859375,161.25999450683594,163.27999877929688,161.99139404296875,21626500
2020-01-14,163.38999938964844,163.60000610351562,161.72000122070312,162.1300048828125,160.85047912597656,23477400
2020-01-15,162.6199951171875,163.94000244140625,162.57000732421875,163.17999267578125,161.89219665527344,21417900
2020-01-16,164.35000610351562,166.24000549316406,164.02999877929688,166.1699981689453,164.8585968017578,23865400
2020-01-17,167.4199981689453,167.47000122070312,165.42999267578125,167.10000610351562,165.78126525878906,34371700
2020-01-21,166.67999267578125,168.19000244140625,166.42999267578125,166.5,165.1859893798828,29517200
2020-01-22,167.39999389648438,167.49000549316406,165.67999267578125,165.6999969482422,164.39230346679688,24138800
2020-01-23,166.19000244140625,166.8000030517578,165.27000427246094,166.72000122070312,165.4042510986328,19680800
2020-01-24,167.50999450683594,167.52999877929688,164.4499969482422,165.0399932861328,163.73751831054688,24918100
2020-01-27,161.14999389648438,163.3800048828125,160.1999969482422,162.27999877929688,160.99928283691406,32078100
2020-01-28,163.77999877929688,165.75999450683594,163.07000732421875,165.4600067138672,164.1542205810547,24899900
2020-01-29,167.83999633789062,168.75,165.69000244140625,168.0399932861328,166.7138214111328,34754500
2020-01-30,174.0500030517578,174.0500030517578,170.7899932861328,172.77999877929688,171.4164276123047,51597500
2020-01-31,172.2100067138672,172.39999389648438,169.5800018310547,170.22999572753906,168.8865509033203,36142700
2020-02-03,170.42999267578125,174.5,170.39999389648438,174.3800048828125,173.00381469726562,30149100
2020-02-04,177.13999938964844,180.63999938964844,176.30999755859375,180.1199951171875,178.69850158691406,36433300
2020-02-05,184.02999877929688,184.1999969482422,178.41000366210938,179.89999389648438,178.48023986816406,39186300
2020-02-06,180.97000122070312,183.82000732421875,180.05999755859375,183.6300048828125,182.18081665039062,27751400
2020-02-07,182.85000610351562,185.6300048828125,182.47999572753906,183.88999938964844,182.43875122070312,33529100
2020-02-10,183.5800018310547,188.83999633789062,183.25,188.6999969482422,187.21078491210938,35844300
2020-02-11,190.64999389648438,190.6999969482422,183.5,184.44000244140625,182.98440551757812,53159900
2020-02-12,185.5800018310547,185.85000610351562,181.85000610351562,184.7100067138672,183.2522735595703,47062900
2020-02-13,183.0800018310547,186.22999572753906,182.8699951171875,183.7100067138672,182.2601776123047,35295800
2020-02-14,183.25,185.41000366210938,182.64999389648438,185.35000610351562,183.88722229003906,23149500
2020-02-18,185.61000061035156,187.6999969482422,185.5,187.22999572753906,185.7523956298828,27792200
2020-02-19,188.05999755859375,188.17999267578125,186.47000122070312,187.27999877929688,186.3094940185547,29997500
2020-02-20,186.9499969482422,187.25,181.10000610351562,184.4199981689453,183.4643096923828,36862400
2020-02-21,183.1699981689453,183.5,177.25,178.58999633789062,177.66452026367188,48572600
2020-02-24,167.77000427246094,174.5500030517578,163.22999572753906,170.88999938964844,170.00442504882812,68311100
2020-02-25,174.1999969482422,174.83999633789062,167.64999389648438,168.07000732421875,167.1990509033203,68073300
2020-02-26,169.7100067138672,173.25999450683594,168.2100067138672,170.1699981689453,169.28814697265625,56206100
2020-02-27,163.32000732421875,167.02999877929688,157.97999572753906,158.17999267578125,157.36029052734375,93174900
2020-02-28,152.41000366210938,163.7100067138672,152.0,162.00999450683594,161.17044067382812,97012700
2020-03-02,165.30999755859375,172.9199981689453,162.30999755859375,172.7899932861328,171.8945770263672,71030800
2020-03-03,173.8000030517578,175.0,162.25999450683594,164.50999450683594,163.65748596191406,71677000
2020-03-04,168.49000549316406,170.6999969482422,165.6199951171875,170.5500030517578,169.6661834716797,49814400
2020-03-05,166.0500030517578,170.8699951171875,165.69000244140625,166.27000427246094,165.4083709716797,47817300
2020-03-06,162.61000061035156,163.11000061035156,156.0,161.57000732421875,160.7327423095703,72821100
2020-03-09,151.0,157.75,150.0,150.6199951171875,149.83946228027344,70419300
2020-03-10,158.16000366210938,161.02999877929688,152.5800018310547,160.9199981689453,160.08609008789062,65354400
2020-03-11,157.1300048828125,157.6999969482422,151.14999389648438,153.6300048828125,152.83387756347656,56371600
2020-03-12,145.3000030517578,153.47000122070312,138.5800018310547,139.05999755859375,138.33937072753906,93226400
2020-03-13,147.5,161.91000366210938,140.72999572753906,158.8300018310547,158.0069122314453,92727400
2020-03-16,140.0,149.35000610351562,135.0,135.4199981689453,134.71823120117188,87905900
2020-03-17,140.0,147.5,135.0,146.57000732421875,145.8104705810547,81059800
2020-03-18,138.0,146.0,135.02000427246094,140.39999389648438,139.67242431640625,81593200
2020-03-19,142.77000427246094,150.14999389648438,139.0,142.7100067138672,141.97047424316406,85922700
2020-03-20,146.0,147.10000610351562,135.86000061035156,137.35000610351562,136.63824462890625,84866200
2020-03-23,137.00999450683594,140.57000732421875,132.52000427246094,135.97999572753906,135.2753448486328,78975200
2020-03-24,143.75,149.60000610351562,141.27000427246094,148.33999633789062,147.5712890625,82516700
2020-03-25,148.91000366210938,154.3300018310547,144.44000244140625,146.9199981689453,146.15863037109375,75638200
2020-03-26,148.39999389648438,156.66000366210938,148.3699951171875,156.11000061035156,155.301025390625,64568100
2020-03-27,151.75,154.88999938964844,149.1999969482422,149.6999969482422,148.92422485351562,57042300
2020-03-30,152.44000244140625,160.60000610351562,150.00999450683594,160.22999572753906,159.39967346191406,63420300
2020-03-31,159.39999389648438,164.77999877929688,156.55999755859375,157.7100067138672,156.89273071289062,77927200
2020-04-01,153.0,157.75,150.82000732421875,152.11000061035156,151.32174682617188,57969900
2020-04-02,151.86000061035156,155.47999572753906,150.36000061035156,155.25999450683594,154.45541381835938,49630700
2020-04-03,155.10000610351562,157.3800048828125,152.19000244140625,153.8300018310547,153.0328369140625,41243300
2020-04-06,160.32000732421875,166.5,157.5800018310547,165.27000427246094,164.41354370117188,67111700
2020-04-07,169.58999633789062,170.0,163.25999450683594,163.49000549316406,162.6427764892578,62769000
2020-04-08,165.6699981689453,166.6699981689453,163.5,165.1300048828125,164.27427673339844,48318200
2020-04-09,166.36000061035156,167.3699951171875,163.3300018310547,165.13999938964844,164.2842254638672,51431800
2020-04-13,164.35000610351562,165.57000732421875,162.3000030517578,165.50999450683594,164.65231323242188,41905300
2020-04-14,169.0,173.75,168.0,173.6999969482422,172.79986572265625,52874300
2020-04-15,171.1999969482422,173.57000732421875,169.24000549316406,171.8800048828125,170.9893035888672,40940800
2020-04-16,174.3000030517578,177.27999877929688,172.89999389648438,177.0399932861328,176.12254333496094,50479600
2020-04-17,179.5,180.0,175.8699951171875,178.60000610351562,177.6744842529297,52765600
2020-04-20,176.6300048828125,178.75,174.99000549316406,175.05999755859375,174.15281677246094,36669600
2020-04-21,173.5,173.6699981689453,166.11000061035156,167.82000732421875,166.95034790039062,56203700
2020-04-22,171.38999938964844,174.0,170.82000732421875,173.52000427246094,172.6208038330078,34651600
2020-04-23,174.11000061035156,175.05999755859375,170.91000366210938,171.4199981689453,170.53167724609375,32790800
2020-04-24,172.05999755859375,174.55999755859375,170.7100067138672,174.5500030517578,173.6454620361328,34305300
2020-04-27,176.58999633789062,176.89999389648438,173.3000030517578,174.0500030517578,173.14805603027344,33194400
2020-04-28,175.58999633789062,175.6699981689453,169.38999938964844,169.80999755859375,168.93002319335938,34392700
2020-04-29,173.22000122070312,177.67999267578125,171.8800048828125,177.42999267578125,176.51052856445312,51286600
2020-04-30,180.0,180.39999389648438,176.22999572753906,179.2100067138672,178.28131103515625,53661300
2020-05-01,175.8000030517578,178.63999938964844,174.00999450683594,174.57000732421875,173.66537475585938,39370500
2020-05-04,174.49000549316406,179.0,173.8000030517578,178.83999633789062,177.91322326660156,30372900
2020-05-05,180.6199951171875,183.64999389648438,179.89999389648438,180.75999450683594,179.82327270507812,36839200
2020-05-06,182.0800018310547,184.1999969482422,181.6300048828125,182.5399932861328,181.59405517578125,32139300
2020-05-07,184.1699981689453,184.5500030517578,182.5800018310547,183.60000610351562,182.64857482910156,28316000
2020-05-08,184.97999572753906,185.0,183.36000061035156,184.67999267578125,183.7229461669922,30912600
2020-05-11,183.14999389648438,187.50999450683594,182.85000610351562,186.74000549316406,185.7722930908203,30892700
2020-05-12,186.8000030517578,187.0399932861328,182.3000030517578,182.50999450683594,181.56419372558594,32038200
2020-05-13,182.5500030517578,184.0500030517578,176.5399932861328,179.75,178.81851196289062,44711500
2020-05-14,177.5399932861328,180.69000244140625,175.67999267578125,180.52999877929688,179.59446716308594,41873900
2020-05-15,179.05999755859375,187.05999755859375,177.0,183.16000366210938,182.21084594726562,46610400
2020-05-18,185.75,186.1999969482422,183.9600067138672,184.91000366210938,183.95176696777344,35306600
2020-05-19,185.02999877929688,186.60000610351562,183.49000549316406,183.6300048828125,182.67840576171875,26799100
2020-05-20,184.80999755859375,185.85000610351562,183.94000244140625,185.66000366210938,185.2122802734375,31261300
2020-05-21,185.39999389648438,186.6699981689453,183.2899932861328,183.42999267578125,182.98765563964844,29119500
2020-05-22,183.19000244140625,184.4600067138672,182.5399932861328,183.50999450683594,183.0674591064453,20826900
2020-05-26,186.33999633789062,186.5,181.10000610351562,181.57000732421875,181.1321563720703,36073600
2020-05-27,180.1999969482422,181.99000549316406,176.60000610351562,181.80999755859375,181.37156677246094,39517100
2020-05-28,180.74000549316406,184.14999389648438,180.3800048828125,181.39999389648438,180.96255493164062,33810200
2020-05-29,182.72999572753906,184.27000427246094,180.41000366210938,183.25,182.80809020996094,42146700
2020-06-01,182.5399932861328,183.0,181.4600067138672,182.8300018310547,182.3891143798828,22622400
2020-06-02,184.25,185.0,181.35000610351562,184.91000366210938,184.46409606933594,30794600
2020-06-03,184.82000732421875,185.94000244140625,183.5800018310547,185.36000061035156,184.9130096435547,27311000
2020-06-04,184.3000030517578,185.83999633789062,182.3000030517578,182.9199981689453,182.4788818359375,28761800
2020-06-05,182.6199951171875,187.72999572753906,182.00999450683594,187.1999969482422,186.74856567382812,39893600
2020-06-08,185.94000244140625,188.5500030517578,184.44000244140625,188.36000061035156,187.90577697753906,33211600
2020-06-09,188.0,190.6999969482422,187.25999450683594,189.8000030517578,189.34230041503906,29783900
2020-06-10,191.1300048828125,198.52000427246094,191.00999450683594,196.83999633789062,196.36532592773438,43872300
2020-06-11,193.1300048828125,195.75999450683594,186.07000732421875,186.27000427246094,185.82081604003906,52854700
2020-06-12,190.5399932861328,191.72000122070312,185.17999267578125,187.74000549316406,187.2872772216797,43345700
2020-06-15,184.5800018310547,190.82000732421875,184.00999450683594,188.94000244140625,188.484375,32770200
2020-06-16,192.88999938964844,195.5800018310547,191.4600067138672,193.57000732421875,193.10321044921875,42556700
2020-06-17,195.02999877929688,196.32000732421875,193.69000244140625,194.24000549316406,193.77159118652344,25655900
2020-06-18,194.0,196.49000549316406,194.0,196.32000732421875,195.84658813476562,23061600
2020-06-19,198.58999633789062,199.2899932861328,194.3699951171875,195.14999389648438,194.6793975830078,44441100
2020-06-22,195.7899932861328,200.75999450683594,195.22999572753906,200.57000732421875,200.08633422851562,32818900
2020-06-23,202.08999633789062,203.9499969482422,201.42999267578125,201.91000366210938,201.423095703125,30917400
2020-06-24,201.60000610351562,203.25,196.55999755859375,197.83999633789062,197.3629150390625,36740600
2020-06-25,197.8000030517578,200.61000061035156,195.47000122070312,200.33999633789062,199.85687255859375,27803900
2020-06-26,199.72999572753906,199.88999938964844,194.8800048828125,196.3300018310547,195.85655212402344,54675800
2020-06-29,195.77999877929688,198.52999877929688,193.5500030517578,198.44000244140625,197.9614715576172,26701600
2020-06-30,197.8800048828125,204.39999389648438,197.74000549316406,203.50999450683594,203.01922607421875,34310300
2020-07-01,203.13999938964844,206.35000610351562,201.77000427246094,204.6999969482422,204.20635986328125,32061200
2020-07-02,205.67999267578125,208.02000427246094,205.0,206.25999450683594,205.76260375976562,29315800
2020-07-06,208.8300018310547,211.1300048828125,208.08999633789062,210.6999969482422,210.19189453125,31897600
2020-07-07,210.4499969482422,214.6699981689453,207.99000549316406,208.25,207.747802734375,33600700
2020-07-08,210.07000732421875,213.25999450683594,208.69000244140625,212.8300018310547,212.3167724609375,33600000
2020-07-09,216.3300018310547,216.3800048828125,211.47000122070312,214.32000732421875,213.8031768798828,33121700
2020-07-10,213.6199951171875,214.0800018310547,211.0800018310547,213.6699981689453,213.1547393798828,26177600
2020-07-13,214.47999572753906,215.8000030517578,206.5,207.07000732421875,206.57066345214844,38135600
2020-07-14,206.1300048828125,208.85000610351562,202.02999877929688,208.35000610351562,207.8475799560547,37591800
2020-07-15,209.55999755859375,211.3300018310547,205.02999877929688,208.0399932861328,207.53831481933594,32179400
2020-07-16,205.39999389648438,205.6999969482422,202.30999755859375,203.9199981689453,203.42825317382812,29940700
2020-07-17,204.47000122070312,205.0399932861328,201.38999938964844,202.8800048828125,202.39076232910156,31635300
2020-07-20,205.0,212.3000030517578,203.00999450683594,211.60000610351562,211.08973693847656,36884800
2020-07-21,213.66000366210938,213.94000244140625,208.02999877929688,208.75,208.24659729003906,38105800
2020-07-22,209.1999969482422,212.3000030517578,208.38999938964844,211.75,211.23936462402344,49605700
2020-07-23,207.19000244140625,210.9199981689453,202.14999389648438,202.5399932861328,202.05157470703125,67457000
2020-07-24,200.4199981689453,202.86000061035156,197.50999450683594,201.3000030517578,200.8145751953125,39827000
2020-07-27,201.47000122070312,203.97000122070312,200.86000061035156,203.85000610351562,203.35842895507812,30160900
2020-07-28,203.61000061035156,204.6999969482422,201.74000549316406,202.02000427246094,201.5328369140625,23251400
2020-07-29,202.5,204.64999389648438,202.00999450683594,204.05999755859375,203.5679168701172,19632600
2020-07-30,201.0,204.4600067138672,199.57000732421875,203.89999389648438,203.40829467773438,25079600
2020-07-31,204.39999389648438,205.10000610351562,199.00999450683594,205.00999450683594,204.51560974121094,51248000
2020-08-03,211.52000427246094,217.63999938964844,210.44000244140625,216.5399932861328,216.01780700683594,78983000
2020-08-04,214.1699981689453,214.77000427246094,210.30999755859375,213.2899932861328,212.77565002441406,49280100
2020-08-05,214.89999389648438,215.0,211.57000732421875,212.94000244140625,212.42649841308594,28858600
2020-08-06,212.33999633789062,216.3699951171875,211.5500030517578,216.35000610351562,215.82827758789062,32656800
2020-08-07,214.85000610351562,215.6999969482422,210.92999267578125,212.47999572753906,211.9676055908203,27789600
2020-08-10,211.6699981689453,211.8800048828125,206.35000610351562,208.25,207.747802734375,36716500
2020-08-11,207.16000366210938,207.64999389648438,203.13999938964844,203.3800048828125,202.88955688476562,36446500
2020-08-12,205.2899932861328,210.27999877929688,204.75,209.19000244140625,208.685546875,28041400
2020-08-13,209.44000244140625,211.35000610351562,208.14999389648438,208.6999969482422,208.19671630859375,22588900
2020-08-14,208.75999450683594,209.58999633789062,207.50999450683594,208.89999389648438,208.396240234375,17958900
2020-08-17,209.60000610351562,211.19000244140625,208.9199981689453,210.27999877929688,209.77291870117188,20184800
2020-08-18,210.52999877929688,212.36000061035156,209.2100067138672,211.49000549316406,210.97999572753906,21336200
2020-08-19,211.49000549316406,212.10000610351562,209.25,209.6999969482422,209.6999969482422,27627600
2020-08-20,209.5399932861328,215.0,208.91000366210938,214.5800018310547,214.5800018310547,26981500
2020-08-21,213.86000061035156,216.25,212.85000610351562,213.02000427246094,213.02000427246094,36249300
2020-08-24,214.7899932861328,215.52000427246094,212.42999267578125,213.69000244140625,213.69000244140625,25460100
2020-08-25,213.10000610351562,216.61000061035156,213.10000610351562,216.47000122070312,216.47000122070312,23043700
2020-08-26,217.8800048828125,222.08999633789062,217.36000061035156,221.14999389648438,221.14999389648438,39600800
2020-08-27,222.88999938964844,231.14999389648438,219.39999389648438,226.5800018310547,226.5800018310547,57602200
2020-08-28,228.17999267578125,230.63999938964844,226.5800018310547,228.91000366210938,228.91000366210938,26292900
2020-08-31,227.0,228.6999969482422,224.30999755859375,225.52999877929688,225.52999877929688,28722300
2020-09-01,225.50999450683594,227.44000244140625,224.42999267578125,227.27000427246094,227.27000427246094,25791235
