Date,Open,High,Low,Close,Adj Close,Volume
1993-04-12,15.0,15.125,15.0,15.0,2.6574432849884033,24800
1993-04-13,15.0,15.125,15.0,15.0,2.6574432849884033,24100
1993-04-14,15.125,15.125,15.0,15.0,2.6574432849884033,35000
1993-04-15,15.0,15.125,15.0,15.0,2.6574432849884033,89200
1993-04-16,15.0,15.125,15.0,15.0,2.6574432849884033,40700
1993-04-19,15.125,15.125,15.0,15.0,2.6574432849884033,9700
1993-04-20,15.0,15.0,15.0,15.0,2.6574432849884033,13800
1993-04-21,15.0,15.0,15.0,15.0,2.6574432849884033,28900
1993-04-22,15.0,15.125,15.0,15.0,2.6574432849884033,25000
1993-04-23,15.0,15.125,15.0,15.0,2.6574432849884033,10400
1993-04-26,15.125,15.125,15.0,15.0,2.6574432849884033,17500
1993-04-27,15.125,15.125,15.0,15.0,2.6574432849884033,3500
1993-04-28,15.125,15.125,15.0,15.0,2.6574432849884033,10900
1993-04-29,15.0,15.0,15.0,15.0,2.6574432849884033,1900
1993-04-30,15.0,15.125,15.0,15.125,2.6795876026153564,12600
1993-05-03,15.125,15.125,15.0,15.0,2.6574432849884033,7900
1993-05-04,15.0,15.0,14.875,15.0,2.6574432849884033,40500
1993-05-05,15.0,15.125,15.0,15.125,2.6795876026153564,14500
1993-05-06,15.0,15.125,15.0,15.125,2.6795876026153564,5700
1993-05-07,15.0,15.125,15.0,15.0,2.6574432849884033,23400
1993-05-10,15.0,15.125,15.0,15.125,2.6795876026153564,9300
1993-05-11,15.125,15.125,15.0,15.0,2.6574432849884033,14600
1993-05-12,15.0,15.0,15.0,15.0,2.6574432849884033,5300
1993-05-13,15.0,15.0,15.0,15.0,2.6574432849884033,8800
1993-05-14,15.0,15.0,15.0,15.0,2.6574432849884033,3200
1993-05-17,15.125,15.125,15.0,15.0,2.6574432849884033,28600
1993-05-18,15.0,15.0,15.0,15.0,2.6574432849884033,50400
1993-05-19,15.0,15.0,15.0,15.0,2.6574432849884033,14300
1993-05-20,15.0,15.0,15.0,15.0,2.6574432849884033,23400
1993-05-21,15.0,15.125,15.0,15.0,2.6574432849884033,22600
1993-05-24,14.875,15.0,14.75,14.75,2.613154411315918,17400
1993-05-25,14.75,14.75,14.75,14.75,2.613154411315918,2000
1993-05-26,14.75,14.75,14.625,14.625,2.5910096168518066,5400
1993-05-27,14.75,14.75,14.625,14.625,2.5910096168518066,900
1993-05-28,14.625,14.625,14.5,14.5,2.5688636302948,5400
1993-06-01,14.75,14.75,14.25,14.25,2.5245721340179443,27200
1993-06-02,14.375,14.5,14.125,14.5,2.5688636302948,17500
1993-06-03,14.5,14.75,14.5,14.75,2.613154411315918,7600
1993-06-04,14.625,14.625,14.5,14.625,2.5910096168518066,15700
1993-06-07,14.625,14.75,14.625,14.625,2.5910096168518066,5700
1993-06-08,14.625,14.75,14.5,14.5,2.5688636302948,9100
1993-06-09,14.5,14.625,14.25,14.375,2.5467183589935303,23600
1993-06-10,14.25,14.375,14.25,14.375,2.5467183589935303,1700
1993-06-11,14.375,14.625,14.375,14.625,2.5910096168518066,16400
1993-06-14,14.25,14.5,14.25,14.375,2.572042226791382,3500
1993-06-15,14.5,14.5,14.25,14.375,2.572042226791382,11000
1993-06-16,14.25,14.375,14.25,14.375,2.572042226791382,14600
1993-06-17,14.25,14.375,14.25,14.25,2.549675703048706,3000
1993-06-18,14.125,14.25,14.125,14.25,2.549675703048706,3900
1993-06-21,14.25,14.375,14.125,14.25,2.549675703048706,13600
1993-06-22,14.125,14.375,14.0,14.125,2.527310609817505,12900
1993-06-23,14.0,14.0,13.625,13.875,2.4825804233551025,23700
1993-06-24,14.0,14.125,13.875,14.0,2.504946231842041,22800
1993-06-25,14.0,14.125,14.0,14.0,2.504946231842041,33900
1993-06-28,14.0,14.25,13.875,14.25,2.549675703048706,12800
1993-06-29,14.25,14.375,14.125,14.125,2.527310609817505,6800
1993-06-30,14.125,14.25,14.0,14.25,2.549675703048706,18600
1993-07-01,14.25,14.5,14.25,14.375,2.572042226791382,38500
1993-07-02,14.5,14.625,14.375,14.5,2.5944082736968994,24700
1993-07-06,14.375,14.5,14.25,14.375,2.572042226791382,23700
1993-07-07,14.5,14.625,14.5,14.625,2.6167728900909424,31800
1993-07-08,14.75,14.75,14.5,14.625,2.6167728900909424,22200
1993-07-09,14.625,14.625,14.625,14.625,2.6167728900909424,18000
1993-07-12,14.625,14.625,14.5,14.5,2.5944082736968994,31500
1993-07-13,14.5,14.5,14.25,14.25,2.563288450241089,16000
1993-07-14,14.375,14.5,14.375,14.5,2.608257293701172,6400
1993-07-15,14.5,14.625,14.5,14.625,2.630741834640503,7700
1993-07-16,14.5,14.625,14.5,14.5,2.608257293701172,8400
1993-07-19,14.5,14.625,14.375,14.375,2.585772752761841,33100
1993-07-20,14.375,14.5,14.375,14.5,2.608257293701172,1300
1993-07-21,14.375,14.5,14.375,14.5,2.608257293701172,11000
1993-07-22,14.5,14.625,14.5,14.625,2.630741834640503,26000
1993-07-23,14.5,14.625,14.5,14.625,2.630741834640503,7500
1993-07-26,14.5,14.625,14.125,14.375,2.585772752761841,25600
1993-07-27,14.375,14.5,14.25,14.5,2.608257293701172,6800
1993-07-28,14.5,14.5,14.375,14.375,2.585772752761841,6400
1993-07-29,14.5,14.5,14.375,14.375,2.585772752761841,6100
1993-07-30,14.5,14.5,14.25,14.375,2.585772752761841,5000
1993-08-02,14.25,14.5,14.25,14.5,2.608257293701172,5900
1993-08-03,14.5,14.5,14.375,14.375,2.585772752761841,5200
1993-08-04,14.5,14.625,14.25,14.5,2.608257293701172,50200
1993-08-05,14.5,14.625,14.5,14.5,2.608257293701172,18200
1993-08-06,14.5,14.5,14.25,14.5,2.608257293701172,51400
1993-08-09,14.375,14.5,14.375,14.5,2.608257293701172,9700
1993-08-10,14.5,14.625,14.5,14.625,2.630741834640503,7000
1993-08-11,14.5,14.625,14.25,14.375,2.585772752761841,19900
1993-08-12,14.375,14.5,14.375,14.5,2.608257293701172,10600
1993-08-13,14.5,14.5,14.375,14.5,2.608257293701172,7500
1993-08-16,14.5,14.5,14.25,14.375,2.5995776653289795,23200
1993-08-17,14.375,14.375,14.125,14.25,2.5769734382629395,26300
1993-08-18,14.25,14.375,14.125,14.375,2.5995776653289795,23900
1993-08-19,14.375,14.375,14.125,14.375,2.5995776653289795,19600
1993-08-20,14.25,14.375,14.25,14.375,2.5995776653289795,32300
1993-08-23,14.25,14.5,14.25,14.375,2.5995776653289795,31000
1993-08-24,14.25,14.5,14.25,14.25,2.5769734382629395,12500
1993-08-25,14.25,14.375,14.25,14.375,2.5995776653289795,16400
1993-08-26,14.375,14.375,14.25,14.25,2.5769734382629395,12500
1993-08-27,14.375,14.5,14.25,14.25,2.5769734382629395,22300
1993-08-30,14.375,14.5,14.25,14.375,2.5995776653289795,7600
1993-08-31,14.5,14.625,14.375,14.625,2.644786834716797,47000
1993-09-01,14.75,14.75,14.5,14.625,2.644786834716797,45100
1993-09-02,14.5,14.75,14.5,14.75,2.667393207550049,13600
1993-09-03,14.625,14.75,14.625,14.625,2.644786834716797,18900
1993-09-07,14.625,14.75,14.625,14.625,2.644786834716797,10600
1993-09-08,14.625,14.75,14.5,14.5,2.6221818923950195,25900
1993-09-09,14.5,14.625,14.5,14.5,2.6221818923950195,14900
1993-09-10,14.625,14.625,14.5,14.625,2.644786834716797,29400
1993-09-13,14.5,14.625,14.375,14.5,2.6221818923950195,50100
1993-09-14,14.375,14.5,14.375,14.5,2.635997772216797,37100
1993-09-15,14.5,14.5,14.375,14.5,2.635997772216797,16300
1993-09-16,14.5,14.625,14.375,14.625,2.658722162246704,37900
1993-09-17,14.5,14.625,14.25,14.5,2.635997772216797,21400
1993-09-20,14.375,14.375,14.125,14.375,2.613274574279785,24100
1993-09-21,14.375,14.375,14.25,14.375,2.613274574279785,18200
1993-09-22,14.375,14.5,14.25,14.375,2.613274574279785,15900
1993-09-23,14.375,14.5,14.25,14.375,2.613274574279785,16100
1993-09-24,14.375,14.5,14.25,14.375,2.613274574279785,20000
1993-09-27,14.5,14.5,14.375,14.375,2.613274574279785,18400
1993-09-28,14.5,14.5,14.25,14.5,2.635997772216797,17600
1993-09-29,14.5,14.5,14.25,14.5,2.635997772216797,18500
1993-09-30,14.5,14.75,14.25,14.75,2.6814470291137695,73600
1993-10-01,14.75,14.75,14.625,14.75,2.6814470291137695,23200
1993-10-04,14.625,14.75,14.5,14.625,2.658722162246704,32200
1993-10-05,14.5,14.5,14.375,14.5,2.635997772216797,32000
1993-10-06,14.5,14.5,14.375,14.5,2.635997772216797,27100
1993-10-07,14.5,14.625,14.375,14.625,2.658722162246704,19300
1993-10-08,14.625,14.625,14.375,14.625,2.658722162246704,10600
1993-10-11,14.625,14.75,14.625,14.75,2.6814470291137695,33500
1993-10-12,14.5,14.625,14.375,14.5,2.649470806121826,35200
1993-10-13,14.5,14.5,14.375,14.5,2.649470806121826,29700
1993-10-14,14.5,14.625,14.375,14.375,2.626629590988159,22100
1993-10-15,14.5,14.625,14.375,14.5,2.649470806121826,41200
1993-10-18,14.5,14.5,14.375,14.375,2.626629590988159,19400
1993-10-19,14.5,14.5,14.375,14.5,2.649470806121826,18600
1993-10-20,14.625,14.625,14.5,14.625,2.6723132133483887,10300
1993-10-21,14.625,14.625,14.375,14.375,2.626629590988159,17100
1993-10-22,14.375,14.625,14.375,14.5,2.649470806121826,23500
1993-10-25,14.625,14.625,14.5,14.5,2.649470806121826,17200
1993-10-26,14.5,14.625,14.375,14.5,2.649470806121826,34000
1993-10-27,14.5,14.625,14.5,14.5,2.649470806121826,9200
1993-10-28,14.625,14.625,14.375,14.375,2.626629590988159,13900
1993-10-29,14.375,14.625,14.375,14.625,2.6723132133483887,42300
1993-11-01,14.625,14.625,14.5,14.5,2.649470806121826,39700
1993-11-02,14.625,14.75,14.625,14.75,2.6951522827148438,14600
1993-11-03,14.625,14.75,14.375,14.375,2.626629590988159,35600
1993-11-04,14.375,14.5,14.25,14.25,2.6037890911102295,24900
1993-11-05,14.375,14.375,14.25,14.25,2.6037890911102295,10800
1993-11-08,14.25,14.375,14.25,14.25,2.6037890911102295,12600
1993-11-09,14.375,14.375,14.125,14.125,2.5809502601623535,21700
1993-11-10,14.25,14.25,14.125,14.125,2.5809502601623535,29200
1993-11-11,14.125,14.25,14.0,14.125,2.5809502601623535,36800
1993-11-12,14.125,14.125,14.0,14.0,2.5721304416656494,22300
1993-11-15,14.0,14.125,13.875,13.875,2.549166202545166,22200
1993-11-16,14.0,14.0,13.875,14.0,2.5721304416656494,35000
1993-11-17,14.0,14.125,13.75,13.875,2.549166202545166,29600
1993-11-18,13.75,13.875,13.75,13.75,2.5262022018432617,23500
1993-11-19,13.875,13.875,13.5,13.625,2.503234624862671,21600
1993-11-22,13.5,13.5,13.375,13.5,2.4802706241607666,19800
1993-11-23,13.375,13.625,13.375,13.625,2.503234624862671,44100
1993-11-24,13.5,13.625,13.375,13.625,2.503234624862671,17200
1993-11-26,13.625,13.625,13.5,13.625,2.503234624862671,9000
1993-11-29,13.625,13.625,13.5,13.625,2.503234624862671,70000
1993-11-30,13.75,13.875,13.625,13.75,2.5262022018432617,114700
1993-12-01,13.625,13.875,13.625,13.875,2.549166202545166,75400
1993-12-02,13.875,14.0,13.75,13.875,2.549166202545166,67700
1993-12-03,14.0,14.125,14.0,14.0,2.5721304416656494,29900
1993-12-06,14.0,14.375,14.0,14.0,2.5721304416656494,48400
1993-12-07,13.875,14.0,13.5,13.75,2.5262022018432617,103100
1993-12-08,13.75,13.875,13.625,13.625,2.503234624862671,64700
1993-12-09,13.75,13.75,13.625,13.625,2.503234624862671,47200
1993-12-10,13.625,13.875,13.625,13.75,2.5262022018432617,59000
1993-12-13,13.75,13.875,13.625,13.75,2.5262022018432617,37000
1993-12-14,13.5,13.625,13.375,13.5,2.507073402404785,74100
1993-12-15,13.375,13.625,13.375,13.625,2.530285120010376,63500
1993-12-16,13.625,13.625,13.375,13.5,2.507073402404785,47600
1993-12-17,13.5,13.5,13.375,13.375,2.4838593006134033,41300
1993-12-20,13.5,13.5,13.25,13.375,2.4838593006134033,37900
1993-12-21,13.375,13.5,13.375,13.5,2.507073402404785,68700
1993-12-22,13.5,13.625,13.375,13.625,2.530285120010376,38200
1993-12-23,13.5,13.75,13.375,13.375,2.4838593006134033,43300
1993-12-27,13.375,13.5,13.375,13.375,2.4838593006134033,78000
1993-12-28,13.375,13.625,13.375,13.5,2.507073402404785,47800
1993-12-29,13.375,13.625,13.375,13.5,2.507073402404785,89400
1993-12-30,13.5,13.625,13.375,13.5,2.507073402404785,80000
1993-12-31,13.375,13.75,13.375,13.75,2.553501605987549,133800
1994-01-03,13.625,13.875,13.625,13.875,2.5767135620117188,36800
1994-01-04,13.75,14.0,13.75,14.0,2.599926233291626,30800
1994-01-05,14.0,14.125,13.875,14.0,2.599926233291626,48200
1994-01-06,14.125,14.125,14.0,14.125,2.623140573501587,32800
1994-01-07,14.125,14.25,14.0,14.125,2.623140573501587,44500
1994-01-10,14.25,14.375,14.125,14.375,2.6695668697357178,26500
1994-01-11,14.25,14.25,14.125,14.25,2.659677743911743,30000
1994-01-12,14.25,14.25,14.125,14.125,2.6363463401794434,37300
1994-01-13,14.125,14.375,14.125,14.375,2.6830055713653564,21000
1994-01-14,14.125,14.25,14.125,14.25,2.659677743911743,15400
1994-01-17,14.375,14.375,14.125,14.125,2.6363463401794434,21300
1994-01-18,14.125,14.25,14.0,14.0,2.6130144596099854,41200
1994-01-19,14.125,14.25,14.0,14.25,2.659677743911743,21900
1994-01-20,14.125,14.25,14.0,14.125,2.6363463401794434,15800
1994-01-21,14.125,14.125,14.0,14.0,2.6130144596099854,34200
1994-01-24,14.125,14.125,14.0,14.0,2.6130144596099854,26200
1994-01-25,14.125,14.25,14.0,14.125,2.6363463401794434,33200
1994-01-26,14.25,14.25,14.125,14.25,2.659677743911743,13000
1994-01-27,14.25,14.25,14.125,14.25,2.659677743911743,21100
1994-01-28,14.25,14.25,14.0,14.25,2.659677743911743,24900
1994-01-31,14.125,14.375,14.125,14.375,2.6830055713653564,32600
1994-02-01,14.375,14.5,14.125,14.5,2.70633864402771,57200
1994-02-02,14.5,14.625,14.25,14.5,2.70633864402771,58100
1994-02-03,14.5,14.5,14.375,14.375,2.6830055713653564,12400
1994-02-04,14.5,14.5,14.25,14.25,2.659677743911743,28200
1994-02-07,14.125,14.125,14.0,14.0,2.6130144596099854,32200
1994-02-08,14.0,14.0,13.875,14.0,2.6130144596099854,6600
1994-02-09,14.0,14.0,13.75,13.875,2.603260040283203,13900
1994-02-10,13.875,14.0,13.75,13.75,2.579805850982666,24800
1994-02-11,13.875,13.875,13.75,13.875,2.603260040283203,24200
1994-02-14,13.75,13.875,13.75,13.75,2.579805850982666,17500
1994-02-15,13.75,13.875,13.625,13.625,2.5563559532165527,34200
1994-02-16,13.75,13.75,13.625,13.625,2.5563559532165527,28300
1994-02-17,13.75,13.75,13.5,13.5,2.532900094985962,22600
1994-02-18,13.5,13.5,13.25,13.375,2.509448528289795,40700
1994-02-22,13.25,13.5,13.25,13.5,2.532900094985962,38700
1994-02-23,13.5,13.5,13.25,13.25,2.485996723175049,42800
1994-02-24,13.125,13.25,12.875,13.125,2.4625420570373535,85100
1994-02-25,13.0,13.25,13.0,13.25,2.485996723175049,42000
1994-02-28,13.375,13.5,13.25,13.5,2.532900094985962,83200
1994-03-01,13.5,13.625,13.25,13.375,2.509448528289795,37800
1994-03-02,13.375,13.625,13.25,13.625,2.5563559532165527,28600
1994-03-03,13.5,13.625,13.5,13.625,2.5563559532165527,21200
1994-03-04,13.5,13.625,13.5,13.625,2.5563559532165527,3700
1994-03-07,13.75,13.75,13.5,13.75,2.579805850982666,35800
1994-03-08,13.75,13.75,13.5,13.5,2.532900094985962,23700
1994-03-09,13.5,13.5,13.25,13.25,2.485996723175049,35600
1994-03-10,13.25,13.25,12.875,13.125,2.4625420570373535,36800
1994-03-11,13.0,13.25,13.0,13.25,2.485996723175049,52400
1994-03-14,13.0,13.0,12.875,12.875,2.4156360626220703,34000
1994-03-15,12.875,12.875,12.75,12.75,2.4054505825042725,58500
1994-03-16,12.75,12.875,12.625,12.75,2.4054505825042725,61500
1994-03-17,12.875,13.0,12.75,12.75,2.4054505825042725,30200
1994-03-18,12.875,12.875,12.625,12.625,2.381866693496704,25400
1994-03-21,12.625,12.75,12.5,12.625,2.381866693496704,54100
1994-03-22,12.625,12.875,12.5,12.875,2.429030656814575,47900
1994-03-23,12.75,12.875,12.75,12.75,2.4054505825042725,25600
1994-03-24,12.625,12.75,12.375,12.75,2.4054505825042725,39400
1994-03-25,12.625,12.625,12.5,12.5,2.3582823276519775,34800
1994-03-28,12.5,12.625,12.5,12.625,2.381866693496704,25300
1994-03-29,12.5,12.625,12.5,12.5,2.3582823276519775,17100
1994-03-30,12.5,12.625,12.25,12.5,2.3582823276519775,37400
1994-03-31,12.625,12.625,12.5,12.5,2.3582823276519775,42000
1994-04-04,12.25,12.25,12.0,12.125,2.2875359058380127,44100
1994-04-05,12.125,12.375,12.0,12.375,2.3347012996673584,64000
1994-04-06,12.375,12.375,12.25,12.375,2.3347012996673584,85400
1994-04-07,12.375,12.625,12.25,12.5,2.3582823276519775,56300
1994-04-08,12.375,12.5,12.375,12.375,2.3347012996673584,31300
1994-04-11,12.5,12.5,12.25,12.375,2.3347012996673584,38400
1994-04-12,12.25,12.375,12.125,12.125,2.300922393798828,25300
1994-04-13,12.25,12.375,12.25,12.375,2.34836483001709,46300
1994-04-14,12.25,12.5,12.25,12.25,2.32464337348938,17700
1994-04-15,12.375,12.5,12.25,12.25,2.32464337348938,17600
1994-04-18,12.375,12.5,11.875,11.875,2.2534806728363037,21800
1994-04-19,11.875,12.25,11.875,12.25,2.32464337348938,43400
1994-04-20,12.25,12.25,11.875,12.0,2.2771990299224854,22500
1994-04-21,12.0,12.25,11.875,12.25,2.32464337348938,28800
1994-04-22,12.125,12.25,12.0,12.125,2.300922393798828,27600
1994-04-25,12.0,12.25,12.0,12.25,2.32464337348938,20700
1994-04-26,12.125,12.375,12.125,12.25,2.32464337348938,29100
1994-04-28,12.25,12.375,12.125,12.125,2.300922393798828,18800
1994-04-29,12.0,12.25,12.0,12.25,2.32464337348938,43700
1994-05-02,12.25,12.5,12.25,12.5,2.372083902359009,10600
1994-05-03,12.375,12.75,12.375,12.75,2.419527530670166,65000
1994-05-04,12.75,12.75,12.25,12.375,2.34836483001709,39700
1994-05-05,12.375,12.375,12.25,12.25,2.32464337348938,36900
1994-05-06,12.125,12.125,12.0,12.125,2.300922393798828,32600
1994-05-09,12.25,12.25,11.75,11.875,2.2534806728363037,71100
1994-05-10,12.0,12.125,11.875,12.0,2.2771990299224854,42400
1994-05-11,12.0,12.0,11.75,11.875,2.266893148422241,50600
1994-05-12,11.875,12.0,11.875,12.0,2.29075288772583,25900
1994-05-13,11.875,12.0,11.75,11.75,2.2430319786071777,20500
1994-05-16,11.75,11.875,11.75,11.875,2.266893148422241,22500
1994-05-17,12.0,12.0,11.75,12.0,2.29075288772583,33200
1994-05-18,12.0,12.0,11.875,11.875,2.266893148422241,67700
1994-05-19,11.875,12.0,11.875,12.0,2.29075288772583,28500
1994-05-20,12.0,12.0,11.75,11.75,2.2430319786071777,39500
1994-05-23,11.875,11.875,11.75,11.875,2.266893148422241,34000
1994-05-24,11.875,12.0,11.875,11.875,2.266893148422241,72000
1994-05-25,12.0,12.0,11.875,11.875,2.266893148422241,47000
1994-05-26,11.875,12.125,11.875,12.125,2.314617156982422,47100
1994-05-27,12.125,12.125,11.875,12.0,2.29075288772583,23500
1994-05-31,12.0,12.125,11.875,12.0,2.29075288772583,30400
1994-06-01,12.0,12.25,12.0,12.125,2.314617156982422,101500
1994-06-02,12.125,12.375,12.125,12.375,2.362342357635498,40300
1994-06-03,12.375,12.375,12.25,12.375,2.362342357635498,19800
1994-06-06,12.375,12.625,12.375,12.5,2.386202573776245,61000
1994-06-07,12.625,12.625,12.5,12.5,2.386202573776245,19100
1994-06-08,12.5,12.625,12.5,12.5,2.386202573776245,31500
1994-06-09,12.5,12.625,12.375,12.5,2.386202573776245,28000
1994-06-10,12.625,12.625,12.375,12.5,2.386202573776245,39700
1994-06-13,12.375,12.625,12.375,12.375,2.362342357635498,24800
1994-06-14,12.5,12.5,12.375,12.5,2.4007530212402344,12800
1994-06-15,12.5,12.625,12.375,12.5,2.4007530212402344,33800
1994-06-16,12.5,12.5,12.375,12.5,2.4007530212402344,43000
1994-06-17,12.5,12.5,12.375,12.375,2.376746654510498,18600
1994-06-20,12.375,12.5,12.25,12.375,2.376746654510498,36800
1994-06-21,12.375,12.375,12.25,12.375,2.376746654510498,11700
1994-06-22,12.375,12.375,12.25,12.25,2.352738618850708,31300
1994-06-23,12.25,12.375,12.25,12.375,2.376746654510498,17900
1994-06-24,12.375,12.5,12.25,12.5,2.4007530212402344,29500
1994-06-27,12.375,12.5,12.375,12.375,2.376746654510498,10800
1994-06-28,12.375,12.375,12.25,12.25,2.352738618850708,18900
1994-06-29,12.25,12.375,12.25,12.25,2.352738618850708,57200
1994-06-30,12.25,12.375,12.25,12.375,2.376746654510498,9700
1994-07-01,12.25,12.375,12.25,12.375,2.376746654510498,25600
1994-07-05,12.375,12.5,12.375,12.5,2.4007530212402344,39800
1994-07-06,12.5,12.5,12.375,12.5,2.4007530212402344,17400
1994-07-07,12.375,12.5,12.375,12.375,2.376746654510498,21900
1994-07-08,12.375,12.375,12.25,12.25,2.352738618850708,15300
1994-07-11,12.375,12.5,12.25,12.375,2.376746654510498,14500
1994-07-12,12.25,12.375,12.25,12.25,2.3661229610443115,7400
1994-07-13,12.375,12.375,12.25,12.25,2.3661229610443115,23100
1994-07-14,12.25,12.375,12.125,12.125,2.3419790267944336,29000
1994-07-15,12.25,12.25,12.25,12.25,2.3661229610443115,10000
1994-07-18,12.375,12.375,12.125,12.125,2.3419790267944336,21000
1994-07-19,12.125,12.25,12.125,12.25,2.3661229610443115,11700
1994-07-20,12.25,12.25,12.125,12.125,2.3419790267944336,23500
1994-07-21,12.25,12.25,12.0,12.0,2.317833185195923,19100
1994-07-22,11.875,12.0,11.875,11.875,2.2936902046203613,11500
1994-07-25,11.875,12.125,11.875,12.125,2.3419790267944336,17600
1994-07-26,12.0,12.125,12.0,12.0,2.317833185195923,15300
1994-07-27,12.0,12.125,12.0,12.0,2.317833185195923,16900
1994-07-28,12.0,12.125,11.875,11.875,2.2936902046203613,20100
1994-07-29,12.0,12.25,12.0,12.25,2.3661229610443115,66800
1994-08-01,12.0,12.25,12.0,12.25,2.3661229610443115,11100
1994-08-02,12.125,12.25,12.125,12.25,2.3661229610443115,45800
1994-08-03,12.25,12.375,12.125,12.25,2.3661229610443115,21800
1994-08-04,12.125,12.25,12.125,12.25,2.3661229610443115,23700
1994-08-05,12.0,12.125,11.875,11.875,2.2936902046203613,45100
1994-08-08,11.875,12.0,11.875,11.875,2.2936902046203613,35500
1994-08-09,12.0,12.0,11.75,12.0,2.317833185195923,33500
1994-08-10,11.75,11.875,11.625,11.875,2.2936902046203613,78400
1994-08-11,11.625,11.75,11.625,11.625,2.245401382446289,23000
1994-08-12,11.75,11.875,11.75,11.75,2.2695460319519043,12400
1994-08-15,11.75,11.75,11.5,11.625,2.2592453956604004,73100
1994-08-16,11.625,11.75,11.625,11.75,2.283539056777954,40300
1994-08-17,11.75,11.875,11.625,11.625,2.2592453956604004,11200
1994-08-18,11.625,11.75,11.5,11.5,2.2349512577056885,22100
1994-08-19,11.5,11.625,11.5,11.5,2.2349512577056885,49600
1994-08-22,11.5,11.75,11.5,11.625,2.2592453956604004,25900
1994-08-23,11.625,11.75,11.5,11.625,2.2592453956604004,71000
1994-08-24,11.5,11.625,11.5,11.5,2.2349512577056885,34700
1994-08-25,11.625,11.625,11.375,11.5,2.2349512577056885,59900
1994-08-26,11.375,11.625,11.375,11.5,2.2349512577056885,50700
1994-08-29,11.375,11.5,11.375,11.375,2.2106587886810303,47600
1994-08-30,11.5,11.5,11.375,11.375,2.2106587886810303,33400
1994-08-31,11.5,11.625,11.5,11.625,2.2592453956604004,181300
1994-09-01,11.5,11.5,11.375,11.5,2.2349512577056885,85300
1994-09-02,11.5,11.75,11.5,11.75,2.283539056777954,78000
1994-09-06,11.625,11.625,11.5,11.5,2.2349512577056885,48500
1994-09-07,11.625,11.75,11.5,11.5,2.2349512577056885,44100
1994-09-08,11.625,11.875,11.625,11.75,2.283539056777954,149800
1994-09-09,11.625,11.75,11.5,11.625,2.2592453956604004,82300
1994-09-12,11.75,11.75,11.5,11.625,2.2592453956604004,53500
1994-09-13,11.625,11.625,11.375,11.5,2.248880386352539,83400
1994-09-14,11.625,11.625,11.25,11.25,2.1999919414520264,174400
1994-09-15,11.25,11.375,11.25,11.25,2.1999919414520264,38100
1994-09-16,11.25,11.25,11.0,11.25,2.1999919414520264,108700
1994-09-19,11.125,11.25,11.125,11.25,2.1999919414520264,40300
1994-09-20,11.125,11.125,10.875,11.0,2.151104211807251,214200
1994-09-21,11.0,11.0,10.875,10.875,2.1266586780548096,133100
1994-09-22,11.0,11.0,10.875,11.0,2.151104211807251,62500
1994-09-23,11.0,11.0,10.875,11.0,2.151104211807251,26800
1994-09-26,11.0,11.0,10.875,10.875,2.1266586780548096,59900
1994-09-27,10.875,11.125,10.875,10.875,2.1266586780548096,106100
1994-09-28,11.0,11.375,11.0,11.25,2.1999919414520264,257000
1994-09-29,11.125,11.375,11.125,11.125,2.175548791885376,46600
1994-09-30,11.25,11.25,11.0,11.25,2.1999919414520264,152100
1994-10-03,11.125,11.25,11.0,11.0,2.151104211807251,101700
1994-10-04,11.0,11.125,11.0,11.0,2.151104211807251,104100
1994-10-05,11.0,11.0,10.625,10.75,2.10221529006958,69700
1994-10-06,10.875,11.0,10.75,10.875,2.1266586780548096,87900
1994-10-07,10.75,10.875,10.625,10.875,2.1266586780548096,68700
1994-10-10,10.625,10.875,10.625,10.75,2.10221529006958,37200
1994-10-11,10.75,11.0,10.75,11.0,2.151104211807251,73300
1994-10-12,10.875,10.875,10.75,10.75,2.115677833557129,48500
1994-10-13,10.875,11.0,10.75,10.875,2.1402792930603027,55800
1994-10-14,10.75,10.875,10.75,10.75,2.115677833557129,23300
1994-10-17,10.875,10.875,10.75,10.75,2.115677833557129,22700
1994-10-18,10.75,10.875,10.75,10.75,2.115677833557129,26800
1994-10-19,10.75,10.875,10.625,10.875,2.1402792930603027,65700
1994-10-20,10.75,10.75,10.625,10.625,2.0910778045654297,37400
1994-10-21,10.625,10.75,10.625,10.75,2.115677833557129,33400
1994-10-24,10.75,10.75,10.5,10.5,2.066476583480835,49200
1994-10-25,10.5,10.625,10.375,10.5,2.066476583480835,114300
1994-10-26,10.375,10.625,10.375,10.375,2.041875123977661,87500
1994-10-27,10.375,10.5,10.25,10.375,2.041875123977661,90000
1994-10-28,10.375,10.5,10.375,10.5,2.066476583480835,57900
1994-10-31,10.5,10.5,10.375,10.375,2.041875123977661,115100
1994-11-01,10.375,10.5,10.25,10.375,2.041875123977661,53100
1994-11-02,10.25,10.25,10.0,10.0,1.9680728912353516,82500
1994-11-03,10.0,10.125,9.875,9.875,1.9434705972671509,64600
1994-11-04,9.875,10.0,9.75,9.75,1.9188740253448486,61100
1994-11-07,9.75,9.875,9.5,9.625,1.8942688703536987,76200
1994-11-08,9.625,9.625,9.5,9.625,1.8942688703536987,103600
1994-11-09,9.625,9.875,9.625,9.625,1.8942688703536987,58200
1994-11-10,9.625,9.875,9.5,9.625,1.8942688703536987,118600
1994-11-11,9.625,9.625,9.5,9.625,1.8942688703536987,51000
1994-11-14,9.625,9.875,9.5,9.875,1.9434705972671509,142400
1994-11-15,9.875,10.25,9.75,10.25,2.0172765254974365,256600
1994-11-16,10.25,10.25,10.125,10.125,1.992672085762024,143000
1994-11-17,10.125,10.375,10.125,10.25,2.0172765254974365,240700
1994-11-18,10.25,10.5,10.125,10.375,2.041875123977661,133400
1994-11-21,10.375,10.5,10.125,10.25,2.0172765254974365,140000
1994-11-22,10.25,10.375,10.0,10.375,2.041875123977661,130000
1994-11-23,10.375,10.875,10.375,10.875,2.1402792930603027,211300
1994-11-25,10.875,10.875,10.75,10.75,2.115677833557129,44700
1994-11-28,10.75,10.75,10.375,10.375,2.041875123977661,230600
1994-11-29,10.375,10.5,10.25,10.5,2.066476583480835,225300
1994-11-30,10.5,10.75,10.5,10.625,2.0910778045654297,226600
1994-12-01,10.625,10.75,10.5,10.75,2.115677833557129,93800
1994-12-02,10.75,10.875,10.625,10.75,2.115677833557129,162900
1994-12-05,10.875,11.125,10.875,10.875,2.1402792930603027,179100
1994-12-06,11.0,11.125,11.0,11.125,2.189481258392334,164800
1994-12-07,11.0,11.0,10.75,11.0,2.16487979888916,99500
1994-12-08,10.875,10.875,10.625,10.625,2.0910778045654297,78500
1994-12-09,10.625,10.875,10.625,10.875,2.1402792930603027,59900
1994-12-12,10.875,10.875,10.625,10.75,2.115677833557129,59300
1994-12-13,10.75,10.75,10.375,10.5,2.066476583480835,124100
1994-12-14,10.5,10.5,10.375,10.5,2.066476583480835,96100
1994-12-15,10.5,10.5,10.375,10.5,2.066476583480835,112700
1994-12-16,10.5,10.75,10.375,10.5,2.066476583480835,53100
1994-12-19,10.5,10.75,10.5,10.625,2.0910778045654297,81000
1994-12-20,10.625,10.625,10.5,10.5,2.066476583480835,48100
1994-12-21,10.5,10.625,10.5,10.5,2.066476583480835,88300
1994-12-22,10.5,10.625,10.375,10.5,2.066476583480835,157800
1994-12-23,10.5,10.625,10.375,10.625,2.0910778045654297,42500
1994-12-27,10.625,10.75,10.5,10.5,2.066476583480835,58400
1994-12-28,10.5,10.625,10.375,10.375,2.041875123977661,77500
1994-12-29,10.375,10.5,10.375,10.375,2.041875123977661,58100
1994-12-30,10.375,10.5,10.125,10.25,2.0172765254974365,196000
1995-01-03,10.25,10.625,10.25,10.625,2.0910778045654297,27600
1995-01-04,10.625,10.875,10.5,10.875,2.1402792930603027,29000
1995-01-05,10.875,10.875,10.625,10.625,2.0910778045654297,34600
1995-01-06,10.625,10.875,10.625,10.875,2.1402792930603027,21200
1995-01-09,10.875,10.875,10.75,10.875,2.1402792930603027,24800
1995-01-10,10.875,10.875,10.75,10.875,2.1402792930603027,35400
1995-01-11,10.875,10.875,10.75,10.75,2.115677833557129,11000
1995-01-12,10.75,10.875,10.75,10.875,2.1402792930603027,21700
1995-01-13,10.875,11.125,10.875,10.875,2.1402792930603027,63800
1995-01-16,10.875,11.0,10.875,10.875,2.1402792930603027,13800
1995-01-17,10.875,11.125,10.875,11.125,2.189481258392334,29100
1995-01-18,11.125,11.125,11.0,11.0,2.16487979888916,18400
1995-01-19,11.0,11.125,11.0,11.125,2.189481258392334,17900
1995-01-20,11.0,11.0,10.875,10.875,2.1402792930603027,9500
1995-01-23,10.875,11.0,10.875,10.875,2.1402792930603027,12600
1995-01-24,10.875,11.0,10.875,10.875,2.1402792930603027,8200
1995-01-25,10.875,11.0,10.875,11.0,2.16487979888916,16500
1995-01-26,11.0,11.125,10.875,11.0,2.16487979888916,30800
1995-01-27,11.0,11.125,10.875,11.125,2.189481258392334,93200
1995-01-30,11.125,11.125,11.0,11.125,2.189481258392334,18800
1995-01-31,11.125,11.25,11.0,11.25,2.2140815258026123,100700
1995-02-01,11.25,11.25,11.125,11.25,2.2140815258026123,39800
1995-02-02,11.25,11.25,11.0,11.125,2.189481258392334,54500
1995-02-03,11.25,11.5,11.25,11.5,2.263282299041748,91700
1995-02-06,11.5,11.5,11.375,11.5,2.263282299041748,48600
1995-02-07,11.5,11.625,11.375,11.625,2.2878847122192383,63100
1995-02-08,11.625,11.625,11.5,11.5,2.263282299041748,21000
1995-02-09,11.5,11.75,11.5,11.75,2.312485694885254,81400
1995-02-10,11.75,11.875,11.5,11.625,2.2878847122192383,103700
1995-02-13,11.5,11.5,11.25,11.375,2.238682746887207,40400
1995-02-14,11.375,11.625,11.375,11.5,2.263282299041748,80100
1995-02-15,11.5,11.625,11.5,11.625,2.2878847122192383,56300
1995-02-16,11.625,11.625,11.5,11.5,2.263282299041748,50200
1995-02-17,11.5,11.625,11.5,11.625,2.2878847122192383,30700
1995-02-21,11.625,11.625,11.375,11.5,2.263282299041748,58700
1995-02-22,11.5,11.5,11.375,11.5,2.263282299041748,32500
1995-02-23,11.5,11.75,11.5,11.625,2.2878847122192383,59700
1995-02-24,11.625,11.75,11.5,11.5,2.263282299041748,22100
1995-02-27,11.5,11.625,11.5,11.625,2.2878847122192383,75800
1995-02-28,11.625,11.75,11.5,11.75,2.312485694885254,35900
1995-03-01,11.75,11.75,11.625,11.75,2.312485694885254,82600
1995-03-02,11.75,11.875,11.75,11.875,2.337087392807007,43100
1995-03-03,11.75,11.75,11.625,11.625,2.2878847122192383,32900
1995-03-06,11.625,11.625,11.5,11.5,2.263282299041748,21500
1995-03-07,11.5,11.625,11.375,11.375,2.238682746887207,34500
1995-03-08,11.375,11.5,11.25,11.5,2.263282299041748,24300
1995-03-09,11.5,11.5,11.375,11.375,2.238682746887207,23600
1995-03-10,11.375,11.875,11.375,11.5,2.263282299041748,39300
1995-03-13,11.625,11.75,11.625,11.625,2.2878847122192383,55900
1995-03-14,11.625,11.875,11.625,11.75,2.312485694885254,78400
1995-03-15,11.75,11.875,11.625,11.75,2.312485694885254,21100
1995-03-16,11.75,11.875,11.625,11.875,2.337087392807007,13500
1995-03-17,11.875,12.0,11.75,11.875,2.337087392807007,61800
1995-03-20,11.75,11.75,11.625,11.625,2.2878847122192383,21700
1995-03-21,11.625,11.75,11.625,11.75,2.312485694885254,43600
1995-03-22,11.625,11.625,11.5,11.625,2.2878847122192383,23300
1995-03-23,11.625,11.625,11.5,11.5,2.263282299041748,25700
1995-03-24,11.5,11.75,11.5,11.625,2.2878847122192383,58000
1995-03-27,11.625,11.75,11.5,11.625,2.2878847122192383,37400
1995-03-28,11.625,11.625,11.5,11.625,2.2878847122192383,22200
1995-03-29,11.625,11.75,11.625,11.625,2.2878847122192383,53600
1995-03-30,11.625,11.75,11.625,11.625,2.2878847122192383,13700
1995-03-31,11.625,11.625,11.5,11.5,2.263282299041748,85000
1995-04-03,11.5,11.625,11.5,11.625,2.2878847122192383,11600
1995-04-04,11.625,11.625,11.5,11.5,2.263282299041748,36400
1995-04-05,11.5,11.625,11.5,11.5,2.263282299041748,34700
1995-04-06,11.5,11.625,11.5,11.625,2.2878847122192383,7700
1995-04-07,11.625,11.625,11.5,11.5,2.263282299041748,42700
1995-04-10,11.5,11.75,11.5,11.75,2.312485694885254,23900
1995-04-11,11.75,11.75,11.5,11.75,2.312485694885254,41800
1995-04-12,11.75,11.75,11.5,11.5,2.263282299041748,29800
1995-04-13,11.5,11.625,11.5,11.625,2.2878847122192383,50800
1995-04-17,11.625,11.625,11.5,11.5,2.263282299041748,28800
1995-04-18,11.5,11.625,11.5,11.625,2.2878847122192383,37400
1995-04-19,11.625,11.625,11.5,11.5,2.263282299041748,47800
1995-04-20,11.5,11.625,11.5,11.625,2.2878847122192383,43000
1995-04-21,11.625,11.75,11.625,11.75,2.312485694885254,23100
1995-04-24,11.75,11.75,11.625,11.625,2.2878847122192383,34300
1995-04-25,11.625,11.75,11.625,11.75,2.312485694885254,51300
1995-04-26,11.75,11.75,11.5,11.625,2.2878847122192383,50500
1995-04-27,11.625,11.75,11.5,11.625,2.2878847122192383,39900
1995-04-28,11.625,11.625,11.5,11.625,2.2878847122192383,98900
1995-05-01,11.625,11.625,11.5,11.5,2.263282299041748,30000
1995-05-02,11.5,11.625,11.5,11.5,2.263282299041748,21900
1995-05-03,11.5,11.75,11.5,11.625,2.2878847122192383,47100
1995-05-04,11.625,11.75,11.5,11.5,2.263282299041748,19400
1995-05-05,11.625,11.75,11.625,11.75,2.312485694885254,24500
1995-05-08,11.75,11.75,11.625,11.625,2.2878847122192383,34800
1995-05-09,11.625,11.875,11.625,11.75,2.312485694885254,50600
1995-05-10,11.75,12.0,11.625,11.625,2.2878847122192383,51600
1995-05-11,11.625,11.75,11.625,11.75,2.312485694885254,16100
1995-05-12,11.75,11.75,11.625,11.625,2.2878847122192383,20200
1995-05-15,11.625,11.75,11.5,11.625,2.2878847122192383,30800
1995-05-16,11.625,11.75,11.625,11.625,2.2878847122192383,25100
1995-05-17,11.625,11.75,11.5,11.75,2.312485694885254,43900
1995-05-18,11.75,11.75,11.5,11.5,2.263282299041748,52900
1995-05-19,11.5,11.625,11.5,11.5,2.263282299041748,31700
1995-05-22,11.5,11.625,11.5,11.625,2.2878847122192383,28200
1995-05-23,11.625,11.625,11.5,11.625,2.2878847122192383,55000
1995-05-24,11.625,11.75,11.5,11.5,2.263282299041748,74500
1995-05-25,11.5,11.625,11.5,11.5,2.263282299041748,22500
1995-05-26,11.625,11.75,11.625,11.625,2.2878847122192383,64100
1995-05-30,11.75,11.875,11.75,11.875,2.337087392807007,30000
1995-05-31,11.875,12.0,11.75,12.0,2.3616859912872314,82500
1995-06-01,12.0,12.125,11.875,12.0,2.3616859912872314,83200
1995-06-02,12.0,12.125,12.0,12.125,2.386289358139038,24200
1995-06-05,12.125,12.375,12.125,12.25,2.4108898639678955,92300
1995-06-06,12.25,12.375,12.125,12.25,2.4108898639678955,46700
1995-06-07,12.25,12.25,12.125,12.125,2.386289358139038,30900
1995-06-08,12.125,12.25,12.0,12.0,2.3616859912872314,54000
1995-06-09,12.0,12.125,11.875,12.0,2.3616859912872314,38200
1995-06-12,12.0,12.0,11.875,12.0,2.3616859912872314,32400
1995-06-13,12.0,12.125,12.0,12.0,2.3616859912872314,72400
1995-06-14,12.0,12.125,11.875,11.875,2.337087392807007,45400
1995-06-15,11.875,12.0,11.875,12.0,2.3616859912872314,67300
1995-06-16,12.0,12.0,11.75,12.0,2.3616859912872314,43400
1995-06-19,12.0,12.0,11.875,12.0,2.3616859912872314,26300
1995-06-20,12.0,12.0,11.875,12.0,2.3616859912872314,29700
1995-06-21,12.0,12.0,11.75,11.875,2.337087392807007,25100
1995-06-22,11.875,12.125,11.875,12.125,2.386289358139038,70200
1995-06-23,12.0,12.0,11.875,12.0,2.3616859912872314,36700
1995-06-26,12.0,12.0,11.875,11.875,2.337087392807007,48400
1995-06-27,11.875,12.0,11.75,11.75,2.312485694885254,35800
1995-06-28,11.75,11.875,11.75,11.75,2.312485694885254,17800
1995-06-29,11.75,11.75,11.625,11.75,2.312485694885254,31100
1995-06-30,11.75,11.875,11.625,11.875,2.337087392807007,54200
1995-07-03,11.875,11.875,11.75,11.75,2.312485694885254,10900
1995-07-05,11.75,12.0,11.75,12.0,2.3616859912872314,30800
1995-07-06,12.0,12.0,11.875,11.875,2.337087392807007,40600
1995-07-07,11.875,12.0,11.875,12.0,2.3616859912872314,44400
1995-07-10,12.0,12.125,11.875,12.125,2.386289358139038,40600
1995-07-11,12.0,12.0,11.875,11.875,2.337087392807007,29900
1995-07-12,11.875,12.0,11.875,11.875,2.337087392807007,8500
1995-07-13,11.875,12.0,11.875,12.0,2.3616859912872314,19300
1995-07-14,12.0,12.0,11.875,11.875,2.337087392807007,42600
1995-07-17,11.875,12.0,11.75,11.75,2.312485694885254,25300
1995-07-18,11.75,11.875,11.75,11.75,2.312485694885254,20700
1995-07-19,11.75,11.75,11.375,11.5,2.263282299041748,42700
1995-07-20,11.5,11.625,11.375,11.625,2.2878847122192383,34900
1995-07-21,11.625,11.625,11.5,11.5,2.263282299041748,11800
1995-07-24,11.5,11.625,11.5,11.625,2.2878847122192383,36300
1995-07-25,11.625,11.75,11.5,11.75,2.312485694885254,50100
1995-07-26,11.75,11.75,11.625,11.75,2.312485694885254,20400
1995-07-27,11.75,11.75,11.625,11.625,2.2878847122192383,25300
1995-07-28,11.625,11.75,11.625,11.75,2.312485694885254,56600
1995-07-31,11.75,11.875,11.625,11.875,2.337087392807007,75500
1995-08-01,11.875,11.875,11.75,11.75,2.312485694885254,33100
1995-08-02,11.75,11.875,11.75,11.875,2.337087392807007,19500
1995-08-03,11.875,11.875,11.75,11.75,2.312485694885254,52900
1995-08-04,11.75,11.875,11.75,11.875,2.337087392807007,17600
1995-08-07,11.875,11.875,11.75,11.875,2.337087392807007,22500
1995-08-08,11.875,11.875,11.75,11.75,2.312485694885254,23500
1995-08-09,11.75,11.875,11.75,11.75,2.312485694885254,6000
1995-08-10,11.75,11.875,11.75,11.875,2.337087392807007,13800
1995-08-11,11.875,11.875,11.625,11.75,2.312485694885254,8000
1995-08-14,11.75,11.75,11.625,11.625,2.2878847122192383,21100
1995-08-15,11.625,11.75,11.625,11.625,2.2878847122192383,22900
1995-08-16,11.625,11.625,11.625,11.625,2.2878847122192383,12700
1995-08-17,11.625,11.75,11.5,11.5,2.263282299041748,28700
1995-08-18,11.5,11.625,11.5,11.625,2.2878847122192383,35000
1995-08-21,11.375,11.625,11.375,11.5,2.277390718460083,51100
1995-08-22,11.625,11.625,11.5,11.625,2.302142381668091,21300
1995-08-23,11.5,11.625,11.5,11.625,2.302142381668091,12300
1995-08-24,11.5,11.75,11.5,11.75,2.3268959522247314,25100
1995-08-25,11.625,11.875,11.625,11.875,2.3516507148742676,48800
1995-08-28,11.875,11.875,11.625,11.625,2.302142381668091,31600
1995-08-29,11.75,11.75,11.625,11.6875,2.3145203590393066,52500
1995-08-30,11.625,11.75,11.625,11.625,2.302142381668091,25000
1995-08-31,11.625,11.875,11.625,11.75,2.3268959522247314,44300
1995-09-01,11.75,11.875,11.75,11.75,2.3268959522247314,48200
1995-09-05,11.875,11.875,11.75,11.75,2.3268959522247314,22400
1995-09-06,11.875,11.875,11.75,11.875,2.3516507148742676,43200
1995-09-07,11.875,12.0,11.75,11.875,2.3516507148742676,69100
1995-09-08,11.875,11.875,11.625,11.625,2.302142381668091,271300
1995-09-11,11.75,11.75,11.625,11.625,2.302142381668091,25100
1995-09-12,11.625,11.75,11.625,11.75,2.3268959522247314,38900
1995-09-13,11.75,11.875,11.75,11.75,2.3268959522247314,69800
1995-09-14,11.875,11.875,11.75,11.875,2.3516507148742676,42100
1995-09-15,11.875,11.875,11.625,11.75,2.3268959522247314,69300
1995-09-18,11.75,11.875,11.75,11.875,2.3516507148742676,35000
1995-09-19,11.75,11.875,11.75,11.875,2.3516507148742676,30400
1995-09-20,11.75,11.75,11.625,11.75,2.3410916328430176,72400
1995-09-21,11.75,11.75,11.625,11.75,2.3410916328430176,28200
1995-09-22,11.625,11.75,11.625,11.75,2.3410916328430176,45800
1995-09-25,11.625,11.75,11.625,11.625,2.3161864280700684,20900
1995-09-26,11.75,11.75,11.625,11.75,2.3410916328430176,41500
1995-09-27,11.625,11.75,11.625,11.75,2.3410916328430176,35300
1995-09-28,11.75,11.75,11.625,11.75,2.3410916328430176,25500
1995-09-29,11.75,12.0,11.75,11.875,2.3659958839416504,97800
1995-10-02,11.875,12.0,11.75,11.875,2.3659958839416504,77000
1995-10-03,11.875,12.0,11.875,12.0,2.390902280807495,26200
1995-10-04,11.875,12.0,11.875,12.0,2.390902280807495,16400
1995-10-05,11.875,12.0,11.875,11.875,2.3659958839416504,40600
1995-10-06,11.875,12.0,11.875,12.0,2.390902280807495,34900
1995-10-09,11.875,12.0,11.875,11.9375,2.3784492015838623,45000
1995-10-10,12.0,12.0,11.875,12.0,2.390902280807495,15500
1995-10-11,12.0,12.0,11.875,12.0,2.390902280807495,22700
1995-10-12,12.0,12.125,11.875,12.0625,2.4033541679382324,64300
1995-10-13,12.125,12.125,12.0,12.0,2.390902280807495,28200
1995-10-16,12.0,12.125,12.0,12.125,2.415806770324707,20100
1995-10-17,12.125,12.25,12.125,12.25,2.440713882446289,41400
1995-10-18,12.125,12.125,12.0,12.125,2.4296915531158447,30100
1995-10-19,12.125,12.25,12.0,12.25,2.454740285873413,45400
1995-10-20,12.25,12.25,12.125,12.125,2.4296915531158447,31700
1995-10-23,12.125,12.25,12.125,12.125,2.4296915531158447,37500
1995-10-24,12.125,12.25,12.125,12.25,2.454740285873413,40400
1995-10-25,12.125,12.25,12.125,12.25,2.454740285873413,27600
1995-10-26,12.125,12.25,12.125,12.125,2.4296915531158447,43100
1995-10-27,12.0,12.25,12.0,12.25,2.454740285873413,64900
1995-10-30,12.125,12.25,12.125,12.25,2.454740285873413,41100
1995-10-31,12.125,12.375,12.125,12.125,2.4296915531158447,82800
1995-11-01,12.25,12.375,12.25,12.375,2.4797873497009277,32200
1995-11-02,12.25,12.375,12.125,12.25,2.454740285873413,37700
1995-11-03,12.25,12.375,12.25,12.375,2.4797873497009277,17400
1995-11-06,12.25,12.375,12.25,12.25,2.454740285873413,33500
1995-11-07,12.25,12.375,12.25,12.375,2.4797873497009277,19400
1995-11-08,12.25,12.375,12.25,12.25,2.454740285873413,17500
1995-11-09,12.25,12.375,12.125,12.125,2.4296915531158447,170000
1995-11-10,12.125,12.25,12.125,12.125,2.4296915531158447,15400
1995-11-13,12.25,12.25,12.125,12.25,2.454740285873413,15800
1995-11-14,12.125,12.25,12.125,12.25,2.454740285873413,61000
1995-11-15,12.125,12.375,12.125,12.125,2.4296915531158447,34800
1995-11-16,12.25,12.375,12.125,12.25,2.454740285873413,56800
1995-11-17,12.25,12.375,12.125,12.25,2.454740285873413,51000
1995-11-20,12.375,12.375,12.25,12.375,2.4797873497009277,104600
1995-11-21,12.25,12.25,12.125,12.25,2.4691076278686523,123400
1995-11-22,12.125,12.375,12.125,12.375,2.4942972660064697,78500
1995-11-24,12.375,12.375,12.25,12.375,2.4942972660064697,6800
1995-11-27,12.25,12.375,12.25,12.25,2.4691076278686523,28400
1995-11-28,12.25,12.375,12.125,12.125,2.443911075592041,56200
1995-11-29,12.25,12.25,12.125,12.25,2.4691076278686523,199200
1995-11-30,12.25,12.5,12.125,12.375,2.4942972660064697,90100
1995-12-01,12.25,12.5,12.25,12.375,2.4942972660064697,51500
1995-12-04,12.375,12.625,12.375,12.625,2.5446882247924805,114800
1995-12-05,12.625,12.625,12.375,12.625,2.5446882247924805,64200
1995-12-06,12.5,12.75,12.5,12.75,2.569885015487671,126700
1995-12-07,12.625,12.75,12.5,12.75,2.569885015487671,87500
1995-12-08,12.625,12.625,12.5,12.5,2.519496440887451,50100
1995-12-11,12.625,12.75,12.625,12.75,2.569885015487671,59200
1995-12-12,12.625,12.75,12.5,12.625,2.5446882247924805,67900
1995-12-13,12.5,12.625,12.375,12.375,2.4942972660064697,130000
1995-12-14,12.5,12.5,12.25,12.375,2.4942972660064697,65100
1995-12-15,12.25,12.375,12.125,12.25,2.4691076278686523,343800
1995-12-18,12.125,12.25,12.125,12.125,2.443911075592041,122400
1995-12-19,12.125,12.375,12.125,12.25,2.4691076278686523,78700
1995-12-20,12.125,12.375,12.125,12.125,2.457754135131836,44400
1995-12-21,12.25,12.25,12.0,12.0,2.4324183464050293,85500
1995-12-22,12.0,12.25,12.0,12.0,2.4324183464050293,130900
1995-12-26,12.125,12.375,12.0,12.125,2.457754135131836,84900
1995-12-27,12.125,12.125,12.0,12.0,2.4324183464050293,61400
1995-12-28,12.0,12.375,12.0,12.125,2.457754135131836,167300
1995-12-29,12.25,12.375,12.125,12.375,2.5084285736083984,59800
1996-01-02,12.375,12.625,12.375,12.5,2.5337672233581543,97300
1996-01-03,12.5,12.625,12.375,12.375,2.5084285736083984,35400
1996-01-04,12.5,12.5,12.375,12.5,2.5337672233581543,26500
1996-01-05,12.5,12.5,12.375,12.5,2.5337672233581543,44900
1996-01-08,12.375,12.5,12.375,12.375,2.5084285736083984,9600
1996-01-09,12.375,12.5,12.375,12.5,2.5337672233581543,54200
1996-01-10,12.375,12.375,12.25,12.25,2.4830939769744873,83700
1996-01-11,12.25,12.5,12.25,12.5,2.5337672233581543,38600
1996-01-12,12.375,12.5,12.25,12.375,2.5084285736083984,60800
1996-01-15,12.25,12.5,12.25,12.375,2.5084285736083984,17200
1996-01-16,12.375,12.5,12.375,12.375,2.5084285736083984,20200
1996-01-17,12.375,12.5,12.25,12.5,2.5481808185577393,39600
1996-01-18,12.5,12.5,12.375,12.375,2.522697925567627,20800
1996-01-19,12.5,12.5,12.375,12.375,2.522697925567627,43800
1996-01-22,12.375,12.5,12.375,12.375,2.522697925567627,108200
1996-01-23,12.375,12.5,12.375,12.5,2.5481808185577393,129800
1996-01-24,12.5,12.625,12.375,12.625,2.5736606121063232,189200
1996-01-25,12.625,12.625,12.375,12.375,2.522697925567627,97200
1996-01-26,12.375,12.5,12.375,12.5,2.5481808185577393,53800
1996-01-29,12.5,12.625,12.375,12.5,2.5481808185577393,137700
1996-01-30,12.5,12.625,12.375,12.625,2.5736606121063232,51900
1996-01-31,12.5,12.75,12.5,12.625,2.5736606121063232,216500
1996-02-01,12.625,12.75,12.625,12.625,2.5736606121063232,77600
1996-02-02,12.75,12.75,12.5,12.625,2.5736606121063232,76500
1996-02-05,12.625,12.75,12.625,12.75,2.599144220352173,45700
1996-02-06,12.75,12.75,12.625,12.625,2.5736606121063232,21300
1996-02-07,12.75,12.75,12.625,12.75,2.599144220352173,32600
1996-02-08,12.625,12.875,12.625,12.875,2.6246256828308105,109900
1996-02-09,12.75,13.0,12.75,13.0,2.6501097679138184,126200
1996-02-12,12.875,13.0,12.875,13.0,2.6501097679138184,44300
1996-02-13,12.875,13.125,12.875,13.125,2.6755895614624023,78100
1996-02-14,13.0,13.125,13.0,13.125,2.6755895614624023,54800
1996-02-15,13.0,13.125,12.875,13.0,2.664727210998535,66300
1996-02-16,12.875,13.0,12.875,13.0,2.664727210998535,64400
1996-02-20,12.875,12.875,12.625,12.75,2.613481044769287,106500
1996-02-21,12.75,12.75,12.625,12.75,2.613481044769287,94600
1996-02-22,12.75,12.875,12.75,12.875,2.639103412628174,109400
1996-02-23,12.875,13.0,12.75,12.875,2.639103412628174,123100
1996-02-26,12.75,12.75,12.5,12.75,2.613481044769287,185900
1996-02-27,12.75,12.75,12.625,12.75,2.613481044769287,47700
1996-02-28,12.75,12.75,12.625,12.75,2.613481044769287,124300
1996-02-29,12.625,12.75,12.625,12.75,2.613481044769287,99100
1996-03-01,12.75,12.875,12.75,12.875,2.639103412628174,64400
1996-03-04,12.875,13.0,12.75,13.0,2.664727210998535,84100
1996-03-05,13.0,13.0,12.875,13.0,2.664727210998535,49000
1996-03-06,13.0,13.125,12.875,13.0,2.664727210998535,178800
1996-03-07,13.0,13.0,12.875,13.0,2.664727210998535,82200
1996-03-08,12.75,12.75,12.375,12.5,2.5622358322143555,199700
1996-03-11,12.375,12.625,12.25,12.625,2.587857246398926,89900
1996-03-12,12.5,12.5,12.25,12.5,2.5622358322143555,49600
1996-03-13,12.5,12.625,12.375,12.375,2.5366127490997314,41000
1996-03-14,12.625,12.625,12.5,12.5,2.5622358322143555,63000
1996-03-15,12.375,12.5,12.25,12.375,2.550898313522339,26600
1996-03-18,12.25,12.5,12.25,12.375,2.550898313522339,20500
1996-03-19,12.5,12.5,12.375,12.375,2.550898313522339,21500
1996-03-20,12.5,12.5,12.375,12.5,2.5766658782958984,58300
1996-03-21,12.5,12.625,12.5,12.625,2.602433681488037,42600
1996-03-22,12.5,12.625,12.5,12.5,2.5766658782958984,30200
1996-03-25,12.625,12.625,12.5,12.625,2.602433681488037,39700
1996-03-26,12.625,12.625,12.5,12.5,2.5766658782958984,46800
1996-03-27,12.5,12.625,12.5,12.5,2.5766658782958984,34900
1996-03-28,12.375,12.375,12.125,12.25,2.5251333713531494,53000
1996-03-29,12.375,12.5,12.25,12.375,2.550898313522339,93400
1996-04-01,12.375,12.5,12.25,12.25,2.5251333713531494,29600
1996-04-02,12.375,12.5,12.25,12.5,2.5766658782958984,31600
1996-04-03,12.5,12.5,12.375,12.375,2.550898313522339,17600
1996-04-04,12.375,12.5,12.375,12.5,2.5766658782958984,11400
1996-04-08,12.25,12.25,12.125,12.125,2.4993653297424316,63700
1996-04-09,12.125,12.25,12.125,12.25,2.5251333713531494,51500
1996-04-10,12.25,12.25,12.125,12.25,2.5251333713531494,20900
1996-04-11,12.125,12.25,12.0,12.125,2.4993653297424316,63600
1996-04-12,12.125,12.375,12.125,12.25,2.5251333713531494,90000
1996-04-15,12.25,12.375,12.25,12.375,2.550898313522339,29200
1996-04-16,12.25,12.375,12.25,12.25,2.5251333713531494,37500
1996-04-17,12.375,12.375,12.25,12.25,2.540271043777466,26600
1996-04-18,12.375,12.375,12.25,12.25,2.540271043777466,14300
1996-04-19,12.25,12.625,12.25,12.5,2.5921123027801514,49300
1996-04-22,12.5,12.5,12.375,12.5,2.5921123027801514,30500
1996-04-23,12.375,12.5,12.25,12.5,2.5921123027801514,88400
1996-04-24,12.5,12.5,12.25,12.25,2.540271043777466,5800
1996-04-25,12.25,12.375,12.25,12.25,2.540271043777466,13700
1996-04-26,12.375,12.375,12.25,12.375,2.5661916732788086,14900
1996-04-29,12.375,12.375,12.25,12.375,2.5661916732788086,28500
1996-04-30,12.375,12.5,12.25,12.5,2.5921123027801514,54300
1996-05-01,12.375,12.625,12.375,12.625,2.618032217025757,80300
1996-05-02,12.375,12.5,12.25,12.375,2.5661916732788086,39500
1996-05-03,12.375,12.5,12.25,12.375,2.5661916732788086,11900
1996-05-06,12.375,12.5,12.375,12.5,2.5921123027801514,12600
1996-05-07,12.5,12.5,12.375,12.5,2.5921123027801514,24500
1996-05-08,12.375,12.375,12.25,12.25,2.540271043777466,14100
1996-05-09,12.25,12.5,12.25,12.375,2.5661916732788086,5300
1996-05-10,12.5,12.5,12.375,12.5,2.5921123027801514,12000
1996-05-13,12.5,12.5,12.125,12.125,2.5143492221832275,43200
1996-05-14,12.25,12.375,12.125,12.25,2.540271043777466,51400
1996-05-15,12.25,12.25,12.125,12.25,2.540271043777466,59600
1996-05-16,12.25,12.375,12.25,12.375,2.5661916732788086,47200
1996-05-17,12.375,12.375,12.25,12.375,2.580789566040039,11000
1996-05-20,12.375,12.375,12.25,12.25,2.5547218322753906,22500
1996-05-21,12.25,12.375,12.125,12.125,2.5286521911621094,29600
1996-05-22,12.125,12.25,12.0,12.125,2.5286521911621094,48200
1996-05-23,12.125,12.25,12.0,12.125,2.5286521911621094,31000
1996-05-24,12.25,12.25,12.125,12.125,2.5286521911621094,17000
1996-05-28,12.25,12.25,12.125,12.125,2.5286521911621094,16300
1996-05-29,12.25,12.25,12.125,12.125,2.5286521911621094,13800
1996-05-30,12.25,12.25,12.125,12.25,2.5547218322753906,10100
1996-05-31,12.25,12.25,12.125,12.125,2.5286521911621094,42100
1996-06-03,12.125,12.25,12.125,12.25,2.5547218322753906,14900
1996-06-04,12.25,12.375,12.25,12.375,2.580789566040039,30700
1996-06-05,12.375,12.375,12.25,12.25,2.5547218322753906,4100
1996-06-06,12.375,12.5,12.25,12.25,2.5547218322753906,43400
1996-06-07,12.25,12.25,12.0,12.125,2.5286521911621094,149800
1996-06-10,12.0,12.125,12.0,12.0,2.5025856494903564,14600
1996-06-11,12.0,12.125,12.0,12.0,2.5025856494903564,35900
1996-06-12,12.0,12.125,12.0,12.0,2.5025856494903564,9400
1996-06-13,12.0,12.0,12.0,12.0,2.5025856494903564,20900
1996-06-14,11.875,12.0,11.875,12.0,2.517691135406494,47500
1996-06-17,12.0,12.0,11.875,11.875,2.4914612770080566,16800
1996-06-18,12.0,12.0,11.875,12.0,2.517691135406494,39600
1996-06-19,12.0,12.0,11.875,11.875,2.4914612770080566,30200
1996-06-20,11.875,12.0,11.875,12.0,2.517691135406494,38700
1996-06-21,12.0,12.125,11.875,12.125,2.5439181327819824,40600
1996-06-24,12.125,12.125,12.0,12.0,2.517691135406494,24700
1996-06-25,12.0,12.125,12.0,12.125,2.5439181327819824,27500
1996-06-26,12.0,12.125,12.0,12.125,2.5439181327819824,7600
1996-06-27,12.0,12.125,12.0,12.125,2.5439181327819824,38300
1996-06-28,12.125,12.375,12.0,12.25,2.570141553878784,90100
1996-07-01,12.25,12.375,12.125,12.25,2.570141553878784,14900
1996-07-02,12.125,12.375,12.125,12.375,2.5963666439056396,17700
1996-07-03,12.25,12.375,12.25,12.375,2.5963666439056396,26500
1996-07-05,12.25,12.25,12.0,12.125,2.5439181327819824,33700
1996-07-08,12.0,12.125,12.0,12.125,2.5439181327819824,22900
1996-07-09,12.125,12.125,12.0,12.125,2.5439181327819824,60500
1996-07-10,12.25,12.25,12.125,12.125,2.5439181327819824,26000
1996-07-11,12.25,12.25,12.125,12.125,2.5439181327819824,58300
1996-07-12,12.125,12.25,12.0,12.25,2.570141553878784,41800
1996-07-15,12.125,12.25,12.125,12.125,2.5439181327819824,8100
1996-07-16,12.125,12.25,12.125,12.25,2.570141553878784,25000
1996-07-17,12.25,12.375,12.25,12.375,2.5963666439056396,11500
1996-07-18,12.125,12.375,12.125,12.25,2.5843441486358643,22100
1996-07-19,12.375,12.375,12.25,12.25,2.5843441486358643,6700
1996-07-22,12.25,12.375,12.25,12.25,2.5843441486358643,65700
1996-07-23,12.25,12.375,12.25,12.25,2.5843441486358643,6400
1996-07-24,12.25,12.375,12.25,12.3125,2.5975265502929688,23900
1996-07-25,12.25,12.375,12.25,12.25,2.5843441486358643,19600
1996-07-26,12.375,12.375,12.25,12.25,2.5843441486358643,31200
1996-07-29,12.25,12.375,12.25,12.25,2.5843441486358643,8200
1996-07-30,12.25,12.5,12.25,12.375,2.6107146739959717,27300
1996-07-31,12.5,12.5,12.25,12.5,2.6370840072631836,39100
1996-08-01,12.5,12.625,12.5,12.5,2.6370840072631836,26600
1996-08-02,12.5,12.75,12.5,12.5,2.6370840072631836,13400
1996-08-05,12.5,12.625,12.5,12.5,2.6370840072631836,17900
1996-08-06,12.625,12.625,12.5,12.625,2.6634554862976074,46000
1996-08-07,12.625,12.75,12.5,12.75,2.689826250076294,63000
1996-08-08,12.625,12.75,12.625,12.625,2.6634554862976074,34900
1996-08-09,12.75,12.75,12.625,12.625,2.6634554862976074,13500
1996-08-12,12.75,12.75,12.625,12.625,2.6634554862976074,17000
1996-08-13,12.625,12.75,12.625,12.625,2.6634554862976074,26000
1996-08-14,12.625,12.75,12.625,12.625,2.6634554862976074,22400
1996-08-15,12.5,12.625,12.5,12.625,2.678732395172119,19900
1996-08-16,12.625,12.625,12.5,12.5,2.6522092819213867,14200
1996-08-19,12.625,12.75,12.5,12.75,2.705254077911377,47900
1996-08-20,12.75,12.75,12.625,12.6875,2.691993236541748,21300
1996-08-21,12.75,12.75,12.625,12.625,2.678732395172119,7900
1996-08-22,12.625,12.875,12.625,12.75,2.705254077911377,45500
1996-08-23,12.75,12.75,12.625,12.75,2.705254077911377,28900
1996-08-26,12.75,12.75,12.625,12.625,2.678732395172119,10200
1996-08-27,12.75,12.75,12.625,12.75,2.705254077911377,48900
1996-08-28,12.75,12.875,12.625,12.875,2.731778860092163,56500
1996-08-29,12.75,12.875,12.625,12.75,2.705254077911377,18000
1996-08-30,12.75,12.75,12.5,12.625,2.678732395172119,88700
1996-09-03,12.5,12.625,12.375,12.5,2.6522092819213867,20500
1996-09-04,12.5,12.625,12.5,12.625,2.678732395172119,13600
1996-09-05,12.5,12.625,12.5,12.5,2.6522092819213867,10800
1996-09-06,12.625,12.625,12.5,12.5,2.6522092819213867,19400
1996-09-09,12.625,12.625,12.5,12.5,2.6522092819213867,21700
1996-09-10,12.625,12.625,12.5,12.625,2.678732395172119,10800
1996-09-11,12.5,12.625,12.5,12.625,2.678732395172119,18500
1996-09-12,12.625,12.75,12.625,12.75,2.705254077911377,31700
1996-09-13,12.625,12.75,12.625,12.625,2.6939446926116943,13100
1996-09-16,12.625,12.75,12.5,12.5,2.6672720909118652,46500
1996-09-17,12.5,12.625,12.375,12.375,2.6405997276306152,60400
1996-09-18,12.375,12.625,12.375,12.5,2.6672720909118652,19500
1996-09-19,12.5,12.5,12.375,12.5,2.6672720909118652,22500
1996-09-20,12.5,12.5,12.375,12.5,2.6672720909118652,17500
1996-09-23,12.375,12.375,12.25,12.25,2.6139273643493652,48400
1996-09-24,12.375,12.5,12.25,12.5,2.6672720909118652,34500
1996-09-25,12.375,12.5,12.375,12.5,2.6672720909118652,14000
1996-09-26,12.375,12.5,12.375,12.5,2.6672720909118652,11500
1996-09-27,12.5,12.5,12.375,12.375,2.6405997276306152,25900
1996-09-30,12.5,12.625,12.375,12.5625,2.6806094646453857,78700
1996-10-01,12.625,12.625,12.5,12.5,2.6672720909118652,25900
1996-10-02,12.625,12.75,12.625,12.75,2.7206175327301025,40900
1996-10-03,12.75,12.75,12.625,12.625,2.6939446926116943,46400
1996-10-04,12.75,12.875,12.625,12.875,2.7472927570343018,50000
1996-10-07,12.75,12.875,12.625,12.875,2.7472927570343018,20400
1996-10-08,12.75,12.75,12.625,12.75,2.7206175327301025,15000
1996-10-09,12.75,12.75,12.625,12.75,2.7206175327301025,40200
1996-10-10,12.75,12.75,12.625,12.625,2.6939446926116943,15500
1996-10-11,12.75,12.875,12.625,12.75,2.7206175327301025,47500
1996-10-14,12.75,12.875,12.625,12.875,2.7472927570343018,17200
1996-10-15,12.75,12.875,12.625,12.75,2.7206175327301025,19700
1996-10-16,12.75,12.875,12.75,12.75,2.7206175327301025,16400
1996-10-17,12.75,12.75,12.625,12.75,2.735851526260376,20300
1996-10-18,12.75,12.75,12.625,12.75,2.735851526260376,31900
1996-10-21,12.625,12.75,12.625,12.625,2.709030866622925,21700
1996-10-22,12.625,12.75,12.625,12.625,2.709030866622925,8800
1996-10-23,12.75,12.75,12.625,12.75,2.735851526260376,19900
1996-10-24,12.75,12.75,12.625,12.625,2.709030866622925,23200
1996-10-25,12.625,12.75,12.625,12.75,2.735851526260376,26800
1996-10-28,12.75,12.75,12.625,12.75,2.735851526260376,31700
1996-10-29,12.75,12.75,12.625,12.625,2.709030866622925,15600
1996-10-30,12.75,12.75,12.625,12.625,2.709030866622925,17800
1996-10-31,12.75,12.75,12.625,12.625,2.709030866622925,85800
1996-11-01,12.75,12.875,12.625,12.625,2.709030866622925,9800
1996-11-04,12.75,12.75,12.625,12.75,2.735851526260376,21900
1996-11-05,12.75,12.75,12.625,12.625,2.709030866622925,46700
1996-11-06,12.75,12.75,12.625,12.625,2.709030866622925,16600
1996-11-07,12.625,12.875,12.625,12.875,2.762676239013672,36800
1996-11-08,12.75,12.875,12.75,12.875,2.762676239013672,31000
1996-11-11,12.75,12.875,12.75,12.875,2.762676239013672,32700
1996-11-12,12.75,13.0,12.75,13.0,2.789497137069702,223200
1996-11-13,12.875,13.0,12.875,13.0,2.789497137069702,43500
1996-11-14,12.875,13.0,12.75,13.0,2.805464267730713,47200
1996-11-15,13.0,13.0,12.875,13.0,2.805464267730713,26000
1996-11-18,12.875,13.0,12.75,12.875,2.778489828109741,40200
1996-11-19,12.75,13.0,12.75,12.875,2.778489828109741,38200
1996-11-20,12.75,12.875,12.75,12.875,2.778489828109741,83500
1996-11-21,12.875,12.875,12.75,12.75,2.751513957977295,129300
1996-11-22,12.875,12.875,12.75,12.75,2.751513957977295,50800
1996-11-25,12.75,12.875,12.75,12.75,2.751513957977295,42800
1996-11-26,12.75,12.875,12.75,12.875,2.778489828109741,50300
1996-11-27,12.875,12.875,12.75,12.875,2.778489828109741,19900
1996-11-29,12.875,12.875,12.75,12.875,2.778489828109741,39200
1996-12-02,12.75,13.0,12.75,12.875,2.778489828109741,27800
1996-12-03,13.0,13.0,12.875,13.0,2.805464267730713,55800
1996-12-04,13.0,13.0,12.875,13.0,2.805464267730713,45800
1996-12-05,12.875,13.0,12.75,12.875,2.778489828109741,78400
1996-12-06,12.875,12.875,12.75,12.75,2.751513957977295,37700
1996-12-09,12.75,13.0,12.75,13.0,2.805464267730713,43500
1996-12-10,12.875,13.0,12.875,12.875,2.778489828109741,55700
1996-12-11,12.875,12.875,12.625,12.625,2.724539279937744,50000
1996-12-12,12.875,12.875,12.625,12.75,2.751513957977295,35800
1996-12-13,12.625,12.75,12.625,12.75,2.751513957977295,30500
1996-12-16,12.75,12.75,12.625,12.75,2.751513957977295,32900
1996-12-17,12.75,12.875,12.625,12.625,2.724539279937744,60600
1996-12-18,12.5,12.625,12.5,12.625,2.7401669025421143,80600
1996-12-19,12.5,12.75,12.5,12.75,2.7672953605651855,60300
1996-12-20,12.875,12.875,12.625,12.75,2.7672953605651855,29000
1996-12-23,12.625,12.75,12.5,12.5,2.71303653717041,75300
1996-12-24,12.5,12.5,12.375,12.375,2.685906410217285,36900
1996-12-26,12.5,12.625,12.375,12.375,2.685906410217285,101500
1996-12-27,12.5,12.5,12.375,12.375,2.685906410217285,37400
1996-12-30,12.375,12.5,12.375,12.5,2.71303653717041,81800
1996-12-31,12.5,12.5,12.375,12.375,2.685906410217285,100600
1997-01-02,12.375,12.625,12.375,12.5,2.71303653717041,56300
1997-01-03,12.5,12.75,12.5,12.75,2.7672953605651855,29000
1997-01-06,12.625,12.75,12.625,12.625,2.7401669025421143,25000
1997-01-07,12.625,12.875,12.625,12.875,2.7944271564483643,45800
1997-01-08,12.75,12.875,12.75,12.875,2.7944271564483643,24000
1997-01-09,12.875,13.0,12.75,13.0,2.821556806564331,94100
1997-01-10,12.875,13.0,12.875,13.0,2.821556806564331,30000
1997-01-13,13.0,13.0,12.875,12.9375,2.8079915046691895,18700
1997-01-14,13.0,13.125,12.875,13.0,2.821556806564331,85300
1997-01-15,13.125,13.125,13.0,13.0,2.821556806564331,18100
1997-01-16,13.0,13.125,13.0,13.0,2.821556806564331,46400
1997-01-17,13.0,13.0,12.875,12.875,2.810424566268921,17100
1997-01-20,13.0,13.0,12.875,13.0,2.83771014213562,29700
1997-01-21,13.0,13.0,12.875,13.0,2.83771014213562,20100
1997-01-22,12.875,13.0,12.875,13.0,2.83771014213562,22900
1997-01-23,13.0,13.0,12.875,13.0,2.83771014213562,34800
1997-01-24,12.875,13.0,12.875,13.0,2.83771014213562,9600
1997-01-27,13.0,13.0,12.875,12.875,2.810424566268921,15400
1997-01-28,13.0,13.125,13.0,13.125,2.864995241165161,36200
1997-01-29,13.125,13.125,12.875,13.0,2.83771014213562,22000
1997-01-30,12.875,13.0,12.875,12.875,2.810424566268921,42800
1997-01-31,13.0,13.125,12.875,13.125,2.864995241165161,10300
1997-02-03,13.125,13.125,13.0,13.125,2.864995241165161,22600
1997-02-04,13.0,13.125,13.0,13.125,2.864995241165161,23300
1997-02-05,13.125,13.25,13.0,13.0,2.83771014213562,87100
1997-02-06,13.125,13.25,13.125,13.25,2.8922815322875977,22900
1997-02-07,13.25,13.25,13.125,13.125,2.864995241165161,26600
1997-02-10,13.25,13.25,13.125,13.125,2.864995241165161,29200
1997-02-11,13.25,13.25,13.125,13.125,2.864995241165161,21800
1997-02-12,13.125,13.25,13.125,13.125,2.864995241165161,47700
1997-02-13,13.125,13.25,13.125,13.125,2.864995241165161,27900
1997-02-14,13.125,13.25,13.125,13.25,2.8922815322875977,47600
1997-02-18,13.125,13.25,13.125,13.125,2.881523847579956,48200
1997-02-19,13.125,13.25,13.0,13.25,2.9089667797088623,46800
1997-02-20,13.25,13.25,13.0,13.25,2.9089667797088623,79400
1997-02-21,13.25,13.25,13.125,13.25,2.9089667797088623,22800
1997-02-24,13.125,13.375,13.125,13.25,2.9089667797088623,53300
1997-02-25,13.25,13.5,13.25,13.375,2.936410903930664,59300
1997-02-26,13.5,13.5,13.375,13.5,2.9638547897338867,33200
1997-02-27,13.375,13.5,13.25,13.375,2.936410903930664,79000
1997-02-28,13.375,13.5,13.375,13.375,2.936410903930664,27800
1997-03-03,13.375,13.5,13.25,13.375,2.936410903930664,40100
1997-03-04,13.5,13.5,13.375,13.5,2.9638547897338867,33300
1997-03-05,13.375,13.5,13.375,13.5,2.9638547897338867,26100
1997-03-06,13.5,13.5,13.375,13.375,2.936410903930664,21700
1997-03-07,13.5,13.5,13.375,13.375,2.936410903930664,15200
1997-03-10,13.375,13.5,13.25,13.25,2.9089667797088623,18500
1997-03-11,13.375,13.5,13.25,13.375,2.936410903930664,63100
1997-03-12,13.5,13.5,13.375,13.375,2.936410903930664,14700
1997-03-13,13.375,13.375,13.125,13.125,2.881523847579956,33600
1997-03-14,13.25,13.25,13.125,13.125,2.881523847579956,30200
1997-03-17,13.125,13.25,13.125,13.25,2.9089667797088623,31700
1997-03-18,13.125,13.125,13.0,13.0,2.8688039779663086,29800
1997-03-19,13.0,13.125,13.0,13.0,2.8688039779663086,14800
1997-03-20,13.0,13.0,12.75,12.875,2.8412184715270996,38500
1997-03-21,12.75,12.875,12.75,12.875,2.8412184715270996,19800
1997-03-24,12.875,12.875,12.625,12.75,2.8136329650878906,55400
1997-03-25,12.625,12.75,12.625,12.625,2.7860500812530518,29200
1997-03-26,12.625,12.75,12.625,12.625,2.7860500812530518,42500
1997-03-27,12.625,12.75,12.625,12.625,2.7860500812530518,12100
1997-03-31,12.625,12.75,12.5,12.75,2.8136329650878906,50200
1997-04-01,12.75,12.75,12.625,12.625,2.7860500812530518,12000
1997-04-02,12.625,12.625,12.5,12.5,2.7584660053253174,17200
1997-04-03,12.375,12.5,12.375,12.5,2.7584660053253174,19400
1997-04-04,12.375,12.5,12.25,12.375,2.7308809757232666,46200
1997-04-07,12.5,12.53125,12.5,12.5,2.7584660053253174,38700
1997-04-08,12.5,12.625,12.5,12.625,2.7860500812530518,19600
1997-04-09,12.625,12.75,12.625,12.6875,2.7998433113098145,35900
1997-04-10,12.625,12.75,12.625,12.75,2.8136329650878906,35100
1997-04-11,12.625,12.625,12.5,12.5,2.7584660053253174,39300
1997-04-14,12.625,12.625,12.5,12.625,2.7860500812530518,55900
1997-04-15,12.625,12.875,12.625,12.875,2.8412184715270996,54000
1997-04-16,12.625,12.875,12.625,12.875,2.8578672409057617,58800
1997-04-17,12.875,12.875,12.75,12.75,2.830120086669922,10000
1997-04-18,12.875,12.875,12.75,12.875,2.8578672409057617,11300
1997-04-21,12.875,13.0,12.75,12.875,2.8578672409057617,13100
1997-04-22,13.0,13.0,12.875,13.0,2.8856136798858643,39000
1997-04-23,13.0,13.125,12.875,13.125,2.9133591651916504,27500
1997-04-24,13.125,13.125,13.0,13.0,2.8856136798858643,8900
1997-04-25,13.0,13.125,13.0,13.0,2.8856136798858643,8900
1997-04-28,13.0,13.125,13.0,13.0,2.8856136798858643,17600
1997-04-29,13.125,13.25,13.125,13.125,2.9133591651916504,47600
1997-04-30,13.25,13.25,13.0,13.125,2.9133591651916504,82000
1997-05-01,13.125,13.375,13.125,13.25,2.9411065578460693,38300
1997-05-02,13.125,13.25,13.125,13.25,2.9411065578460693,17500
1997-05-05,13.375,13.375,13.125,13.25,2.9411065578460693,42900
1997-05-06,13.25,13.375,13.125,13.375,2.9688527584075928,9200
1997-05-07,13.375,13.375,13.25,13.375,2.9688527584075928,14100
1997-05-08,13.25,13.375,13.25,13.375,2.9688527584075928,17700
1997-05-09,13.25,13.375,13.125,13.25,2.9411065578460693,23400
1997-05-12,13.25,13.25,13.125,13.25,2.9411065578460693,29600
1997-05-13,13.125,13.25,13.125,13.25,2.9411065578460693,32700
1997-05-14,13.25,13.25,13.125,13.25,2.9411065578460693,37000
1997-05-15,13.125,13.125,13.0,13.0,2.9011600017547607,41700
1997-05-16,13.0,13.125,13.0,13.0,2.9011600017547607,10600
1997-05-19,13.0,13.125,13.0,13.0,2.9011600017547607,54700
1997-05-20,13.125,13.125,13.0,13.0,2.9011600017547607,29900
1997-05-21,13.125,13.125,13.0,13.125,2.9290552139282227,19800
1997-05-22,13.125,13.125,13.0,13.0,2.9011600017547607,26600
1997-05-23,13.0,13.125,13.0,13.0,2.9011600017547607,20200
1997-05-27,13.125,13.125,13.0,13.125,2.9290552139282227,40300
1997-05-28,13.125,13.25,13.0,13.25,2.9569509029388428,40000
1997-05-29,13.0,13.25,13.0,13.25,2.9569509029388428,13900
1997-05-30,13.125,13.25,13.125,13.25,2.9569509029388428,33800
1997-06-02,13.25,13.25,13.25,13.25,2.9569509029388428,11200
1997-06-03,13.25,13.25,13.125,13.25,2.9569509029388428,8300
1997-06-04,13.125,13.25,13.125,13.25,2.9569509029388428,19700
1997-06-05,13.25,13.25,13.125,13.125,2.9290552139282227,21700
1997-06-06,13.25,13.375,13.25,13.375,2.9848461151123047,28800
1997-06-09,13.375,13.375,13.25,13.25,2.9569509029388428,29900
1997-06-10,13.25,13.625,13.25,13.375,2.9848461151123047,270800
1997-06-11,13.5,13.625,13.5,13.625,3.0406389236450195,24000
1997-06-12,13.5,13.625,13.5,13.625,3.0406389236450195,30900
1997-06-13,13.625,13.75,13.625,13.625,3.0406389236450195,105300
1997-06-16,13.625,13.875,13.625,13.75,3.0685338973999023,75000
1997-06-17,13.625,13.75,13.625,13.75,3.0853636264801025,31300
1997-06-18,13.625,13.75,13.625,13.625,3.057314872741699,34900
1997-06-19,13.625,13.625,13.5,13.625,3.057314872741699,76500
1997-06-20,13.5,13.625,13.5,13.5,3.0292673110961914,33400
1997-06-23,13.625,13.625,13.5,13.625,3.057314872741699,16600
1997-06-24,13.625,13.625,13.5,13.5,3.0292673110961914,23500
1997-06-25,13.625,13.625,13.5,13.5625,3.0432910919189453,25600
1997-06-26,13.625,13.625,13.5,13.5625,3.0432910919189453,13100
1997-06-27,13.625,13.75,13.5,13.6875,3.0713424682617188,71900
1997-06-30,13.75,13.75,13.5625,13.6875,3.0713424682617188,47600
1997-07-01,13.625,13.75,13.625,13.75,3.0853636264801025,41300
1997-07-02,13.6875,13.9375,13.6875,13.875,3.1134111881256104,45200
1997-07-03,13.75,13.875,13.75,13.875,3.1134111881256104,25500
1997-07-07,13.875,13.875,13.75,13.8125,3.0993874073028564,23000
1997-07-08,13.9375,14.0,13.8125,14.0,3.141460418701172,44400
1997-07-09,13.8125,13.875,13.75,13.875,3.1134111881256104,53600
1997-07-10,13.8125,13.875,13.75,13.8125,3.0993874073028564,20700
1997-07-11,13.75,13.875,13.75,13.875,3.1134111881256104,19500
1997-07-14,13.8125,13.875,13.75,13.8125,3.0993874073028564,40300
1997-07-15,13.8125,14.0,13.8125,13.9375,3.1274359226226807,26400
1997-07-16,14.0,14.0625,13.9375,14.0,3.141460418701172,49000
1997-07-17,13.9375,14.0625,13.875,13.875,3.1295058727264404,40600
1997-07-18,13.875,13.875,13.6875,13.6875,3.08721923828125,45600
1997-07-21,13.625,13.6875,13.625,13.625,3.0731191635131836,12100
1997-07-22,13.625,13.875,13.625,13.875,3.1295058727264404,55200
1997-07-23,13.9375,13.9375,13.75,13.8125,3.1154088973999023,151500
1997-07-24,13.75,13.8125,13.625,13.6875,3.08721923828125,175300
1997-07-25,13.6875,13.75,13.6875,13.6875,3.08721923828125,46600
1997-07-28,13.625,13.8125,13.625,13.6875,3.08721923828125,66900
1997-07-29,13.6875,13.8125,13.6875,13.8125,3.1154088973999023,51800
1997-07-30,13.75,13.875,13.75,13.75,3.1013131141662598,85400
1997-07-31,13.875,14.0,13.8125,13.9375,3.1436030864715576,98600
1997-08-01,13.875,14.0,13.75,13.75,3.1013131141662598,51200
1997-08-04,13.8125,13.875,13.75,13.875,3.1295058727264404,71300
1997-08-05,13.8125,13.875,13.8125,13.8125,3.1154088973999023,66700
1997-08-06,13.8125,13.875,13.75,13.75,3.1013131141662598,43000
1997-08-07,13.75,13.875,13.75,13.8125,3.1154088973999023,39200
1997-08-08,13.75,13.75,13.6875,13.75,3.1013131141662598,47200
1997-08-11,13.75,13.8125,13.6875,13.6875,3.08721923828125,98200
1997-08-12,13.6875,13.75,13.6875,13.6875,3.08721923828125,33100
1997-08-13,13.75,13.8125,13.75,13.75,3.1013131141662598,33900
1997-08-14,13.75,13.8125,13.75,13.8125,3.1320369243621826,48600
1997-08-15,13.75,13.8125,13.75,13.75,3.1178650856018066,39400
1997-08-18,13.8125,13.8125,13.6875,13.8125,3.1320369243621826,57700
1997-08-19,13.8125,13.8125,13.75,13.75,3.1178650856018066,36200
1997-08-20,13.8125,13.8125,13.6875,13.75,3.1178650856018066,49900
1997-08-21,13.8125,13.8125,13.75,13.75,3.1178650856018066,9700
1997-08-22,13.6875,13.75,13.5625,13.6875,3.1036949157714844,27900
1997-08-25,13.75,13.75,13.625,13.6875,3.1036949157714844,40300
1997-08-26,13.625,13.75,13.625,13.625,3.0895233154296875,26600
1997-08-27,13.625,13.75,13.625,13.6875,3.1036949157714844,12100
1997-08-28,13.6875,13.8125,13.6875,13.75,3.1178650856018066,37400
1997-08-29,13.8125,13.8125,13.75,13.8125,3.1320369243621826,28500
1997-09-02,13.8125,13.8125,13.6875,13.6875,3.1036949157714844,23400
1997-09-03,13.8125,13.8125,13.75,13.8125,3.1320369243621826,42100
1997-09-04,13.8125,13.8125,13.75,13.75,3.1178650856018066,13700
1997-09-05,13.75,13.8125,13.75,13.8125,3.1320369243621826,21400
1997-09-08,13.8125,13.8125,13.75,13.75,3.1178650856018066,30500
1997-09-09,13.8125,13.875,13.75,13.875,3.1462106704711914,21400
1997-09-10,13.8125,13.9375,13.8125,13.875,3.1462106704711914,47000
1997-09-11,13.9375,13.9375,13.875,13.875,3.1462106704711914,21700
1997-09-12,13.9375,13.9375,13.8125,13.8125,3.1320369243621826,54700
1997-09-15,13.875,13.875,13.8125,13.875,3.1462106704711914,12000
1997-09-16,13.8125,13.9375,13.8125,13.8125,3.1486003398895264,22500
1997-09-17,13.9375,13.9375,13.8125,13.8125,3.1486003398895264,24100
1997-09-18,13.8125,13.875,13.8125,13.875,3.1628499031066895,19800
1997-09-19,13.875,13.9375,13.8125,13.875,3.1628499031066895,15500
1997-09-22,13.9375,14.0,13.875,13.9375,3.1770968437194824,42300
1997-09-23,14.0,14.0,13.9375,14.0,3.1913437843322754,21800
1997-09-24,13.9375,14.0,13.9375,13.9375,3.1770968437194824,25200
1997-09-25,13.9375,14.0,13.9375,13.9375,3.1770968437194824,39200
1997-09-26,13.9375,14.0,13.9375,13.9375,3.1770968437194824,19500
1997-09-29,14.0,14.0,13.9375,14.0,3.1913437843322754,17700
1997-09-30,14.0,14.0625,13.9375,13.9375,3.1770968437194824,29200
1997-10-01,14.0,14.125,14.0,14.0,3.1913437843322754,17500
1997-10-02,14.0,14.125,14.0,14.0625,3.205594062805176,34000
1997-10-03,14.125,14.1875,14.0625,14.0625,3.205594062805176,40000
1997-10-06,14.0625,14.25,14.0625,14.1875,3.2340869903564453,35400
1997-10-07,14.1875,14.3125,14.125,14.3125,3.2625815868377686,54900
1997-10-08,14.3125,14.3125,14.125,14.1875,3.2340869903564453,53100
1997-10-09,14.0625,14.0625,14.0,14.0,3.1913437843322754,32900
1997-10-10,13.9375,14.0,13.9375,14.0,3.1913437843322754,18900
1997-10-13,13.9375,14.0,13.9375,13.9375,3.1770968437194824,4800
1997-10-14,14.0,14.0625,13.9375,14.0,3.1913437843322754,38200
1997-10-15,14.0,14.0625,14.0,14.0625,3.205594062805176,14500
1997-10-16,14.0,14.0,13.9375,14.0,3.207540512084961,45000
1997-10-17,13.9375,14.0,13.8125,13.8125,3.1645803451538086,32700
1997-10-20,13.8125,13.875,13.75,13.75,3.1502621173858643,20500
1997-10-21,13.8125,13.875,13.75,13.875,3.178898811340332,17500
1997-10-22,13.75,13.875,13.75,13.875,3.178898811340332,6900
1997-10-23,13.875,13.9375,13.875,13.9375,3.1932199001312256,5300
1997-10-24,13.8125,13.9375,13.8125,13.875,3.178898811340332,9900
1997-10-27,13.875,13.875,13.75,13.75,3.1502621173858643,3600
1997-10-28,13.5625,13.625,13.5,13.625,3.1216228008270264,22500
1997-10-29,13.625,13.8125,13.625,13.75,3.1502621173858643,26000
1997-10-30,13.75,13.8125,13.75,13.75,3.1502621173858643,13700
1997-10-31,13.75,13.875,13.75,13.875,3.178898811340332,30700
1997-11-03,13.8125,13.875,13.75,13.8125,3.1645803451538086,60400
1997-11-04,13.75,13.8125,13.75,13.8125,3.1645803451538086,5200
1997-11-05,13.875,13.9375,13.8125,13.875,3.178898811340332,47300
1997-11-06,13.9375,14.0,13.875,13.9375,3.1932199001312256,7700
1997-11-07,13.9375,13.9375,13.875,13.875,3.178898811340332,15800
1997-11-10,13.875,14.0625,13.875,14.0,3.207540512084961,23000
1997-11-11,14.0625,14.25,14.0625,14.25,3.264819622039795,54700
1997-11-12,14.125,14.25,14.125,14.1875,3.2504959106445312,33600
1997-11-13,14.0625,14.125,14.0625,14.0625,3.238750457763672,25500
1997-11-14,14.0625,14.1875,14.0625,14.125,3.253148078918457,21400
1997-11-17,14.125,14.1875,14.0625,14.125,3.253148078918457,22800
1997-11-18,14.0625,14.1875,14.0625,14.0625,3.238750457763672,27400
1997-11-19,14.0625,14.125,14.0625,14.125,3.253148078918457,7700
1997-11-20,14.0625,14.125,14.0,14.0625,3.238750457763672,30900
1997-11-21,14.0625,14.1875,14.0625,14.1875,3.267540454864502,24600
1997-11-24,14.125,14.25,14.125,14.25,3.281935214996338,32200
1997-11-25,14.1875,14.25,14.1875,14.1875,3.267540454864502,14100
1997-11-26,14.25,14.25,14.1875,14.25,3.281935214996338,30900
1997-11-28,14.25,14.25,14.1875,14.25,3.281935214996338,6900
1997-12-01,14.1875,14.3125,14.1875,14.1875,3.267540454864502,42500
1997-12-02,14.25,14.3125,14.1875,14.25,3.281935214996338,68300
1997-12-03,14.3125,14.375,14.1875,14.25,3.281935214996338,41700
1997-12-04,14.25,14.3125,14.1875,14.3125,3.2963314056396484,37100
1997-12-05,14.25,14.3125,14.25,14.25,3.281935214996338,24900
1997-12-08,14.25,14.4375,14.25,14.3125,3.2963314056396484,47300
1997-12-09,14.25,14.25,14.125,14.25,3.281935214996338,22100
1997-12-10,14.1875,14.25,14.0625,14.0625,3.238750457763672,37400
1997-12-11,14.0625,14.1875,14.0625,14.0625,3.238750457763672,21300
1997-12-12,14.125,14.25,14.0625,14.25,3.281935214996338,25500
1997-12-15,14.1875,14.1875,14.0625,14.0625,3.238750457763672,35500
1997-12-16,14.0625,14.125,14.0625,14.0625,3.238750457763672,20500
1997-12-17,13.9375,14.0625,13.9375,14.0625,3.255186080932617,59400
1997-12-18,14.0625,14.125,14.0625,14.0625,3.255186080932617,13700
1997-12-19,14.0625,14.125,14.0,14.0625,3.255186080932617,33400
1997-12-22,14.125,14.1875,14.0625,14.1875,3.284122943878174,31200
1997-12-23,14.125,14.25,14.125,14.125,3.2696547508239746,11400
1997-12-24,14.125,14.125,14.0625,14.125,3.2696547508239746,14900
1997-12-26,14.1875,14.1875,14.125,14.125,3.2696547508239746,6600
1997-12-29,14.125,14.1875,14.125,14.125,3.2696547508239746,13500
1997-12-30,14.125,14.25,14.125,14.1875,3.284122943878174,24000
1997-12-31,14.25,14.3125,14.25,14.25,3.298588275909424,18300
1998-01-02,14.25,14.375,14.25,14.3125,3.313058853149414,23000
1998-01-05,14.375,14.4375,14.3125,14.375,3.3275272846221924,30100
1998-01-06,14.375,14.5,14.375,14.4375,3.3419907093048096,47200
1998-01-07,14.375,14.375,14.375,14.375,3.3275272846221924,3100
1998-01-08,14.375,14.5,14.375,14.375,3.3275272846221924,14600
1998-01-09,14.4375,14.4375,14.375,14.4375,3.3419907093048096,14700
1998-01-12,14.5,14.5,14.4375,14.4375,3.3419907093048096,17800
1998-01-13,14.4375,14.5,14.4375,14.5,3.356459379196167,29200
1998-01-14,14.5,14.5625,14.5,14.5625,3.3709280490875244,37800
1998-01-15,14.5625,14.625,14.5,14.5625,3.3709280490875244,56400
1998-01-16,14.5625,14.6875,14.5625,14.5625,3.3709280490875244,27800
1998-01-20,14.5625,14.625,14.5,14.625,3.402216911315918,45200
1998-01-21,14.5625,14.6875,14.5625,14.5625,3.3876771926879883,15500
1998-01-22,14.625,14.625,14.5625,14.625,3.402216911315918,23000
1998-01-23,14.5625,14.625,14.4375,14.5,3.3731374740600586,49400
1998-01-26,14.4375,14.5625,14.4375,14.5,3.3731374740600586,25000
1998-01-27,14.5,14.5,14.4375,14.5,3.3731374740600586,18400
1998-01-28,14.5,14.5625,14.5,14.5625,3.3876771926879883,31100
1998-01-29,14.5,14.625,14.5,14.625,3.402216911315918,21300
1998-01-30,14.625,14.6875,14.5625,14.625,3.402216911315918,58100
1998-02-02,14.625,14.6875,14.625,14.625,3.402216911315918,10700
1998-02-03,14.625,14.6875,14.625,14.6875,3.4167537689208984,18500
1998-02-04,14.625,14.6875,14.625,14.6875,3.4167537689208984,21100
1998-02-05,14.625,14.6875,14.625,14.625,3.402216911315918,27500
1998-02-06,14.625,14.75,14.625,14.75,3.431295394897461,36500
1998-02-09,14.6875,14.6875,14.5625,14.625,3.402216911315918,40000
1998-02-10,14.5625,14.625,14.5625,14.5625,3.3876771926879883,12900
1998-02-11,14.5625,14.625,14.5625,14.625,3.402216911315918,26500
1998-02-12,14.625,14.625,14.5625,14.5625,3.3876771926879883,58300
1998-02-13,14.5,14.625,14.5,14.5,3.3731374740600586,38600
1998-02-17,14.4375,14.5,14.4375,14.4375,3.375357151031494,29200
1998-02-18,14.4375,14.4375,14.375,14.375,3.3607447147369385,51300
1998-02-19,14.4375,14.4375,14.375,14.375,3.3607447147369385,18300
1998-02-20,14.4375,14.4375,14.375,14.4375,3.375357151031494,16400
1998-02-23,14.5,14.5,14.4375,14.4375,3.375357151031494,26600
1998-02-24,14.5,14.5,14.4375,14.5,3.3899688720703125,9500
1998-02-25,14.5,14.5625,14.4375,14.5,3.3899688720703125,22000
1998-02-26,14.5,14.5,14.4375,14.4375,3.375357151031494,13900
1998-02-27,14.5,14.5625,14.4375,14.5,3.3899688720703125,36700
1998-03-02,14.5625,14.5625,14.375,14.375,3.3607447147369385,75200
1998-03-03,14.4375,14.4375,14.25,14.4375,3.375357151031494,21700
1998-03-04,14.375,14.375,14.125,14.125,3.302299737930298,13200
1998-03-05,14.125,14.25,14.125,14.125,3.302299737930298,37600
1998-03-06,14.1875,14.1875,14.125,14.125,3.302299737930298,16600
1998-03-09,14.1875,14.25,14.125,14.25,3.33152174949646,55800
1998-03-10,14.1875,14.1875,14.125,14.125,3.302299737930298,15500
1998-03-11,14.125,14.125,14.125,14.125,3.302299737930298,14500
1998-03-12,14.0625,14.1875,14.0625,14.0625,3.287684679031372,23600
1998-03-13,14.0625,14.125,14.0625,14.0625,3.287684679031372,33000
1998-03-16,14.125,14.125,14.0625,14.125,3.302299737930298,28200
1998-03-17,14.0625,14.125,14.0625,14.125,3.302299737930298,25300
1998-03-18,14.0625,14.125,14.0625,14.0625,3.287684679031372,50800
1998-03-19,14.0,14.0,13.875,13.9375,3.2735936641693115,14700
1998-03-20,13.9375,14.0,13.875,13.9375,3.2735936641693115,28000
1998-03-23,13.9375,14.5,13.9375,13.9375,3.2735936641693115,33100
1998-03-24,13.9375,14.0,13.875,13.875,3.2589147090911865,39200
1998-03-25,13.9375,13.9375,13.8125,13.8125,3.2442328929901123,24100
1998-03-26,13.8125,13.8125,13.625,13.6875,3.214874505996704,9200
1998-03-27,13.6875,13.6875,13.625,13.625,3.2001945972442627,22100
1998-03-30,13.625,13.6875,13.625,13.625,3.2001945972442627,5900
1998-03-31,13.6875,13.75,13.6875,13.75,3.229555130004883,41200
1998-04-01,13.75,13.8125,13.75,13.8125,3.2442328929901123,22900
1998-04-02,13.8125,14.0,13.8125,13.9375,3.2735936641693115,57200
1998-04-03,14.0625,14.0625,13.9375,14.0,3.2882726192474365,37800
1998-04-06,14.0625,14.0625,14.0,14.0625,3.3029558658599854,9600
1998-04-07,14.0625,14.125,14.0,14.0,3.2882726192474365,55800
1998-04-08,14.0,14.0625,14.0,14.0625,3.3029558658599854,23300
1998-04-09,14.0625,14.0625,14.0,14.0,3.2882726192474365,11400
1998-04-13,14.0,14.0625,13.8125,13.8125,3.2442328929901123,41200
1998-04-14,13.875,13.9375,13.8125,13.9375,3.2735936641693115,15600
1998-04-15,13.875,13.875,13.8125,13.875,3.2589147090911865,17300
1998-04-16,13.875,13.875,13.75,13.75,3.229555130004883,15600
1998-04-17,13.875,13.875,13.75,13.875,3.2589147090911865,16900
1998-04-20,13.75,13.75,13.6875,13.75,3.24640154838562,40200
1998-04-21,13.75,13.75,13.625,13.75,3.24640154838562,23600
1998-04-22,13.75,13.75,13.625,13.625,3.216888666152954,15200
1998-04-23,13.6875,13.6875,13.5625,13.625,3.216888666152954,6400
1998-04-24,13.625,13.625,13.5625,13.5625,3.202131986618042,7100
1998-04-27,13.5625,13.625,13.375,13.5,3.187373161315918,24200
1998-04-28,13.5625,13.625,13.5,13.5625,3.202131986618042,59700
1998-04-29,13.625,13.625,13.5,13.5,3.187373161315918,15100
1998-04-30,13.625,13.6875,13.625,13.625,3.216888666152954,51100
1998-05-01,13.625,13.625,13.625,13.625,3.216888666152954,10300
1998-05-04,13.6875,13.6875,13.5625,13.6875,3.2316462993621826,7200
1998-05-05,13.625,13.6875,13.5625,13.6875,3.2316462993621826,8800
1998-05-06,13.625,13.6875,13.5625,13.5625,3.202131986618042,26700
1998-05-07,13.5625,13.625,13.5,13.5,3.187373161315918,16900
1998-05-08,13.5625,13.5625,13.5,13.5625,3.202131986618042,8100
1998-05-11,13.5625,13.5625,13.4375,13.4375,3.1726176738739014,26600
1998-05-12,13.4375,13.5625,13.4375,13.5625,3.202131986618042,10400
1998-05-13,13.5,13.5,13.4375,13.4375,3.1726176738739014,6700
1998-05-14,13.5625,13.5625,13.375,13.375,3.1578586101531982,19900
1998-05-15,13.5,13.5,13.4375,13.4375,3.1726176738739014,11700
1998-05-18,13.5,13.5,13.4375,13.4375,3.1726176738739014,19200
1998-05-19,13.375,13.5,13.375,13.5,3.204063892364502,14500
1998-05-20,13.5,13.5625,13.5,13.5,3.204063892364502,17300
1998-05-21,13.5,13.5625,13.5,13.5,3.204063892364502,20100
1998-05-22,13.5,13.5625,13.5,13.5,3.204063892364502,18100
1998-05-26,13.625,13.625,13.5,13.5625,3.218900442123413,22800
1998-05-27,13.625,13.625,13.5625,13.625,3.233734130859375,17100
1998-05-28,13.625,13.75,13.625,13.6875,3.2485690116882324,37800
1998-05-29,13.75,13.75,13.625,13.6875,3.2485690116882324,36000
1998-06-01,13.6875,13.8125,13.6875,13.75,3.2634024620056152,18400
1998-06-02,13.75,13.75,13.75,13.75,3.2634024620056152,1800
1998-06-03,13.75,13.8125,13.6875,13.75,3.2634024620056152,17800
1998-06-04,13.6875,13.6875,13.6875,13.6875,3.2485690116882324,4000
1998-06-05,13.75,13.875,13.6875,13.875,3.293067693710327,28100
1998-06-08,13.875,13.875,13.75,13.875,3.293067693710327,29500
1998-06-09,13.8125,13.875,13.8125,13.8125,3.278233528137207,10600
1998-06-10,13.8125,13.875,13.8125,13.8125,3.278233528137207,13700
1998-06-11,13.875,14.0625,13.875,14.0625,3.33756947517395,31500
1998-06-12,14.0625,14.0625,14.0,14.0,3.3227357864379883,13200
1998-06-15,14.0,14.0625,14.0,14.0625,3.33756947517395,9500
1998-06-16,14.0,14.0625,14.0,14.0625,3.33756947517395,11600
1998-06-17,14.0,14.0625,13.9375,13.9375,3.3079025745391846,28500
1998-06-18,13.875,13.9375,13.875,13.9375,3.3248369693756104,12700
1998-06-19,13.875,13.9375,13.875,13.875,3.309929847717285,12000
1998-06-22,13.875,13.9375,13.875,13.9375,3.3248369693756104,18700
1998-06-23,13.875,13.9375,13.875,13.875,3.309929847717285,27300
1998-06-24,13.9375,13.9375,13.875,13.9375,3.3248369693756104,16800
1998-06-25,13.9375,14.0,13.875,13.9375,3.3248369693756104,12800
1998-06-26,13.9375,13.9375,13.875,13.875,3.309929847717285,7300
1998-06-29,13.9375,14.0,13.875,14.0,3.3397462368011475,13000
1998-06-30,14.0,14.0,13.875,13.875,3.309929847717285,66500
1998-07-01,13.875,13.9375,13.875,13.9375,3.3248369693756104,15900
1998-07-02,13.875,14.0,13.875,13.875,3.309929847717285,29800
1998-07-06,13.875,13.9375,13.875,13.9375,3.3248369693756104,20000
1998-07-07,13.9375,14.0,13.9375,13.9375,3.3248369693756104,23200
1998-07-08,14.0,14.0,13.9375,14.0,3.3397462368011475,6600
1998-07-09,14.0,14.0,13.9375,13.9375,3.3248369693756104,30400
1998-07-10,14.0,14.125,14.0,14.0625,3.354658365249634,48300
1998-07-13,14.0625,14.125,14.0625,14.0625,3.354658365249634,19300
1998-07-14,14.0625,14.1875,14.0625,14.0625,3.354658365249634,21000
1998-07-15,14.0625,14.125,14.0,14.125,3.369567394256592,15900
1998-07-16,14.0625,14.1875,14.0625,14.125,3.369567394256592,29500
1998-07-17,14.1875,14.25,14.125,14.25,3.399387836456299,24000
1998-07-20,14.25,14.25,14.125,14.125,3.369567394256592,21500
1998-07-21,14.0625,14.125,14.0625,14.0625,3.371367931365967,13800
1998-07-22,14.125,14.125,14.0625,14.0625,3.371367931365967,33800
1998-07-23,14.0625,14.1875,14.0625,14.125,3.386347532272339,16400
1998-07-24,14.0,14.1875,14.0,14.1875,3.401332139968872,7200
1998-07-27,14.125,14.1875,14.125,14.125,3.386347532272339,11500
1998-07-28,14.125,14.125,14.125,14.125,3.386347532272339,11600
1998-07-29,14.125,14.25,14.125,14.125,3.386347532272339,18400
1998-07-30,14.125,14.25,14.125,14.1875,3.401332139968872,10300
1998-07-31,14.1875,14.25,14.1875,14.25,3.416316270828247,29700
1998-08-03,14.1875,14.25,14.1875,14.25,3.416316270828247,50500
1998-08-04,14.25,14.25,14.1875,14.1875,3.401332139968872,11500
1998-08-05,14.1875,14.25,14.125,14.1875,3.401332139968872,8100
1998-08-06,14.1875,14.1875,14.0625,14.125,3.386347532272339,18900
1998-08-07,14.0625,14.0625,13.9375,14.0,3.3563804626464844,90100
1998-08-10,14.0,14.0,13.9375,14.0,3.3563804626464844,10700
1998-08-11,14.0,14.0,13.9375,13.9375,3.34139347076416,12800
1998-08-12,13.9375,14.0,13.9375,13.9375,3.34139347076416,14900
1998-08-13,14.0,14.0,13.9375,13.9375,3.34139347076416,14900
1998-08-14,13.9375,14.0,13.9375,14.0,3.3563804626464844,7600
1998-08-17,13.9375,14.0625,13.9375,14.0625,3.371367931365967,12400
1998-08-18,14.0,14.0,13.9375,13.9375,3.34139347076416,10200
1998-08-19,13.875,13.875,13.8125,13.875,3.3429651260375977,19100
1998-08-20,13.875,13.9375,13.8125,13.8125,3.3279051780700684,24200
1998-08-21,13.875,14.0,13.875,14.0,3.373081922531128,23800
1998-08-24,13.9375,14.0,13.9375,13.9375,3.3580212593078613,8300
1998-08-25,13.9375,14.0,13.9375,14.0,3.373081922531128,15600
1998-08-26,14.0,14.0,13.9375,13.9375,3.3580212593078613,17700
1998-08-27,14.0,14.0,13.9375,14.0,3.373081922531128,19900
1998-08-28,14.0,14.0,13.875,13.875,3.3429651260375977,27200
1998-08-31,13.9375,13.9375,13.875,13.875,3.3429651260375977,37300
1998-09-01,13.875,13.875,13.625,13.75,3.31284761428833,58100
1998-09-02,13.6875,13.75,13.625,13.625,3.282731056213379,52900
1998-09-03,13.6875,13.8125,13.6875,13.8125,3.3279051780700684,42100
1998-09-04,13.75,13.8125,13.75,13.75,3.31284761428833,10800
1998-09-08,13.75,13.8125,13.75,13.8125,3.3279051780700684,8800
1998-09-09,13.8125,13.875,13.75,13.8125,3.3279051780700684,16700
1998-09-10,13.875,13.9375,13.8125,13.875,3.3429651260375977,15800
1998-09-11,13.875,13.9375,13.8125,13.8125,3.3279051780700684,54700
1998-09-14,13.875,13.875,13.8125,13.875,3.3429651260375977,21100
1998-09-15,13.8125,13.9375,13.8125,13.9375,3.3580212593078613,27500
1998-09-16,13.9375,13.9375,13.8125,13.875,3.3429651260375977,21700
1998-09-17,13.9375,13.9375,13.8125,13.875,3.3429651260375977,30900
1998-09-18,13.75,13.8125,13.75,13.8125,3.3442957401275635,22300
1998-09-21,13.75,13.8125,13.75,13.8125,3.3442957401275635,4000
1998-09-22,13.75,13.875,13.75,13.75,3.3291633129119873,10400
1998-09-23,13.75,13.875,13.75,13.875,3.3594274520874023,11500
1998-09-24,13.8125,13.875,13.8125,13.8125,3.3442957401275635,17900
1998-09-25,13.875,14.0,13.875,14.0,3.389693021774292,53000
1998-09-28,13.9375,14.0625,13.9375,14.0625,3.4048268795013428,75700
1998-09-29,14.0625,14.25,14.0,14.125,3.4199600219726562,36500
1998-09-30,14.25,14.25,14.1875,14.25,3.4502243995666504,89400
1998-10-01,14.3125,14.5,14.3125,14.375,3.48048996925354,56200
1998-10-02,14.4375,14.4375,14.375,14.375,3.48048996925354,55000
1998-10-05,14.375,15.0625,14.375,15.0,3.6318154335021973,96800
1998-10-06,14.875,14.9375,14.8125,14.8125,3.586416482925415,43500
1998-10-07,14.875,14.875,14.5,14.5625,3.525885581970215,55700
1998-10-08,14.6875,14.6875,14.5,14.5625,3.525885581970215,14000
1998-10-09,14.4375,14.4375,14.1875,14.1875,3.4350900650024414,20100
1998-10-12,14.25,14.4375,14.1875,14.375,3.48048996925354,37800
1998-10-13,14.375,14.5,14.3125,14.4375,3.495621681213379,33800
1998-10-14,14.4375,14.5,14.375,14.375,3.48048996925354,16700
1998-10-15,14.4375,14.5,14.4375,14.4375,3.495621681213379,10000
1998-10-16,14.4375,14.5625,14.4375,14.5625,3.525885581970215,23200
1998-10-19,14.5625,14.5625,14.4375,14.5,3.5107505321502686,21300
1998-10-20,14.375,14.5625,14.375,14.5,3.5265591144561768,29800
1998-10-21,14.4375,14.4375,14.375,14.4375,3.511362314224243,17500
1998-10-22,14.5,14.5,14.4375,14.5,3.5265591144561768,5400
1998-10-23,14.4375,14.5,14.3125,14.3125,3.480959177017212,21200
1998-10-26,14.375,14.5,14.25,14.25,3.4657604694366455,49300
1998-10-27,14.25,14.4375,14.1875,14.4375,3.511362314224243,18200
1998-10-28,14.5,14.5625,14.375,14.5,3.5265591144561768,33500
1998-10-29,14.375,14.5625,14.375,14.5625,3.541762590408325,10900
1998-10-30,14.5,14.5625,14.4375,14.4375,3.511362314224243,43200
1998-11-02,14.4375,14.4375,14.375,14.4375,3.511362314224243,11700
1998-11-03,14.4375,14.5,14.375,14.375,3.496162176132202,26200
1998-11-04,14.4375,14.5,14.25,14.3125,3.480959177017212,21400
1998-11-05,14.3125,14.75,14.3125,14.5625,3.541762590408325,63500
1998-11-06,14.5625,14.5625,14.5,14.5625,3.541762590408325,12400
1998-11-09,14.5625,14.5625,14.4375,14.5625,3.541762590408325,24100
1998-11-10,14.5625,14.5625,14.5,14.5625,3.541762590408325,19400
1998-11-11,14.4375,14.5,14.4375,14.5,3.5265591144561768,16700
1998-11-12,14.5,14.625,14.5,14.625,3.556962251663208,19600
1998-11-13,14.5,14.625,14.5,14.625,3.556962251663208,10500
1998-11-16,14.5,14.625,14.5,14.625,3.556962251663208,29600
1998-11-17,14.5625,14.6875,14.5625,14.5625,3.541762590408325,28700
1998-11-18,14.5,14.625,14.4375,14.4375,3.52832293510437,33400
1998-11-19,14.4375,14.5,14.4375,14.4375,3.52832293510437,10800
1998-11-20,14.5,14.6875,14.5,14.625,3.574145555496216,27700
1998-11-23,14.625,14.6875,14.5625,14.625,3.574145555496216,17700
1998-11-24,14.5625,14.6875,14.5625,14.625,3.574145555496216,15100
1998-11-25,14.625,14.6875,14.625,14.6875,3.5894181728363037,32600
1998-11-27,14.625,14.6875,14.625,14.6875,3.5894181728363037,2300
1998-11-30,14.75,14.75,14.625,14.75,3.6046910285949707,66400
1998-12-01,14.75,14.75,14.625,14.6875,3.5894181728363037,28800
1998-12-02,14.6875,14.6875,14.625,14.6875,3.5894181728363037,9700
1998-12-03,14.6875,14.75,14.5625,14.5625,3.558871269226074,35900
1998-12-04,14.625,14.625,14.5625,14.625,3.574145555496216,12800
1998-12-07,14.5625,14.6875,14.5625,14.6875,3.5894181728363037,32400
1998-12-08,14.625,14.875,14.625,14.875,3.635242223739624,37900
1998-12-09,14.9375,14.9375,14.6875,14.6875,3.5894181728363037,33300
1998-12-10,14.75,14.75,14.6875,14.6875,3.5894181728363037,5200
1998-12-11,14.6875,14.6875,14.6875,14.6875,3.5894181728363037,6500
1998-12-14,14.75,14.75,14.5625,14.5625,3.558871269226074,26900
1998-12-15,14.5,14.6875,14.5,14.5625,3.558871269226074,39700
1998-12-16,14.5625,14.625,14.5,14.5,3.5435972213745117,16100
1998-12-17,14.5625,14.625,14.5,14.625,3.574145555496216,85600
1998-12-18,14.625,14.6875,14.5,14.625,3.574145555496216,29400
1998-12-21,14.625,14.625,14.5625,14.5625,3.575495481491089,9100
1998-12-22,14.5625,14.6875,14.5625,14.5625,3.575495481491089,29800
1998-12-23,14.5625,14.5625,14.5,14.5625,3.575495481491089,5700
1998-12-24,14.5,14.5625,14.5,14.5,3.560150623321533,10400
1998-12-28,14.5,14.5,14.5,14.5,3.560150623321533,10000
1998-12-29,14.5625,14.5625,14.5,14.5,3.560150623321533,10700
1998-12-30,14.5625,14.625,14.5,14.5,3.560150623321533,10700
1998-12-31,14.5625,14.625,14.5625,14.625,3.5908398628234863,22300
1999-01-04,14.5625,14.625,14.4375,14.4375,3.544804811477661,28900
1999-01-05,14.4375,14.4375,14.375,14.4375,3.544804811477661,18700
1999-01-06,14.4375,14.5,14.375,14.375,3.5294556617736816,22100
1999-01-07,14.375,14.4375,14.3125,14.3125,3.5141139030456543,13300
1999-01-08,14.3125,14.375,14.3125,14.3125,3.5141139030456543,10400
1999-01-11,14.375,14.375,14.25,14.25,3.4987680912017822,29000
1999-01-12,14.25,14.375,14.25,14.25,3.4987680912017822,19500
1999-01-13,14.3125,14.3125,14.1875,14.1875,3.4834237098693848,27600
1999-01-14,14.1875,14.3125,14.1875,14.25,3.4987680912017822,18000
1999-01-15,14.3125,14.375,14.1875,14.375,3.5294556617736816,26100
1999-01-19,14.3125,14.375,14.25,14.3125,3.5141139030456543,31700
1999-01-20,14.25,14.3125,14.25,14.25,3.5154712200164795,23400
1999-01-21,14.25,14.3125,14.1875,14.3125,3.530888319015503,20500
1999-01-22,14.3125,14.375,14.3125,14.3125,3.530888319015503,32000
1999-01-25,14.375,14.375,14.3125,14.3125,3.530888319015503,19700
1999-01-26,14.375,14.375,14.3125,14.3125,3.530888319015503,10600
1999-01-27,14.3125,14.375,14.25,14.375,3.546306610107422,21300
1999-01-28,14.3125,14.4375,14.3125,14.4375,3.561725378036499,11500
1999-01-29,14.375,14.4375,14.3125,14.4375,3.561725378036499,49400
1999-02-01,14.375,14.4375,14.3125,14.375,3.546306610107422,17800
1999-02-02,14.375,14.4375,14.375,14.4375,3.561725378036499,3500
1999-02-03,14.5,14.5,14.4375,14.5,3.5771448612213135,22500
1999-02-04,14.5,14.5,14.4375,14.5,3.5771448612213135,3500
1999-02-05,14.5,14.5,14.4375,14.5,3.5771448612213135,10300
1999-02-08,14.5,14.5625,14.4375,14.4375,3.561725378036499,20600
1999-02-09,14.5,14.5,14.4375,14.5,3.5771448612213135,7700
1999-02-10,14.4375,14.5,14.4375,14.4375,3.561725378036499,3700
1999-02-11,14.5,14.5625,14.5,14.5,3.5771448612213135,20600
1999-02-12,14.5625,14.5625,14.5,14.5,3.5771448612213135,16800
1999-02-16,14.5,14.625,14.4375,14.5,3.5771448612213135,35600
1999-02-17,14.4375,14.5,14.375,14.5,3.5949959754943848,28400
1999-02-18,14.375,14.4375,14.375,14.375,3.564004421234131,15500
1999-02-19,14.375,14.5,14.375,14.4375,3.5795018672943115,14800
1999-02-22,14.4375,14.4375,14.375,14.4375,3.5795018672943115,8600
1999-02-23,14.375,14.4375,14.3125,14.375,3.564004421234131,17500
1999-02-24,14.4375,14.4375,14.375,14.4375,3.5795018672943115,18200
1999-02-25,14.4375,14.4375,14.3125,14.3125,3.5485100746154785,29000
1999-02-26,14.375,14.4375,14.3125,14.375,3.564004421234131,35300
1999-03-01,14.4375,14.4375,14.3125,14.375,3.564004421234131,5600
1999-03-02,14.375,14.4375,14.3125,14.3125,3.5485100746154785,27200
1999-03-03,14.3125,14.4375,14.3125,14.375,3.564004421234131,29400
1999-03-04,14.375,14.375,14.25,14.25,3.5330135822296143,28700
1999-03-05,14.3125,14.375,14.25,14.3125,3.5485100746154785,16400
1999-03-08,14.3125,14.3125,14.25,14.25,3.5330135822296143,24500
1999-03-09,14.3125,14.3125,14.1875,14.25,3.5330135822296143,16900
1999-03-10,14.1875,14.25,14.125,14.125,3.5020229816436768,9700
1999-03-11,14.125,14.1875,14.0625,14.0625,3.4865245819091797,32500
1999-03-12,14.0,14.0625,14.0,14.0,3.4710307121276855,19200
1999-03-15,13.875,14.125,13.875,14.125,3.5020229816436768,29000
1999-03-16,14.0625,14.1875,14.0625,14.1875,3.51751971244812,5500
1999-03-17,14.1875,14.1875,14.0625,14.125,3.5020229816436768,12000
1999-03-18,14.1875,14.25,14.125,14.1875,3.51751971244812,17300
1999-03-19,14.1875,14.25,14.0625,14.0625,3.4865245819091797,41000
1999-03-22,14.0625,14.0625,13.9375,14.0,3.4866507053375244,14500
1999-03-23,13.9375,14.0625,13.875,14.0,3.4866507053375244,25800
1999-03-24,14.0,14.0625,14.0,14.0,3.4866507053375244,10500
1999-03-25,14.0625,14.0625,13.875,13.9375,3.471085786819458,32500
1999-03-26,13.875,13.9375,13.875,13.875,3.455519914627075,18500
1999-03-29,13.9375,13.9375,13.875,13.9375,3.471085786819458,10600
1999-03-30,14.0,14.0625,13.875,14.0,3.4866507053375244,12800
1999-03-31,14.0,14.0625,14.0,14.0,3.4866507053375244,25600
1999-04-01,14.0625,14.0625,14.0,14.0,3.4866507053375244,9200
1999-04-05,14.0,14.0625,14.0,14.0,3.4866507053375244,9500
1999-04-06,14.0,14.0,13.875,13.9375,3.471085786819458,46600
1999-04-07,13.9375,14.0,13.9375,13.9375,3.471085786819458,24600
1999-04-08,13.9375,13.9375,13.875,13.9375,3.471085786819458,4800
1999-04-09,13.9375,14.0,13.9375,13.9375,3.471085786819458,19000
1999-04-12,13.9375,14.0,13.9375,13.9375,3.471085786819458,16200
1999-04-13,13.9375,14.0625,13.9375,14.0,3.4866507053375244,39300
1999-04-14,14.0,14.0625,14.0,14.0,3.4866507053375244,24500
1999-04-15,14.0,14.0,13.9375,13.9375,3.471085786819458,10900
1999-04-16,14.0625,14.0625,13.9375,14.0,3.4866507053375244,16600
1999-04-19,13.9375,14.0,13.9375,13.9375,3.471085786819458,7900
1999-04-20,13.875,14.0,13.875,13.875,3.4727120399475098,9900
1999-04-21,13.875,14.0,13.875,14.0,3.503997564315796,28700
1999-04-22,13.9375,14.0,13.9375,13.9375,3.4883530139923096,16300
1999-04-23,14.0,14.0,13.75,13.8125,3.4570679664611816,44500
1999-04-26,13.8125,13.8125,13.6875,13.75,3.4414234161376953,14400
1999-04-27,13.8125,13.8125,13.6875,13.6875,3.425783634185791,16300
1999-04-28,13.75,13.875,13.75,13.75,3.4414234161376953,21000
1999-04-29,13.8125,13.8125,13.75,13.8125,3.4570679664611816,14400
1999-04-30,13.75,13.8125,13.75,13.8125,3.4570679664611816,31000
1999-05-03,13.8125,13.8125,13.6875,13.75,3.4414234161376953,7200
1999-05-04,13.8125,13.8125,13.75,13.8125,3.4570679664611816,16700
1999-05-05,13.75,13.8125,13.6875,13.8125,3.4570679664611816,12500
1999-05-06,13.6875,13.75,13.6875,13.6875,3.425783634185791,20600
1999-05-07,13.625,13.6875,13.5,13.5,3.378854274749756,49400
1999-05-10,13.5,13.5625,13.5,13.5625,3.3944971561431885,49300
1999-05-11,13.5625,13.5625,13.4375,13.4375,3.363213062286377,28400
1999-05-12,13.5,13.5625,13.4375,13.5,3.378854274749756,20500
1999-05-13,13.5,13.5625,13.5,13.5625,3.3944971561431885,28200
1999-05-14,13.5625,13.5625,13.4375,13.5,3.378854274749756,23600
1999-05-17,13.4375,13.5,13.3125,13.375,3.3475685119628906,13900
1999-05-18,13.375,13.375,13.3125,13.3125,3.3319239616394043,24200
1999-05-19,13.25,13.25,13.125,13.1875,3.3170833587646484,20500
1999-05-20,13.1875,13.25,13.125,13.1875,3.3170833587646484,16200
1999-05-21,13.1875,13.3125,13.1875,13.25,3.3328065872192383,19300
1999-05-24,13.25,13.375,13.25,13.375,3.364248037338257,25900
1999-05-25,13.375,13.4375,13.3125,13.375,3.364248037338257,30700
1999-05-26,13.3125,13.4375,13.25,13.4375,3.3799686431884766,65000
1999-05-27,13.4375,13.4375,13.3125,13.375,3.364248037338257,17400
1999-05-28,13.375,13.4375,13.3125,13.375,3.364248037338257,31300
1999-06-01,13.3125,13.375,13.3125,13.3125,3.348527431488037,17000
1999-06-02,13.3125,13.3125,13.3125,13.3125,3.348527431488037,4800
1999-06-03,13.375,13.375,13.1875,13.25,3.3328065872192383,23400
1999-06-04,13.1875,13.25,13.1875,13.1875,3.3170833587646484,8700
1999-06-07,13.1875,13.3125,13.1875,13.25,3.3328065872192383,20300
1999-06-08,13.25,13.3125,13.125,13.125,3.3013663291931152,23400
1999-06-09,13.0625,13.0625,12.875,12.9375,3.2542033195495605,28600
1999-06-10,12.8125,12.8125,12.625,12.625,3.1755971908569336,67600
1999-06-11,12.75,12.8125,12.6875,12.75,3.207041025161743,77200
1999-06-14,12.75,12.8125,12.625,12.75,3.207041025161743,23900
1999-06-15,12.75,12.8125,12.6875,12.75,3.207041025161743,17500
1999-06-16,12.8125,12.875,12.8125,12.875,3.238483190536499,12400
1999-06-17,12.875,13.0625,12.875,13.0625,3.2856438159942627,28100
1999-06-18,13.0,13.125,13.0,13.125,3.3013663291931152,15900
1999-06-21,13.0,13.0625,13.0,13.0625,3.3030083179473877,49700
1999-06-22,13.0,13.0625,12.9375,12.9375,3.2714014053344727,46100
1999-06-23,12.9375,12.9375,12.75,12.75,3.223989963531494,14500
1999-06-24,12.75,12.8125,12.6875,12.75,3.223989963531494,24900
1999-06-25,12.6875,12.8125,12.6875,12.8125,3.23979115486145,14900
1999-06-28,12.8125,12.9375,12.75,12.8125,3.23979115486145,28200
1999-06-29,12.875,13.0,12.8125,12.9375,3.2714014053344727,23300
1999-06-30,13.0,13.1875,12.9375,13.0625,3.3030083179473877,69800
1999-07-01,13.0625,13.125,13.0,13.0625,3.3030083179473877,17500
1999-07-02,13.0,13.0625,12.9375,12.9375,3.2714014053344727,12300
1999-07-06,12.9375,13.0625,12.875,12.875,3.2555975914001465,24800
1999-07-07,12.875,13.0,12.8125,12.8125,3.23979115486145,13000
1999-07-08,12.8125,12.9375,12.8125,12.875,3.2555975914001465,31600
1999-07-09,12.9375,13.0625,12.8125,13.0625,3.3030083179473877,50200
1999-07-12,13.0,13.125,13.0,13.125,3.3188133239746094,11600
1999-07-13,13.125,13.25,13.0625,13.125,3.3188133239746094,33300
1999-07-14,13.25,13.3125,13.125,13.25,3.3504202365875244,64900
1999-07-15,13.25,13.25,13.1875,13.1875,3.3346140384674072,52300
1999-07-16,13.1875,13.25,13.125,13.125,3.3188133239746094,33600
1999-07-19,13.1875,13.1875,13.0625,13.125,3.3188133239746094,25100
1999-07-20,13.0625,13.125,13.0625,13.0625,3.3030083179473877,10700
1999-07-21,13.0,13.0,12.9375,13.0,3.3044047355651855,10900
1999-07-22,13.0625,13.125,12.9375,13.125,3.3361802101135254,28100
1999-07-23,13.125,13.125,13.0,13.0625,3.3202931880950928,23000
1999-07-26,13.125,13.125,12.9375,13.0,3.3044047355651855,16200
1999-07-27,13.0625,13.0625,12.9375,12.9375,3.288520574569702,24200
1999-07-28,13.0,13.0,12.9375,12.9375,3.288520574569702,10000
1999-07-29,13.0,13.0,13.0,13.0,3.3044047355651855,300
1999-07-30,13.0,13.0,12.9375,13.0,3.3044047355651855,18200
1999-08-02,13.0625,13.0625,12.9375,13.0625,3.3202931880950928,16700
1999-08-03,13.0625,13.125,13.0,13.0625,3.3202931880950928,18200
1999-08-04,13.0,13.0,12.875,12.9375,3.288520574569702,43900
1999-08-05,12.75,12.8125,12.6875,12.8125,3.2567455768585205,28400
1999-08-06,12.6875,12.6875,12.625,12.625,3.2090864181518555,14900
1999-08-09,12.625,12.6875,12.5625,12.5625,3.193201780319214,21400
1999-08-10,12.625,12.625,12.3125,12.375,3.145541191101074,17200
1999-08-11,12.4375,12.5,12.3125,12.375,3.145541191101074,34900
1999-08-12,12.4375,12.5,12.25,12.25,3.1137678623199463,12000
1999-08-13,12.3125,12.3125,12.25,12.25,3.1137678623199463,16200
1999-08-16,12.3125,12.3125,12.25,12.25,3.1137678623199463,9600
1999-08-17,12.1875,12.3125,12.1875,12.25,3.1137678623199463,17300
1999-08-18,12.3125,12.375,12.25,12.375,3.145541191101074,39800
1999-08-19,12.1875,12.25,12.1875,12.1875,3.114997386932373,20500
1999-08-20,12.1875,12.25,12.125,12.1875,3.114997386932373,49900
1999-08-23,12.25,12.25,12.125,12.125,3.099024772644043,34400
1999-08-24,12.125,12.1875,12.0625,12.125,3.099024772644043,65900
1999-08-25,12.125,12.25,12.0625,12.25,3.130972146987915,43100
1999-08-26,12.3125,12.4375,12.25,12.4375,3.178894281387329,31300
1999-08-27,12.4375,12.5,12.375,12.375,3.162921667098999,37000
1999-08-30,12.375,12.4375,12.3125,12.3125,3.1469478607177734,33000
1999-08-31,12.3125,12.375,12.25,12.3125,3.1469478607177734,32900
1999-09-01,12.25,12.375,12.25,12.375,3.162921667098999,49800
1999-09-02,12.3125,12.375,12.25,12.3125,3.1469478607177734,16100
1999-09-03,12.375,12.4375,12.3125,12.3125,3.1469478607177734,10900
1999-09-07,12.4375,12.4375,12.25,12.3125,3.1469478607177734,40900
1999-09-08,12.3125,12.375,12.3125,12.375,3.162921667098999,51900
1999-09-09,12.375,12.375,12.25,12.3125,3.1469478607177734,18800
1999-09-10,12.3125,12.4375,12.3125,12.375,3.162921667098999,31600
1999-09-13,12.375,12.375,12.25,12.3125,3.1469478607177734,20100
1999-09-14,12.25,12.3125,12.1875,12.1875,3.114997386932373,10500
1999-09-15,12.1875,12.1875,12.0625,12.125,3.099024772644043,34800
1999-09-16,12.0,12.25,12.0,12.25,3.130972146987915,27900
1999-09-17,12.25,12.3125,12.1875,12.1875,3.114997386932373,22200
1999-09-20,12.1875,12.375,12.1875,12.25,3.149059295654297,63800
1999-09-21,12.25,12.25,12.0,12.0,3.0847935676574707,38800
1999-09-22,12.0,12.125,12.0,12.0,3.0847935676574707,20500
1999-09-23,12.0,12.1875,12.0,12.125,3.116926431655884,20700
1999-09-24,12.1875,12.1875,12.0625,12.125,3.116926431655884,23700
1999-09-27,12.1875,12.1875,12.0625,12.125,3.116926431655884,27300
1999-09-28,12.125,12.1875,11.9375,11.9375,3.068725347518921,87000
1999-09-29,12.0,12.125,12.0,12.0,3.0847935676574707,45200
1999-09-30,12.0625,12.125,12.0,12.125,3.116926431655884,31400
1999-10-01,12.125,12.1875,12.0625,12.1875,3.132993221282959,29600
1999-10-04,12.125,12.3125,12.125,12.3125,3.165126323699951,50100
1999-10-05,12.375,12.4375,12.375,12.375,3.1811931133270264,33400
1999-10-06,12.375,12.625,12.375,12.5625,3.229393482208252,59200
1999-10-07,12.5,12.5625,12.4375,12.5625,3.229393482208252,49200
1999-10-08,12.5,12.5,12.4375,12.4375,3.197258472442627,11800
1999-10-11,12.375,12.5,12.375,12.4375,3.197258472442627,26100
1999-10-12,12.375,12.375,12.1875,12.1875,3.132993221282959,33300
1999-10-13,12.125,12.1875,12.0625,12.0625,3.100861072540283,53800
1999-10-14,12.125,12.125,11.9375,12.0,3.0847935676574707,36700
1999-10-15,11.875,11.875,11.4375,11.4375,2.940192461013794,46500
1999-10-18,11.5625,11.5625,11.375,11.5,2.956261396408081,37900
1999-10-19,11.4375,11.5625,11.4375,11.5625,2.97232723236084,75400
1999-10-20,11.375,11.625,11.375,11.625,3.006596326828003,66800
1999-10-21,11.625,11.6875,11.5,11.5625,2.9904308319091797,36500
1999-10-22,11.5625,11.8125,11.5625,11.625,3.006596326828003,63400
1999-10-25,11.5,11.75,11.5,11.75,3.0389244556427,49600
1999-10-26,11.6875,11.8125,11.625,11.6875,3.0227596759796143,54700
1999-10-27,11.6875,11.8125,11.6875,11.75,3.0389244556427,39700
1999-10-28,11.75,11.8125,11.625,11.6875,3.0227596759796143,51400
1999-10-29,11.75,11.875,11.625,11.75,3.0389244556427,44900
1999-11-01,11.6875,11.75,11.625,11.6875,3.0227596759796143,33000
1999-11-02,11.6875,12.0625,11.6875,11.9375,3.087415933609009,49200
1999-11-03,12.0,12.0625,11.9375,12.0625,3.119746685028076,71300
1999-11-04,12.125,12.125,12.0,12.0625,3.119746685028076,68100
1999-11-05,12.0625,12.25,12.0625,12.25,3.168238639831543,76400
1999-11-08,12.1875,12.3125,12.1875,12.25,3.168238639831543,38300
1999-11-09,12.25,12.3125,12.125,12.125,3.135911703109741,48300
1999-11-10,12.1875,12.1875,11.9375,11.9375,3.087415933609009,58100
1999-11-11,12.0,12.0,11.625,11.8125,3.0550928115844727,54900
1999-11-12,11.8125,11.8125,11.6875,11.75,3.0389244556427,61800
1999-11-15,11.875,12.0625,11.875,12.0625,3.119746685028076,55900
1999-11-16,12.0,12.0,11.9375,11.9375,3.087415933609009,65300
1999-11-17,11.9375,12.0,11.9375,12.0,3.103580951690674,61300
1999-11-18,11.9375,12.0,11.875,11.9375,3.105271816253662,38800
1999-11-19,11.875,11.9375,11.75,11.9375,3.105271816253662,71600
1999-11-22,11.875,11.875,11.75,11.8125,3.072758913040161,90100
1999-11-23,11.75,11.8125,11.5625,11.5625,3.0077264308929443,46900
1999-11-24,11.6875,11.6875,11.3125,11.3125,2.942694902420044,78300
1999-11-26,11.25,11.375,11.25,11.375,2.958948850631714,15600
1999-11-29,11.3125,11.375,11.25,11.3125,2.942694902420044,64200
1999-11-30,11.3125,11.4375,11.25,11.375,2.958948850631714,64400
1999-12-01,11.375,11.5625,11.1875,11.5625,3.0077264308929443,145300
1999-12-02,11.4375,11.5625,11.4375,11.5,2.991467237472534,101000
1999-12-03,11.5,11.6875,11.5,11.625,3.023984432220459,92900
1999-12-06,11.5625,11.75,11.5625,11.6875,3.0402424335479736,123100
1999-12-07,11.625,11.75,11.625,11.6875,3.0402424335479736,100400
1999-12-08,11.625,11.6875,11.4375,11.4375,2.975209951400757,160300
1999-12-09,11.4375,11.5,11.3125,11.3125,2.942694902420044,52800
1999-12-10,11.3125,11.5625,11.25,11.4375,2.975209951400757,166400
1999-12-13,11.4375,11.5625,11.4375,11.4375,2.975209951400757,129900
1999-12-14,11.5,11.5,11.375,11.375,2.958948850631714,196400
1999-12-15,11.5,11.5,11.375,11.4375,2.975209951400757,161300
1999-12-16,11.4375,11.4375,11.25,11.3125,2.942694902420044,94900
1999-12-17,11.3125,11.4375,11.125,11.1875,2.910177707672119,134400
1999-12-20,11.1875,11.375,11.125,11.375,2.958948850631714,217100
1999-12-21,11.125,11.5625,11.125,11.5625,3.0258138179779053,172700
1999-12-22,11.4375,11.4375,11.3125,11.3125,2.9603896141052246,100500
1999-12-23,11.375,11.375,11.25,11.25,2.9440324306488037,176700
1999-12-27,11.3125,11.3125,11.125,11.1875,2.927677869796753,96900
1999-12-28,11.1875,11.1875,10.875,11.0625,2.894967555999756,164700
1999-12-29,11.0,11.0625,10.875,10.9375,2.8622536659240723,195700
1999-12-30,10.9375,11.0625,10.875,11.0625,2.894967555999756,161100
1999-12-31,11.0,11.25,11.0,11.25,2.9440324306488037,223800
2000-01-03,11.3125,11.3125,11.1875,11.3125,2.9603896141052246,28400
2000-01-04,11.3125,11.375,11.3125,11.375,2.976746082305908,25800
2000-01-05,11.4375,11.5,11.375,11.4375,2.993103504180908,45900
2000-01-06,11.375,11.5,11.375,11.375,2.976746082305908,20800
2000-01-07,11.4375,11.4375,11.3125,11.4375,2.993103504180908,20500
2000-01-10,11.4375,11.4375,11.25,11.3125,2.9603896141052246,21300
2000-01-11,11.3125,11.3125,11.1875,11.25,2.9440324306488037,14000
2000-01-12,11.1875,11.25,11.1875,11.25,2.9440324306488037,8900
2000-01-13,11.1875,11.25,11.0,11.125,2.929030179977417,37900
2000-01-14,11.125,11.1875,11.0625,11.0625,2.912571907043457,39000
2000-01-18,11.0625,11.125,11.0625,11.125,2.929030179977417,14000
2000-01-19,11.0625,11.125,11.0625,11.125,2.929030179977417,27700
2000-01-20,11.125,11.1875,11.0625,11.1875,2.9454829692840576,71500
2000-01-21,11.125,11.25,11.125,11.1875,2.9454829692840576,34300
2000-01-24,11.125,11.1875,11.125,11.125,2.929030179977417,68200
2000-01-25,11.1875,11.3125,11.1875,11.3125,2.9783921241760254,48000
2000-01-26,11.3125,11.375,11.25,11.3125,2.9783921241760254,44000
2000-01-27,11.375,11.375,11.25,11.375,2.9948463439941406,27500
2000-01-28,11.3125,11.375,11.25,11.375,2.9948463439941406,13800
2000-01-31,11.3125,11.3125,11.0625,11.3125,2.9783921241760254,55300
2000-02-01,11.25,11.4375,11.1875,11.4375,3.011303186416626,77500
2000-02-02,11.375,11.5,11.375,11.5,3.0277602672576904,46500
2000-02-03,11.4375,11.625,11.4375,11.625,3.0606682300567627,35400
2000-02-04,11.6875,11.6875,11.625,11.625,3.0606682300567627,13200
2000-02-07,11.6875,11.6875,11.625,11.625,3.0606682300567627,34100
2000-02-08,11.625,11.6875,11.625,11.625,3.0606682300567627,27100
2000-02-09,11.6875,11.75,11.625,11.6875,3.07712459564209,19300
2000-02-10,11.6875,11.6875,11.5625,11.625,3.0606682300567627,11900
2000-02-11,11.625,11.6875,11.5625,11.5625,3.044213056564331,25400
2000-02-14,11.5625,11.625,11.5,11.5,3.0277602672576904,17000
2000-02-15,11.5,11.5,11.375,11.375,3.0118720531463623,28800
2000-02-16,11.4375,11.5,11.4375,11.5,3.044970989227295,10700
2000-02-17,11.5,11.5,11.4375,11.4375,3.0284218788146973,17000
2000-02-18,11.4375,11.5,11.4375,11.5,3.044970989227295,54200
2000-02-22,11.5,11.5625,11.4375,11.4375,3.0284218788146973,34600
2000-02-23,11.4375,11.4375,11.3125,11.3125,2.9953231811523438,84900
2000-02-24,11.4375,11.4375,11.25,11.375,3.0118720531463623,31800
2000-02-25,11.375,11.375,11.125,11.125,2.945681095123291,37800
2000-02-28,11.125,11.1875,11.0625,11.1875,2.9622254371643066,44100
2000-02-29,11.0625,11.3125,11.0625,11.25,2.9787745475769043,27000
2000-03-01,11.25,11.3125,11.25,11.3125,2.9953231811523438,14800
2000-03-02,11.25,11.3125,11.1875,11.3125,2.9953231811523438,5900
2000-03-03,11.1875,11.25,11.125,11.1875,2.9622254371643066,18100
2000-03-06,11.125,11.1875,11.0625,11.125,2.945681095123291,24900
2000-03-07,11.0,11.125,10.9375,11.0,2.912581205368042,52600
2000-03-08,10.9375,11.0625,10.9375,11.0625,2.929128408432007,11800
2000-03-09,11.0625,11.0625,10.9375,10.9375,2.8960306644439697,5300
2000-03-10,10.9375,10.9375,10.875,10.9375,2.8960306644439697,24300
2000-03-13,11.0,11.0625,10.9375,10.9375,2.8960306644439697,28200
2000-03-14,11.0,11.0,10.875,10.9375,2.8960306644439697,23800
2000-03-15,10.8125,10.875,10.75,10.875,2.896696090698242,22000
2000-03-16,10.9375,10.9375,10.75,10.75,2.863400936126709,9600
2000-03-17,10.75,10.8125,10.5625,10.75,2.863400936126709,34800
2000-03-20,10.6875,10.75,10.6875,10.75,2.863400936126709,45400
2000-03-21,10.6875,10.875,10.6875,10.875,2.896696090698242,43000
2000-03-22,10.8125,11.25,10.8125,11.25,2.996582508087158,55200
2000-03-23,11.25,11.375,11.25,11.25,2.996582508087158,51400
2000-03-24,11.25,11.3125,11.125,11.1875,2.9799351692199707,39100
2000-03-27,11.125,11.25,10.875,10.875,2.896696090698242,36000
2000-03-28,10.875,11.0,10.875,11.0,2.9299933910369873,29300
2000-03-29,11.0,11.0625,11.0,11.0625,2.9466404914855957,17200
2000-03-30,11.0625,11.0625,11.0,11.0625,2.9466404914855957,39100
2000-03-31,11.125,11.25,11.125,11.25,2.996582508087158,17300
2000-04-03,11.1875,11.3125,11.0625,11.3125,3.0132315158843994,41800
2000-04-04,11.3125,11.3125,11.125,11.3125,3.0132315158843994,24700
2000-04-05,11.3125,11.4375,11.3125,11.4375,3.046525478363037,37200
2000-04-06,11.4375,11.4375,11.375,11.4375,3.046525478363037,8600
2000-04-07,11.375,11.4375,11.375,11.375,3.029879093170166,15800
2000-04-10,11.375,11.4375,11.3125,11.375,3.029879093170166,13100
2000-04-11,11.375,11.375,11.3125,11.375,3.029879093170166,11400
2000-04-12,11.3125,11.3125,11.1875,11.25,2.996582508087158,20300
2000-04-13,11.0625,11.1875,11.0,11.1875,2.9972524642944336,15200
2000-04-14,11.0625,11.0625,10.875,10.875,2.913529396057129,34200
2000-04-17,10.8125,10.9375,10.8125,10.9375,2.9302759170532227,49000
2000-04-18,10.875,11.0625,10.875,11.0,2.947021245956421,33200
2000-04-19,10.9375,11.0,10.9375,11.0,2.947021245956421,14800
2000-04-20,10.9375,11.0625,10.9375,11.0625,2.9637656211853027,17000
2000-04-24,11.0625,11.0625,10.9375,10.9375,2.9302759170532227,17800
2000-04-25,10.9375,11.0625,10.9375,11.0,2.947021245956421,11500
2000-04-26,11.0,11.0625,10.9375,11.0625,2.9637656211853027,18500
2000-04-27,11.0625,11.0625,10.9375,11.0,2.947021245956421,15300
2000-04-28,11.0,11.0625,10.875,11.0625,2.9637656211853027,15100
2000-05-01,11.0625,11.25,11.0625,11.1875,2.9972524642944336,64200
2000-05-02,11.125,11.3125,11.125,11.3125,3.0307419300079346,29700
2000-05-03,11.25,11.3125,11.125,11.25,3.013995409011841,79700
2000-05-04,11.25,11.3125,11.25,11.3125,3.0307419300079346,4000
2000-05-05,11.3125,11.3125,11.25,11.3125,3.0307419300079346,11800
2000-05-08,11.25,11.375,11.25,11.375,3.047483205795288,16400
2000-05-09,11.3125,11.375,11.3125,11.375,3.047483205795288,4600
2000-05-10,11.375,11.375,11.3125,11.375,3.047483205795288,4500
2000-05-11,11.3125,11.375,11.3125,11.3125,3.0307419300079346,30700
2000-05-12,11.1875,11.25,11.0,11.0625,2.9808921813964844,113100
2000-05-15,11.125,11.125,10.9375,10.9375,2.9472100734710693,48300
2000-05-16,10.9375,11.0,10.875,10.875,2.930366039276123,29100
2000-05-17,10.875,10.875,10.75,10.8125,2.9135282039642334,22300
2000-05-18,10.875,10.875,10.8125,10.8125,2.9135282039642334,10300
2000-05-19,10.8125,10.8125,10.75,10.8125,2.9135282039642334,17300
2000-05-22,10.75,10.8125,10.6875,10.75,2.896683931350708,116700
2000-05-23,10.75,10.8125,10.4375,10.8125,2.9135282039642334,63200
2000-05-24,10.75,10.8125,10.75,10.75,2.896683931350708,19300
2000-05-25,10.75,10.875,10.75,10.875,2.930366039276123,13200
2000-05-26,10.875,10.875,10.8125,10.875,2.930366039276123,7500
2000-05-30,10.875,10.9375,10.8125,10.9375,2.9472100734710693,17000
2000-05-31,10.875,11.125,10.875,11.0625,2.9808921813964844,33000
2000-06-01,11.0625,11.125,11.0625,11.125,2.997734308242798,32000
2000-06-02,11.125,11.3125,11.125,11.3125,3.0482563972473145,40900
2000-06-05,11.25,11.3125,11.125,11.1875,3.0145740509033203,41000
2000-06-06,11.125,11.1875,11.0625,11.1875,3.0145740509033203,63200
2000-06-07,11.125,11.25,11.125,11.1875,3.0145740509033203,31300
2000-06-08,11.1875,11.25,11.125,11.25,3.0314135551452637,15400
2000-06-09,11.25,11.375,11.1875,11.3125,3.0482563972473145,35300
2000-06-12,11.3125,11.375,11.3125,11.375,3.0650951862335205,22600
2000-06-13,11.3125,11.3125,11.3125,11.3125,3.0482563972473145,4000
2000-06-14,11.3125,11.4375,11.3125,11.3125,3.0482563972473145,21700
2000-06-15,11.375,11.4375,11.25,11.4375,3.0997488498687744,22600
2000-06-16,11.5,11.5625,11.4375,11.4375,3.0997488498687744,25000
2000-06-19,11.5,11.5625,11.5,11.5,3.1166882514953613,22500
2000-06-20,11.5,11.625,11.5,11.5,3.1166882514953613,22700
2000-06-21,11.5,11.5,11.3125,11.3125,3.065873622894287,22500
2000-06-22,11.3125,11.375,11.3125,11.3125,3.065873622894287,31800
2000-06-23,11.3125,11.375,11.3125,11.375,3.082808494567871,8400
2000-06-26,11.3125,11.4375,11.3125,11.375,3.082808494567871,14900
2000-06-27,11.375,11.375,11.25,11.25,3.0489327907562256,25300
2000-06-28,11.3125,11.375,11.25,11.25,3.0489327907562256,11100
2000-06-29,11.25,11.375,11.1875,11.375,3.082808494567871,13700
2000-06-30,11.3125,11.5,11.3125,11.5,3.1166882514953613,13400
2000-07-03,11.4375,11.5625,11.375,11.5625,3.1336252689361572,13100
2000-07-05,11.625,11.625,11.5,11.625,3.1505632400512695,23200
2000-07-06,11.5625,11.6875,11.5,11.625,3.1505632400512695,28200
2000-07-07,11.625,11.8125,11.625,11.8125,3.2013802528381348,13200
2000-07-10,11.875,11.875,11.8125,11.8125,3.2013802528381348,6300
2000-07-11,11.8125,11.8125,11.6875,11.6875,3.167503833770752,33800
2000-07-12,11.75,11.9375,11.75,11.9375,3.235257625579834,52000
2000-07-13,11.75,11.9375,11.75,11.9375,3.2529678344726562,12200
2000-07-14,11.9375,11.9375,11.875,11.875,3.235938549041748,19100
2000-07-17,11.8125,11.875,11.75,11.8125,3.2189066410064697,11600
2000-07-18,11.6875,11.6875,11.625,11.625,3.167813539505005,8600
2000-07-19,11.625,11.6875,11.5625,11.5625,3.150782346725464,7000
2000-07-20,11.625,11.625,11.5625,11.5625,3.150782346725464,5500
2000-07-21,11.625,11.625,11.5,11.5,3.133751630783081,12300
2000-07-24,11.5,11.5,11.4375,11.4375,3.116720199584961,12900
2000-07-25,11.4375,11.4375,11.375,11.4375,3.116720199584961,44700
2000-07-26,11.4375,11.5,11.375,11.5,3.133751630783081,33000
2000-07-27,11.5,11.5,11.375,11.5,3.133751630783081,39400
2000-07-28,11.5,11.625,11.4375,11.625,3.167813539505005,39200
2000-07-31,11.5625,11.6875,11.5625,11.6875,3.184844493865967,52200
2000-08-01,11.625,11.6875,11.625,11.6875,3.184844493865967,7000
2000-08-02,11.625,11.6875,11.625,11.6875,3.184844493865967,28400
2000-08-03,11.625,11.6875,11.5625,11.6875,3.184844493865967,12200
2000-08-04,11.625,11.6875,11.625,11.6875,3.184844493865967,11300
2000-08-07,11.75,11.8125,11.6875,11.8125,3.2189066410064697,9700
2000-08-08,11.8125,11.8125,11.75,11.8125,3.2189066410064697,13000
2000-08-09,11.875,11.875,11.6875,11.6875,3.184844493865967,29100
2000-08-10,11.6875,11.8125,11.6875,11.75,3.2018768787384033,11500
2000-08-11,11.6875,11.8125,11.6875,11.8125,3.2189066410064697,12400
2000-08-14,11.8125,11.875,11.6875,11.8125,3.2189066410064697,30700
2000-08-15,11.875,12.0,11.75,11.875,3.235938549041748,46900
2000-08-16,11.6875,12.0,11.6875,12.0,3.287997007369995,40400
2000-08-17,11.9375,12.0625,11.9375,12.0625,3.3051226139068604,41000
2000-08-18,12.0625,12.1875,12.0625,12.1875,3.33937406539917,13900
2000-08-21,12.1875,12.1875,12.125,12.1875,3.33937406539917,13700
2000-08-22,12.1875,12.1875,12.125,12.1875,3.33937406539917,16000
2000-08-23,12.125,12.125,12.0625,12.125,3.322246789932251,20100
2000-08-24,12.125,12.1875,12.0625,12.1875,3.33937406539917,24700
2000-08-25,12.1875,12.1875,12.125,12.125,3.322246789932251,11500
2000-08-28,12.125,12.1875,12.125,12.1875,3.33937406539917,20900
2000-08-29,12.125,12.1875,12.125,12.1875,3.33937406539917,13300
2000-08-30,12.125,12.1875,12.125,12.1875,3.33937406539917,10100
2000-08-31,12.0625,12.25,12.0625,12.1875,3.33937406539917,13500
2000-09-01,12.1875,12.1875,12.125,12.125,3.322246789932251,18800
2000-09-05,12.125,12.25,12.125,12.125,3.322246789932251,14500
2000-09-06,12.125,12.125,12.0625,12.0625,3.3051226139068604,11900
2000-09-07,12.0625,12.1875,12.0625,12.0625,3.3051226139068604,9300
2000-09-08,12.0625,12.0625,12.0,12.0625,3.3051226139068604,27000
2000-09-11,12.0625,12.125,12.0,12.0625,3.3051226139068604,31600
2000-09-12,12.0625,12.125,12.0,12.0625,3.3051226139068604,15300
2000-09-13,12.0625,12.0625,12.0,12.0625,3.3051226139068604,17600
2000-09-14,12.0,12.0625,12.0,12.0,3.3058106899261475,7000
2000-09-15,12.0,12.0625,11.9375,12.0,3.3058106899261475,14500
2000-09-18,11.9375,12.0,11.6875,11.6875,3.2197234630584717,56900
2000-09-19,11.75,11.9375,11.75,11.8125,3.254157781600952,21000
2000-09-20,11.8125,11.8125,11.8125,11.8125,3.254157781600952,1900
2000-09-21,11.8125,11.9375,11.8125,11.8125,3.254157781600952,17100
2000-09-22,11.8125,11.8125,11.6875,11.75,3.2369401454925537,14800
2000-09-25,11.75,11.8125,11.625,11.625,3.2025058269500732,17600
2000-09-26,11.5625,11.6875,11.5,11.6875,3.2197234630584717,26600
2000-09-27,11.625,11.75,11.5625,11.5625,3.1852877140045166,43000
2000-09-28,11.625,11.8125,11.625,11.8125,3.254157781600952,18100
2000-09-29,11.8125,11.9375,11.75,11.8125,3.254157781600952,26900
2000-10-02,11.75,11.875,11.75,11.875,3.2713775634765625,23500
2000-10-03,11.8125,11.9375,11.8125,11.9375,3.2885918617248535,18200
2000-10-04,11.9375,11.9375,11.8125,11.8125,3.254157781600952,7600
2000-10-05,11.8125,11.9375,11.8125,11.8125,3.254157781600952,15300
2000-10-06,11.75,11.8125,11.75,11.75,3.2369401454925537,12300
2000-10-09,11.8125,11.875,11.75,11.8125,3.254157781600952,29000
2000-10-10,11.75,11.9375,11.75,11.8125,3.254157781600952,48800
2000-10-11,11.875,11.875,11.8125,11.8125,3.254157781600952,19000
2000-10-12,11.875,12.0,11.875,11.875,3.2713775634765625,21800
2000-10-13,11.75,11.8125,11.625,11.625,3.22013258934021,30100
2000-10-16,11.625,11.8125,11.625,11.8125,3.272068738937378,36500
2000-10-17,11.75,11.8125,11.6875,11.6875,3.2374444007873535,13300
2000-10-18,11.5625,11.5625,11.5,11.5,3.1855080127716064,7900
2000-10-19,11.5,11.5625,11.5,11.5,3.1855080127716064,9700
2000-10-20,11.5625,11.5625,11.4375,11.5,3.1855080127716064,20100
2000-10-23,11.5,11.5,11.4375,11.5,3.1855080127716064,16700
2000-10-24,11.4375,11.5,11.4375,11.4375,3.1681931018829346,8500
2000-10-25,11.5,11.5,11.25,11.25,3.1162564754486084,32000
2000-10-26,11.1875,11.3125,11.1875,11.25,3.1162564754486084,21900
2000-10-27,11.25,11.375,11.1875,11.3125,3.1335697174072266,22900
2000-10-30,11.25,11.5,11.25,11.5,3.1855080127716064,19900
2000-10-31,11.5,11.6875,11.5,11.625,3.22013258934021,29000
2000-11-01,11.6875,11.6875,11.5625,11.625,3.22013258934021,18000
2000-11-02,11.6875,11.8125,11.6875,11.6875,3.2374444007873535,25700
2000-11-03,11.625,11.75,11.625,11.625,3.22013258934021,15900
2000-11-06,11.75,11.75,11.5,11.5625,3.2028191089630127,28800
2000-11-07,11.625,11.6875,11.5,11.5625,3.2028191089630127,27300
2000-11-08,11.5625,11.8125,11.5,11.8125,3.272068738937378,32000
2000-11-09,11.8125,11.8125,11.6875,11.75,3.2547550201416016,9600
2000-11-10,11.6875,11.8125,11.625,11.6875,3.2374444007873535,20600
2000-11-13,11.625,11.75,11.5625,11.5625,3.2028191089630127,40500
2000-11-14,11.625,11.6875,11.5625,11.625,3.22013258934021,28700
2000-11-15,11.6875,11.6875,11.5,11.5,3.1855080127716064,39200
2000-11-16,11.4375,11.5,11.3125,11.5,3.2036125659942627,39400
2000-11-17,11.375,11.5,11.375,11.375,3.1687910556793213,20500
2000-11-20,11.3125,11.625,11.3125,11.5,3.2036125659942627,36000
2000-11-21,11.375,11.5,11.3125,11.3125,3.151381254196167,48400
2000-11-22,11.3125,11.4375,11.3125,11.375,3.1687910556793213,15200
2000-11-24,11.4375,11.4375,11.3125,11.3125,3.151381254196167,6300
2000-11-27,11.25,11.5625,11.25,11.4375,3.1862006187438965,68000
2000-11-28,11.4375,11.5625,11.375,11.5625,3.2210235595703125,50700
2000-11-29,11.5,11.75,11.5,11.6875,3.2558462619781494,33100
2000-11-30,11.625,11.6875,11.5,11.5625,3.2210235595703125,69600
2000-12-01,11.5,11.8125,11.5,11.5625,3.2210235595703125,35000
2000-12-04,11.6875,11.75,11.625,11.625,3.238436222076416,29800
2000-12-05,11.5625,11.8125,11.5625,11.75,3.273256540298462,27600
2000-12-06,11.8125,11.875,11.75,11.8125,3.290668487548828,36500
2000-12-07,11.75,11.875,11.75,11.875,3.30808162689209,32800
2000-12-08,11.75,11.9375,11.6875,11.6875,3.2558462619781494,44000
2000-12-11,11.6875,11.75,11.5625,11.6875,3.2558462619781494,36400
2000-12-12,11.625,11.75,11.5,11.75,3.273256540298462,66500
2000-12-13,11.75,11.9375,11.6875,11.8125,3.290668487548828,52000
2000-12-14,11.8125,11.9375,11.6875,11.875,3.30808162689209,41200
2000-12-15,11.8125,12.1875,11.8125,11.875,3.30808162689209,63400
2000-12-18,11.8125,12.125,11.75,12.0,3.3613028526306152,127300
2000-12-19,12.0,12.1875,12.0,12.125,3.3963141441345215,45100
2000-12-20,12.0,12.3125,12.0,12.3125,3.448833703994751,50600
2000-12-21,12.1875,12.3125,12.0625,12.125,3.3963141441345215,39900
2000-12-22,12.125,12.1875,12.0,12.125,3.3963141441345215,29900
2000-12-26,12.125,12.1875,12.0,12.1875,3.4138197898864746,50200
2000-12-27,12.25,12.375,12.125,12.375,3.466339588165283,43900
2000-12-28,12.3125,12.4375,12.25,12.3125,3.448833703994751,43900
2000-12-29,12.375,12.4375,12.3125,12.3125,3.448833703994751,62200
2001-01-02,12.375,12.4375,12.25,12.4375,3.4838478565216064,35000
2001-01-03,12.5625,13.125,12.5,12.5,3.5013558864593506,44800
2001-01-04,12.5625,12.625,12.4375,12.5625,3.518860340118408,55300
2001-01-05,12.5625,12.8125,12.5625,12.75,3.571380138397217,24700
2001-01-08,12.6875,13.125,12.6875,13.125,3.6764233112335205,24700
2001-01-09,13.0,13.1875,13.0,13.125,3.6764233112335205,24600
2001-01-10,13.125,13.375,13.125,13.375,3.7464475631713867,40900
2001-01-11,13.3125,13.3125,13.1875,13.25,3.7295587062835693,56500
2001-01-12,13.1875,13.1875,13.0,13.0,3.6591925621032715,17000
2001-01-16,13.0625,13.1875,13.0625,13.0625,3.676784038543701,26800
2001-01-17,13.0625,13.125,13.0625,13.0625,3.676784038543701,5000
2001-01-18,13.0625,13.1875,13.0,13.0,3.6591925621032715,24800
2001-01-19,13.0,13.0625,13.0,13.0625,3.676784038543701,2800
2001-01-22,13.0,13.0625,12.875,12.875,3.6240055561065674,26700
2001-01-23,12.875,13.0,12.875,12.9375,3.6416008472442627,39900
2001-01-24,12.875,13.0,12.8125,12.9375,3.6416008472442627,14800
2001-01-25,12.9375,13.0625,12.9375,13.0625,3.676784038543701,17900
2001-01-26,13.0,13.0625,13.0,13.0,3.6591925621032715,2500
2001-01-29,12.9399995803833,13.130000114440918,12.9399995803833,13.010000228881836,3.662008047103882,30600
2001-01-30,13.039999961853027,13.050000190734863,12.989999771118164,13.050000190734863,3.673265218734741,10700
2001-01-31,13.050000190734863,13.170000076293945,12.989999771118164,13.170000076293945,3.707042694091797,41200
2001-02-01,13.1899995803833,13.300000190734863,13.1899995803833,13.25,3.7295587062835693,30500
2001-02-02,13.289999961853027,13.300000190734863,12.869999885559082,12.989999771118164,3.656376838684082,85900
2001-02-05,13.0,13.15999984741211,13.0,13.079999923706055,3.681708574295044,29000
2001-02-06,13.0600004196167,13.079999923706055,13.010000228881836,13.020000457763672,3.6648221015930176,14700
2001-02-07,13.079999923706055,13.119999885559082,13.029999732971191,13.050000190734863,3.673265218734741,39200
2001-02-08,13.050000190734863,13.119999885559082,13.050000190734863,13.0600004196167,3.676081418991089,8400
2001-02-09,13.100000381469727,13.140000343322754,13.010000228881836,13.079999923706055,3.681708574295044,23100
2001-02-12,13.079999923706055,13.130000114440918,13.050000190734863,13.0600004196167,3.676081418991089,8500
2001-02-13,13.0600004196167,13.140000343322754,13.0,13.140000343322754,3.698601245880127,32300
2001-02-14,13.0,13.050000190734863,12.960000038146973,13.010000228881836,3.680210828781128,13000
2001-02-15,13.039999961853027,13.039999961853027,12.920000076293945,13.010000228881836,3.680210828781128,36400
2001-02-16,12.90999984741211,12.9399995803833,12.899999618530273,12.930000305175781,3.6575794219970703,29600
2001-02-20,12.949999809265137,13.039999961853027,12.760000228881836,12.760000228881836,3.6094911098480225,35700
2001-02-21,12.760000228881836,12.760000228881836,12.649999618530273,12.720000267028809,3.5981767177581787,18700
2001-02-22,12.720000267028809,12.800000190734863,12.609999656677246,12.6899995803833,3.589694023132324,47200
2001-02-23,12.649999618530273,12.699999809265137,12.630000114440918,12.649999618530273,3.5783751010894775,17000
2001-02-26,12.630000114440918,12.800000190734863,12.630000114440918,12.760000228881836,3.6094911098480225,32700
2001-02-27,12.800000190734863,13.0,12.800000190734863,12.930000305175781,3.6575794219970703,90100
2001-02-28,12.960000038146973,12.989999771118164,12.899999618530273,12.90999984741211,3.651923418045044,38400
2001-03-01,12.960000038146973,13.0,12.899999618530273,12.949999809265137,3.663238525390625,112800
2001-03-02,13.0,13.0,12.960000038146973,13.0,3.6773834228515625,17900
2001-03-05,13.0600004196167,13.130000114440918,13.020000457763672,13.100000381469727,3.7056705951690674,21500
2001-03-06,13.050000190734863,13.239999771118164,13.050000190734863,13.069999694824219,3.6971817016601562,41100
2001-03-07,13.069999694824219,13.079999923706055,13.0,13.029999732971191,3.6858699321746826,17600
2001-03-08,13.039999961853027,13.039999961853027,12.989999771118164,13.0,3.6773834228515625,12200
2001-03-09,12.899999618530273,12.899999618530273,12.850000381469727,12.850000381469727,3.634950637817383,22900
2001-03-12,12.9399995803833,12.949999809265137,12.829999923706055,12.880000114440918,3.6434366703033447,10900
2001-03-13,12.899999618530273,13.0,12.850000381469727,12.869999885559082,3.6406097412109375,30000
2001-03-14,12.899999618530273,12.899999618530273,12.829999923706055,12.899999618530273,3.649096965789795,35700
2001-03-15,12.880000114440918,12.899999618530273,12.84000015258789,12.899999618530273,3.667577028274536,21800
2001-03-16,12.869999885559082,12.899999618530273,12.859999656677246,12.899999618530273,3.667577028274536,36000
2001-03-19,12.90999984741211,12.90999984741211,12.84000015258789,12.84000015258789,3.650516986846924,25000
2001-03-20,12.84000015258789,12.890000343322754,12.800000190734863,12.869999885559082,3.6590466499328613,27700
2001-03-21,12.84000015258789,12.84000015258789,12.800000190734863,12.8100004196167,3.6419873237609863,35900
2001-03-22,12.819999694824219,12.899999618530273,12.8100004196167,12.850000381469727,3.6533589363098145,26100
2001-03-23,12.819999694824219,12.90999984741211,12.819999694824219,12.819999694824219,3.6448328495025635,14000
2001-03-26,12.84000015258789,12.890000343322754,12.8100004196167,12.890000343322754,3.66473126411438,12600
2001-03-27,12.829999923706055,12.899999618530273,12.8100004196167,12.890000343322754,3.66473126411438,16800
2001-03-28,12.890000343322754,12.890000343322754,12.850000381469727,12.880000114440918,3.6618878841400146,6400
2001-03-29,12.850000381469727,12.949999809265137,12.84000015258789,12.890000343322754,3.66473126411438,11000
2001-03-30,12.899999618530273,12.989999771118164,12.880000114440918,12.989999771118164,3.693161964416504,14000
2001-04-02,12.989999771118164,12.989999771118164,12.930000305175781,12.9399995803833,3.6789486408233643,19800
2001-04-03,12.979999542236328,13.020000457763672,12.899999618530273,12.899999618530273,3.667577028274536,22200
2001-04-04,12.899999618530273,13.0,12.899999618530273,12.970000267028809,3.6874775886535645,14100
2001-04-05,12.949999809265137,12.949999809265137,12.899999618530273,12.899999618530273,3.667577028274536,9000
2001-04-06,12.930000305175781,12.949999809265137,12.75,12.789999961853027,3.636301279067993,36100
2001-04-09,12.789999961853027,12.789999961853027,12.699999809265137,12.699999809265137,3.610712766647339,15800
2001-04-10,12.699999809265137,12.739999771118164,12.65999984741211,12.699999809265137,3.610712766647339,32700
2001-04-11,12.699999809265137,12.699999809265137,12.5600004196167,12.680000305175781,3.6235718727111816,21900
2001-04-12,12.619999885559082,12.670000076293945,12.5,12.5,3.5721349716186523,30300
2001-04-16,12.5,12.5600004196167,12.5,12.539999961853027,3.583564281463623,13900
2001-04-17,12.5600004196167,12.619999885559082,12.539999961853027,12.619999885559082,3.606428623199463,8700
2001-04-18,12.630000114440918,12.680000305175781,12.630000114440918,12.640000343322754,3.612143039703369,11200
2001-04-19,12.630000114440918,12.75,12.630000114440918,12.739999771118164,3.6407222747802734,20500
2001-04-20,12.760000228881836,12.760000228881836,12.680000305175781,12.680000305175781,3.6235718727111816,36000
2001-04-23,12.710000038146973,12.8100004196167,12.710000038146973,12.779999732971191,3.652151107788086,12500
2001-04-24,12.760000228881836,12.869999885559082,12.739999771118164,12.859999656677246,3.675010919570923,53000
2001-04-25,12.8100004196167,12.84000015258789,12.770000457763672,12.800000190734863,3.6578638553619385,9500
2001-04-26,12.800000190734863,12.890000343322754,12.710000038146973,12.770000457763672,3.6492934226989746,45100
2001-04-27,12.770000457763672,12.770000457763672,12.699999809265137,12.699999809265137,3.629287004470825,2600
2001-04-30,12.739999771118164,12.75,12.720000267028809,12.720000267028809,3.6350040435791016,22400
2001-05-01,12.710000038146973,12.779999732971191,12.699999809265137,12.75,3.6435749530792236,23300
2001-05-02,12.699999809265137,12.8100004196167,12.680000305175781,12.770000457763672,3.6492934226989746,36400
2001-05-03,12.75,13.0,12.75,12.930000305175781,3.695016384124756,38000
2001-05-04,12.90999984741211,12.920000076293945,12.890000343322754,12.890000343322754,3.683584690093994,7800
2001-05-07,12.890000343322754,12.90999984741211,12.8100004196167,12.8100004196167,3.6607229709625244,20300
2001-05-08,12.819999694824219,12.880000114440918,12.800000190734863,12.869999885559082,3.677870512008667,13100
2001-05-09,12.869999885559082,13.029999732971191,12.869999885559082,13.029999732971191,3.7235937118530273,19000
2001-05-10,13.079999923706055,13.119999885559082,13.020000457763672,13.069999694824219,3.7350213527679443,36900
2001-05-11,13.109999656677246,13.119999885559082,13.039999961853027,13.119999885559082,3.7493133544921875,14300
2001-05-14,13.0,13.119999885559082,13.0,13.09000015258789,3.760226249694824,20000
2001-05-15,13.119999885559082,13.149999618530273,13.0600004196167,13.100000381469727,3.763099193572998,50300
2001-05-16,13.140000343322754,13.140000343322754,13.069999694824219,13.079999923706055,3.757354497909546,13500
2001-05-17,13.069999694824219,13.100000381469727,13.050000190734863,13.050000190734863,3.7487356662750244,27100
2001-05-18,13.050000190734863,13.050000190734863,13.020000457763672,13.050000190734863,3.7487356662750244,20800
2001-05-21,13.029999732971191,13.09000015258789,12.970000267028809,12.970000267028809,3.725756883621216,7200
2001-05-22,12.970000267028809,13.079999923706055,12.970000267028809,13.039999961853027,3.7458670139312744,18500
2001-05-23,12.989999771118164,13.020000457763672,12.979999542236328,13.020000457763672,3.740121841430664,23400
2001-05-24,13.020000457763672,13.020000457763672,12.890000343322754,12.899999618530273,3.70564866065979,24100
2001-05-25,12.890000343322754,13.0,12.890000343322754,12.9399995803833,3.7171385288238525,18400
2001-05-29,12.949999809265137,12.989999771118164,12.899999618530273,12.949999809265137,3.7200114727020264,31000
2001-05-30,12.970000267028809,13.010000228881836,12.960000038146973,12.989999771118164,3.7315022945404053,9800
2001-05-31,13.0,13.029999732971191,12.960000038146973,12.960000038146973,3.722885847091675,36000
2001-06-01,12.970000267028809,13.100000381469727,12.970000267028809,13.0600004196167,3.751608371734619,36300
2001-06-04,13.050000190734863,13.119999885559082,13.050000190734863,13.100000381469727,3.763099193572998,18400
2001-06-05,13.100000381469727,13.149999618530273,13.100000381469727,13.100000381469727,3.763099193572998,23800
2001-06-06,13.109999656677246,13.109999656677246,13.050000190734863,13.0600004196167,3.751608371734619,28700
2001-06-07,13.0600004196167,13.170000076293945,13.0600004196167,13.170000076293945,3.7832088470458984,22700
2001-06-08,13.149999618530273,13.199999809265137,13.119999885559082,13.119999885559082,3.7688469886779785,45000
2001-06-11,13.130000114440918,13.15999984741211,13.0600004196167,13.15999984741211,3.78033447265625,24300
2001-06-12,13.119999885559082,13.210000038146973,13.069999694824219,13.140000343322754,3.7745919227600098,34100
2001-06-13,13.119999885559082,13.199999809265137,13.109999656677246,13.1899995803833,3.788954257965088,18100
2001-06-14,13.130000114440918,13.270000457763672,13.130000114440918,13.210000038146973,3.7946999073028564,29900
2001-06-15,13.130000114440918,13.229999542236328,13.119999885559082,13.15999984741211,3.799893379211426,15300
2001-06-18,13.130000114440918,13.199999809265137,13.130000114440918,13.1899995803833,3.808558464050293,14900
2001-06-19,13.199999809265137,13.199999809265137,13.140000343322754,13.199999809265137,3.8114449977874756,19900
2001-06-20,13.199999809265137,13.199999809265137,13.130000114440918,13.170000076293945,3.8027842044830322,30300
2001-06-21,13.140000343322754,13.180000305175781,13.140000343322754,13.180000305175781,3.805671215057373,13500
2001-06-22,13.149999618530273,13.25,13.130000114440918,13.199999809265137,3.8114449977874756,15500
2001-06-25,13.210000038146973,13.210000038146973,13.119999885559082,13.119999885559082,3.7883472442626953,12400
2001-06-26,13.130000114440918,13.220000267028809,13.130000114440918,13.199999809265137,3.8114449977874756,21900
2001-06-27,13.15999984741211,13.229999542236328,13.109999656677246,13.109999656677246,3.78545880317688,38600
2001-06-28,13.119999885559082,13.149999618530273,13.079999923706055,13.130000114440918,3.7912330627441406,14000
2001-06-29,13.130000114440918,13.130000114440918,13.0,13.109999656677246,3.78545880317688,35000
2001-07-02,13.109999656677246,13.199999809265137,13.010000228881836,13.199999809265137,3.8114449977874756,29000
2001-07-03,13.199999809265137,13.210000038146973,13.15999984741211,13.210000038146973,3.8143348693847656,6600
2001-07-05,13.210000038146973,13.220000267028809,13.149999618530273,13.220000267028809,3.817221164703369,22900
2001-07-06,13.220000267028809,13.270000457763672,13.15999984741211,13.210000038146973,3.8143348693847656,23000
2001-07-09,13.210000038146973,13.270000457763672,13.180000305175781,13.270000457763672,3.8316590785980225,13200
2001-07-10,13.210000038146973,13.300000190734863,13.199999809265137,13.300000190734863,3.840319871902466,17300
2001-07-11,13.25,13.300000190734863,13.239999771118164,13.260000228881836,3.8287713527679443,4400
2001-07-12,13.319999694824219,13.350000381469727,13.279999732971191,13.300000190734863,3.840319871902466,17500
2001-07-13,13.289999961853027,13.329999923706055,13.220000267028809,13.3100004196167,3.862957239151001,10000
2001-07-16,13.270000457763672,13.289999961853027,13.199999809265137,13.270000457763672,3.851351261138916,23900
2001-07-17,13.25,13.289999961853027,13.210000038146973,13.270000457763672,3.851351261138916,12800
2001-07-18,13.229999542236328,13.300000190734863,13.229999542236328,13.25,3.8455450534820557,19100
2001-07-19,13.260000228881836,13.5,13.260000228881836,13.40999984741211,3.8919811248779297,95800
2001-07-20,13.460000038146973,13.479999542236328,13.369999885559082,13.380000114440918,3.883272409439087,53500
2001-07-23,13.390000343322754,13.65999984741211,13.390000343322754,13.65999984741211,3.9645378589630127,69500
2001-07-24,13.649999618530273,13.649999618530273,13.59000015258789,13.59000015258789,3.944218635559082,32900
2001-07-25,13.59000015258789,13.600000381469727,13.5600004196167,13.5600004196167,3.9355170726776123,30300
2001-07-26,13.569999694824219,13.569999694824219,13.449999809265137,13.5,3.9181015491485596,29100
2001-07-27,13.5,13.5600004196167,13.479999542236328,13.520000457763672,3.923907518386841,18100
2001-07-30,13.479999542236328,13.539999961853027,13.449999809265137,13.449999809265137,3.903592109680176,11000
2001-07-31,13.5,13.609999656677246,13.5,13.609999656677246,3.9500293731689453,30600
2001-08-01,13.569999694824219,13.640000343322754,13.569999694824219,13.600000381469727,3.9471278190612793,14600
2001-08-02,13.550000190734863,13.640000343322754,13.539999961853027,13.579999923706055,3.9413199424743652,21900
2001-08-03,13.579999923706055,13.640000343322754,13.550000190734863,13.550000190734863,3.932614803314209,13100
2001-08-06,13.539999961853027,13.630000114440918,13.520000457763672,13.59000015258789,3.944218635559082,18300
2001-08-07,13.550000190734863,13.670000076293945,13.550000190734863,13.600000381469727,3.9471278190612793,21100
2001-08-08,13.600000381469727,13.779999732971191,13.600000381469727,13.779999732971191,3.999368906021118,15200
2001-08-09,13.819999694824219,13.869999885559082,13.800000190734863,13.829999923706055,4.013876438140869,24300
2001-08-10,13.84000015258789,13.880000114440918,13.789999961853027,13.800000190734863,4.005170822143555,22900
2001-08-13,13.800000190734863,13.850000381469727,13.579999923706055,13.640000343322754,3.9587347507476807,59600
2001-08-14,13.65999984741211,13.6899995803833,13.59000015258789,13.6899995803833,3.9732465744018555,31300
2001-08-15,13.6899995803833,13.75,13.630000114440918,13.649999618530273,3.9616363048553467,38100
2001-08-16,13.569999694824219,13.670000076293945,13.569999694824219,13.619999885559082,3.973015546798706,42900
2001-08-17,13.670000076293945,13.739999771118164,13.670000076293945,13.680000305175781,3.990513563156128,18300
2001-08-20,13.699999809265137,13.770000457763672,13.6899995803833,13.760000228881836,4.013853073120117,18800
2001-08-21,13.770000457763672,13.850000381469727,13.720000267028809,13.8100004196167,4.028439044952393,17600
2001-08-22,13.800000190734863,13.869999885559082,13.75,13.800000190734863,4.025518894195557,25400
2001-08-23,13.789999961853027,13.84000015258789,13.789999961853027,13.789999961853027,4.022602081298828,9400
2001-08-24,13.779999732971191,13.819999694824219,13.720000267028809,13.729999542236328,4.005099296569824,17000
2001-08-27,13.739999771118164,13.779999732971191,13.649999618530273,13.65999984741211,3.9846811294555664,32500
2001-08-28,13.710000038146973,13.789999961853027,13.670000076293945,13.680000305175781,3.990513563156128,44000
2001-08-29,13.720000267028809,13.729999542236328,13.680000305175781,13.6899995803833,3.9934329986572266,4100
2001-08-30,13.6899995803833,13.760000228881836,13.6899995803833,13.760000228881836,4.013853073120117,21700
2001-08-31,13.75,13.819999694824219,13.75,13.8100004196167,4.028439044952393,30000
2001-09-04,13.8100004196167,13.869999885559082,13.8100004196167,13.869999885559082,4.045939922332764,16700
2001-09-05,13.859999656677246,13.880000114440918,13.8100004196167,13.829999923706055,4.034269332885742,31600
2001-09-06,13.880000114440918,13.880000114440918,13.819999694824219,13.829999923706055,4.034269332885742,9800
2001-09-07,13.819999694824219,13.850000381469727,13.770000457763672,13.819999694824219,4.031356334686279,31100
2001-09-10,13.800000190734863,13.819999694824219,13.760000228881836,13.770000457763672,4.0167694091796875,23400
2001-09-17,13.699999809265137,13.800000190734863,13.65999984741211,13.680000305175781,3.990513563156128,23000
2001-09-18,13.65999984741211,13.6899995803833,13.529999732971191,13.529999732971191,3.9467597007751465,32900
2001-09-19,13.529999732971191,13.550000190734863,12.899999618530273,13.0,3.792156934738159,44100
2001-09-20,13.050000190734863,13.079999923706055,12.630000114440918,12.649999618530273,3.6900548934936523,42900
2001-09-21,12.649999618530273,12.789999961853027,12.550000190734863,12.699999809265137,3.7046473026275635,27000
2001-09-24,12.699999809265137,13.220000267028809,12.699999809265137,12.989999771118164,3.789238691329956,57400
2001-09-25,13.0,13.149999618530273,12.989999771118164,13.149999618530273,3.8359148502349854,23600
2001-09-26,13.109999656677246,13.199999809265137,13.109999656677246,13.15999984741211,3.8388326168060303,12600
2001-09-27,13.1899995803833,13.270000457763672,13.170000076293945,13.270000457763672,3.8709185123443604,5100
2001-09-28,13.270000457763672,13.399999618530273,13.270000457763672,13.390000343322754,3.9059207439422607,25200
2001-10-01,13.390000343322754,13.59000015258789,13.319999694824219,13.569999694824219,3.958428144454956,36900
2001-10-02,13.600000381469727,13.699999809265137,13.569999694824219,13.6899995803833,3.9934329986572266,17700
2001-10-03,13.609999656677246,13.6899995803833,13.569999694824219,13.609999656677246,3.9700965881347656,25200
2001-10-04,13.569999694824219,13.630000114440918,13.489999771118164,13.600000381469727,3.9671809673309326,42600
2001-10-05,13.600000381469727,13.739999771118164,13.600000381469727,13.699999809265137,3.9963507652282715,22900
2001-10-08,13.739999771118164,13.779999732971191,13.609999656677246,13.779999732971191,4.019686222076416,31100
2001-10-09,13.680000305175781,13.819999694824219,13.680000305175781,13.770000457763672,4.0167694091796875,38700
2001-10-10,13.770000457763672,13.819999694824219,13.699999809265137,13.789999961853027,4.022602081298828,59700
2001-10-11,13.8100004196167,13.819999694824219,13.729999542236328,13.739999771118164,4.008020401000977,3200
2001-10-12,13.65999984741211,13.75,13.65999984741211,13.75,4.032360076904297,17900
2001-10-15,13.649999618530273,13.75,13.600000381469727,13.75,4.032360076904297,22600
2001-10-16,13.710000038146973,13.710000038146973,13.619999885559082,13.649999618530273,4.0030317306518555,15500
2001-10-17,13.649999618530273,13.739999771118164,13.630000114440918,13.6899995803833,4.014764785766602,40500
2001-10-18,13.670000076293945,13.6899995803833,13.619999885559082,13.630000114440918,3.9971659183502197,8800
2001-10-19,13.680000305175781,13.680000305175781,13.579999923706055,13.609999656677246,3.9913055896759033,21000
2001-10-22,13.609999656677246,13.680000305175781,13.609999656677246,13.619999885559082,3.994236946105957,24100
2001-10-23,13.619999885559082,13.6899995803833,13.609999656677246,13.619999885559082,3.994236946105957,28800
2001-10-24,13.65999984741211,13.680000305175781,13.630000114440918,13.630000114440918,3.9971659183502197,18200
2001-10-25,13.619999885559082,13.670000076293945,13.609999656677246,13.670000076293945,4.008899211883545,15900
2001-10-26,13.680000305175781,13.6899995803833,13.65999984741211,13.65999984741211,4.005964279174805,31300
2001-10-29,13.680000305175781,13.739999771118164,13.680000305175781,13.739999771118164,4.029428482055664,10900
2001-10-30,13.710000038146973,13.760000228881836,13.65999984741211,13.65999984741211,4.005964279174805,56800
2001-10-31,13.710000038146973,13.720000267028809,13.65999984741211,13.6899995803833,4.014764785766602,44000
2001-11-01,13.680000305175781,13.760000228881836,13.680000305175781,13.739999771118164,4.029428482055664,29600
2001-11-02,13.739999771118164,13.800000190734863,13.729999542236328,13.800000190734863,4.047023296356201,42800
2001-11-05,13.800000190734863,13.850000381469727,13.779999732971191,13.800000190734863,4.047023296356201,24800
2001-11-06,13.800000190734863,13.819999694824219,13.670000076293945,13.729999542236328,4.026493072509766,92900
2001-11-07,13.729999542236328,13.800000190734863,13.600000381469727,13.609999656677246,3.9913055896759033,72400
2001-11-08,13.619999885559082,13.680000305175781,13.550000190734863,13.670000076293945,4.008899211883545,65700
2001-11-09,13.670000076293945,13.6899995803833,13.59000015258789,13.65999984741211,4.005964279174805,24000
2001-11-12,13.630000114440918,13.699999809265137,13.600000381469727,13.6899995803833,4.014764785766602,16900
2001-11-13,13.630000114440918,13.75,13.619999885559082,13.739999771118164,4.029428482055664,33600
2001-11-14,13.75,13.779999732971191,13.699999809265137,13.760000228881836,4.0352935791015625,42500
2001-11-15,13.720000267028809,13.720000267028809,13.5600004196167,13.6899995803833,4.014764785766602,49800
2001-11-16,13.600000381469727,13.600000381469727,13.420000076293945,13.479999542236328,3.9743685722351074,36500
2001-11-19,13.420000076293945,13.489999771118164,13.420000076293945,13.489999771118164,3.977318525314331,19000
2001-11-20,13.460000038146973,13.460000038146973,13.300000190734863,13.369999885559082,3.94193959236145,37800
2001-11-21,13.289999961853027,13.34000015258789,13.180000305175781,13.3100004196167,3.924248695373535,38400
2001-11-23,13.239999771118164,13.380000114440918,13.239999771118164,13.369999885559082,3.94193959236145,17300
2001-11-26,13.350000381469727,13.430000305175781,13.239999771118164,13.390000343322754,3.9478342533111572,64300
2001-11-27,13.390000343322754,13.40999984741211,13.3100004196167,13.40999984741211,3.953731060028076,38500
2001-11-28,13.380000114440918,13.489999771118164,13.369999885559082,13.489999771118164,3.977318525314331,18100
2001-11-29,13.4399995803833,13.5,13.4399995803833,13.5,3.980269432067871,20800
2001-11-30,13.460000038146973,13.569999694824219,13.460000038146973,13.5600004196167,3.9979584217071533,31000
2001-12-03,13.5600004196167,13.5600004196167,13.470000267028809,13.539999961853027,3.9920618534088135,18300
2001-12-04,13.489999771118164,13.600000381469727,13.489999771118164,13.520000457763672,3.986164093017578,21100
2001-12-05,13.520000457763672,13.579999923706055,13.3100004196167,13.390000343322754,3.9478342533111572,43300
2001-12-06,13.359999656677246,13.390000343322754,13.100000381469727,13.149999618530273,3.877078056335449,31000
2001-12-07,13.119999885559082,13.1899995803833,12.960000038146973,13.069999694824219,3.8534886837005615,32300
2001-12-10,13.050000190734863,13.0600004196167,12.989999771118164,13.0600004196167,3.8505403995513916,17300
2001-12-11,13.069999694824219,13.069999694824219,12.949999809265137,12.979999542236328,3.8269548416137695,17500
2001-12-12,13.029999732971191,13.039999961853027,12.84000015258789,12.949999809265137,3.818105697631836,44900
2001-12-13,12.949999809265137,13.0,12.9399995803833,12.989999771118164,3.8299014568328857,45900
2001-12-14,12.970000267028809,13.069999694824219,12.899999618530273,12.970000267028809,3.8240041732788086,42800
2001-12-17,12.970000267028809,13.020000457763672,12.890000343322754,13.0,3.832850694656372,17500
2001-12-18,12.859999656677246,12.920000076293945,12.84000015258789,12.890000343322754,3.8218801021575928,25500
2001-12-19,12.829999923706055,12.890000343322754,12.6899995803833,12.770000457763672,3.7863006591796875,45200
2001-12-20,12.819999694824219,12.899999618530273,12.680000305175781,12.899999618530273,3.824843406677246,38500
2001-12-21,12.869999885559082,12.90999984741211,12.8100004196167,12.850000381469727,3.8100199699401855,24600
2001-12-24,12.850000381469727,12.859999656677246,12.819999694824219,12.850000381469727,3.8100199699401855,11600
2001-12-26,12.84000015258789,12.869999885559082,12.699999809265137,12.75,3.780372142791748,34000
2001-12-27,12.800000190734863,13.010000228881836,12.770000457763672,13.0,3.85449481010437,38700
2001-12-28,13.0,13.079999923706055,13.0,13.0600004196167,3.872284412384033,17900
2001-12-31,13.0600004196167,13.300000190734863,13.0600004196167,13.229999542236328,3.922689199447632,68900
2002-01-02,13.220000267028809,13.260000228881836,13.140000343322754,13.170000076293945,3.9048993587493896,25600
2002-01-03,13.149999618530273,13.15999984741211,13.0,13.029999732971191,3.8633904457092285,34400
2002-01-04,13.0,13.039999961853027,12.960000038146973,12.970000267028809,3.8455991744995117,17100
2002-01-07,12.960000038146973,13.020000457763672,12.960000038146973,13.0,3.85449481010437,25000
2002-01-08,13.010000228881836,13.010000228881836,12.949999809265137,13.0,3.85449481010437,37500
2002-01-09,13.020000457763672,13.229999542236328,13.0,13.15999984741211,3.9019346237182617,31900
2002-01-10,13.199999809265137,13.300000190734863,13.119999885559082,13.25,3.9286203384399414,23900
2002-01-11,13.199999809265137,13.399999618530273,13.199999809265137,13.399999618530273,3.9951047897338867,33700
2002-01-14,13.359999656677246,13.40999984741211,13.359999656677246,13.390000343322754,3.992122173309326,10300
2002-01-15,13.369999885559082,13.399999618530273,13.3100004196167,13.380000114440918,3.989140510559082,15100
2002-01-16,13.359999656677246,13.489999771118164,13.350000381469727,13.489999771118164,4.021935939788818,34300
2002-01-17,13.489999771118164,13.5,13.420000076293945,13.489999771118164,4.021935939788818,14900
2002-01-18,13.449999809265137,13.5,13.4399995803833,13.5,4.024921417236328,7100
2002-01-22,13.460000038146973,13.520000457763672,13.460000038146973,13.470000267028809,4.015977382659912,9000
2002-01-23,13.449999809265137,13.529999732971191,13.430000305175781,13.520000457763672,4.030882358551025,23200
2002-01-24,13.5,13.550000190734863,13.479999542236328,13.5,4.024921417236328,5500
2002-01-25,13.489999771118164,13.520000457763672,13.420000076293945,13.420000076293945,4.001067638397217,18900
2002-01-28,13.420000076293945,13.470000267028809,13.399999618530273,13.399999618530273,3.9951047897338867,32000
2002-01-29,13.399999618530273,13.489999771118164,13.359999656677246,13.489999771118164,4.021935939788818,45000
2002-01-30,13.479999542236328,13.479999542236328,13.40999984741211,13.430000305175781,4.004047393798828,29300
2002-01-31,13.460000038146973,13.479999542236328,13.4399995803833,13.479999542236328,4.018955230712891,26800
2002-02-01,13.479999542236328,13.600000381469727,13.4399995803833,13.489999771118164,4.021935939788818,18100
2002-02-04,13.460000038146973,13.59000015258789,13.430000305175781,13.59000015258789,4.051751613616943,13500
2002-02-05,13.630000114440918,13.699999809265137,13.619999885559082,13.630000114440918,4.0636773109436035,35200
2002-02-06,13.600000381469727,13.720000267028809,13.579999923706055,13.720000267028809,4.090512275695801,36100
2002-02-07,13.729999542236328,13.729999542236328,13.619999885559082,13.6899995803833,4.081568241119385,18400
2002-02-08,13.699999809265137,13.75,13.699999809265137,13.75,4.099456787109375,11900
2002-02-11,13.6899995803833,13.789999961853027,13.680000305175781,13.789999961853027,4.111380577087402,13100
2002-02-12,13.789999961853027,13.850000381469727,13.680000305175781,13.770000457763672,4.105418682098389,31900
2002-02-13,13.670000076293945,13.739999771118164,13.65999984741211,13.6899995803833,4.103917598724365,12100
2002-02-14,13.680000305175781,13.800000190734863,13.649999618530273,13.710000038146973,4.10991907119751,35900
2002-02-15,13.6899995803833,13.720000267028809,13.630000114440918,13.630000114440918,4.085931777954102,8900
2002-02-19,13.619999885559082,13.75,13.619999885559082,13.670000076293945,4.09792423248291,28100
2002-02-20,13.75,13.84000015258789,13.680000305175781,13.75,4.121906280517578,20000
2002-02-21,13.779999732971191,13.819999694824219,13.729999542236328,13.739999771118164,4.11890983581543,20600
2002-02-22,13.770000457763672,13.770000457763672,13.619999885559082,13.680000305175781,4.100922107696533,20400
2002-02-25,13.65999984741211,13.720000267028809,13.640000343322754,13.720000267028809,4.112914562225342,14200
2002-02-26,13.710000038146973,13.75,13.6899995803833,13.6899995803833,4.103917598724365,22500
2002-02-27,13.720000267028809,13.720000267028809,13.65999984741211,13.65999984741211,4.094925880432129,30900
2002-02-28,13.65999984741211,13.710000038146973,13.65999984741211,13.710000038146973,4.10991907119751,18500
2002-03-01,13.710000038146973,13.739999771118164,13.649999618530273,13.699999809265137,4.106914520263672,17900
2002-03-04,13.670000076293945,13.760000228881836,13.670000076293945,13.760000228881836,4.124903678894043,20200
2002-03-05,13.75,13.819999694824219,13.729999542236328,13.779999732971191,4.130897521972656,19400
2002-03-06,13.770000457763672,13.829999923706055,13.770000457763672,13.8100004196167,4.139890193939209,13500
2002-03-07,13.90999984741211,13.90999984741211,13.65999984741211,13.760000228881836,4.124903678894043,60100
2002-03-08,13.75,13.75,13.270000457763672,13.300000190734863,3.9870059490203857,49800
2002-03-11,13.369999885559082,13.369999885559082,13.109999656677246,13.109999656677246,3.930050849914551,27200
2002-03-12,13.210000038146973,13.220000267028809,13.079999923706055,13.15999984741211,3.945040702819824,16300
2002-03-13,13.149999618530273,13.180000305175781,13.069999694824219,13.079999923706055,3.9210567474365234,13700
2002-03-14,13.0,13.039999961853027,12.920000076293945,13.0,3.9195468425750732,11900
2002-03-15,13.039999961853027,13.119999885559082,12.960000038146973,13.079999923706055,3.943669319152832,15600
2002-03-18,13.020000457763672,13.020000457763672,12.880000114440918,13.0,3.9195468425750732,16700
2002-03-19,12.880000114440918,13.0600004196167,12.770000457763672,12.770000457763672,3.8502025604248047,38500
2002-03-20,12.779999732971191,12.829999923706055,12.550000190734863,12.579999923706055,3.7929160594940186,65900
2002-03-21,12.579999923706055,12.59000015258789,12.460000038146973,12.569999694824219,3.789902448654175,29100
2002-03-22,12.510000228881836,12.770000457763672,12.510000228881836,12.630000114440918,3.8079891204833984,60500
2002-03-25,12.619999885559082,12.65999984741211,12.579999923706055,12.640000343322754,3.8110086917877197,26400
2002-03-26,12.649999618530273,12.859999656677246,12.649999618530273,12.800000190734863,3.859248399734497,29800
2002-03-27,12.850000381469727,12.989999771118164,12.850000381469727,12.90999984741211,3.8924148082733154,25700
2002-03-28,12.880000114440918,12.949999809265137,12.880000114440918,12.899999618530273,3.889397621154785,24400
2002-04-01,12.890000343322754,12.9399995803833,12.829999923706055,12.930000305175781,3.898444890975952,34400
2002-04-02,12.9399995803833,12.989999771118164,12.899999618530273,12.960000038146973,3.9074885845184326,25000
2002-04-03,12.960000038146973,13.029999732971191,12.949999809265137,13.010000228881836,3.9225640296936035,13600
2002-04-04,13.039999961853027,13.069999694824219,12.979999542236328,13.0,3.9195468425750732,30900
2002-04-05,13.020000457763672,13.0600004196167,13.020000457763672,13.039999961853027,3.9316070079803467,22200
2002-04-08,13.039999961853027,13.069999694824219,13.029999732971191,13.029999732971191,3.9285972118377686,19200
2002-04-09,13.029999732971191,13.029999732971191,12.960000038146973,12.960000038146973,3.9074885845184326,24000
2002-04-10,12.989999771118164,12.989999771118164,12.899999618530273,12.949999809265137,3.9044718742370605,21500
2002-04-11,12.920000076293945,13.100000381469727,12.899999618530273,12.989999771118164,3.9165303707122803,45400
2002-04-12,12.989999771118164,13.050000190734863,12.989999771118164,13.020000457763672,3.9255776405334473,17800
2002-04-15,12.930000305175781,13.0,12.920000076293945,12.979999542236328,3.936192274093628,8900
2002-04-16,12.920000076293945,12.960000038146973,12.800000190734863,12.90999984741211,3.914965867996216,39000
2002-04-17,12.960000038146973,12.979999542236328,12.899999618530273,12.979999542236328,3.936192274093628,20800
2002-04-18,12.930000305175781,12.970000267028809,12.920000076293945,12.970000267028809,3.933159589767456,5800
2002-04-19,12.920000076293945,12.960000038146973,12.890000343322754,12.899999618530273,3.911933422088623,13700
2002-04-22,12.880000114440918,12.970000267028809,12.880000114440918,12.930000305175781,3.921031951904297,11600
2002-04-23,12.970000267028809,13.039999961853027,12.899999618530273,12.899999618530273,3.911933422088623,32300
2002-04-24,12.880000114440918,12.930000305175781,12.869999885559082,12.930000305175781,3.921031951904297,17000
2002-04-25,12.930000305175781,13.069999694824219,12.930000305175781,13.050000190734863,3.9574215412139893,27700
2002-04-26,12.989999771118164,13.079999923706055,12.989999771118164,13.020000457763672,3.9483230113983154,27100
2002-04-29,13.020000457763672,13.069999694824219,13.020000457763672,13.0600004196167,3.960452079772949,17300
2002-04-30,13.069999694824219,13.100000381469727,13.029999732971191,13.079999923706055,3.966519832611084,43700
2002-05-01,13.029999732971191,13.09000015258789,13.020000457763672,13.039999961853027,3.954388380050659,10800
2002-05-02,13.0,13.050000190734863,12.960000038146973,13.0,3.9422552585601807,19300
2002-05-03,13.0,13.130000114440918,13.0,13.130000114440918,3.9816794395446777,9700
2002-05-06,13.149999618530273,13.149999618530273,13.109999656677246,13.149999618530273,3.987745761871338,7100
2002-05-07,13.079999923706055,13.199999809265137,13.020000457763672,13.199999809265137,4.0029072761535645,35200
2002-05-08,13.149999618530273,13.15999984741211,13.020000457763672,13.100000381469727,3.9725821018218994,25400
2002-05-09,13.100000381469727,13.149999618530273,13.029999732971191,13.069999694824219,3.963484287261963,24000
2002-05-10,13.09000015258789,13.170000076293945,13.09000015258789,13.140000343322754,3.9847123622894287,26400
2002-05-13,13.149999618530273,13.149999618530273,13.09000015258789,13.140000343322754,3.9847123622894287,17700
2002-05-14,13.149999618530273,13.170000076293945,13.079999923706055,13.140000343322754,3.9847123622894287,22500
2002-05-15,13.140000343322754,13.15999984741211,13.100000381469727,13.149999618530273,3.987745761871338,10800
2002-05-16,13.09000015258789,13.100000381469727,12.949999809265137,13.050000190734863,3.9801223278045654,55600
2002-05-17,13.0,13.0600004196167,12.970000267028809,13.0600004196167,3.983170509338379,16100
2002-05-20,13.0600004196167,13.140000343322754,13.050000190734863,13.119999885559082,4.001468658447266,43600
2002-05-21,13.039999961853027,13.109999656677246,13.020000457763672,13.100000381469727,3.995368480682373,34200
2002-05-22,13.0600004196167,13.149999618530273,13.0600004196167,13.079999923706055,3.989271402359009,33700
2002-05-23,13.140000343322754,13.1899995803833,13.100000381469727,13.15999984741211,4.013672351837158,19900
2002-05-24,13.15999984741211,13.170000076293945,13.109999656677246,13.140000343322754,4.007572174072266,12000
2002-05-28,13.130000114440918,13.210000038146973,13.130000114440918,13.180000305175781,4.019767761230469,17900
2002-05-29,13.180000305175781,13.270000457763672,13.180000305175781,13.25,4.04111909866333,22800
2002-05-30,13.270000457763672,13.319999694824219,13.229999542236328,13.239999771118164,4.038069248199463,17900
2002-05-31,13.199999809265137,13.350000381469727,13.199999809265137,13.34000015258789,4.068567276000977,28600
2002-06-03,13.34000015258789,13.359999656677246,13.300000190734863,13.300000190734863,4.056368350982666,15900
2002-06-04,13.34000015258789,13.350000381469727,13.229999542236328,13.300000190734863,4.056368350982666,30000
2002-06-05,13.260000228881836,13.300000190734863,13.220000267028809,13.300000190734863,4.056368350982666,28000
2002-06-06,13.300000190734863,13.3100004196167,13.220000267028809,13.239999771118164,4.038069248199463,16800
2002-06-07,13.239999771118164,13.279999732971191,13.149999618530273,13.149999618530273,4.010621070861816,27500
2002-06-10,13.170000076293945,13.229999542236328,13.119999885559082,13.220000267028809,4.03196907043457,43300
2002-06-11,13.1899995803833,13.369999885559082,13.1899995803833,13.3100004196167,4.059418201446533,53700
2002-06-12,13.270000457763672,13.399999618530273,13.260000228881836,13.34000015258789,4.068567276000977,33400
2002-06-13,13.289999961853027,13.390000343322754,13.270000457763672,13.369999885559082,4.100773334503174,13500
2002-06-14,13.350000381469727,13.460000038146973,13.350000381469727,13.460000038146973,4.128376007080078,13400
2002-06-17,13.399999618530273,13.420000076293945,13.3100004196167,13.350000381469727,4.094639301300049,21800
2002-06-18,13.289999961853027,13.329999923706055,13.25,13.329999923706055,4.088505268096924,30200
2002-06-19,13.329999923706055,13.329999923706055,13.279999732971191,13.279999732971191,4.073169708251953,12000
2002-06-20,13.289999961853027,13.40999984741211,13.289999961853027,13.40999984741211,4.11304235458374,27700
2002-06-21,13.369999885559082,13.449999809265137,13.3100004196167,13.390000343322754,4.106906414031982,32300
2002-06-24,13.390000343322754,13.5,13.359999656677246,13.399999618530273,4.1099748611450195,39000
2002-06-25,13.380000114440918,13.489999771118164,13.3100004196167,13.329999923706055,4.088505268096924,34400
2002-06-26,13.34000015258789,13.479999542236328,13.329999923706055,13.399999618530273,4.1099748611450195,23200
2002-06-27,13.449999809265137,13.520000457763672,13.449999809265137,13.479999542236328,4.134511947631836,20200
2002-06-28,13.489999771118164,13.529999732971191,13.460000038146973,13.5,4.140646457672119,24800
2002-07-01,13.489999771118164,13.640000343322754,13.489999771118164,13.59000015258789,4.16825008392334,18000
2002-07-02,13.600000381469727,13.729999542236328,13.59000015258789,13.699999809265137,4.2019853591918945,28800
2002-07-03,13.710000038146973,13.739999771118164,13.65999984741211,13.710000038146973,4.205057621002197,13500
2002-07-05,13.729999542236328,13.739999771118164,13.699999809265137,13.739999771118164,4.21425724029541,9000
2002-07-08,13.760000228881836,13.760000228881836,13.699999809265137,13.729999542236328,4.211191177368164,11700
2002-07-09,13.729999542236328,13.75,13.670000076293945,13.670000076293945,4.192789077758789,25700
2002-07-10,13.739999771118164,13.75,13.550000190734863,13.640000343322754,4.1835856437683105,24100
2002-07-11,13.699999809265137,13.789999961853027,13.699999809265137,13.739999771118164,4.21425724029541,17500
2002-07-12,13.789999961853027,13.789999961853027,13.739999771118164,13.75,4.217328071594238,21300
2002-07-15,13.729999542236328,13.789999961853027,13.729999542236328,13.770000457763672,4.223458290100098,28500
2002-07-16,13.65999984741211,13.800000190734863,13.65999984741211,13.800000190734863,4.25584077835083,14300
2002-07-17,13.75,13.789999961853027,13.710000038146973,13.729999542236328,4.234252452850342,18300
2002-07-18,13.789999961853027,13.789999961853027,13.720000267028809,13.720000267028809,4.231169700622559,23300
2002-07-19,13.800000190734863,13.800000190734863,13.680000305175781,13.739999771118164,4.2373366355896,26200
2002-07-22,13.649999618530273,13.710000038146973,13.649999618530273,13.670000076293945,4.215750694274902,25600
2002-07-23,13.6899995803833,13.710000038146973,13.619999885559082,13.630000114440918,4.2034125328063965,20800
2002-07-24,13.619999885559082,13.630000114440918,13.430000305175781,13.460000038146973,4.150986194610596,38600
2002-07-25,13.5,13.550000190734863,13.430000305175781,13.4399995803833,4.144817352294922,18100
2002-07-26,13.430000305175781,13.489999771118164,13.420000076293945,13.460000038146973,4.150986194610596,17600
2002-07-29,13.489999771118164,13.600000381469727,13.430000305175781,13.539999961853027,4.175658226013184,28100
2002-07-30,13.479999542236328,13.529999732971191,13.420000076293945,13.449999809265137,4.147900581359863,26100
2002-07-31,13.479999542236328,13.529999732971191,13.460000038146973,13.529999732971191,4.172573566436768,21900
2002-08-01,13.470000267028809,13.710000038146973,13.470000267028809,13.710000038146973,4.228085517883301,15600
2002-08-02,13.6899995803833,13.770000457763672,13.6899995803833,13.770000457763672,4.246588230133057,27300
2002-08-05,13.710000038146973,13.829999923706055,13.710000038146973,13.829999923706055,4.265090465545654,16700
2002-08-06,13.84000015258789,13.930000305175781,13.84000015258789,13.899999618530273,4.286680221557617,16500
2002-08-07,13.920000076293945,13.960000038146973,13.859999656677246,13.960000038146973,4.305184364318848,17000
2002-08-08,13.960000038146973,13.960000038146973,13.760000228881836,13.84000015258789,4.268176078796387,17600
2002-08-09,13.850000381469727,13.899999618530273,13.699999809265137,13.75,4.240423679351807,33300
2002-08-12,13.75,13.8100004196167,13.75,13.8100004196167,4.258923530578613,19200
2002-08-13,13.8100004196167,13.880000114440918,13.800000190734863,13.859999656677246,4.274340629577637,34100
2002-08-14,13.800000190734863,13.829999923706055,13.789999961853027,13.819999694824219,4.26201057434082,10300
2002-08-15,13.710000038146973,13.800000190734863,13.710000038146973,13.789999961853027,4.275959491729736,13000
2002-08-16,13.800000190734863,13.880000114440918,13.770000457763672,13.8100004196167,4.282163143157959,18300
2002-08-19,13.789999961853027,13.890000343322754,13.789999961853027,13.84000015258789,4.291464805603027,8300
2002-08-20,13.829999923706055,13.890000343322754,13.800000190734863,13.800000190734863,4.279062747955322,13000
2002-08-21,13.800000190734863,13.800000190734863,13.710000038146973,13.720000267028809,4.2542572021484375,17800
2002-08-22,13.710000038146973,13.75,13.699999809265137,13.699999809265137,4.248050689697266,24900
2002-08-23,13.699999809265137,13.770000457763672,13.699999809265137,13.729999542236328,4.257358074188232,19300
2002-08-26,13.75,13.779999732971191,13.699999809265137,13.779999732971191,4.272862434387207,18400
2002-08-27,13.75,13.75,13.65999984741211,13.710000038146973,4.251155376434326,31800
2002-08-28,13.6899995803833,13.779999732971191,13.65999984741211,13.699999809265137,4.248050689697266,18300
2002-08-29,13.75,13.789999961853027,13.75,13.789999961853027,4.275959491729736,3400
2002-08-30,13.779999732971191,13.880000114440918,13.770000457763672,13.880000114440918,4.303868770599365,19700
2002-09-03,13.869999885559082,13.9399995803833,13.84000015258789,13.9399995803833,4.322473526000977,8000
2002-09-04,13.899999618530273,13.989999771118164,13.899999618530273,13.949999809265137,4.3255720138549805,18200
2002-09-05,13.949999809265137,14.0,13.880000114440918,13.949999809265137,4.3255720138549805,22700
2002-09-06,13.949999809265137,13.949999809265137,13.899999618530273,13.90999984741211,4.313167572021484,13100
2002-09-09,13.949999809265137,14.020000457763672,13.899999618530273,13.979999542236328,4.334873199462891,18300
2002-09-10,13.899999618530273,14.050000190734863,13.899999618530273,14.0,4.341079235076904,18500
2002-09-11,13.90999984741211,13.949999809265137,13.899999618530273,13.899999618530273,4.310069561004639,14200
2002-09-12,13.9399995803833,13.949999809265137,13.899999618530273,13.90999984741211,4.313167572021484,13200
2002-09-13,13.829999923706055,13.880000114440918,13.8100004196167,13.8100004196167,4.305377006530762,25900
2002-09-16,13.8100004196167,13.850000381469727,13.800000190734863,13.8100004196167,4.305377006530762,17600
2002-09-17,13.84000015258789,13.880000114440918,13.8100004196167,13.859999656677246,4.3209638595581055,17300
2002-09-18,13.859999656677246,13.880000114440918,13.8100004196167,13.84000015258789,4.314728260040283,22800
2002-09-19,13.84000015258789,13.880000114440918,13.829999923706055,13.880000114440918,4.327197551727295,10800
2002-09-20,13.850000381469727,13.920000076293945,13.850000381469727,13.890000343322754,4.330316066741943,17500
2002-09-23,13.880000114440918,13.9399995803833,13.880000114440918,13.9399995803833,4.3459038734436035,19900
2002-09-24,13.949999809265137,13.949999809265137,13.859999656677246,13.859999656677246,4.3209638595581055,14200
2002-09-25,13.850000381469727,13.899999618530273,13.84000015258789,13.890000343322754,4.330316066741943,18100
2002-09-26,13.899999618530273,13.90999984741211,13.850000381469727,13.899999618530273,4.333434104919434,13300
2002-09-27,13.899999618530273,13.949999809265137,13.829999923706055,13.890000343322754,4.330316066741943,21500
2002-09-30,13.899999618530273,14.0,13.899999618530273,13.989999771118164,4.361489772796631,30500
2002-10-01,13.9399995803833,14.029999732971191,13.899999618530273,13.979999542236328,4.358372688293457,20200
2002-10-02,14.029999732971191,14.0600004196167,14.0,14.0,4.364610195159912,42900
2002-10-03,13.979999542236328,14.09000015258789,13.979999542236328,14.0600004196167,4.383319854736328,23000
2002-10-04,14.029999732971191,14.09000015258789,14.020000457763672,14.020000457763672,4.370846271514893,16700
2002-10-07,14.020000457763672,14.079999923706055,14.020000457763672,14.079999923706055,4.389551639556885,13600
2002-10-08,14.029999732971191,14.079999923706055,13.949999809265137,14.029999732971191,4.37396240234375,26600
2002-10-09,14.0,14.09000015258789,14.0,14.0,4.364610195159912,26400
2002-10-10,14.0,14.050000190734863,13.949999809265137,13.949999809265137,4.349020957946777,17600
2002-10-11,13.949999809265137,13.970000267028809,13.800000190734863,13.890000343322754,4.330316066741943,30800
2002-10-14,13.829999923706055,13.850000381469727,13.739999771118164,13.819999694824219,4.308492660522461,18400
2002-10-15,13.720000267028809,13.880000114440918,13.710000038146973,13.739999771118164,4.283550262451172,45100
2002-10-16,13.699999809265137,13.75,13.699999809265137,13.710000038146973,4.298604488372803,59100
2002-10-17,13.699999809265137,13.729999542236328,13.170000076293945,13.170000076293945,4.129293441772461,65200
2002-10-18,13.270000457763672,13.270000457763672,13.010000228881836,13.109999656677246,4.110479354858398,28500
2002-10-21,13.039999961853027,13.079999923706055,12.800000190734863,12.800000190734863,4.013286113739014,57600
2002-10-22,12.800000190734863,12.970000267028809,12.739999771118164,12.770000457763672,4.003876209259033,54500
2002-10-23,12.819999694824219,12.880000114440918,12.779999732971191,12.850000381469727,4.028960227966309,54800
2002-10-24,12.859999656677246,13.0,12.84000015258789,13.0,4.075990676879883,57000
2002-10-25,13.0600004196167,13.149999618530273,13.0,13.149999618530273,4.123019695281982,24000
2002-10-28,13.149999618530273,13.270000457763672,13.109999656677246,13.220000267028809,4.144969940185547,17000
2002-10-29,13.25,13.329999923706055,13.25,13.260000228881836,4.157512664794922,48400
2002-10-30,13.260000228881836,13.300000190734863,13.199999809265137,13.220000267028809,4.144969940185547,19200
2002-10-31,13.239999771118164,13.359999656677246,13.239999771118164,13.359999656677246,4.188863754272461,25800
2002-11-01,13.350000381469727,13.369999885559082,13.239999771118164,13.319999694824219,4.176323890686035,24000
2002-11-04,13.3100004196167,13.399999618530273,13.25,13.350000381469727,4.185731887817383,51100
2002-11-05,13.359999656677246,13.40999984741211,13.319999694824219,13.319999694824219,4.176323890686035,20600
2002-11-06,13.329999923706055,13.399999618530273,13.3100004196167,13.329999923706055,4.179459571838379,10500
2002-11-07,13.350000381469727,13.510000228881836,13.350000381469727,13.510000228881836,4.235896587371826,9800
2002-11-08,13.510000228881836,13.550000190734863,13.350000381469727,13.350000381469727,4.185731887817383,18000
2002-11-11,13.449999809265137,13.609999656677246,13.449999809265137,13.5,4.232761383056641,17600
2002-11-12,13.430000305175781,13.550000190734863,13.430000305175781,13.550000190734863,4.273126602172852,12800
2002-11-13,13.550000190734863,13.550000190734863,13.350000381469727,13.350000381469727,4.210055828094482,37700
2002-11-14,13.270000457763672,13.399999618530273,13.270000457763672,13.300000190734863,4.194286346435547,26300
2002-11-15,13.199999809265137,13.220000267028809,13.069999694824219,13.149999618530273,4.146982192993164,33400
2002-11-18,13.1899995803833,13.3100004196167,13.149999618530273,13.239999771118164,4.175364017486572,15500
2002-11-19,13.210000038146973,13.279999732971191,13.199999809265137,13.279999732971191,4.187979221343994,20500
2002-11-20,13.220000267028809,13.34000015258789,13.220000267028809,13.25,4.178518295288086,18600
2002-11-21,13.229999542236328,13.229999542236328,13.029999732971191,13.1899995803833,4.159598350524902,25600
2002-11-22,13.220000267028809,13.220000267028809,13.050000190734863,13.100000381469727,4.131213665008545,18300
2002-11-25,13.039999961853027,13.09000015258789,12.880000114440918,12.979999542236328,4.093375205993652,45800
2002-11-26,12.960000038146973,13.09000015258789,12.930000305175781,13.0600004196167,4.1186017990112305,23800
2002-11-27,13.050000190734863,13.09000015258789,12.979999542236328,13.069999694824219,4.121752738952637,38400
2002-11-29,13.079999923706055,13.149999618530273,13.069999694824219,13.149999618530273,4.146982192993164,14100
2002-12-02,13.100000381469727,13.199999809265137,13.100000381469727,13.199999809265137,4.162750244140625,19900
2002-12-03,13.199999809265137,13.25,13.149999618530273,13.25,4.178518295288086,22300
2002-12-04,13.229999542236328,13.390000343322754,13.15999984741211,13.369999885559082,4.216357707977295,31600
2002-12-05,13.34000015258789,13.40999984741211,13.34000015258789,13.380000114440918,4.219513893127441,17300
2002-12-06,13.359999656677246,13.460000038146973,13.359999656677246,13.359999656677246,4.213208198547363,26900
2002-12-09,13.34000015258789,13.359999656677246,13.170000076293945,13.239999771118164,4.175364017486572,34200
2002-12-10,13.289999961853027,13.289999961853027,13.100000381469727,13.180000305175781,4.156441688537598,26600
2002-12-11,13.1899995803833,13.1899995803833,13.020000457763672,13.039999961853027,4.136776447296143,46500
2002-12-12,13.109999656677246,13.109999656677246,13.0,13.020000457763672,4.13043212890625,29100
2002-12-13,13.0600004196167,13.149999618530273,13.029999732971191,13.149999618530273,4.171672344207764,33200
2002-12-16,13.15999984741211,13.239999771118164,12.949999809265137,12.949999809265137,4.108222961425781,48500
2002-12-17,12.960000038146973,13.079999923706055,12.949999809265137,13.0,4.124084949493408,27100
2002-12-18,12.970000267028809,13.149999618530273,12.970000267028809,13.149999618530273,4.171672344207764,49800
2002-12-19,13.140000343322754,13.25,13.130000114440918,13.25,4.203395843505859,14300
2002-12-20,13.25,13.329999923706055,13.170000076293945,13.260000228881836,4.206567287445068,24800
2002-12-23,13.260000228881836,13.300000190734863,13.229999542236328,13.229999542236328,4.197048187255859,37300
2002-12-24,13.279999732971191,13.279999732971191,13.25,13.279999732971191,4.212908744812012,6300
2002-12-26,13.25,13.300000190734863,13.25,13.300000190734863,4.219254493713379,4900
2002-12-27,13.289999961853027,13.399999618530273,13.270000457763672,13.380000114440918,4.244637489318848,33800
2002-12-30,13.359999656677246,13.470000267028809,13.350000381469727,13.420000076293945,4.257325649261475,25000
2002-12-31,13.420000076293945,13.569999694824219,13.399999618530273,13.569999694824219,4.304910182952881,22800
2003-01-02,13.520000457763672,13.550000190734863,13.430000305175781,13.539999961853027,4.295392036437988,22600
2003-01-03,13.5,13.59000015258789,13.430000305175781,13.59000015258789,4.311257362365723,16600
2003-01-06,13.550000190734863,13.619999885559082,13.510000228881836,13.539999961853027,4.295392036437988,23000
2003-01-07,13.5600004196167,13.5600004196167,13.399999618530273,13.420000076293945,4.257325649261475,21200
2003-01-08,13.430000305175781,13.470000267028809,13.329999923706055,13.470000267028809,4.273186683654785,20900
2003-01-09,13.329999923706055,13.399999618530273,13.220000267028809,13.25,4.203395843505859,58500
2003-01-10,13.199999809265137,13.260000228881836,13.079999923706055,13.079999923706055,4.1494622230529785,50500
2003-01-13,13.09000015258789,13.100000381469727,13.029999732971191,13.039999961853027,4.136776447296143,41300
2003-01-14,12.949999809265137,13.050000190734863,12.9399995803833,13.010000228881836,4.152094841003418,50800
2003-01-15,13.069999694824219,13.09000015258789,13.029999732971191,13.079999923706055,4.174434185028076,25700
2003-01-16,13.0600004196167,13.100000381469727,13.050000190734863,13.0600004196167,4.16805362701416,19300
2003-01-17,13.069999694824219,13.130000114440918,13.0600004196167,13.130000114440918,4.190392971038818,15300
2003-01-21,13.130000114440918,13.170000076293945,13.079999923706055,13.109999656677246,4.184009552001953,17000
2003-01-22,13.119999885559082,13.199999809265137,13.109999656677246,13.180000305175781,4.20634651184082,14000
2003-01-23,13.130000114440918,13.1899995803833,13.109999656677246,13.1899995803833,4.20953893661499,12800
2003-01-24,13.210000038146973,13.289999961853027,13.210000038146973,13.289999961853027,4.241456031799316,22400
2003-01-27,13.289999961853027,13.289999961853027,13.149999618530273,13.239999771118164,4.225499629974365,27900
2003-01-28,13.210000038146973,13.25,13.1899995803833,13.220000267028809,4.219113826751709,25400
2003-01-29,13.229999542236328,13.300000190734863,13.220000267028809,13.270000457763672,4.2350687980651855,18100
2003-01-30,13.25,13.319999694824219,13.220000267028809,13.3100004196167,4.247837543487549,19000
2003-01-31,13.3100004196167,13.350000381469727,13.279999732971191,13.319999694824219,4.251028537750244,28300
2003-02-03,13.3100004196167,13.34000015258789,13.3100004196167,13.329999923706055,4.254219055175781,31600
2003-02-04,13.34000015258789,13.369999885559082,13.300000190734863,13.359999656677246,4.263796329498291,33500
2003-02-05,13.319999694824219,13.359999656677246,13.3100004196167,13.350000381469727,4.260603427886963,18000
2003-02-06,13.319999694824219,13.399999618530273,13.319999694824219,13.359999656677246,4.263796329498291,27700
2003-02-07,13.369999885559082,13.579999923706055,13.369999885559082,13.569999694824219,4.330815315246582,108300
2003-02-10,13.550000190734863,13.649999618530273,13.550000190734863,13.649999618530273,4.356348514556885,51900
2003-02-11,13.65999984741211,13.729999542236328,13.65999984741211,13.720000267028809,4.378687858581543,43300
2003-02-12,13.630000114440918,13.739999771118164,13.630000114440918,13.649999618530273,4.382863521575928,13700
2003-02-13,13.75,13.770000457763672,13.550000190734863,13.600000381469727,4.366807460784912,34300
2003-02-14,13.640000343322754,13.729999542236328,13.529999732971191,13.729999542236328,4.408551216125488,19400
2003-02-18,13.729999542236328,13.779999732971191,13.649999618530273,13.65999984741211,4.386072158813477,21300
2003-02-19,13.699999809265137,13.739999771118164,13.579999923706055,13.729999542236328,4.408551216125488,47100
2003-02-20,13.739999771118164,13.760000228881836,13.630000114440918,13.760000228881836,4.4181809425354,40500
2003-02-21,13.770000457763672,13.800000190734863,13.619999885559082,13.649999618530273,4.382863521575928,40100
2003-02-24,13.65999984741211,13.739999771118164,13.65999984741211,13.720000267028809,4.405338764190674,18400
2003-02-25,13.649999618530273,13.770000457763672,13.609999656677246,13.729999542236328,4.408551216125488,31300
2003-02-26,13.779999732971191,13.890000343322754,13.779999732971191,13.800000190734863,4.431025981903076,15600
2003-02-27,13.75,13.880000114440918,13.75,13.850000381469727,4.447080135345459,21400
2003-02-28,13.859999656677246,13.930000305175781,13.859999656677246,13.899999618530273,4.463134765625,40400
2003-03-03,13.9399995803833,13.970000267028809,13.869999885559082,13.869999885559082,4.453499794006348,24800
2003-03-04,13.930000305175781,13.989999771118164,13.890000343322754,13.960000038146973,4.482399940490723,29800
2003-03-05,13.989999771118164,14.0,13.899999618530273,13.930000305175781,4.472766399383545,21700
2003-03-06,13.899999618530273,13.979999542236328,13.899999618530273,13.979999542236328,4.488821983337402,14800
2003-03-07,14.0,14.0,13.859999656677246,13.920000076293945,4.469554424285889,42000
2003-03-10,13.869999885559082,14.0,13.869999885559082,13.949999809265137,4.479185581207275,33500
2003-03-11,14.010000228881836,14.0600004196167,13.960000038146973,14.0,4.495242118835449,27000
2003-03-12,14.069999694824219,14.09000015258789,14.029999732971191,14.09000015258789,4.524141311645508,15800
2003-03-13,14.0,14.039999961853027,13.899999618530273,14.010000228881836,4.525108814239502,62800
2003-03-14,13.970000267028809,13.979999542236328,13.880000114440918,13.90999984741211,4.492811679840088,13500
2003-03-17,13.920000076293945,14.09000015258789,13.869999885559082,14.050000190734863,4.538032531738281,45500
2003-03-18,13.949999809265137,14.020000457763672,13.899999618530273,13.979999542236328,4.515418529510498,30000
2003-03-19,13.989999771118164,13.989999771118164,13.819999694824219,13.899999618530273,4.489580154418945,37200
2003-03-20,13.899999618530273,13.9399995803833,13.760000228881836,13.84000015258789,4.470200538635254,40200
2003-03-21,13.739999771118164,13.800000190734863,13.680000305175781,13.789999961853027,4.454051494598389,31800
2003-03-24,13.720000267028809,13.829999923706055,13.710000038146973,13.829999923706055,4.466972351074219,12100
2003-03-25,13.899999618530273,14.010000228881836,13.859999656677246,13.930000305175781,4.499269962310791,16400
2003-03-26,13.989999771118164,14.029999732971191,13.949999809265137,14.010000228881836,4.525108814239502,17400
2003-03-27,14.0,14.039999961853027,13.970000267028809,14.010000228881836,4.525108814239502,13000
2003-03-28,14.020000457763672,14.100000381469727,14.020000457763672,14.079999923706055,4.5477190017700195,13300
2003-03-31,14.010000228881836,14.020000457763672,13.970000267028809,13.979999542236328,4.515418529510498,30800
2003-04-01,13.989999771118164,14.010000228881836,13.949999809265137,13.970000267028809,4.512191295623779,27400
2003-04-02,13.890000343322754,13.949999809265137,13.850000381469727,13.880000114440918,4.483121395111084,29500
2003-04-03,13.869999885559082,13.920000076293945,13.84000015258789,13.850000381469727,4.473430633544922,20200
2003-04-04,13.890000343322754,13.890000343322754,13.829999923706055,13.829999923706055,4.466972351074219,9100
2003-04-07,13.8100004196167,13.84000015258789,13.760000228881836,13.779999732971191,4.4508209228515625,26000
2003-04-08,13.789999961853027,13.84000015258789,13.739999771118164,13.800000190734863,4.457282543182373,22700
2003-04-09,13.770000457763672,13.930000305175781,13.770000457763672,13.859999656677246,4.476661682128906,15800
2003-04-10,13.859999656677246,13.989999771118164,13.859999656677246,13.989999771118164,4.518650531768799,19000
2003-04-11,13.890000343322754,13.949999809265137,13.880000114440918,13.949999809265137,4.505731105804443,38500
2003-04-14,13.890000343322754,13.949999809265137,13.890000343322754,13.930000305175781,4.526202201843262,12600
2003-04-15,13.960000038146973,13.960000038146973,13.899999618530273,13.9399995803833,4.5294508934021,24600
2003-04-16,13.979999542236328,14.0,13.920000076293945,13.970000267028809,4.539201736450195,26400
2003-04-17,13.989999771118164,14.050000190734863,13.989999771118164,14.029999732971191,4.558694839477539,29000
2003-04-21,14.079999923706055,14.079999923706055,13.960000038146973,14.0,4.548943519592285,22000
2003-04-22,14.079999923706055,14.09000015258789,13.949999809265137,14.020000457763672,4.55544376373291,44100
2003-04-23,14.029999732971191,14.079999923706055,14.0,14.039999961853027,4.561944961547852,21300
2003-04-24,14.079999923706055,14.15999984741211,14.050000190734863,14.119999885559082,4.587933540344238,23500
2003-04-25,14.140000343322754,14.199999809265137,14.119999885559082,14.170000076293945,4.60418176651001,14500
2003-04-28,14.109999656677246,14.199999809265137,14.069999694824219,14.09000015258789,4.578190803527832,47400
2003-04-29,14.100000381469727,14.119999885559082,14.100000381469727,14.119999885559082,4.587933540344238,13700
2003-04-30,14.079999923706055,14.15999984741211,14.079999923706055,14.15999984741211,4.600934982299805,42000
2003-05-01,14.170000076293945,14.239999771118164,14.170000076293945,14.170000076293945,4.60418176651001,26200
2003-05-02,14.239999771118164,14.300000190734863,14.1899995803833,14.289999961853027,4.6431732177734375,22900
2003-05-05,14.300000190734863,14.350000381469727,14.300000190734863,14.329999923706055,4.656169414520264,12000
2003-05-06,14.34000015258789,14.420000076293945,14.300000190734863,14.34000015258789,4.659419059753418,29600
2003-05-07,14.380000114440918,14.380000114440918,14.319999694824219,14.380000114440918,4.672414779663086,15900
2003-05-08,14.329999923706055,14.5600004196167,14.329999923706055,14.550000190734863,4.727660179138184,23200
2003-05-09,14.449999809265137,14.649999618530273,14.449999809265137,14.510000228881836,4.714656829833984,42100
2003-05-12,14.59000015258789,14.59000015258789,14.460000038146973,14.5600004196167,4.730905532836914,31500
2003-05-13,14.649999618530273,14.75,14.630000114440918,14.75,4.792639255523682,25100
2003-05-14,14.5,14.649999618530273,14.5,14.579999923706055,4.764211654663086,55700
2003-05-15,14.550000190734863,14.619999885559082,14.529999732971191,14.539999961853027,4.751141548156738,22700
2003-05-16,14.59000015258789,14.75,14.550000190734863,14.649999618530273,4.787084102630615,24500
2003-05-19,14.75,14.779999732971191,14.550000190734863,14.670000076293945,4.7936177253723145,37200
2003-05-20,14.720000267028809,14.720000267028809,14.619999885559082,14.699999809265137,4.803421974182129,21000
2003-05-21,14.739999771118164,14.850000381469727,14.699999809265137,14.789999961853027,4.83282995223999,35100
2003-05-22,14.760000228881836,14.8100004196167,14.699999809265137,14.75,4.819760322570801,61300
2003-05-23,14.800000190734863,14.84000015258789,14.779999732971191,14.84000015258789,4.849166393280029,22600
2003-05-27,14.760000228881836,14.850000381469727,14.760000228881836,14.8100004196167,4.839370250701904,30200
2003-05-28,14.869999885559082,14.899999618530273,14.8100004196167,14.850000381469727,4.852434158325195,39900
2003-05-29,14.890000343322754,14.930000305175781,14.850000381469727,14.869999885559082,4.858975410461426,30000
2003-05-30,14.899999618530273,14.949999809265137,14.869999885559082,14.880000114440918,4.862238883972168,32500
2003-06-02,14.9399995803833,15.050000190734863,14.930000305175781,15.020000457763672,4.907986640930176,13200
2003-06-03,15.029999732971191,15.050000190734863,14.960000038146973,15.0,4.901451110839844,19900
2003-06-04,15.0,15.0,14.90999984741211,14.920000076293945,4.875308513641357,36000
2003-06-05,14.9399995803833,15.020000457763672,14.90999984741211,14.9399995803833,4.8818464279174805,58600
2003-06-06,14.970000267028809,15.0,14.920000076293945,14.979999542236328,4.894918441772461,29200
2003-06-09,14.9399995803833,15.010000228881836,14.930000305175781,14.949999809265137,4.885112285614014,19800
2003-06-10,14.989999771118164,15.0,14.869999885559082,14.930000305175781,4.878578186035156,51200
2003-06-11,14.979999542236328,14.989999771118164,14.920000076293945,14.960000038146973,4.888381481170654,28900
2003-06-12,14.859999656677246,15.020000457763672,14.859999656677246,14.899999618530273,4.896268844604492,52200
2003-06-13,14.819999694824219,14.960000038146973,14.819999694824219,14.920000076293945,4.902838230133057,39700
2003-06-16,14.829999923706055,14.899999618530273,14.800000190734863,14.899999618530273,4.896268844604492,64800
2003-06-17,14.890000343322754,14.890000343322754,14.789999961853027,14.829999923706055,4.873263835906982,45700
2003-06-18,14.739999771118164,14.850000381469727,14.739999771118164,14.770000457763672,4.853546619415283,73300
2003-06-19,14.760000228881836,14.84000015258789,14.739999771118164,14.739999771118164,4.843688011169434,37900
2003-06-20,14.550000190734863,14.720000267028809,14.539999961853027,14.609999656677246,4.800971984863281,95100
2003-06-23,14.619999885559082,14.649999618530273,14.369999885559082,14.479999542236328,4.758253574371338,60500
2003-06-24,14.520000457763672,14.539999961853027,14.449999809265137,14.449999809265137,4.7483930587768555,24200
2003-06-25,14.460000038146973,14.600000381469727,14.460000038146973,14.510000228881836,4.768110752105713,28800
2003-06-26,14.5600004196167,14.649999618530273,14.550000190734863,14.600000381469727,4.7976861000061035,29000
2003-06-27,14.640000343322754,14.729999542236328,14.579999923706055,14.729999542236328,4.840404033660889,22400
2003-06-30,14.75,14.789999961853027,14.680000305175781,14.770000457763672,4.853546619415283,40000
2003-07-01,14.84000015258789,14.84000015258789,14.640000343322754,14.770000457763672,4.853546619415283,28400
2003-07-02,14.800000190734863,14.890000343322754,14.789999961853027,14.850000381469727,4.879833221435547,25900
2003-07-03,14.899999618530273,14.899999618530273,14.600000381469727,14.600000381469727,4.7976861000061035,20600
2003-07-07,14.680000305175781,14.680000305175781,14.529999732971191,14.579999923706055,4.791116237640381,35000
2003-07-08,14.609999656677246,14.6899995803833,14.529999732971191,14.529999732971191,4.774680137634277,34700
2003-07-09,14.569999694824219,14.600000381469727,14.489999771118164,14.539999961853027,4.77796745300293,29000
2003-07-10,14.550000190734863,14.569999694824219,14.460000038146973,14.529999732971191,4.774680137634277,43200
2003-07-11,14.529999732971191,14.529999732971191,14.420000076293945,14.5,4.764822959899902,44900
2003-07-14,14.5,14.529999732971191,14.470000267028809,14.520000457763672,4.771399021148682,16100
2003-07-15,14.380000114440918,14.420000076293945,14.199999809265137,14.239999771118164,4.7066168785095215,79000
2003-07-16,14.15999984741211,14.15999984741211,13.789999961853027,13.869999885559082,4.584322452545166,129800
2003-07-17,13.869999885559082,13.899999618530273,13.699999809265137,13.739999771118164,4.54135274887085,91700
2003-07-18,13.779999732971191,13.859999656677246,13.670000076293945,13.859999656677246,4.581015586853027,58000
2003-07-21,13.930000305175781,13.930000305175781,13.75,13.75,4.544659614562988,43600
2003-07-22,13.699999809265137,13.880000114440918,13.699999809265137,13.880000114440918,4.587625980377197,38700
2003-07-23,13.850000381469727,14.0,13.819999694824219,13.890000343322754,4.590933799743652,55500
2003-07-24,13.890000343322754,13.920000076293945,13.760000228881836,13.789999961853027,4.5578789710998535,43800
2003-07-25,13.84000015258789,13.869999885559082,13.760000228881836,13.800000190734863,4.561187267303467,44500
2003-07-28,13.710000038146973,13.75,13.569999694824219,13.579999923706055,4.488465785980225,62000
2003-07-29,13.579999923706055,13.579999923706055,13.369999885559082,13.4399995803833,4.442198276519775,100100
2003-07-30,13.539999961853027,13.729999542236328,13.5,13.649999618530273,4.5116047859191895,46800
2003-07-31,13.649999618530273,13.75,13.579999923706055,13.699999809265137,4.528133392333984,100800
2003-08-01,13.640000343322754,13.789999961853027,13.640000343322754,13.789999961853027,4.5578789710998535,32600
2003-08-04,13.75,13.800000190734863,13.640000343322754,13.779999732971191,4.554574966430664,29300
2003-08-05,13.720000267028809,13.789999961853027,13.699999809265137,13.779999732971191,4.554574966430664,40100
2003-08-06,13.8100004196167,13.850000381469727,13.710000038146973,13.770000457763672,4.551270484924316,42400
2003-08-07,13.770000457763672,13.770000457763672,13.699999809265137,13.710000038146973,4.531437397003174,39800
2003-08-08,13.739999771118164,13.8100004196167,13.720000267028809,13.8100004196167,4.564489841461182,25400
2003-08-11,13.8100004196167,13.890000343322754,13.760000228881836,13.859999656677246,4.581015586853027,28900
2003-08-12,13.850000381469727,13.90999984741211,13.829999923706055,13.880000114440918,4.587625980377197,14400
2003-08-13,13.850000381469727,13.850000381469727,13.609999656677246,13.619999885559082,4.528773784637451,33400
2003-08-14,13.609999656677246,13.680000305175781,13.609999656677246,13.680000305175781,4.5487236976623535,39100
2003-08-15,13.710000038146973,13.720000267028809,13.65999984741211,13.6899995803833,4.552046775817871,6600
2003-08-18,13.720000267028809,13.729999542236328,13.65999984741211,13.65999984741211,4.542071342468262,17800
2003-08-19,13.649999618530273,13.75,13.649999618530273,13.739999771118164,4.568674564361572,26100
2003-08-20,13.739999771118164,13.800000190734863,13.699999809265137,13.789999961853027,4.585299968719482,26700
2003-08-21,13.789999961853027,13.800000190734863,13.720000267028809,13.75,4.571999549865723,23700
2003-08-22,13.699999809265137,13.779999732971191,13.699999809265137,13.739999771118164,4.568674564361572,20500
2003-08-25,13.779999732971191,13.779999732971191,13.699999809265137,13.760000228881836,4.575324058532715,22600
2003-08-26,13.770000457763672,13.770000457763672,13.680000305175781,13.680000305175781,4.5487236976623535,36900
2003-08-27,13.720000267028809,13.739999771118164,13.699999809265137,13.699999809265137,4.555373668670654,14300
2003-08-28,13.699999809265137,13.760000228881836,13.680000305175781,13.710000038146973,4.5587005615234375,19200
2003-08-29,13.75,13.779999732971191,13.6899995803833,13.75,4.571999549865723,33400
2003-09-02,13.779999732971191,13.850000381469727,13.670000076293945,13.850000381469727,4.605249404907227,48500
2003-09-03,13.859999656677246,13.880000114440918,13.819999694824219,13.819999694824219,4.595273017883301,31400
2003-09-04,13.8100004196167,13.869999885559082,13.8100004196167,13.819999694824219,4.595273017883301,21200
2003-09-05,13.859999656677246,13.920000076293945,13.819999694824219,13.869999885559082,4.611897945404053,21500
2003-09-08,13.890000343322754,13.90999984741211,13.819999694824219,13.899999618530273,4.6218743324279785,55600
2003-09-09,13.899999618530273,13.979999542236328,13.850000381469727,13.979999542236328,4.648476600646973,23000
2003-09-10,14.0,14.0,13.920000076293945,13.979999542236328,4.648476600646973,25400
2003-09-11,13.979999542236328,13.989999771118164,13.920000076293945,13.949999809265137,4.638498306274414,36800
2003-09-12,13.949999809265137,14.050000190734863,13.90999984741211,14.0,4.68400239944458,14700
2003-09-15,14.050000190734863,14.050000190734863,13.949999809265137,13.989999771118164,4.680656433105469,24800
2003-09-16,13.979999542236328,14.050000190734863,13.979999542236328,14.050000190734863,4.700733661651611,27500
2003-09-17,14.079999923706055,14.09000015258789,14.010000228881836,14.010000228881836,4.687347412109375,26300
2003-09-18,14.069999694824219,14.079999923706055,14.0,14.010000228881836,4.687347412109375,15600
2003-09-19,14.079999923706055,14.130000114440918,14.039999961853027,14.130000114440918,4.72749662399292,14200
2003-09-22,14.109999656677246,14.119999885559082,14.050000190734863,14.100000381469727,4.717460632324219,39900
2003-09-23,14.100000381469727,14.149999618530273,14.100000381469727,14.119999885559082,4.724148273468018,11500
2003-09-24,14.119999885559082,14.170000076293945,14.119999885559082,14.140000343322754,4.730841636657715,12200
2003-09-25,14.15999984741211,14.180000305175781,14.130000114440918,14.15999984741211,4.737533092498779,18900
2003-09-26,14.180000305175781,14.239999771118164,14.170000076293945,14.170000076293945,4.740878105163574,19500
2003-09-29,14.229999542236328,14.260000228881836,14.199999809265137,14.229999542236328,4.760951995849609,7200
2003-09-30,14.270000457763672,14.380000114440918,14.229999542236328,14.369999885559082,4.807793140411377,31600
2003-10-01,14.350000381469727,14.359999656677246,14.300000190734863,14.300000190734863,4.784375190734863,29300
2003-10-02,14.239999771118164,14.289999961853027,14.1899995803833,14.289999961853027,4.781026840209961,33100
2003-10-03,14.289999961853027,14.289999961853027,14.180000305175781,14.229999542236328,4.760951995849609,12400
2003-10-06,14.270000457763672,14.270000457763672,14.15999984741211,14.1899995803833,4.74757194519043,22700
2003-10-07,14.229999542236328,14.300000190734863,14.229999542236328,14.279999732971191,4.777684688568115,19600
2003-10-08,14.3100004196167,14.350000381469727,14.270000457763672,14.329999923706055,4.794408321380615,27500
2003-10-09,14.329999923706055,14.34000015258789,14.270000457763672,14.289999961853027,4.781026840209961,21700
2003-10-10,14.319999694824219,14.319999694824219,14.1899995803833,14.260000228881836,4.770988941192627,31400
2003-10-13,14.279999732971191,14.279999732971191,14.199999809265137,14.25,4.767646789550781,24400
2003-10-14,14.180000305175781,14.260000228881836,14.180000305175781,14.229999542236328,4.760951995849609,22900
2003-10-15,14.140000343322754,14.180000305175781,14.09000015258789,14.140000343322754,4.759605884552002,18900
2003-10-16,14.170000076293945,14.1899995803833,14.109999656677246,14.140000343322754,4.759605884552002,16900
2003-10-17,14.15999984741211,14.180000305175781,14.119999885559082,14.149999618530273,4.762970924377441,12200
2003-10-20,14.15999984741211,14.15999984741211,14.079999923706055,14.079999923706055,4.739412784576416,15600
2003-10-21,14.109999656677246,14.130000114440918,14.069999694824219,14.09000015258789,4.74277925491333,26400
2003-10-22,14.130000114440918,14.199999809265137,14.109999656677246,14.15999984741211,4.766340255737305,25100
2003-10-23,14.199999809265137,14.220000267028809,14.149999618530273,14.1899995803833,4.77644157409668,6600
2003-10-24,14.1899995803833,14.210000038146973,14.149999618530273,14.149999618530273,4.762970924377441,14200
2003-10-27,14.220000267028809,14.229999542236328,14.140000343322754,14.229999542236328,4.789900302886963,35000
2003-10-28,14.229999542236328,14.239999771118164,14.180000305175781,14.229999542236328,4.789900302886963,13800
2003-10-29,14.239999771118164,14.319999694824219,14.210000038146973,14.260000228881836,4.799999237060547,20900
2003-10-30,14.279999732971191,14.279999732971191,14.210000038146973,14.220000267028809,4.786534786224365,8200
2003-10-31,14.199999809265137,14.279999732971191,14.180000305175781,14.260000228881836,4.799999237060547,58300
2003-11-03,14.279999732971191,14.350000381469727,14.229999542236328,14.350000381469727,4.830292701721191,19000
2003-11-04,14.350000381469727,14.399999618530273,14.34000015258789,14.399999618530273,4.8471245765686035,31300
2003-11-05,14.350000381469727,14.40999984741211,14.34000015258789,14.350000381469727,4.830292701721191,26000
2003-11-06,14.399999618530273,14.40999984741211,14.300000190734863,14.300000190734863,4.813465118408203,52100
2003-11-07,14.329999923706055,14.329999923706055,14.239999771118164,14.239999771118164,4.793267250061035,20100
2003-11-10,14.239999771118164,14.270000457763672,14.1899995803833,14.270000457763672,4.803368091583252,20800
2003-11-11,14.270000457763672,14.350000381469727,14.229999542236328,14.300000190734863,4.813465118408203,15000
2003-11-12,14.289999961853027,14.34000015258789,14.229999542236328,14.270000457763672,4.832430362701416,26800
2003-11-13,14.329999923706055,14.359999656677246,14.25,14.289999961853027,4.839200496673584,14800
2003-11-14,14.319999694824219,14.319999694824219,14.229999542236328,14.229999542236328,4.818881988525391,34300
2003-11-17,14.220000267028809,14.359999656677246,14.220000267028809,14.25,4.825656890869141,25100
2003-11-18,14.220000267028809,14.34000015258789,14.220000267028809,14.279999732971191,4.835813045501709,22200
2003-11-19,14.289999961853027,14.34000015258789,14.210000038146973,14.210000038146973,4.81210994720459,23100
2003-11-20,14.210000038146973,14.420000076293945,14.210000038146973,14.25,4.825656890869141,40500
2003-11-21,14.229999542236328,14.34000015258789,14.229999542236328,14.289999961853027,4.839200496673584,16100
2003-11-24,14.300000190734863,14.329999923706055,14.25,14.279999732971191,4.835813045501709,20300
2003-11-25,14.300000190734863,14.350000381469727,14.279999732971191,14.319999694824219,4.849356174468994,36300
2003-11-26,14.300000190734863,14.350000381469727,14.260000228881836,14.319999694824219,4.849356174468994,20300
2003-11-28,14.34000015258789,14.479999542236328,14.34000015258789,14.380000114440918,4.869678020477295,17700
2003-12-01,14.350000381469727,14.399999618530273,14.300000190734863,14.390000343322754,4.873067855834961,17600
2003-12-02,14.390000343322754,14.4399995803833,14.3100004196167,14.359999656677246,4.862908363342285,39300
2003-12-03,14.350000381469727,14.399999618530273,14.3100004196167,14.369999885559082,4.866294860839844,25000
2003-12-04,14.350000381469727,14.470000267028809,14.319999694824219,14.430000305175781,4.886610507965088,22200
2003-12-05,14.470000267028809,14.529999732971191,14.399999618530273,14.520000457763672,4.917087554931641,32200
2003-12-08,14.5600004196167,14.619999885559082,14.5,14.609999656677246,4.947566509246826,14300
2003-12-09,14.640000343322754,14.720000267028809,14.5,14.5600004196167,4.930635929107666,38900
2003-12-10,14.600000381469727,14.600000381469727,14.520000457763672,14.600000381469727,4.944180011749268,13700
2003-12-11,14.539999961853027,14.619999885559082,14.539999961853027,14.619999885559082,4.950950622558594,17200
2003-12-12,14.550000190734863,14.640000343322754,14.539999961853027,14.640000343322754,4.957722187042236,12600
2003-12-15,14.520000457763672,14.5600004196167,14.5,14.550000190734863,4.956363677978516,26700
2003-12-16,14.529999732971191,14.550000190734863,14.489999771118164,14.5,4.939332962036133,21400
2003-12-17,14.5600004196167,14.600000381469727,14.520000457763672,14.550000190734863,4.956363677978516,26900
2003-12-18,14.520000457763672,14.579999923706055,14.5,14.529999732971191,4.949552536010742,28000
2003-12-19,14.529999732971191,14.579999923706055,14.5,14.520000457763672,4.94614315032959,18200
2003-12-22,14.600000381469727,14.6899995803833,14.529999732971191,14.550000190734863,4.956363677978516,26100
2003-12-23,14.539999961853027,14.600000381469727,14.5,14.5,4.939332962036133,32600
2003-12-24,14.5,14.5600004196167,14.489999771118164,14.5,4.939332962036133,22900
2003-12-26,14.479999542236328,14.579999923706055,14.479999542236328,14.579999923706055,4.966580867767334,5300
2003-12-29,14.579999923706055,14.630000114440918,14.550000190734863,14.630000114440918,4.983614921569824,8000
2003-12-30,14.640000343322754,14.649999618530273,14.569999694824219,14.649999618530273,4.990427494049072,9700
2003-12-31,14.640000343322754,14.699999809265137,14.600000381469727,14.699999809265137,5.007460594177246,25900
2004-01-02,14.699999809265137,14.75,14.65999984741211,14.75,5.0244903564453125,21000
2004-01-05,14.710000038146973,14.729999542236328,14.649999618530273,14.670000076293945,4.9972405433654785,27200
2004-01-06,14.65999984741211,14.739999771118164,14.65999984741211,14.699999809265137,5.007460594177246,10400
2004-01-07,14.729999542236328,14.729999542236328,14.670000076293945,14.710000038146973,5.010866641998291,26900
2004-01-08,14.710000038146973,14.75,14.680000305175781,14.6899995803833,5.004051208496094,15400
2004-01-09,14.670000076293945,14.9399995803833,14.670000076293945,14.8100004196167,5.044930458068848,44000
2004-01-12,14.829999923706055,14.880000114440918,14.829999923706055,14.869999885559082,5.065371036529541,40300
2004-01-13,14.850000381469727,15.050000190734863,14.84000015258789,15.039999961853027,5.123277187347412,66500
2004-01-14,15.0,15.100000381469727,14.960000038146973,15.069999694824219,5.163023471832275,48200
2004-01-15,15.140000343322754,15.149999618530273,15.069999694824219,15.079999923706055,5.166447639465332,51700
2004-01-16,15.079999923706055,15.149999618530273,15.069999694824219,15.109999656677246,5.176724433898926,24400
2004-01-20,15.109999656677246,15.170000076293945,15.109999656677246,15.170000076293945,5.197281360626221,25500
2004-01-21,15.170000076293945,15.210000038146973,15.140000343322754,15.140000343322754,5.1870012283325195,30900
2004-01-22,15.09000015258789,15.369999885559082,15.09000015258789,15.180000305175781,5.200705528259277,42200
2004-01-23,15.180000305175781,15.329999923706055,15.180000305175781,15.300000190734863,5.2418212890625,32100
2004-01-26,15.319999694824219,15.319999694824219,15.140000343322754,15.239999771118164,5.221264839172363,45100
2004-01-27,15.229999542236328,15.289999961853027,15.210000038146973,15.239999771118164,5.221264839172363,31700
2004-01-28,15.149999618530273,15.289999961853027,15.149999618530273,15.239999771118164,5.221264839172363,24200
2004-01-29,15.25,15.270000457763672,15.029999732971191,15.069999694824219,5.163023471832275,37100
2004-01-30,15.020000457763672,15.050000190734863,14.979999542236328,15.039999961853027,5.1527419090271,74700
2004-02-02,15.079999923706055,15.239999771118164,15.069999694824219,15.1899995803833,5.204131126403809,27100
2004-02-03,15.229999542236328,15.34000015258789,15.229999542236328,15.319999694824219,5.24867057800293,53900
2004-02-04,15.289999961853027,15.350000381469727,15.239999771118164,15.270000457763672,5.231543064117432,41000
2004-02-05,15.279999732971191,15.3100004196167,15.199999809265137,15.270000457763672,5.231543064117432,39900
2004-02-06,15.210000038146973,15.350000381469727,15.210000038146973,15.350000381469727,5.258950710296631,51300
2004-02-09,15.350000381469727,15.4399995803833,15.350000381469727,15.399999618530273,5.276078224182129,25400
2004-02-10,15.390000343322754,15.449999809265137,15.369999885559082,15.449999809265137,5.293208599090576,36100
2004-02-11,15.399999618530273,15.470000267028809,15.380000114440918,15.4399995803833,5.321470260620117,24600
2004-02-12,15.449999809265137,15.489999771118164,15.380000114440918,15.399999618530273,5.307686805725098,35000
2004-02-13,15.4399995803833,15.449999809265137,15.390000343322754,15.449999809265137,5.324917793273926,18700
2004-02-17,15.5,15.550000190734863,15.350000381469727,15.399999618530273,5.307686805725098,57100
2004-02-18,15.40999984741211,15.449999809265137,15.369999885559082,15.399999618530273,5.307686805725098,26200
2004-02-19,15.4399995803833,15.449999809265137,15.270000457763672,15.359999656677246,5.293900012969971,42600
2004-02-20,15.350000381469727,15.390000343322754,15.319999694824219,15.359999656677246,5.293900012969971,36400
2004-02-23,15.34000015258789,15.399999618530273,15.34000015258789,15.359999656677246,5.293900012969971,26200
2004-02-24,15.380000114440918,15.420000076293945,15.34000015258789,15.420000076293945,5.314577102661133,26200
2004-02-25,15.380000114440918,15.399999618530273,15.359999656677246,15.399999618530273,5.307686805725098,19700
2004-02-26,15.369999885559082,15.449999809265137,15.300000190734863,15.40999984741211,5.311129093170166,41000
2004-02-27,15.390000343322754,15.399999618530273,15.350000381469727,15.390000343322754,5.304238796234131,29100
2004-03-01,15.399999618530273,15.460000038146973,15.399999618530273,15.460000038146973,5.328361988067627,17600
2004-03-02,15.420000076293945,15.479999542236328,15.399999618530273,15.4399995803833,5.321470260620117,16900
2004-03-03,15.449999809265137,15.470000267028809,15.399999618530273,15.40999984741211,5.311129093170166,33900
2004-03-04,15.449999809265137,15.449999809265137,15.359999656677246,15.399999618530273,5.307686805725098,58600
2004-03-05,15.40999984741211,15.600000381469727,15.40999984741211,15.529999732971191,5.352490425109863,35900
2004-03-08,15.569999694824219,15.569999694824219,15.5,15.5600004196167,5.362832069396973,37400
2004-03-09,15.529999732971191,15.579999923706055,15.510000228881836,15.579999923706055,5.369724750518799,50200
2004-03-10,15.59000015258789,15.699999809265137,15.579999923706055,15.640000343322754,5.390402317047119,32200
2004-03-11,15.579999923706055,15.670000076293945,15.529999732971191,15.609999656677246,5.411898612976074,49500
2004-03-12,15.579999923706055,15.720000267028809,15.5600004196167,15.65999984741211,5.429233074188232,35100
2004-03-15,15.699999809265137,15.75,15.65999984741211,15.65999984741211,5.429233074188232,39200
2004-03-16,15.710000038146973,15.710000038146973,15.670000076293945,15.680000305175781,5.436163902282715,46900
2004-03-17,15.680000305175781,15.75,15.680000305175781,15.680000305175781,5.436163902282715,44000
2004-03-18,15.720000267028809,15.720000267028809,15.529999732971191,15.550000190734863,5.3910980224609375,41000
2004-03-19,15.520000457763672,15.550000190734863,15.510000228881836,15.550000190734863,5.3910980224609375,27300
2004-03-22,15.539999961853027,15.600000381469727,15.5,15.520000457763672,5.380694389343262,47400
2004-03-23,15.520000457763672,15.520000457763672,15.390000343322754,15.449999809265137,5.356425762176514,58200
2004-03-24,15.420000076293945,15.539999961853027,15.420000076293945,15.529999732971191,5.38416051864624,38900
2004-03-25,15.529999732971191,15.529999732971191,15.470000267028809,15.510000228881836,5.377224445343018,15100
2004-03-26,15.470000267028809,15.470000267028809,15.399999618530273,15.4399995803833,5.3529582023620605,44100
2004-03-29,15.390000343322754,15.420000076293945,15.279999732971191,15.300000190734863,5.304421901702881,41400
2004-03-30,15.270000457763672,15.300000190734863,15.220000267028809,15.25,5.287087440490723,46500
2004-03-31,15.239999771118164,15.3100004196167,15.229999542236328,15.270000457763672,5.294022560119629,25700
2004-04-01,15.279999732971191,15.34000015258789,15.270000457763672,15.34000015258789,5.318291187286377,39200
2004-04-02,15.25,15.25,14.829999923706055,14.920000076293945,5.172677516937256,129900
2004-04-05,14.899999618530273,14.920000076293945,14.25,14.40999984741211,4.995865345001221,140400
2004-04-06,14.40999984741211,14.40999984741211,14.239999771118164,14.34000015258789,4.97159481048584,138100
2004-04-07,14.319999694824219,14.550000190734863,14.319999694824219,14.539999961853027,5.040931701660156,77800
2004-04-08,14.539999961853027,14.619999885559082,14.529999732971191,14.569999694824219,5.051338195800781,54500
2004-04-12,14.550000190734863,14.600000381469727,14.420000076293945,14.479999542236328,5.020135879516602,39800
2004-04-13,14.479999542236328,14.479999542236328,14.34000015258789,14.359999656677246,4.97852897644043,58400
2004-04-14,14.260000228881836,14.260000228881836,13.75,13.970000267028809,4.874549388885498,140900
2004-04-15,13.979999542236328,14.140000343322754,13.949999809265137,14.020000457763672,4.891993999481201,90000
2004-04-16,14.020000457763672,14.15999984741211,14.020000457763672,14.149999618530273,4.937353610992432,61400
2004-04-19,14.130000114440918,14.180000305175781,14.100000381469727,14.100000381469727,4.919907093048096,43800
2004-04-20,14.050000190734863,14.09000015258789,14.010000228881836,14.050000190734863,4.902462959289551,88900
2004-04-21,14.069999694824219,14.069999694824219,13.920000076293945,13.989999771118164,4.881527423858643,69900
2004-04-22,14.020000457763672,14.020000457763672,13.90999984741211,13.989999771118164,4.881527423858643,46100
2004-04-23,13.949999809265137,13.970000267028809,13.930000305175781,13.930000305175781,4.860592365264893,61600
2004-04-26,13.9399995803833,13.9399995803833,13.779999732971191,13.8100004196167,4.81872034072876,93600
2004-04-27,13.829999923706055,13.850000381469727,13.800000190734863,13.8100004196167,4.81872034072876,30200
2004-04-28,13.800000190734863,13.850000381469727,13.770000457763672,13.819999694824219,4.822210788726807,62200
2004-04-29,13.819999694824219,13.880000114440918,13.760000228881836,13.760000228881836,4.801272392272949,38000
2004-04-30,13.770000457763672,13.869999885559082,13.770000457763672,13.859999656677246,4.836163520812988,41000
2004-05-03,13.819999694824219,13.899999618530273,13.800000190734863,13.850000381469727,4.832676410675049,47500
2004-05-04,13.850000381469727,13.90999984741211,13.800000190734863,13.800000190734863,4.8152313232421875,47400
2004-05-05,13.8100004196167,13.829999923706055,13.729999542236328,13.729999542236328,4.790802955627441,36900
2004-05-06,13.729999542236328,13.729999542236328,13.600000381469727,13.630000114440918,4.75591516494751,71800
2004-05-07,13.199999809265137,13.390000343322754,13.199999809265137,13.319999694824219,4.647744655609131,88100
2004-05-10,13.260000228881836,13.350000381469727,13.079999923706055,13.100000381469727,4.57097864151001,80900
2004-05-11,13.149999618530273,13.399999618530273,13.149999618530273,13.399999618530273,4.675657749176025,69200
2004-05-12,13.350000381469727,13.359999656677246,13.1899995803833,13.199999809265137,4.637712478637695,56000
2004-05-13,13.220000267028809,13.25,13.149999618530273,13.199999809265137,4.637712478637695,42500
2004-05-14,13.199999809265137,13.449999809265137,13.199999809265137,13.4399995803833,4.722033500671387,51600
2004-05-17,13.399999618530273,13.520000457763672,13.380000114440918,13.449999809265137,4.725551128387451,29900
2004-05-18,13.449999809265137,13.600000381469727,13.449999809265137,13.5600004196167,4.76419734954834,32100
2004-05-19,13.569999694824219,13.670000076293945,13.5600004196167,13.670000076293945,4.802845001220703,36500
2004-05-20,13.630000114440918,13.779999732971191,13.619999885559082,13.699999809265137,4.813382625579834,58200
2004-05-21,13.710000038146973,13.84000015258789,13.710000038146973,13.829999923706055,4.859057426452637,17500
2004-05-24,13.789999961853027,13.850000381469727,13.779999732971191,13.8100004196167,4.852032661437988,14500
2004-05-25,13.819999694824219,14.100000381469727,13.819999694824219,14.069999694824219,4.943382263183594,47300
2004-05-26,14.050000190734863,14.170000076293945,14.050000190734863,14.170000076293945,4.978513717651367,22000
2004-05-27,14.180000305175781,14.180000305175781,14.100000381469727,14.109999656677246,4.9574360847473145,25700
2004-05-28,14.100000381469727,14.220000267028809,14.020000457763672,14.039999961853027,4.932840347290039,65800
2004-06-01,14.029999732971191,14.079999923706055,13.970000267028809,13.970000267028809,4.908245086669922,18400
2004-06-02,14.050000190734863,14.0600004196167,13.800000190734863,13.899999618530273,4.883652210235596,53600
2004-06-03,13.9399995803833,13.989999771118164,13.880000114440918,13.899999618530273,4.883652210235596,18300
2004-06-04,13.949999809265137,13.960000038146973,13.8100004196167,13.899999618530273,4.883652210235596,26400
2004-06-07,13.869999885559082,13.920000076293945,13.850000381469727,13.90999984741211,4.887165069580078,14800
2004-06-08,13.829999923706055,13.880000114440918,13.800000190734863,13.880000114440918,4.876625061035156,27700
2004-06-09,13.90999984741211,13.90999984741211,13.75,13.779999732971191,4.841489791870117,32500
2004-06-10,13.649999618530273,13.670000076293945,13.609999656677246,13.649999618530273,4.828052520751953,42300
2004-06-14,13.649999618530273,13.680000305175781,13.430000305175781,13.470000267028809,4.764387130737305,57900
2004-06-15,13.550000190734863,13.680000305175781,13.489999771118164,13.619999885559082,4.817441463470459,49000
2004-06-16,13.65999984741211,13.760000228881836,13.630000114440918,13.710000038146973,4.849274158477783,32400
2004-06-17,13.739999771118164,13.739999771118164,13.529999732971191,13.600000381469727,4.810365676879883,34100
2004-06-18,13.630000114440918,13.65999984741211,13.59000015258789,13.600000381469727,4.810365676879883,15000
2004-06-21,13.680000305175781,13.739999771118164,13.670000076293945,13.699999809265137,4.845734119415283,23100
2004-06-22,13.739999771118164,13.760000228881836,13.680000305175781,13.729999542236328,4.856348037719727,26100
2004-06-23,13.770000457763672,13.800000190734863,13.6899995803833,13.770000457763672,4.870494365692139,31200
2004-06-24,13.869999885559082,13.970000267028809,13.859999656677246,13.970000267028809,4.9412312507629395,34400
2004-06-25,14.020000457763672,14.050000190734863,13.869999885559082,13.949999809265137,4.9341630935668945,26800
2004-06-28,13.949999809265137,13.989999771118164,13.90999984741211,13.920000076293945,4.923551559448242,22300
2004-06-29,13.899999618530273,13.899999618530273,13.75,13.789999961853027,4.877569198608398,15600
2004-06-30,13.800000190734863,13.850000381469727,13.779999732971191,13.850000381469727,4.898792743682861,21300
2004-07-01,13.880000114440918,13.960000038146973,13.829999923706055,13.960000038146973,4.937699317932129,39100
2004-07-02,14.020000457763672,14.130000114440918,13.989999771118164,14.119999885559082,4.994292736053467,47500
2004-07-06,14.149999618530273,14.1899995803833,14.109999656677246,14.1899995803833,5.019050121307373,33400
2004-07-07,14.1899995803833,14.289999961853027,14.1899995803833,14.260000228881836,5.043808937072754,31100
2004-07-08,14.300000190734863,14.350000381469727,14.270000457763672,14.329999923706055,5.068571090698242,26700
2004-07-09,14.350000381469727,14.470000267028809,14.319999694824219,14.4399995803833,5.10747766494751,31100
2004-07-12,14.449999809265137,14.5,14.4399995803833,14.5,5.12869930267334,22200
2004-07-13,14.359999656677246,14.569999694824219,14.350000381469727,14.5,5.161447525024414,34600
2004-07-14,14.470000267028809,14.470000267028809,14.329999923706055,14.430000305175781,5.136528491973877,27200
2004-07-15,14.430000305175781,14.4399995803833,14.369999885559082,14.399999618530273,5.125848293304443,14700
2004-07-16,14.399999618530273,14.510000228881836,14.350000381469727,14.430000305175781,5.136528491973877,30700
2004-07-19,14.5,14.529999732971191,14.399999618530273,14.489999771118164,5.157888889312744,30500
2004-07-20,14.430000305175781,14.520000457763672,14.390000343322754,14.470000267028809,5.150768756866455,33200
2004-07-21,14.470000267028809,14.470000267028809,14.239999771118164,14.300000190734863,5.090254306793213,23800
2004-07-22,14.300000190734863,14.40999984741211,14.289999961853027,14.40999984741211,5.129410743713379,12400
2004-07-23,14.420000076293945,14.420000076293945,14.34000015258789,14.420000076293945,5.132967948913574,19400
2004-07-26,14.329999923706055,14.380000114440918,14.3100004196167,14.34000015258789,5.1044921875,38400
2004-07-27,14.329999923706055,14.34000015258789,14.220000267028809,14.25,5.0724568367004395,26900
2004-07-28,14.180000305175781,14.25,14.119999885559082,14.170000076293945,5.043979167938232,50700
2004-07-29,14.199999809265137,14.260000228881836,14.199999809265137,14.260000228881836,5.076015472412109,12600
2004-07-30,14.289999961853027,14.359999656677246,14.279999732971191,14.34000015258789,5.1044921875,42700
2004-08-02,14.350000381469727,14.4399995803833,14.329999923706055,14.359999656677246,5.11161470413208,46800
2004-08-03,14.369999885559082,14.40999984741211,14.359999656677246,14.399999618530273,5.125848293304443,27100
2004-08-04,14.390000343322754,14.4399995803833,14.350000381469727,14.4399995803833,5.1400909423828125,22600
2004-08-05,14.430000305175781,14.430000305175781,14.390000343322754,14.430000305175781,5.136528491973877,16600
2004-08-06,14.40999984741211,14.5600004196167,14.40999984741211,14.470000267028809,5.150768756866455,51600
2004-08-09,14.510000228881836,14.579999923706055,14.430000305175781,14.539999961853027,5.175685882568359,45500
2004-08-10,14.550000190734863,14.5600004196167,14.520000457763672,14.520000457763672,5.1685686111450195,10300
2004-08-11,14.529999732971191,14.5600004196167,14.5,14.539999961853027,5.175685882568359,24900
2004-08-12,14.4399995803833,14.520000457763672,14.40999984741211,14.510000228881836,5.197897434234619,16200
2004-08-13,14.449999809265137,14.609999656677246,14.449999809265137,14.600000381469727,5.230135440826416,22200
2004-08-16,14.609999656677246,14.619999885559082,14.539999961853027,14.600000381469727,5.230135440826416,23500
2004-08-17,14.600000381469727,14.619999885559082,14.520000457763672,14.609999656677246,5.233718395233154,22200
2004-08-18,14.609999656677246,14.630000114440918,14.569999694824219,14.59000015258789,5.226554870605469,50500
2004-08-19,14.630000114440918,14.699999809265137,14.579999923706055,14.630000114440918,5.240882873535156,39000
2004-08-20,14.680000305175781,14.720000267028809,14.649999618530273,14.65999984741211,5.251628398895264,26900
2004-08-23,14.65999984741211,14.729999542236328,14.640000343322754,14.670000076293945,5.255213737487793,20500
2004-08-24,14.729999542236328,14.75,14.619999885559082,14.649999618530273,5.248049736022949,46500
2004-08-25,14.649999618530273,14.75,14.649999618530273,14.710000038146973,5.269543647766113,26700
2004-08-26,14.739999771118164,14.819999694824219,14.739999771118164,14.789999961853027,5.298201084136963,31000
2004-08-27,14.890000343322754,14.890000343322754,14.729999542236328,14.779999732971191,5.294617176055908,30700
2004-08-30,14.779999732971191,14.899999618530273,14.75,14.890000343322754,5.334019660949707,26400
2004-08-31,14.920000076293945,14.9399995803833,14.890000343322754,14.890000343322754,5.334019660949707,67700
2004-09-01,14.9399995803833,14.9399995803833,14.869999885559082,14.90999984741211,5.341187953948975,34800
2004-09-02,14.920000076293945,14.960000038146973,14.869999885559082,14.949999809265137,5.355515956878662,27300
2004-09-03,14.960000038146973,14.960000038146973,14.779999732971191,14.789999961853027,5.298201084136963,34200
2004-09-07,14.8100004196167,14.899999618530273,14.8100004196167,14.819999694824219,5.308945655822754,35100
2004-09-08,14.770000457763672,14.850000381469727,14.760000228881836,14.829999923706055,5.312527656555176,47600
2004-09-09,14.829999923706055,14.84000015258789,14.770000457763672,14.829999923706055,5.312527656555176,54200
2004-09-10,14.789999961853027,14.899999618530273,14.729999542236328,14.859999656677246,5.356508255004883,28100
2004-09-13,14.850000381469727,14.880000114440918,14.8100004196167,14.829999923706055,5.345691204071045,40600
2004-09-14,14.869999885559082,14.90999984741211,14.789999961853027,14.819999694824219,5.342087745666504,18900
2004-09-15,14.789999961853027,14.800000190734863,14.779999732971191,14.800000190734863,5.334878921508789,27900
2004-09-16,14.899999618530273,14.920000076293945,14.819999694824219,14.880000114440918,5.363710880279541,29600
2004-09-17,14.899999618530273,14.90999984741211,14.800000190734863,14.850000381469727,5.352903842926025,49000
2004-09-20,14.869999885559082,14.899999618530273,14.850000381469727,14.859999656677246,5.356508255004883,31700
2004-09-21,14.899999618530273,14.90999984741211,14.800000190734863,14.90999984741211,5.374532222747803,68300
2004-09-22,14.90999984741211,14.949999809265137,14.850000381469727,14.930000305175781,5.381741046905518,28700
2004-09-23,14.949999809265137,14.949999809265137,14.890000343322754,14.920000076293945,5.378133296966553,44300
2004-09-24,14.920000076293945,14.920000076293945,14.850000381469727,14.899999618530273,5.370922565460205,24200
2004-09-27,14.899999618530273,14.949999809265137,14.890000343322754,14.90999984741211,5.374532222747803,24000
2004-09-28,14.899999618530273,14.989999771118164,14.899999618530273,14.949999809265137,5.388947486877441,32900
2004-09-29,14.949999809265137,14.949999809265137,14.859999656677246,14.90999984741211,5.374532222747803,38500
2004-09-30,14.899999618530273,14.930000305175781,14.829999923706055,14.890000343322754,5.3673200607299805,45300
2004-10-01,14.859999656677246,14.869999885559082,14.760000228881836,14.859999656677246,5.356508255004883,46200
2004-10-04,14.84000015258789,14.850000381469727,14.789999961853027,14.789999961853027,5.331274509429932,36400
2004-10-05,14.819999694824219,14.920000076293945,14.819999694824219,14.899999618530273,5.370922565460205,33300
2004-10-06,14.890000343322754,14.979999542236328,14.890000343322754,14.930000305175781,5.381741046905518,45900
2004-10-07,14.84000015258789,14.970000267028809,14.84000015258789,14.9399995803833,5.3853440284729,28100
2004-10-08,15.039999961853027,15.069999694824219,15.0,15.029999732971191,5.417781829833984,30700
2004-10-11,15.09000015258789,15.09000015258789,15.0,15.020000457763672,5.41417932510376,28600
2004-10-12,15.020000457763672,15.119999885559082,15.020000457763672,15.119999885559082,5.450226783752441,38200
2004-10-13,14.960000038146973,15.050000190734863,14.930000305175781,14.979999542236328,5.43281888961792,51600
2004-10-14,14.989999771118164,15.039999961853027,14.960000038146973,15.029999732971191,5.450954914093018,22600
2004-10-15,14.989999771118164,15.029999732971191,14.970000267028809,14.989999771118164,5.436444282531738,23200
2004-10-18,15.0,15.100000381469727,14.960000038146973,15.069999694824219,5.465457439422607,29000
2004-10-19,15.079999923706055,15.130000114440918,15.029999732971191,15.130000114440918,5.487217903137207,27700
2004-10-20,15.140000343322754,15.180000305175781,15.0600004196167,15.0600004196167,5.4618330001831055,24000
2004-10-21,15.100000381469727,15.130000114440918,15.029999732971191,15.069999694824219,5.465457439422607,37200
2004-10-22,15.050000190734863,15.079999923706055,15.039999961853027,15.0600004196167,5.4618330001831055,32000
2004-10-25,15.100000381469727,15.109999656677246,15.069999694824219,15.100000381469727,5.476339340209961,47600
2004-10-26,15.149999618530273,15.180000305175781,15.100000381469727,15.15999984741211,5.498097896575928,73700
2004-10-27,15.170000076293945,15.1899995803833,15.140000343322754,15.140000343322754,5.490846157073975,25700
2004-10-28,15.15999984741211,15.15999984741211,15.079999923706055,15.130000114440918,5.487217903137207,48000
2004-10-29,15.170000076293945,15.170000076293945,15.079999923706055,15.149999618530273,5.494472503662109,53200
2004-11-01,15.109999656677246,15.140000343322754,15.039999961853027,15.09000015258789,5.472712993621826,47400
2004-11-02,15.079999923706055,15.100000381469727,14.989999771118164,15.0600004196167,5.4618330001831055,92800
2004-11-03,15.050000190734863,15.09000015258789,15.020000457763672,15.09000015258789,5.472712993621826,32800
2004-11-04,15.09000015258789,15.130000114440918,15.050000190734863,15.109999656677246,5.4799675941467285,33200
2004-11-05,15.010000228881836,15.069999694824219,14.789999961853027,14.819999694824219,5.374786853790283,77500
2004-11-08,14.739999771118164,14.739999771118164,14.4399995803833,14.510000228881836,5.262365818023682,106500
2004-11-09,14.470000267028809,14.510000228881836,14.4399995803833,14.460000038146973,5.277691841125488,45100
2004-11-10,14.510000228881836,14.5600004196167,14.460000038146973,14.5,5.292291641235352,62800
2004-11-11,14.579999923706055,14.579999923706055,14.510000228881836,14.5600004196167,5.314189434051514,37800
2004-11-12,14.579999923706055,14.640000343322754,14.520000457763672,14.640000343322754,5.343390941619873,81400
2004-11-15,14.640000343322754,14.859999656677246,14.640000343322754,14.819999694824219,5.409084796905518,54100
2004-11-16,14.829999923706055,14.859999656677246,14.760000228881836,14.850000381469727,5.420035362243652,30100
2004-11-17,14.859999656677246,14.880000114440918,14.779999732971191,14.819999694824219,5.409084796905518,25300
2004-11-18,14.779999732971191,14.890000343322754,14.779999732971191,14.880000114440918,5.430987358093262,34900
2004-11-19,14.880000114440918,14.880000114440918,14.710000038146973,14.800000190734863,5.401787757873535,37300
2004-11-22,15.039999961853027,15.039999961853027,14.84000015258789,14.850000381469727,5.420035362243652,85100
2004-11-23,14.890000343322754,14.949999809265137,14.859999656677246,14.90999984741211,5.441934108734131,38600
2004-11-24,14.949999809265137,14.960000038146973,14.869999885559082,14.960000038146973,5.460185527801514,20400
2004-11-26,14.970000267028809,15.029999732971191,14.970000267028809,15.020000457763672,5.482082366943359,20200
2004-11-29,15.020000457763672,15.020000457763672,14.850000381469727,14.880000114440918,5.430987358093262,28600
2004-11-30,14.890000343322754,14.899999618530273,14.699999809265137,14.819999694824219,5.409084796905518,55700
2004-12-01,14.890000343322754,14.899999618530273,14.829999923706055,14.850000381469727,5.420035362243652,37300
2004-12-02,14.869999885559082,14.869999885559082,14.800000190734863,14.8100004196167,5.405437469482422,80900
2004-12-03,14.869999885559082,15.0,14.869999885559082,14.930000305175781,5.449233055114746,47600
2004-12-06,14.970000267028809,14.989999771118164,14.90999984741211,14.979999542236328,5.467484474182129,37400
2004-12-07,15.0,15.029999732971191,14.979999542236328,15.029999732971191,5.485734939575195,30500
2004-12-08,15.010000228881836,15.149999618530273,15.0,15.029999732971191,5.485734939575195,60000
2004-12-09,15.010000228881836,15.069999694824219,15.010000228881836,15.069999694824219,5.500333309173584,30400
2004-12-10,15.09000015258789,15.109999656677246,14.989999771118164,15.050000190734863,5.493038654327393,30900
2004-12-13,14.949999809265137,15.039999961853027,14.9399995803833,15.029999732971191,5.519475936889648,28200
2004-12-14,15.010000228881836,15.029999732971191,14.960000038146973,14.979999542236328,5.501113414764404,23100
2004-12-15,15.020000457763672,15.069999694824219,15.0,15.0600004196167,5.530493259429932,30000
2004-12-16,15.020000457763672,15.0600004196167,14.90999984741211,14.949999809265137,5.490095138549805,46600
2004-12-17,14.949999809265137,14.949999809265137,14.890000343322754,14.920000076293945,5.479079723358154,12200
2004-12-20,14.970000267028809,15.0,14.90999984741211,14.930000305175781,5.482748508453369,18300
2004-12-21,14.960000038146973,14.970000267028809,14.90999984741211,14.9399995803833,5.486422061920166,19000
2004-12-22,14.970000267028809,14.989999771118164,14.9399995803833,14.989999771118164,5.50478458404541,22400
2004-12-23,14.989999771118164,15.0,14.930000305175781,14.960000038146973,5.493768215179443,29000
2004-12-27,14.979999542236328,15.0,14.949999809265137,14.960000038146973,5.493768215179443,24400
2004-12-28,15.039999961853027,15.039999961853027,14.949999809265137,14.989999771118164,5.50478458404541,24000
2004-12-29,15.09000015258789,15.149999618530273,15.010000228881836,15.0600004196167,5.530493259429932,23800
2004-12-30,15.0600004196167,15.130000114440918,15.050000190734863,15.109999656677246,5.548852443695068,32600
2004-12-31,15.130000114440918,15.25,15.130000114440918,15.239999771118164,5.596593856811523,41800
2005-01-03,15.199999809265137,15.289999961853027,15.1899995803833,15.210000038146973,5.585574626922607,63200
2005-01-04,15.239999771118164,15.25,15.180000305175781,15.229999542236328,5.592925548553467,27800
2005-01-05,15.350000381469727,15.350000381469727,15.1899995803833,15.350000381469727,5.636989116668701,45300
2005-01-06,15.34000015258789,15.359999656677246,15.270000457763672,15.359999656677246,5.64066219329834,39300
2005-01-07,15.390000343322754,15.40999984741211,15.3100004196167,15.380000114440918,5.648008823394775,47400
2005-01-10,15.489999771118164,15.489999771118164,15.34000015258789,15.4399995803833,5.670037746429443,49300
2005-01-11,15.369999885559082,15.680000305175781,15.350000381469727,15.600000381469727,5.728798866271973,73700
2005-01-12,15.600000381469727,15.600000381469727,15.510000228881836,15.550000190734863,5.7104387283325195,35300
2005-01-13,15.550000190734863,15.569999694824219,15.479999542236328,15.5600004196167,5.714107990264893,23700
2005-01-14,15.380000114440918,15.489999771118164,15.369999885559082,15.489999771118164,5.722235202789307,38700
2005-01-18,15.489999771118164,15.489999771118164,15.369999885559082,15.4399995803833,5.703763008117676,71100
2005-01-19,15.550000190734863,15.550000190734863,15.4399995803833,15.449999809265137,5.707459449768066,43600
2005-01-20,15.489999771118164,15.520000457763672,15.4399995803833,15.449999809265137,5.707459449768066,49800
2005-01-21,15.479999542236328,15.5,15.430000305175781,15.489999771118164,5.722235202789307,46400
2005-01-24,15.5,15.550000190734863,15.460000038146973,15.479999542236328,5.718539237976074,34100
2005-01-25,15.489999771118164,15.539999961853027,15.430000305175781,15.4399995803833,5.703763008117676,44700
2005-01-26,15.4399995803833,15.4399995803833,15.279999732971191,15.34000015258789,5.666823863983154,60700
2005-01-27,15.350000381469727,15.520000457763672,15.34000015258789,15.359999656677246,5.67421293258667,52800
2005-01-28,15.380000114440918,15.430000305175781,15.34000015258789,15.350000381469727,5.670517444610596,46300
2005-01-31,15.369999885559082,15.40999984741211,15.34000015258789,15.350000381469727,5.670517444610596,32700
2005-02-01,15.380000114440918,15.380000114440918,15.329999923706055,15.380000114440918,5.681599140167236,40700
2005-02-02,15.329999923706055,15.479999542236328,15.319999694824219,15.479999542236328,5.718539237976074,72200
2005-02-03,15.479999542236328,15.539999961853027,15.430000305175781,15.539999961853027,5.740705490112305,57800
2005-02-04,15.630000114440918,15.649999618530273,15.569999694824219,15.600000381469727,5.762871265411377,43900
2005-02-07,15.630000114440918,15.649999618530273,15.5600004196167,15.640000343322754,5.777645111083984,45800
2005-02-08,15.65999984741211,15.760000228881836,15.649999618530273,15.760000228881836,5.82197380065918,31200
2005-02-09,15.779999732971191,15.789999961853027,15.699999809265137,15.789999961853027,5.833058834075928,25600
2005-02-10,15.789999961853027,15.920000076293945,15.75,15.850000381469727,5.855225563049316,49000
2005-02-11,15.829999923706055,15.850000381469727,15.6899995803833,15.770000457763672,5.859683513641357,54600
2005-02-14,15.760000228881836,15.800000190734863,15.75,15.770000457763672,5.859683513641357,30600
2005-02-15,15.680000305175781,15.829999923706055,15.680000305175781,15.800000190734863,5.870832443237305,30000
2005-02-16,15.800000190734863,15.800000190734863,15.6899995803833,15.760000228881836,5.855968952178955,39600
2005-02-17,15.770000457763672,15.770000457763672,15.65999984741211,15.680000305175781,5.826241970062256,48900
2005-02-18,15.6899995803833,15.6899995803833,15.5,15.520000457763672,5.7667927742004395,38100
2005-02-22,15.489999771118164,15.640000343322754,15.4399995803833,15.529999732971191,5.770504951477051,21000
2005-02-23,15.4399995803833,15.710000038146973,15.4399995803833,15.680000305175781,5.826241970062256,28400
2005-02-24,15.699999809265137,15.779999732971191,15.699999809265137,15.779999732971191,5.863397121429443,28500
2005-02-25,15.84000015258789,15.84000015258789,15.800000190734863,15.800000190734863,5.870832443237305,28000
2005-02-28,15.760000228881836,15.819999694824219,15.710000038146973,15.739999771118164,5.84853458404541,43600
2005-03-01,15.720000267028809,15.789999961853027,15.710000038146973,15.710000038146973,5.837390422821045,26800
2005-03-02,15.699999809265137,15.760000228881836,15.680000305175781,15.75,5.852248668670654,15100
2005-03-03,15.710000038146973,15.880000114440918,15.710000038146973,15.859999656677246,5.893120765686035,33600
2005-03-04,15.90999984741211,15.970000267028809,15.899999618530273,15.930000305175781,5.919130802154541,19100
2005-03-07,15.859999656677246,15.930000305175781,15.859999656677246,15.930000305175781,5.919130802154541,25100
2005-03-08,15.90999984741211,15.949999809265137,15.869999885559082,15.9399995803833,5.922848701477051,22800
2005-03-09,15.800000190734863,15.899999618530273,15.510000228881836,15.640000343322754,5.811378002166748,95500
2005-03-10,15.649999618530273,15.670000076293945,15.550000190734863,15.670000076293945,5.822525501251221,31000
2005-03-11,15.520000457763672,15.579999923706055,15.430000305175781,15.430000305175781,5.767210483551025,53000
2005-03-14,15.390000343322754,15.390000343322754,15.220000267028809,15.220000267028809,5.68871545791626,71600
2005-03-15,15.319999694824219,15.319999694824219,15.15999984741211,15.170000076293945,5.670028209686279,39600
2005-03-16,15.119999885559082,15.220000267028809,15.109999656677246,15.130000114440918,5.655078411102295,58400
2005-03-17,15.079999923706055,15.239999771118164,15.079999923706055,15.149999618530273,5.6625518798828125,19500
2005-03-18,15.180000305175781,15.3100004196167,15.109999656677246,15.300000190734863,5.718618392944336,66500
2005-03-21,15.210000038146973,15.270000457763672,15.199999809265137,15.199999809265137,5.681241035461426,38800
2005-03-22,15.199999809265137,15.199999809265137,15.100000381469727,15.109999656677246,5.6476006507873535,30400
2005-03-23,15.029999732971191,15.119999885559082,14.710000038146973,14.720000267028809,5.501832008361816,45600
2005-03-24,14.720000267028809,14.770000457763672,14.710000038146973,14.760000228881836,5.516786575317383,32200
2005-03-28,14.75,14.8100004196167,14.600000381469727,14.65999984741211,5.4794087409973145,29200
2005-03-29,14.720000267028809,14.760000228881836,14.579999923706055,14.600000381469727,5.456984043121338,41200
2005-03-30,14.5600004196167,14.6899995803833,14.529999732971191,14.6899995803833,5.490619659423828,44700
2005-03-31,14.739999771118164,14.949999809265137,14.6899995803833,14.949999809265137,5.587800979614258,48300
2005-04-01,15.5,15.5,15.100000381469727,15.199999809265137,5.681241035461426,45500
2005-04-04,14.989999771118164,15.180000305175781,14.979999542236328,15.09000015258789,5.6401286125183105,19200
2005-04-05,15.0600004196167,15.15999984741211,15.050000190734863,15.15999984741211,5.666291236877441,19600
2005-04-06,15.220000267028809,15.399999618530273,15.119999885559082,15.350000381469727,5.737305641174316,46400
2005-04-07,15.260000228881836,15.369999885559082,15.260000228881836,15.300000190734863,5.718618392944336,22200
2005-04-08,15.210000038146973,15.279999732971191,15.15999984741211,15.25,5.699929714202881,19700
2005-04-11,15.300000190734863,15.359999656677246,15.289999961853027,15.3100004196167,5.722355842590332,11100
2005-04-12,15.34000015258789,15.489999771118164,15.270000457763672,15.489999771118164,5.78963565826416,38900
2005-04-13,15.390000343322754,15.5,15.390000343322754,15.5,5.8279876708984375,24600
2005-04-14,15.539999961853027,15.579999923706055,15.449999809265137,15.510000228881836,5.8317484855651855,46200
2005-04-15,15.520000457763672,15.569999694824219,15.390000343322754,15.40999984741211,5.79414701461792,44800
2005-04-18,15.430000305175781,15.470000267028809,15.380000114440918,15.40999984741211,5.79414701461792,34600
2005-04-19,15.399999618530273,15.569999694824219,15.390000343322754,15.449999809265137,5.809182167053223,29900
2005-04-20,15.479999542236328,15.479999542236328,15.430000305175781,15.4399995803833,5.805426120758057,24300
2005-04-21,15.479999542236328,15.479999542236328,15.399999618530273,15.420000076293945,5.797905921936035,28300
2005-04-22,15.4399995803833,15.470000267028809,15.40999984741211,15.449999809265137,5.809182167053223,14400
2005-04-25,15.470000267028809,15.520000457763672,15.449999809265137,15.449999809265137,5.809182167053223,23800
2005-04-26,15.4399995803833,15.539999961853027,15.430000305175781,15.5,5.8279876708984375,15700
2005-04-27,15.5,15.539999961853027,15.4399995803833,15.529999732971191,5.839265823364258,18400
2005-04-28,15.550000190734863,15.579999923706055,15.489999771118164,15.569999694824219,5.854304313659668,33400
2005-04-29,15.5,15.600000381469727,15.5,15.569999694824219,5.854304313659668,14700
2005-05-02,15.569999694824219,15.630000114440918,15.5,15.529999732971191,5.839265823364258,28100
2005-05-03,15.420000076293945,15.550000190734863,15.420000076293945,15.539999961853027,5.843023777008057,13600
2005-05-04,15.539999961853027,15.609999656677246,15.5,15.609999656677246,5.869347095489502,15400
2005-05-05,15.59000015258789,15.609999656677246,15.550000190734863,15.59000015258789,5.861826419830322,20100
2005-05-06,15.569999694824219,15.600000381469727,15.520000457763672,15.550000190734863,5.846786975860596,25500
2005-05-09,15.569999694824219,15.59000015258789,15.5,15.59000015258789,5.861826419830322,22000
2005-05-10,15.5600004196167,15.6899995803833,15.539999961853027,15.6899995803833,5.8994245529174805,32400
2005-05-11,15.550000190734863,15.670000076293945,15.550000190734863,15.640000343322754,5.915311813354492,15700
2005-05-12,15.609999656677246,15.640000343322754,15.569999694824219,15.579999923706055,5.892618656158447,30800
2005-05-13,15.600000381469727,15.710000038146973,15.579999923706055,15.6899995803833,5.934218883514404,26800
2005-05-16,15.6899995803833,15.850000381469727,15.65999984741211,15.720000267028809,5.945574760437012,24500
2005-05-17,15.75,15.859999656677246,15.649999618530273,15.8100004196167,5.9796061515808105,49500
2005-05-18,15.8100004196167,15.9399995803833,15.789999961853027,15.789999961853027,5.972046375274658,27400
2005-05-19,15.819999694824219,15.90999984741211,15.8100004196167,15.869999885559082,6.0023016929626465,20500
2005-05-20,15.9399995803833,15.9399995803833,15.819999694824219,15.899999618530273,6.013645172119141,27300
2005-05-23,15.949999809265137,15.949999809265137,15.800000190734863,15.890000343322754,6.0098652839660645,28300
2005-05-24,15.979999542236328,16.0,15.84000015258789,15.930000305175781,6.024993419647217,35000
2005-05-25,15.979999542236328,15.989999771118164,15.899999618530273,15.960000038146973,6.03633975982666,28800
2005-05-26,15.989999771118164,16.010000228881836,15.819999694824219,15.9399995803833,6.028778076171875,72100
2005-05-27,15.9399995803833,16.09000015258789,15.859999656677246,16.030000686645508,6.0628156661987305,38300
2005-05-31,16.049999237060547,16.049999237060547,15.960000038146973,16.0,6.051467418670654,27300
2005-06-01,15.960000038146973,16.1299991607666,15.960000038146973,16.079999923706055,6.081728458404541,27600
2005-06-02,16.059999465942383,16.190000534057617,16.0,16.059999465942383,6.074161052703857,30000
2005-06-03,16.1200008392334,16.139999389648438,16.040000915527344,16.040000915527344,6.0665974617004395,27500
2005-06-06,16.059999465942383,16.06999969482422,15.979999542236328,16.020000457763672,6.059037208557129,20500
2005-06-07,16.139999389648438,16.440000534057617,16.040000915527344,16.09000015258789,6.085509300231934,49200
2005-06-08,16.15999984741211,16.190000534057617,16.06999969482422,16.1200008392334,6.0968546867370605,23200
2005-06-09,16.139999389648438,16.290000915527344,16.049999237060547,16.170000076293945,6.1157636642456055,28000
2005-06-10,16.100000381469727,16.100000381469727,15.979999542236328,16.0,6.08609676361084,24000
2005-06-13,16.0,16.030000686645508,15.960000038146973,16.020000457763672,6.093705654144287,14000
2005-06-14,16.0,16.030000686645508,15.930000305175781,15.970000267028809,6.074681758880615,32200
2005-06-15,16.0,16.049999237060547,15.960000038146973,16.010000228881836,6.089896202087402,26200
2005-06-16,15.979999542236328,16.139999389648438,15.979999542236328,16.040000915527344,6.101312637329102,29900
2005-06-17,16.030000686645508,16.15999984741211,16.030000686645508,16.110000610351562,6.127939224243164,20400
2005-06-20,16.079999923706055,16.1200008392334,16.030000686645508,16.049999237060547,6.105113983154297,26400
2005-06-21,16.040000915527344,16.139999389648438,16.020000457763672,16.1200008392334,6.131743907928467,19300
2005-06-22,16.1200008392334,16.229999542236328,16.059999465942383,16.229999542236328,6.173584461212158,27700
2005-06-23,16.329999923706055,16.329999923706055,16.110000610351562,16.170000076293945,6.150761604309082,22100
2005-06-24,16.190000534057617,16.270000457763672,16.170000076293945,16.200000762939453,6.162172317504883,23900
2005-06-27,16.239999771118164,16.280000686645508,16.200000762939453,16.229999542236328,6.173584461212158,25300
2005-06-28,16.260000228881836,16.280000686645508,16.18000030517578,16.219999313354492,6.169780731201172,35700
2005-06-29,16.030000686645508,16.190000534057617,15.979999542236328,16.15999984741211,6.146957874298096,96900
2005-06-30,16.100000381469727,16.200000762939453,16.100000381469727,16.200000762939453,6.162172317504883,21600
2005-07-01,16.15999984741211,16.200000762939453,16.1299991607666,16.139999389648438,6.139343738555908,37500
2005-07-05,16.149999618530273,16.200000762939453,16.059999465942383,16.200000762939453,6.162172317504883,30100
2005-07-06,16.149999618530273,16.43000030517578,16.149999618530273,16.389999389648438,6.234442710876465,25000
2005-07-07,16.3700008392334,16.43000030517578,16.299999237060547,16.43000030517578,6.249657154083252,27300
2005-07-08,16.440000534057617,16.469999313354492,16.360000610351562,16.389999389648438,6.234442710876465,50000
2005-07-11,16.399999618530273,16.489999771118164,16.329999923706055,16.399999618530273,6.238249778747559,31200
2005-07-12,16.360000610351562,16.360000610351562,16.100000381469727,16.260000228881836,6.219888210296631,72500
2005-07-13,16.219999313354492,16.25,16.09000015258789,16.110000610351562,6.162510871887207,38000
2005-07-14,16.15999984741211,16.15999984741211,16.079999923706055,16.110000610351562,6.162510871887207,32200
2005-07-15,16.09000015258789,16.139999389648438,16.0,16.049999237060547,6.139556884765625,38500
2005-07-18,16.010000228881836,16.079999923706055,15.90999984741211,15.960000038146973,6.105128765106201,63100
2005-07-19,15.850000381469727,16.149999618530273,15.850000381469727,16.110000610351562,6.162510871887207,54500
2005-07-20,16.09000015258789,16.1299991607666,16.040000915527344,16.079999923706055,6.151034832000732,19200
2005-07-21,16.100000381469727,16.110000610351562,16.010000228881836,16.010000228881836,6.124252796173096,27500
2005-07-22,16.010000228881836,16.100000381469727,16.0,16.06999969482422,6.147204875946045,15100
2005-07-25,16.040000915527344,16.149999618530273,16.030000686645508,16.1200008392334,6.1663336753845215,20400
2005-07-26,16.100000381469727,16.15999984741211,16.100000381469727,16.1299991607666,6.170157432556152,17500
2005-07-27,16.09000015258789,16.200000762939453,16.079999923706055,16.1200008392334,6.1663336753845215,31400
2005-07-28,16.139999389648438,16.170000076293945,16.1200008392334,16.170000076293945,6.185459613800049,15600
2005-07-29,16.18000030517578,16.200000762939453,16.09000015258789,16.110000610351562,6.162510871887207,23300
2005-08-01,16.110000610351562,16.1200008392334,16.079999923706055,16.110000610351562,6.162510871887207,19500
2005-08-02,16.010000228881836,16.1299991607666,16.010000228881836,16.1299991607666,6.170157432556152,37600
2005-08-03,16.1299991607666,16.309999465942383,16.040000915527344,16.290000915527344,6.231363773345947,54500
2005-08-04,16.290000915527344,16.290000915527344,16.229999542236328,16.25,6.216063976287842,14000
2005-08-05,16.200000762939453,16.31999969482422,16.15999984741211,16.219999313354492,6.204586505889893,39000
2005-08-08,16.15999984741211,16.229999542236328,16.1299991607666,16.149999618530273,6.17780876159668,85300
2005-08-09,16.18000030517578,16.18000030517578,16.020000457763672,16.040000915527344,6.1357316970825195,51000
2005-08-10,16.059999465942383,16.170000076293945,16.049999237060547,16.170000076293945,6.185459613800049,25700
2005-08-11,16.1200008392334,16.149999618530273,16.010000228881836,16.049999237060547,6.17468786239624,33300
2005-08-12,15.979999542236328,16.010000228881836,15.609999656677246,15.8100004196167,6.082353115081787,326700
2005-08-15,15.789999961853027,15.829999923706055,15.710000038146973,15.720000267028809,6.047732830047607,210300
2005-08-16,15.699999809265137,15.779999732971191,15.699999809265137,15.75,6.059273719787598,70600
2005-08-17,15.720000267028809,15.760000228881836,15.699999809265137,15.710000038146973,6.043883800506592,48900
2005-08-18,15.6899995803833,15.779999732971191,15.6899995803833,15.720000267028809,6.047732830047607,93300
2005-08-19,15.710000038146973,15.819999694824219,15.699999809265137,15.779999732971191,6.070814609527588,54400
2005-08-22,15.800000190734863,15.8100004196167,15.729999542236328,15.75,6.059273719787598,59700
2005-08-23,15.739999771118164,15.770000457763672,15.6899995803833,15.760000228881836,6.063120365142822,80200
2005-08-24,15.729999542236328,15.800000190734863,15.710000038146973,15.800000190734863,6.078505516052246,40300
2005-08-25,15.760000228881836,15.8100004196167,15.760000228881836,15.779999732971191,6.070814609527588,32400
2005-08-26,15.789999961853027,15.84000015258789,15.770000457763672,15.829999923706055,6.090049743652344,61500
2005-08-29,15.819999694824219,15.930000305175781,15.819999694824219,15.930000305175781,6.128520488739014,49700
2005-08-30,15.949999809265137,16.010000228881836,15.6899995803833,16.010000228881836,6.159295082092285,60900
2005-08-31,15.979999542236328,16.059999465942383,15.960000038146973,16.010000228881836,6.159295082092285,35800
2005-09-01,16.0,16.110000610351562,16.0,16.110000610351562,6.1977715492248535,43300
2005-09-02,16.100000381469727,16.139999389648438,16.059999465942383,16.1299991607666,6.20546817779541,25500
2005-09-06,16.149999618530273,16.200000762939453,16.139999389648438,16.190000534057617,6.228546619415283,46200
2005-09-07,16.170000076293945,16.260000228881836,16.170000076293945,16.260000228881836,6.255476474761963,65100
2005-09-08,16.25,16.3700008392334,16.25,16.309999465942383,6.274716377258301,40300
2005-09-09,16.360000610351562,16.450000762939453,16.329999923706055,16.43000030517578,6.3208794593811035,78700
2005-09-12,16.40999984741211,16.40999984741211,16.209999084472656,16.260000228881836,6.290700912475586,69600
2005-09-13,16.260000228881836,16.299999237060547,16.190000534057617,16.270000457763672,6.294571876525879,46300
2005-09-14,16.229999542236328,16.290000915527344,16.219999313354492,16.239999771118164,6.282967567443848,57800
2005-09-15,16.270000457763672,16.280000686645508,16.139999389648438,16.219999313354492,6.275228500366211,25400
2005-09-16,16.219999313354492,16.219999313354492,16.059999465942383,16.170000076293945,6.255882263183594,30600
2005-09-19,16.110000610351562,16.200000762939453,16.06999969482422,16.139999389648438,6.244275093078613,24800
2005-09-20,16.139999389648438,16.190000534057617,16.059999465942383,16.110000610351562,6.232667922973633,51700
2005-09-21,16.09000015258789,16.219999313354492,16.09000015258789,16.209999084472656,6.271355628967285,28300
2005-09-22,16.15999984741211,16.209999084472656,15.989999771118164,15.989999771118164,6.186243057250977,90900
2005-09-23,15.989999771118164,15.989999771118164,15.380000114440918,15.75,6.093390464782715,161300
2005-09-26,15.75,15.800000190734863,15.640000343322754,15.699999809265137,6.074051380157471,53700
2005-09-27,15.75,15.779999732971191,15.470000267028809,15.510000228881836,6.000540733337402,83300
2005-09-28,15.59000015258789,15.739999771118164,15.59000015258789,15.699999809265137,6.074051380157471,39700
2005-09-29,15.729999542236328,15.779999732971191,15.65999984741211,15.729999542236328,6.085655212402344,53100
2005-09-30,15.779999732971191,15.880000114440918,15.720000267028809,15.829999923706055,6.124345302581787,34500
2005-10-03,15.859999656677246,15.899999618530273,15.770000457763672,15.800000190734863,6.112735271453857,29600
2005-10-04,15.75,15.829999923706055,15.75,15.829999923706055,6.124345302581787,25700
2005-10-05,15.760000228881836,15.84000015258789,15.75,15.800000190734863,6.112735271453857,36100
2005-10-06,15.760000228881836,15.800000190734863,15.699999809265137,15.699999809265137,6.074051380157471,43900
2005-10-07,15.670000076293945,15.699999809265137,15.619999885559082,15.699999809265137,6.074051380157471,33600
2005-10-10,15.649999618530273,15.729999542236328,15.640000343322754,15.680000305175781,6.066309452056885,31200
2005-10-11,15.630000114440918,15.850000381469727,15.630000114440918,15.760000228881836,6.097257614135742,44500
2005-10-12,15.699999809265137,15.739999771118164,15.630000114440918,15.630000114440918,6.046966552734375,22500
2005-10-13,15.449999809265137,15.680000305175781,15.350000381469727,15.359999656677246,5.977694034576416,23500
2005-10-14,15.399999618530273,15.529999732971191,15.319999694824219,15.399999618530273,5.993260383605957,35400
2005-10-17,15.350000381469727,15.399999618530273,15.319999694824219,15.359999656677246,5.977694034576416,25900
2005-10-18,15.3100004196167,15.380000114440918,15.170000076293945,15.170000076293945,5.903753757476807,36400
2005-10-19,15.1899995803833,15.270000457763672,15.1899995803833,15.25,5.934883117675781,31600
2005-10-20,15.180000305175781,15.34000015258789,15.180000305175781,15.279999732971191,5.946561336517334,17700
2005-10-21,15.199999809265137,15.470000267028809,15.15999984741211,15.470000267028809,6.020503520965576,41300
2005-10-24,15.470000267028809,15.59000015258789,15.420000076293945,15.510000228881836,6.036070346832275,38500
2005-10-25,15.430000305175781,15.5,15.430000305175781,15.489999771118164,6.028286933898926,42500
2005-10-26,15.460000038146973,15.489999771118164,15.300000190734863,15.390000343322754,5.989367485046387,24200
2005-10-27,15.4399995803833,15.449999809265137,15.350000381469727,15.369999885559082,5.981585502624512,23700
2005-10-28,15.430000305175781,15.460000038146973,15.380000114440918,15.430000305175781,6.004937171936035,14600
2005-10-31,15.430000305175781,15.479999542236328,15.369999885559082,15.399999618530273,5.993260383605957,37600
2005-11-01,15.390000343322754,15.4399995803833,15.380000114440918,15.380000114440918,5.985479831695557,19900
2005-11-02,15.380000114440918,15.470000267028809,15.380000114440918,15.380000114440918,5.985479831695557,42500
2005-11-03,15.369999885559082,15.4399995803833,15.359999656677246,15.399999618530273,5.993260383605957,24800
2005-11-04,15.449999809265137,15.489999771118164,15.390000343322754,15.449999809265137,6.012721538543701,29400
2005-11-07,15.5,15.640000343322754,15.460000038146973,15.609999656677246,6.074987888336182,61300
2005-11-08,15.609999656677246,15.729999542236328,15.609999656677246,15.699999809265137,6.110015392303467,29800
2005-11-09,15.569999694824219,15.65999984741211,15.569999694824219,15.640000343322754,6.086666584014893,24400
2005-11-10,15.630000114440918,15.649999618530273,15.460000038146973,15.460000038146973,6.052214622497559,21500
2005-11-11,15.460000038146973,15.470000267028809,15.390000343322754,15.390000343322754,6.024807929992676,37800
2005-11-14,15.380000114440918,15.4399995803833,15.210000038146973,15.399999618530273,6.028722763061523,36800
2005-11-15,15.289999961853027,15.390000343322754,15.25,15.329999923706055,6.0013227462768555,37300
2005-11-16,15.34000015258789,15.420000076293945,15.270000457763672,15.40999984741211,6.0326361656188965,44000
2005-11-17,15.369999885559082,15.670000076293945,15.369999885559082,15.5600004196167,6.091360569000244,34100
2005-11-18,15.600000381469727,15.640000343322754,15.550000190734863,15.640000343322754,6.122682571411133,20500
2005-11-21,15.510000228881836,15.779999732971191,15.510000228881836,15.670000076293945,6.134424209594727,51500
2005-11-22,15.699999809265137,15.699999809265137,15.569999694824219,15.600000381469727,6.107019901275635,28100
2005-11-23,15.609999656677246,15.630000114440918,15.5,15.510000228881836,6.071785926818848,57600
2005-11-25,15.569999694824219,15.90999984741211,15.569999694824219,15.739999771118164,6.1618242263793945,33400
2005-11-28,15.739999771118164,15.779999732971191,15.619999885559082,15.6899995803833,6.14225435256958,53200
2005-11-29,15.75,15.770000457763672,15.649999618530273,15.770000457763672,6.1735711097717285,53100
2005-11-30,15.789999961853027,15.920000076293945,15.760000228881836,15.920000076293945,6.232291221618652,37700
2005-12-01,15.890000343322754,15.890000343322754,15.729999542236328,15.829999923706055,6.1970601081848145,69000
2005-12-02,15.800000190734863,15.899999618530273,15.699999809265137,15.84000015258789,6.2009735107421875,69800
2005-12-05,15.760000228881836,15.84000015258789,15.6899995803833,15.84000015258789,6.2009735107421875,31400
2005-12-06,15.829999923706055,15.949999809265137,15.710000038146973,15.869999885559082,6.2127156257629395,52500
2005-12-07,15.899999618530273,15.930000305175781,15.8100004196167,15.829999923706055,6.1970601081848145,22700
2005-12-08,15.850000381469727,16.030000686645508,15.8100004196167,16.0,6.263609886169434,32900
2005-12-09,15.899999618530273,15.979999542236328,15.850000381469727,15.890000343322754,6.220544338226318,24700
2005-12-12,15.850000381469727,15.949999809265137,15.800000190734863,15.850000381469727,6.204888343811035,22300
2005-12-13,15.829999923706055,15.9399995803833,15.720000267028809,15.800000190734863,6.2214226722717285,15200
2005-12-14,15.739999771118164,15.949999809265137,15.710000038146973,15.949999809265137,6.280493259429932,38400
2005-12-15,15.779999732971191,16.0,15.779999732971191,15.989999771118164,6.296243190765381,30000
2005-12-16,15.930000305175781,16.059999465942383,15.920000076293945,16.059999465942383,6.323803424835205,19000
2005-12-19,15.970000267028809,16.100000381469727,15.949999809265137,16.059999465942383,6.323803424835205,8800
2005-12-20,16.110000610351562,16.1299991607666,16.010000228881836,16.1299991607666,6.351367473602295,17200
2005-12-21,16.149999618530273,16.219999313354492,16.0,16.200000762939453,6.3789286613464355,20500
2005-12-22,16.100000381469727,16.219999313354492,15.979999542236328,16.049999237060547,6.31986665725708,28000
2005-12-23,16.110000610351562,16.200000762939453,16.06999969482422,16.1299991607666,6.351367473602295,32600
2005-12-27,16.100000381469727,16.170000076293945,15.819999694824219,15.9399995803833,6.276556015014648,68800
2005-12-28,15.899999618530273,15.989999771118164,15.850000381469727,15.989999771118164,6.296243190765381,25200
2005-12-29,15.989999771118164,16.100000381469727,15.960000038146973,16.040000915527344,6.31593132019043,36700
2005-12-30,16.010000228881836,16.040000915527344,15.90999984741211,15.949999809265137,6.280493259429932,17400
2006-01-03,15.859999656677246,15.890000343322754,15.710000038146973,15.800000190734863,6.2214226722717285,71400
2006-01-04,15.779999732971191,15.960000038146973,15.779999732971191,15.920000076293945,6.268680095672607,44900
2006-01-05,15.920000076293945,16.0,15.90999984741211,15.979999542236328,6.2923054695129395,26100
2006-01-06,15.979999542236328,16.100000381469727,15.960000038146973,16.079999923706055,6.3316802978515625,37200
2006-01-09,16.170000076293945,16.200000762939453,16.049999237060547,16.149999618530273,6.359243392944336,21000
2006-01-10,16.06999969482422,16.149999618530273,16.059999465942383,16.06999969482422,6.32774019241333,14300
2006-01-11,16.09000015258789,16.149999618530273,16.0,16.040000915527344,6.31593132019043,34800
2006-01-12,15.979999542236328,16.149999618530273,15.979999542236328,16.149999618530273,6.359243392944336,56600
2006-01-13,16.059999465942383,16.059999465942383,15.899999618530273,15.9399995803833,6.31015682220459,22700
2006-01-17,15.899999618530273,15.930000305175781,15.800000190734863,15.880000114440918,6.286401748657227,42100
2006-01-18,15.800000190734863,15.800000190734863,15.699999809265137,15.75,6.234938144683838,31800
2006-01-19,15.720000267028809,15.800000190734863,15.720000267028809,15.75,6.234938144683838,24400
2006-01-20,15.720000267028809,15.84000015258789,15.720000267028809,15.829999923706055,6.266608715057373,18900
2006-01-23,15.800000190734863,15.899999618530273,15.800000190734863,15.869999885559082,6.282444000244141,16700
2006-01-24,15.890000343322754,15.920000076293945,15.850000381469727,15.90999984741211,6.29827880859375,16600
2006-01-25,16.0,16.0,15.84000015258789,15.859999656677246,6.2784857749938965,20000
2006-01-26,15.890000343322754,15.9399995803833,15.890000343322754,15.899999618530273,6.294314384460449,20500
2006-01-27,15.920000076293945,16.100000381469727,15.859999656677246,15.949999809265137,6.314115047454834,39500
2006-01-30,15.970000267028809,16.0,15.90999984741211,15.930000305175781,6.306196212768555,15400
2006-01-31,15.949999809265137,16.0,15.899999618530273,15.949999809265137,6.314115047454834,31100
2006-02-01,15.90999984741211,16.0,15.800000190734863,15.859999656677246,6.2784857749938965,25600
2006-02-02,15.859999656677246,15.890000343322754,15.84000015258789,15.850000381469727,6.2745256423950195,21200
2006-02-03,15.84000015258789,15.84000015258789,15.640000343322754,15.75,6.234938144683838,37600
2006-02-06,15.75,15.75,15.550000190734863,15.670000076293945,6.203272342681885,27900
2006-02-07,15.649999618530273,15.829999923706055,15.649999618530273,15.8100004196167,6.258694648742676,32900
2006-02-08,15.90999984741211,15.979999542236328,15.899999618530273,15.979999542236328,6.325991630554199,43700
2006-02-09,15.899999618530273,16.020000457763672,15.829999923706055,15.949999809265137,6.314115047454834,63500
2006-02-10,15.649999618530273,15.850000381469727,15.649999618530273,15.739999771118164,6.264759063720703,43500
2006-02-13,15.720000267028809,15.84000015258789,15.720000267028809,15.75,6.268738746643066,20100
2006-02-14,15.779999732971191,15.779999732971191,15.619999885559082,15.75,6.268738746643066,40800
2006-02-15,15.760000228881836,15.760000228881836,15.65999984741211,15.710000038146973,6.2528157234191895,34300
2006-02-16,15.760000228881836,15.850000381469727,15.630000114440918,15.8100004196167,6.2926201820373535,30800
2006-02-17,15.800000190734863,15.84000015258789,15.789999961853027,15.800000190734863,6.288638591766357,13700
2006-02-21,15.8100004196167,15.829999923706055,15.680000305175781,15.800000190734863,6.288638591766357,45000
2006-02-22,15.699999809265137,15.880000114440918,15.699999809265137,15.850000381469727,6.308541297912598,23000
2006-02-23,15.869999885559082,15.869999885559082,15.770000457763672,15.789999961853027,6.284660816192627,34800
2006-02-24,15.850000381469727,15.9399995803833,15.789999961853027,15.899999618530273,6.3284382820129395,30100
2006-02-27,15.920000076293945,16.0,15.899999618530273,15.970000267028809,6.3563032150268555,25800
2006-02-28,15.979999542236328,15.979999542236328,15.920000076293945,15.930000305175781,6.34037971496582,24400
2006-03-01,15.960000038146973,16.049999237060547,15.949999809265137,16.0,6.368245601654053,43600
2006-03-02,15.960000038146973,16.030000686645508,15.920000076293945,16.0,6.368245601654053,31900
2006-03-03,15.979999542236328,15.979999542236328,15.890000343322754,15.9399995803833,6.344363689422607,35900
2006-03-06,15.930000305175781,15.949999809265137,15.890000343322754,15.920000076293945,6.336400985717773,39200
2006-03-07,15.859999656677246,16.0,15.859999656677246,15.899999618530273,6.3284382820129395,40700
2006-03-08,15.899999618530273,16.100000381469727,15.899999618530273,16.049999237060547,6.388141632080078,49800
2006-03-09,16.059999465942383,16.1200008392334,16.049999237060547,16.09000015258789,6.404062271118164,57200
2006-03-10,15.970000267028809,16.100000381469727,15.960000038146973,16.100000381469727,6.442485332489014,38500
2006-03-13,16.020000457763672,16.09000015258789,16.020000457763672,16.079999923706055,6.434478759765625,31200
2006-03-14,16.09000015258789,16.1200008392334,16.030000686645508,16.110000610351562,6.4464826583862305,33900
2006-03-15,16.100000381469727,16.229999542236328,16.020000457763672,16.149999618530273,6.462488174438477,34900
2006-03-16,16.100000381469727,16.25,16.100000381469727,16.18000030517578,6.474494457244873,49600
2006-03-17,16.200000762939453,16.280000686645508,16.170000076293945,16.229999542236328,6.494503021240234,41900
2006-03-20,16.209999084472656,16.329999923706055,16.200000762939453,16.229999542236328,6.494503021240234,50300
2006-03-21,16.299999237060547,16.450000762939453,16.25,16.43000030517578,6.574530601501465,79200
2006-03-22,16.450000762939453,16.670000076293945,16.399999618530273,16.6200008392334,6.650561809539795,56200
2006-03-23,16.700000762939453,17.149999618530273,16.6299991607666,17.149999618530273,6.862640380859375,111100
2006-03-24,17.049999237060547,17.100000381469727,16.670000076293945,16.799999237060547,6.722586631774902,87300
2006-03-27,16.549999237060547,16.6299991607666,16.3799991607666,16.450000762939453,6.58253288269043,89100
2006-03-28,16.399999618530273,16.399999618530273,16.0,16.09000015258789,6.438477993011475,175100
2006-03-29,16.079999923706055,16.200000762939453,15.850000381469727,15.899999618530273,6.362445831298828,115900
2006-03-30,16.049999237060547,16.049999237060547,15.760000228881836,15.829999923706055,6.334437847137451,72900
2006-03-31,15.729999542236328,15.920000076293945,15.710000038146973,15.729999542236328,6.294422626495361,39100
2006-04-03,15.75,15.869999885559082,15.699999809265137,15.850000381469727,6.342441558837891,32600
2006-04-04,15.819999694824219,15.949999809265137,15.789999961853027,15.949999809265137,6.382454872131348,48400
2006-04-05,15.90999984741211,16.059999465942383,15.899999618530273,16.010000228881836,6.406462669372559,66700
2006-04-06,16.040000915527344,16.06999969482422,16.0,16.040000915527344,6.418471336364746,45500
2006-04-07,15.800000190734863,16.049999237060547,15.800000190734863,16.0,6.402463436126709,51000
2006-04-10,16.0,16.149999618530273,15.949999809265137,16.049999237060547,6.422471046447754,31700
2006-04-11,16.100000381469727,16.1299991607666,16.040000915527344,16.100000381469727,6.442485332489014,18000
2006-04-12,15.949999809265137,16.030000686645508,15.8100004196167,15.960000038146973,6.420757293701172,30500
2006-04-13,15.90999984741211,15.90999984741211,15.75,15.850000381469727,6.376504421234131,34800
2006-04-17,15.850000381469727,15.949999809265137,15.800000190734863,15.829999923706055,6.368455410003662,15500
2006-04-18,15.84000015258789,16.049999237060547,15.779999732971191,16.049999237060547,6.456962585449219,38700
2006-04-19,16.020000457763672,16.25,16.020000457763672,16.25,6.537421703338623,57200
2006-04-20,16.149999618530273,16.239999771118164,16.079999923706055,16.1200008392334,6.485128402709961,19400
2006-04-21,16.110000610351562,16.110000610351562,16.0,16.040000915527344,6.452939510345459,28400
2006-04-24,16.100000381469727,16.170000076293945,15.960000038146973,15.989999771118164,6.4328227043151855,49300
2006-04-25,16.0,16.0,15.899999618530273,15.949999809265137,6.41673469543457,42700
2006-04-26,16.100000381469727,16.100000381469727,15.949999809265137,15.979999542236328,6.428800582885742,25800
2006-04-27,16.0,16.200000762939453,15.989999771118164,16.1299991607666,6.4891462326049805,29300
2006-04-28,16.149999618530273,16.209999084472656,16.06999969482422,16.09000015258789,6.473053455352783,21400
2006-05-01,16.0,16.1299991607666,15.960000038146973,15.979999542236328,6.428800582885742,44800
2006-05-02,15.960000038146973,16.040000915527344,15.960000038146973,16.020000457763672,6.444894790649414,27100
2006-05-03,16.030000686645508,16.049999237060547,16.0,16.020000457763672,6.444894790649414,23600
2006-05-04,16.010000228881836,16.040000915527344,16.0,16.020000457763672,6.444894790649414,27400
2006-05-05,16.020000457763672,16.040000915527344,15.949999809265137,16.020000457763672,6.444894790649414,22300
2006-05-08,16.020000457763672,16.049999237060547,16.0,16.049999237060547,6.456962585449219,57200
2006-05-09,16.0,16.049999237060547,16.0,16.010000228881836,6.440865993499756,21800
2006-05-10,16.0,16.049999237060547,16.0,16.030000686645508,6.448914527893066,39400
2006-05-11,16.010000228881836,16.040000915527344,15.949999809265137,15.979999542236328,6.4634785652160645,21900
2006-05-12,15.970000267028809,16.010000228881836,15.949999809265137,15.949999809265137,6.451341152191162,15700
2006-05-15,16.020000457763672,16.030000686645508,15.90999984741211,15.9399995803833,6.447295665740967,32900
2006-05-16,15.880000114440918,16.049999237060547,15.880000114440918,15.989999771118164,6.467523574829102,41800
2006-05-17,15.970000267028809,16.020000457763672,15.819999694824219,15.960000038146973,6.455387592315674,33600
2006-05-18,15.949999809265137,16.010000228881836,15.880000114440918,15.960000038146973,6.455387592315674,13800
2006-05-19,15.90999984741211,16.020000457763672,15.90999984741211,15.979999542236328,6.4634785652160645,32600
2006-05-22,15.949999809265137,15.989999771118164,15.920000076293945,15.960000038146973,6.455387592315674,31600
2006-05-23,15.970000267028809,15.979999542236328,15.880000114440918,15.949999809265137,6.451341152191162,24700
2006-05-24,15.90999984741211,15.979999542236328,15.869999885559082,15.930000305175781,6.443253993988037,30400
2006-05-25,15.920000076293945,15.920000076293945,15.8100004196167,15.899999618530273,6.431119441986084,26300
2006-05-26,15.899999618530273,15.979999542236328,15.869999885559082,15.970000267028809,6.45943546295166,21600
2006-05-30,15.930000305175781,15.989999771118164,15.880000114440918,15.899999618530273,6.431119441986084,13700
2006-05-31,15.9399995803833,15.989999771118164,15.930000305175781,15.989999771118164,6.467523574829102,14000
2006-06-01,15.970000267028809,16.0,15.949999809265137,15.979999542236328,6.4634785652160645,25100
2006-06-02,16.0,16.18000030517578,15.949999809265137,16.170000076293945,6.5403265953063965,35700
2006-06-05,16.139999389648438,16.139999389648438,16.020000457763672,16.020000457763672,6.479658126831055,42300
2006-06-06,15.989999771118164,16.06999969482422,15.979999542236328,16.049999237060547,6.49179220199585,25800
2006-06-07,16.010000228881836,16.049999237060547,15.880000114440918,15.899999618530273,6.431119441986084,34500
2006-06-08,15.869999885559082,15.930000305175781,15.869999885559082,15.930000305175781,6.443253993988037,3900
2006-06-09,15.850000381469727,15.9399995803833,15.84000015258789,15.890000343322754,6.458697319030762,22400
2006-06-12,15.850000381469727,15.920000076293945,15.6899995803833,15.6899995803833,6.377405166625977,29400
2006-06-13,15.729999542236328,15.75,15.600000381469727,15.600000381469727,6.340826511383057,23000
2006-06-14,15.550000190734863,15.630000114440918,15.420000076293945,15.5,6.300181865692139,54900
2006-06-15,15.460000038146973,15.630000114440918,15.449999809265137,15.539999961853027,6.316435813903809,59100
2006-06-16,15.569999694824219,15.619999885559082,15.449999809265137,15.470000267028809,6.287985801696777,47800
2006-06-19,15.369999885559082,15.489999771118164,15.3100004196167,15.359999656677246,6.243276596069336,71900
2006-06-20,15.34000015258789,15.34000015258789,15.1899995803833,15.199999809265137,6.178239822387695,25500
2006-06-21,15.199999809265137,15.239999771118164,15.09000015258789,15.149999618530273,6.157915115356445,62200
2006-06-22,15.109999656677246,15.170000076293945,15.039999961853027,15.15999984741211,6.161983966827393,62800
2006-06-23,15.15999984741211,15.15999984741211,15.100000381469727,15.130000114440918,6.149786949157715,10600
2006-06-26,15.109999656677246,15.149999618530273,15.039999961853027,15.09000015258789,6.133530139923096,27100
2006-06-27,15.050000190734863,15.069999694824219,14.899999618530273,15.029999732971191,6.109139442443848,45900
2006-06-28,15.0,15.09000015258789,14.989999771118164,15.029999732971191,6.109139442443848,14300
2006-06-29,15.029999732971191,15.069999694824219,14.9399995803833,15.069999694824219,6.125401496887207,18700
2006-06-30,15.029999732971191,15.119999885559082,15.029999732971191,15.09000015258789,6.133530139923096,12000
2006-07-03,15.100000381469727,15.119999885559082,15.069999694824219,15.109999656677246,6.14165735244751,14400
2006-07-05,15.109999656677246,15.109999656677246,15.010000228881836,15.029999732971191,6.109139442443848,13600
2006-07-06,15.069999694824219,15.09000015258789,15.029999732971191,15.0600004196167,6.121336460113525,28200
2006-07-07,15.0600004196167,15.079999923706055,15.020000457763672,15.020000457763672,6.105079174041748,10700
2006-07-10,15.029999732971191,15.029999732971191,14.949999809265137,14.949999809265137,6.076624393463135,31000
2006-07-11,15.0,15.069999694824219,14.970000267028809,15.0600004196167,6.121336460113525,17300
2006-07-12,15.119999885559082,15.119999885559082,14.979999542236328,15.029999732971191,6.109139442443848,28100
2006-07-13,14.960000038146973,14.970000267028809,14.869999885559082,14.960000038146973,6.112411975860596,25600
2006-07-14,14.930000305175781,14.960000038146973,14.90999984741211,14.920000076293945,6.096067428588867,20700
2006-07-17,14.949999809265137,14.949999809265137,14.899999618530273,14.899999618530273,6.087889671325684,26100
2006-07-18,14.90999984741211,15.010000228881836,14.899999618530273,14.90999984741211,6.091980934143066,36100
2006-07-19,14.920000076293945,15.050000190734863,14.920000076293945,15.010000228881836,6.132839679718018,31300
2006-07-20,14.920000076293945,15.170000076293945,14.920000076293945,15.100000381469727,6.169611930847168,38100
2006-07-21,15.109999656677246,15.180000305175781,15.109999656677246,15.109999656677246,6.173701286315918,17800
2006-07-24,15.109999656677246,15.180000305175781,15.09000015258789,15.130000114440918,6.1818671226501465,16600
2006-07-25,15.229999542236328,15.239999771118164,15.170000076293945,15.220000267028809,6.21864128112793,18200
2006-07-26,15.220000267028809,15.3100004196167,15.210000038146973,15.25,6.230897903442383,18900
2006-07-27,15.210000038146973,15.390000343322754,15.210000038146973,15.390000343322754,6.288098335266113,19300
2006-07-28,15.399999618530273,15.430000305175781,15.359999656677246,15.430000305175781,6.304441928863525,13000
2006-07-31,15.489999771118164,15.520000457763672,15.399999618530273,15.420000076293945,6.300358772277832,35000
2006-08-01,15.449999809265137,15.59000015258789,15.449999809265137,15.579999923706055,6.36573600769043,28900
2006-08-02,15.619999885559082,15.65999984741211,15.520000457763672,15.520000457763672,6.341216564178467,25800
2006-08-03,15.550000190734863,15.59000015258789,15.5,15.5,6.333044528961182,11700
2006-08-04,15.529999732971191,15.600000381469727,15.520000457763672,15.600000381469727,6.373902320861816,20300
2006-08-07,15.649999618530273,15.670000076293945,15.5600004196167,15.569999694824219,6.361647129058838,21900
2006-08-08,15.600000381469727,15.649999618530273,15.5600004196167,15.609999656677246,6.377989292144775,19200
2006-08-09,15.5600004196167,15.680000305175781,15.5600004196167,15.600000381469727,6.373902320861816,20000
2006-08-10,15.5,15.600000381469727,15.479999542236328,15.59000015258789,6.40182638168335,31100
2006-08-11,15.550000190734863,15.579999923706055,15.520000457763672,15.550000190734863,6.385402679443359,10100
2006-08-14,15.5600004196167,15.699999809265137,15.529999732971191,15.600000381469727,6.4059343338012695,22900
2006-08-15,15.75,15.75,15.640000343322754,15.6899995803833,6.442889213562012,37000
2006-08-16,15.75,15.770000457763672,15.680000305175781,15.699999809265137,6.446998596191406,43500
2006-08-17,15.75,15.800000190734863,15.6899995803833,15.699999809265137,6.446998596191406,18100
2006-08-18,15.699999809265137,15.779999732971191,15.6899995803833,15.760000228881836,6.471635818481445,7800
2006-08-21,15.779999732971191,15.800000190734863,15.6899995803833,15.800000190734863,6.4880595207214355,29600
2006-08-22,15.850000381469727,15.949999809265137,15.729999542236328,15.949999809265137,6.549659252166748,40000
2006-08-23,15.880000114440918,15.979999542236328,15.8100004196167,15.979999542236328,6.561973571777344,45800
2006-08-24,15.920000076293945,16.030000686645508,15.869999885559082,16.030000686645508,6.582503795623779,29700
2006-08-25,16.0,16.100000381469727,15.949999809265137,16.100000381469727,6.611249923706055,23800
2006-08-28,16.079999923706055,16.149999618530273,16.059999465942383,16.149999618530273,6.631781101226807,63300
2006-08-29,16.200000762939453,16.270000457763672,16.18000030517578,16.270000457763672,6.681061267852783,28400
2006-08-30,16.260000228881836,16.290000915527344,16.209999084472656,16.209999084472656,6.656421184539795,22200
2006-08-31,16.239999771118164,16.260000228881836,16.200000762939453,16.25,6.672850131988525,36600
2006-09-01,16.170000076293945,16.239999771118164,16.170000076293945,16.229999542236328,6.664632320404053,11900
2006-09-05,16.190000534057617,16.219999313354492,16.18000030517578,16.200000762939453,6.652315616607666,25000
2006-09-06,16.200000762939453,16.200000762939453,16.149999618530273,16.200000762939453,6.652315616607666,22100
2006-09-07,16.219999313354492,16.260000228881836,16.15999984741211,16.219999313354492,6.660523891448975,31600
2006-09-08,16.219999313354492,16.280000686645508,16.219999313354492,16.280000686645508,6.685168266296387,11800
2006-09-11,16.280000686645508,16.280000686645508,16.219999313354492,16.239999771118164,6.668737411499023,18000
2006-09-12,16.270000457763672,16.299999237060547,16.25,16.299999237060547,6.693379878997803,19600
2006-09-13,16.290000915527344,16.290000915527344,16.139999389648438,16.219999313354492,6.692549228668213,35100
2006-09-14,16.219999313354492,16.229999542236328,16.1200008392334,16.170000076293945,6.671922206878662,20700
2006-09-15,16.190000534057617,16.200000762939453,16.1299991607666,16.1299991607666,6.655419826507568,12300
2006-09-18,16.15999984741211,16.15999984741211,16.09000015258789,16.139999389648438,6.659545421600342,13000
2006-09-19,16.1299991607666,16.139999389648438,16.09000015258789,16.100000381469727,6.643043041229248,13600
2006-09-20,16.139999389648438,16.139999389648438,16.059999465942383,16.100000381469727,6.643043041229248,39500
2006-09-21,16.0,16.059999465942383,15.989999771118164,16.049999237060547,6.6224045753479,30500
2006-09-22,16.0,16.1200008392334,16.0,16.1200008392334,6.651296615600586,17700
2006-09-25,16.110000610351562,16.15999984741211,16.079999923706055,16.139999389648438,6.659545421600342,22800
2006-09-26,16.100000381469727,16.239999771118164,16.100000381469727,16.239999771118164,6.700804233551025,31900
2006-09-27,16.25,16.299999237060547,16.219999313354492,16.299999237060547,6.725563049316406,17700
2006-09-28,16.280000686645508,16.299999237060547,16.25,16.260000228881836,6.709054470062256,12500
2006-09-29,16.25,16.260000228881836,16.200000762939453,16.209999084472656,6.6884284019470215,26300
2006-10-02,16.170000076293945,16.280000686645508,16.170000076293945,16.190000534057617,6.680175304412842,4700
2006-10-03,16.239999771118164,16.260000228881836,16.139999389648438,16.229999542236328,6.696680068969727,11900
2006-10-04,16.200000762939453,16.299999237060547,16.200000762939453,16.229999542236328,6.696680068969727,16400
2006-10-05,16.209999084472656,16.309999465942383,16.1200008392334,16.260000228881836,6.709054470062256,28900
2006-10-06,16.239999771118164,16.31999969482422,16.200000762939453,16.25,6.704931735992432,25500
2006-10-09,16.25,16.329999923706055,16.25,16.25,6.704931735992432,17500
2006-10-10,16.209999084472656,16.25,16.200000762939453,16.25,6.704931735992432,19300
2006-10-11,16.200000762939453,16.270000457763672,16.1299991607666,16.149999618530273,6.663671493530273,12500
2006-10-12,16.059999465942383,16.149999618530273,16.040000915527344,16.09000015258789,6.671131134033203,27100
2006-10-13,16.09000015258789,16.1200008392334,15.949999809265137,15.970000267028809,6.621382236480713,17800
2006-10-16,15.970000267028809,15.979999542236328,15.800000190734863,15.899999618530273,6.592353820800781,46500
2006-10-17,15.859999656677246,15.970000267028809,15.850000381469727,15.949999809265137,6.613089561462402,22300
2006-10-18,16.049999237060547,16.049999237060547,15.960000038146973,16.020000457763672,6.642109394073486,16400
2006-10-19,16.0,16.100000381469727,16.0,16.020000457763672,6.642109394073486,16700
2006-10-20,16.049999237060547,16.06999969482422,16.0,16.040000915527344,6.650410175323486,10700
2006-10-23,16.049999237060547,16.1200008392334,16.049999237060547,16.09000015258789,6.671131134033203,21100
2006-10-24,16.100000381469727,16.190000534057617,16.079999923706055,16.190000534057617,6.712594032287598,16800
2006-10-25,16.200000762939453,16.329999923706055,16.200000762939453,16.329999923706055,6.7706427574157715,42700
2006-10-26,16.25,16.350000381469727,16.25,16.299999237060547,6.758205413818359,9100
2006-10-27,16.34000015258789,16.34000015258789,16.209999084472656,16.25,6.737471580505371,17000
2006-10-30,16.209999084472656,16.350000381469727,16.209999084472656,16.350000381469727,6.778933048248291,16800
2006-10-31,16.350000381469727,16.360000610351562,16.290000915527344,16.290000915527344,6.754056453704834,35700
2006-11-01,16.299999237060547,16.360000610351562,16.290000915527344,16.34000015258789,6.774787425994873,15100
2006-11-02,16.389999389648438,16.399999618530273,16.34000015258789,16.350000381469727,6.778933048248291,11800
2006-11-03,16.299999237060547,16.350000381469727,16.280000686645508,16.34000015258789,6.774787425994873,13700
2006-11-06,16.350000381469727,16.3700008392334,16.299999237060547,16.299999237060547,6.758205413818359,25000
2006-11-07,16.309999465942383,16.3799991607666,16.309999465942383,16.350000381469727,6.778933048248291,13000
2006-11-08,16.329999923706055,16.360000610351562,16.299999237060547,16.309999465942383,6.762345790863037,18500
2006-11-09,16.299999237060547,16.329999923706055,16.280000686645508,16.31999969482422,6.7664899826049805,6200
2006-11-10,16.219999313354492,16.350000381469727,16.219999313354492,16.350000381469727,6.811489105224609,21800
2006-11-13,16.229999542236328,16.360000610351562,16.229999542236328,16.309999465942383,6.794821262359619,25100
2006-11-14,16.229999542236328,16.34000015258789,16.229999542236328,16.329999923706055,6.80315637588501,34400
2006-11-15,16.31999969482422,16.360000610351562,16.299999237060547,16.360000610351562,6.815654277801514,9400
2006-11-16,16.31999969482422,16.389999389648438,16.299999237060547,16.299999237060547,6.790656089782715,37900
2006-11-17,16.3799991607666,16.450000762939453,16.31999969482422,16.329999923706055,6.80315637588501,24600
2006-11-20,16.329999923706055,16.399999618530273,16.309999465942383,16.399999618530273,6.83231782913208,36200
2006-11-21,16.350000381469727,16.450000762939453,16.329999923706055,16.34000015258789,6.807323932647705,18200
2006-11-22,16.350000381469727,16.3799991607666,16.309999465942383,16.329999923706055,6.80315637588501,17100
2006-11-24,16.360000610351562,16.3700008392334,16.350000381469727,16.3700008392334,6.819818496704102,4600
2006-11-27,16.3799991607666,16.420000076293945,16.360000610351562,16.3700008392334,6.819818496704102,14000
2006-11-28,16.440000534057617,16.469999313354492,16.3799991607666,16.43000030517578,6.844817161560059,24200
2006-11-29,16.450000762939453,16.479999542236328,16.399999618530273,16.450000762939453,6.853152751922607,36400
2006-11-30,16.40999984741211,16.479999542236328,16.40999984741211,16.440000534057617,6.848982334136963,25300
2006-12-01,16.43000030517578,16.450000762939453,16.3700008392334,16.399999618530273,6.83231782913208,25100
2006-12-04,16.350000381469727,16.450000762939453,16.350000381469727,16.43000030517578,6.844817161560059,39300
2006-12-05,16.43000030517578,16.559999465942383,16.389999389648438,16.459999084472656,6.857315540313721,40300
2006-12-06,16.5,16.5,16.25,16.260000228881836,6.773993492126465,51200
2006-12-07,16.25,16.280000686645508,16.200000762939453,16.219999313354492,6.757329940795898,30300
2006-12-08,16.200000762939453,16.25,16.100000381469727,16.100000381469727,6.707336902618408,34200
2006-12-11,16.06999969482422,16.110000610351562,15.979999542236328,15.979999542236328,6.65734338760376,62200
2006-12-12,15.949999809265137,16.010000228881836,15.949999809265137,15.979999542236328,6.65734338760376,38500
2006-12-13,15.90999984741211,15.970000267028809,15.800000190734863,15.869999885559082,6.641020774841309,50500
2006-12-14,15.850000381469727,15.859999656677246,15.539999961853027,15.550000190734863,6.507114887237549,86800
2006-12-15,15.59000015258789,15.630000114440918,15.59000015258789,15.59000015258789,6.5238566398620605,37300
2006-12-18,15.529999732971191,15.5600004196167,15.489999771118164,15.5600004196167,6.511300086975098,40100
2006-12-19,15.529999732971191,15.579999923706055,15.479999542236328,15.529999732971191,6.498747825622559,44500
2006-12-20,15.5,15.550000190734863,15.369999885559082,15.4399995803833,6.461083889007568,53400
2006-12-21,15.359999656677246,15.5,15.329999923706055,15.5,6.48619270324707,28700
2006-12-22,15.420000076293945,15.5,15.399999618530273,15.5,6.48619270324707,28400
2006-12-26,15.510000228881836,15.529999732971191,15.479999542236328,15.520000457763672,6.494561195373535,18900
2006-12-27,15.460000038146973,15.539999961853027,15.460000038146973,15.5,6.48619270324707,28600
2006-12-28,15.5,15.539999961853027,15.3100004196167,15.40999984741211,6.448530673980713,93000
2006-12-29,15.319999694824219,15.5,15.319999694824219,15.5,6.48619270324707,154400
2007-01-03,15.5600004196167,15.649999618530273,15.520000457763672,15.640000343322754,6.544778347015381,39800
2007-01-04,15.649999618530273,15.649999618530273,15.550000190734863,15.600000381469727,6.528040885925293,41500
2007-01-05,15.59000015258789,15.729999542236328,15.550000190734863,15.699999809265137,6.569887161254883,57000
2007-01-08,15.710000038146973,15.829999923706055,15.710000038146973,15.829999923706055,6.624283790588379,29500
2007-01-09,15.779999732971191,15.899999618530273,15.760000228881836,15.880000114440918,6.645207405090332,34200
2007-01-10,15.890000343322754,15.949999809265137,15.449999809265137,15.84000015258789,6.628470420837402,89900
2007-01-11,15.75,15.800000190734863,15.699999809265137,15.699999809265137,6.599466323852539,23400
2007-01-12,15.670000076293945,15.699999809265137,15.579999923706055,15.649999618530273,6.578448295593262,26000
2007-01-16,15.640000343322754,15.729999542236328,15.640000343322754,15.720000267028809,6.607874870300293,21200
2007-01-17,15.729999542236328,15.8100004196167,15.729999542236328,15.800000190734863,6.641501426696777,19700
2007-01-18,15.75,15.829999923706055,15.75,15.829999923706055,6.654110431671143,6100
2007-01-19,15.760000228881836,15.880000114440918,15.75,15.869999885559082,6.670921325683594,22100
2007-01-22,15.869999885559082,15.949999809265137,15.869999885559082,15.949999809265137,6.704552173614502,35300
2007-01-23,15.949999809265137,15.949999809265137,15.899999618530273,15.90999984741211,6.687739372253418,23600
2007-01-24,15.899999618530273,15.9399995803833,15.699999809265137,15.829999923706055,6.654110431671143,66700
2007-01-25,15.800000190734863,15.8100004196167,15.670000076293945,15.729999542236328,6.612074375152588,46700
2007-01-26,15.699999809265137,15.800000190734863,15.699999809265137,15.789999961853027,6.637294292449951,10800
2007-01-29,15.760000228881836,15.859999656677246,15.760000228881836,15.800000190734863,6.641501426696777,28600
2007-01-30,15.770000457763672,15.819999694824219,15.760000228881836,15.819999694824219,6.649909019470215,22900
2007-01-31,15.779999732971191,15.800000190734863,15.6899995803833,15.739999771118164,6.616281986236572,42600
2007-02-01,15.75,15.8100004196167,15.720000267028809,15.800000190734863,6.641501426696777,34600
2007-02-02,15.8100004196167,15.84000015258789,15.760000228881836,15.789999961853027,6.637294292449951,36800
2007-02-05,15.760000228881836,15.84000015258789,15.760000228881836,15.84000015258789,6.658315658569336,10800
2007-02-06,15.84000015258789,15.84000015258789,15.739999771118164,15.789999961853027,6.637294292449951,50100
2007-02-07,15.75,15.800000190734863,15.729999542236328,15.779999732971191,6.633096694946289,13000
2007-02-08,15.779999732971191,15.8100004196167,15.739999771118164,15.789999961853027,6.637294292449951,26300
2007-02-09,15.779999732971191,15.8100004196167,15.760000228881836,15.8100004196167,6.645700454711914,44200
2007-02-12,15.760000228881836,15.829999923706055,15.760000228881836,15.770000457763672,6.6288886070251465,14800
2007-02-13,15.760000228881836,15.770000457763672,15.6899995803833,15.720000267028809,6.637758255004883,15900
2007-02-14,15.6899995803833,15.75,15.65999984741211,15.720000267028809,6.637758255004883,22900
2007-02-15,15.720000267028809,15.789999961853027,15.720000267028809,15.720000267028809,6.637758255004883,15300
2007-02-16,15.720000267028809,15.800000190734863,15.720000267028809,15.800000190734863,6.67153787612915,23000
2007-02-20,15.800000190734863,15.890000343322754,15.800000190734863,15.850000381469727,6.692652225494385,26000
2007-02-21,15.829999923706055,15.869999885559082,15.789999961853027,15.8100004196167,6.675756931304932,23700
2007-02-22,15.770000457763672,15.850000381469727,15.75,15.779999732971191,6.663095951080322,14900
2007-02-23,15.779999732971191,15.829999923706055,15.75,15.800000190734863,6.67153787612915,11700
2007-02-26,15.829999923706055,15.850000381469727,15.8100004196167,15.84000015258789,6.6884284019470215,16700
2007-02-27,15.920000076293945,15.930000305175781,15.819999694824219,15.850000381469727,6.692652225494385,20400
2007-02-28,15.850000381469727,15.960000038146973,15.850000381469727,15.9399995803833,6.730651378631592,17400
2007-03-01,15.90999984741211,15.960000038146973,15.90999984741211,15.930000305175781,6.726430892944336,11900
2007-03-02,15.949999809265137,16.079999923706055,15.930000305175781,16.079999923706055,6.789769172668457,28400
2007-03-05,16.0,16.079999923706055,16.0,16.010000228881836,6.760209560394287,12100
2007-03-06,16.0,16.040000915527344,15.949999809265137,16.030000686645508,6.768655300140381,9500
2007-03-07,15.979999542236328,16.06999969482422,15.979999542236328,16.06999969482422,6.785543918609619,7500
2007-03-08,16.049999237060547,16.100000381469727,16.049999237060547,16.06999969482422,6.785543918609619,15400
2007-03-09,16.06999969482422,16.100000381469727,16.0,16.049999237060547,6.777099609375,19100
2007-03-12,16.049999237060547,16.170000076293945,16.049999237060547,16.170000076293945,6.827772617340088,9500
2007-03-13,16.020000457763672,16.149999618530273,16.0,16.079999923706055,6.819713592529297,17100
2007-03-14,16.030000686645508,16.110000610351562,15.930000305175781,16.010000228881836,6.790023326873779,30900
2007-03-15,16.010000228881836,16.049999237060547,15.970000267028809,16.0,6.785783290863037,12700
2007-03-16,16.010000228881836,16.049999237060547,15.890000343322754,15.9399995803833,6.760334014892578,27100
2007-03-19,15.9399995803833,16.030000686645508,15.930000305175781,15.970000267028809,6.773059844970703,17700
2007-03-20,15.979999542236328,16.010000228881836,15.930000305175781,15.989999771118164,6.781540870666504,14500
2007-03-21,15.949999809265137,16.0,15.920000076293945,15.989999771118164,6.781540870666504,21900
2007-03-22,15.970000267028809,16.0,15.949999809265137,15.949999809265137,6.764578342437744,16100
2007-03-23,15.970000267028809,15.970000267028809,15.819999694824219,15.890000343322754,6.739132404327393,41000
2007-03-26,15.869999885559082,15.9399995803833,15.869999885559082,15.920000076293945,6.75185489654541,6800
2007-03-27,15.930000305175781,15.9399995803833,15.84000015258789,15.850000381469727,6.722168445587158,22200
2007-03-28,15.880000114440918,15.880000114440918,15.819999694824219,15.829999923706055,6.713682651519775,23400
2007-03-29,15.850000381469727,15.859999656677246,15.729999542236328,15.760000228881836,6.683996677398682,40100
2007-03-30,15.760000228881836,15.789999961853027,15.729999542236328,15.770000457763672,6.688236236572266,19000
2007-04-02,15.770000457763672,15.770000457763672,15.729999542236328,15.75,6.6797566413879395,13700
2007-04-03,15.75,15.779999732971191,15.75,15.770000457763672,6.688236236572266,13400
2007-04-04,15.770000457763672,15.819999694824219,15.75,15.770000457763672,6.688236236572266,26800
2007-04-05,15.729999542236328,15.770000457763672,15.699999809265137,15.770000457763672,6.688236236572266,55000
2007-04-09,15.710000038146973,15.779999732971191,15.710000038146973,15.779999732971191,6.6924824714660645,24100
2007-04-10,15.779999732971191,15.880000114440918,15.760000228881836,15.829999923706055,6.713682651519775,41200
2007-04-11,15.829999923706055,15.920000076293945,15.819999694824219,15.920000076293945,6.75185489654541,23200
2007-04-12,15.84000015258789,15.890000343322754,15.779999732971191,15.8100004196167,6.735236167907715,17200
2007-04-13,15.779999732971191,15.84000015258789,15.779999732971191,15.789999961853027,6.726716995239258,10100
2007-04-16,15.789999961853027,15.850000381469727,15.789999961853027,15.789999961853027,6.726716995239258,17600
2007-04-17,15.789999961853027,15.84000015258789,15.75,15.800000190734863,6.73098087310791,26600
2007-04-18,15.819999694824219,15.850000381469727,15.770000457763672,15.850000381469727,6.752282619476318,19100
2007-04-19,15.850000381469727,15.899999618530273,15.800000190734863,15.859999656677246,6.756539344787598,28900
2007-04-20,15.819999694824219,15.859999656677246,15.770000457763672,15.819999694824219,6.739498615264893,9500
2007-04-23,15.800000190734863,15.850000381469727,15.800000190734863,15.819999694824219,6.739498615264893,16800
2007-04-24,15.800000190734863,15.869999885559082,15.800000190734863,15.819999694824219,6.739498615264893,11400
2007-04-25,15.800000190734863,15.869999885559082,15.75,15.829999923706055,6.743760585784912,18300
2007-04-26,15.850000381469727,15.880000114440918,15.789999961853027,15.84000015258789,6.748018741607666,17800
2007-04-27,15.819999694824219,15.890000343322754,15.819999694824219,15.880000114440918,6.765060901641846,19000
2007-04-30,15.880000114440918,15.9399995803833,15.859999656677246,15.930000305175781,6.7863616943359375,18100
2007-05-01,15.920000076293945,15.960000038146973,15.90999984741211,15.960000038146973,6.799140453338623,9400
2007-05-02,15.920000076293945,16.06999969482422,15.920000076293945,16.030000686645508,6.8289618492126465,37300
2007-05-03,16.020000457763672,16.110000610351562,15.989999771118164,16.049999237060547,6.837482452392578,51000
2007-05-04,16.079999923706055,16.110000610351562,16.049999237060547,16.059999465942383,6.841740608215332,7800
2007-05-07,16.079999923706055,16.1200008392334,16.049999237060547,16.100000381469727,6.858781814575195,24200
2007-05-08,16.06999969482422,16.139999389648438,16.049999237060547,16.049999237060547,6.837482452392578,15100
2007-05-09,16.030000686645508,16.100000381469727,15.970000267028809,16.020000457763672,6.824706554412842,28600
2007-05-10,16.010000228881836,16.079999923706055,16.0,16.020000457763672,6.824706554412842,16900
2007-05-11,15.880000114440918,16.030000686645508,15.880000114440918,16.0,6.8465256690979,42200
2007-05-14,16.0,16.100000381469727,16.0,16.010000228881836,6.850800514221191,18700
2007-05-15,16.020000457763672,16.09000015258789,16.020000457763672,16.020000457763672,6.855085372924805,9700
2007-05-16,16.020000457763672,16.049999237060547,16.0,16.040000915527344,6.863643646240234,18000
2007-05-17,16.020000457763672,16.059999465942383,15.960000038146973,15.989999771118164,6.8422465324401855,20200
2007-05-18,15.960000038146973,15.989999771118164,15.949999809265137,15.949999809265137,6.82512903213501,10200
2007-05-21,15.930000305175781,15.989999771118164,15.930000305175781,15.960000038146973,6.829411029815674,17700
2007-05-22,15.930000305175781,15.979999542236328,15.8100004196167,15.8100004196167,6.765219688415527,24300
2007-05-23,15.800000190734863,15.920000076293945,15.800000190734863,15.84000015258789,6.778059005737305,21800
2007-05-24,15.850000381469727,15.850000381469727,15.800000190734863,15.800000190734863,6.760943412780762,19200
2007-05-25,15.800000190734863,15.800000190734863,15.720000267028809,15.760000228881836,6.743826389312744,9700
2007-05-29,15.829999923706055,15.850000381469727,15.75,15.75,6.739548206329346,16900
2007-05-30,15.75,15.850000381469727,15.75,15.829999923706055,6.773776531219482,13100
2007-05-31,15.829999923706055,15.829999923706055,15.760000228881836,15.789999961853027,6.7566609382629395,14200
2007-06-01,15.770000457763672,15.8100004196167,15.770000457763672,15.770000457763672,6.748106002807617,6600
2007-06-04,15.800000190734863,15.800000190734863,15.710000038146973,15.75,6.739548206329346,27100
2007-06-05,15.710000038146973,15.789999961853027,15.699999809265137,15.699999809265137,6.718152046203613,11100
2007-06-06,15.680000305175781,15.710000038146973,15.609999656677246,15.609999656677246,6.6796441078186035,17000
2007-06-07,15.619999885559082,15.619999885559082,15.300000190734863,15.380000114440918,6.581221103668213,36700
2007-06-08,15.329999923706055,15.34000015258789,15.3100004196167,15.34000015258789,6.564103603363037,38600
2007-06-11,15.329999923706055,15.34000015258789,15.289999961853027,15.319999694824219,6.555548667907715,17800
2007-06-12,15.289999961853027,15.289999961853027,14.90999984741211,14.970000267028809,6.4057793617248535,110900
2007-06-13,15.0,15.100000381469727,14.949999809265137,15.039999961853027,6.466402530670166,34700
2007-06-14,15.050000190734863,15.100000381469727,14.90999984741211,14.960000038146973,6.4320068359375,48200
2007-06-15,15.029999732971191,15.029999732971191,14.960000038146973,14.960000038146973,6.4320068359375,16000
2007-06-18,14.979999542236328,15.029999732971191,14.949999809265137,15.0,6.449206829071045,35100
2007-06-19,14.979999542236328,15.039999961853027,14.979999542236328,15.020000457763672,6.457805156707764,10100
2007-06-20,15.0,15.039999961853027,14.989999771118164,15.029999732971191,6.462104797363281,16000
2007-06-21,15.0,15.119999885559082,15.0,15.079999923706055,6.483599662780762,24100
2007-06-22,15.079999923706055,15.100000381469727,15.0600004196167,15.100000381469727,6.492197513580322,14700
2007-06-25,15.050000190734863,15.069999694824219,15.0,15.0,6.449206829071045,23000
2007-06-26,15.0,15.020000457763672,14.90999984741211,14.90999984741211,6.410512924194336,27200
2007-06-27,14.920000076293945,15.0,14.90999984741211,14.960000038146973,6.4320068359375,46800
2007-06-28,14.960000038146973,14.960000038146973,14.899999618530273,14.949999809265137,6.427705764770508,39400
2007-06-29,14.90999984741211,14.960000038146973,14.869999885559082,14.960000038146973,6.4320068359375,72600
2007-07-02,14.960000038146973,15.050000190734863,14.930000305175781,15.020000457763672,6.457805156707764,41100
2007-07-03,15.050000190734863,15.079999923706055,15.050000190734863,15.069999694824219,6.479300498962402,2300
2007-07-05,15.029999732971191,15.0600004196167,14.970000267028809,15.0,6.449206829071045,29900
2007-07-06,14.949999809265137,15.050000190734863,14.920000076293945,15.010000228881836,6.453505992889404,42500
2007-07-09,15.0,15.100000381469727,14.979999542236328,15.010000228881836,6.453505992889404,33400
2007-07-10,15.069999694824219,15.100000381469727,15.029999732971191,15.050000190734863,6.470701694488525,23400
2007-07-11,15.029999732971191,15.180000305175781,15.029999732971191,15.039999961853027,6.466402530670166,13300
2007-07-12,14.970000267028809,14.970000267028809,14.84000015258789,14.859999656677246,6.419312000274658,19000
2007-07-13,14.949999809265137,14.949999809265137,14.800000190734863,14.859999656677246,6.419312000274658,39700
2007-07-16,14.9399995803833,14.9399995803833,14.829999923706055,14.829999923706055,6.406358242034912,40000
2007-07-17,14.8100004196167,14.880000114440918,14.800000190734863,14.8100004196167,6.397719383239746,27300
2007-07-18,14.84000015258789,14.859999656677246,14.8100004196167,14.8100004196167,6.397719383239746,28000
2007-07-19,14.8100004196167,14.899999618530273,14.800000190734863,14.890000343322754,6.432276725769043,19500
2007-07-20,14.829999923706055,15.09000015258789,14.829999923706055,14.829999923706055,6.406358242034912,51900
2007-07-23,14.819999694824219,14.880000114440918,14.8100004196167,14.8100004196167,6.397719383239746,11500
2007-07-24,14.800000190734863,14.84000015258789,14.699999809265137,14.699999809265137,6.350199222564697,23900
2007-07-25,14.699999809265137,14.739999771118164,14.600000381469727,14.680000305175781,6.341556549072266,25400
2007-07-26,14.65999984741211,14.6899995803833,14.289999961853027,14.479999542236328,6.255161285400391,36300
2007-07-27,14.479999542236328,14.600000381469727,14.40999984741211,14.59000015258789,6.3026814460754395,55100
2007-07-30,14.579999923706055,14.640000343322754,14.579999923706055,14.609999656677246,6.31131649017334,8200
2007-07-31,14.579999923706055,14.699999809265137,14.550000190734863,14.630000114440918,6.319962024688721,44200
2007-08-01,14.640000343322754,14.640000343322754,14.510000228881836,14.510000228881836,6.268123149871826,29100
2007-08-02,14.40999984741211,14.539999961853027,14.380000114440918,14.510000228881836,6.268123149871826,61300
2007-08-03,14.489999771118164,14.539999961853027,14.449999809265137,14.539999961853027,6.281083106994629,24100
2007-08-06,14.600000381469727,14.600000381469727,14.5600004196167,14.579999923706055,6.298361301422119,17600
2007-08-07,14.619999885559082,14.619999885559082,14.539999961853027,14.539999961853027,6.281083106994629,21300
2007-08-08,14.59000015258789,14.619999885559082,14.5,14.510000228881836,6.268123149871826,60200
2007-08-09,14.5,14.550000190734863,14.449999809265137,14.5,6.2638020515441895,14500
2007-08-10,14.529999732971191,14.529999732971191,14.399999618530273,14.479999542236328,6.255161285400391,26000
2007-08-13,14.470000267028809,14.510000228881836,14.350000381469727,14.40999984741211,6.25559663772583,30600
2007-08-14,14.369999885559082,14.380000114440918,14.229999542236328,14.229999542236328,6.177454948425293,54100
2007-08-15,14.180000305175781,14.279999732971191,13.90999984741211,13.920000076293945,6.042877197265625,62900
2007-08-16,14.0,14.0,13.199999809265137,13.350000381469727,5.795435905456543,58000
2007-08-17,13.350000381469727,14.0,13.350000381469727,13.979999542236328,6.068925857543945,75500
2007-08-20,13.979999542236328,13.989999771118164,13.800000190734863,13.979999542236328,6.068925857543945,24700
2007-08-21,13.859999656677246,14.0,13.829999923706055,14.0,6.077611923217773,64000
2007-08-22,14.0,14.300000190734863,14.0,14.229999542236328,6.177454948425293,18900
2007-08-23,14.239999771118164,14.289999961853027,14.069999694824219,14.09000015258789,6.116678237915039,61500
2007-08-24,14.079999923706055,14.15999984741211,14.029999732971191,14.069999694824219,6.107993125915527,29100
2007-08-27,14.010000228881836,14.119999885559082,14.010000228881836,14.0600004196167,6.103656768798828,38900
2007-08-28,14.050000190734863,14.0600004196167,13.880000114440918,13.880000114440918,6.025517463684082,28200
2007-08-29,13.920000076293945,14.079999923706055,13.890000343322754,14.0,6.077611923217773,60200
2007-08-30,13.920000076293945,14.050000190734863,13.920000076293945,14.050000190734863,6.099312782287598,26000
2007-08-31,14.09000015258789,14.15999984741211,14.09000015258789,14.149999618530273,6.142721652984619,27600
2007-09-04,14.15999984741211,14.260000228881836,14.15999984741211,14.220000267028809,6.173111915588379,34000
2007-09-05,14.25,14.369999885559082,14.199999809265137,14.34000015258789,6.225208282470703,50400
2007-09-06,14.479999542236328,14.479999542236328,14.369999885559082,14.460000038146973,6.277298927307129,35100
2007-09-07,14.449999809265137,14.550000190734863,14.399999618530273,14.550000190734863,6.316370487213135,40700
2007-09-10,14.390000343322754,14.600000381469727,13.800000190734863,14.600000381469727,6.338077068328857,36800
2007-09-11,14.600000381469727,14.619999885559082,14.550000190734863,14.609999656677246,6.3424153327941895,16700
2007-09-12,14.529999732971191,14.569999694824219,14.489999771118164,14.539999961853027,6.3428544998168945,14700
2007-09-13,14.5,14.510000228881836,14.279999732971191,14.300000190734863,6.238159656524658,38100
2007-09-14,14.300000190734863,14.359999656677246,14.229999542236328,14.329999923706055,6.251244068145752,25900
2007-09-17,14.329999923706055,14.390000343322754,14.300000190734863,14.319999694824219,6.246880531311035,30800
2007-09-18,14.289999961853027,14.34000015258789,14.079999923706055,14.279999732971191,6.229434967041016,93600
2007-09-19,14.3100004196167,14.329999923706055,14.260000228881836,14.289999961853027,6.233792781829834,24400
2007-09-20,14.260000228881836,14.319999694824219,14.25,14.270000457763672,6.225069522857666,32400
2007-09-21,14.300000190734863,14.59000015258789,14.270000457763672,14.449999809265137,6.303592681884766,30000
2007-09-24,14.350000381469727,14.449999809265137,14.350000381469727,14.399999618530273,6.281778812408447,40300
2007-09-25,14.40999984741211,14.479999542236328,14.380000114440918,14.399999618530273,6.281778812408447,17100
2007-09-26,14.430000305175781,14.470000267028809,14.380000114440918,14.390000343322754,6.277419567108154,24100
2007-09-27,14.390000343322754,14.479999542236328,14.390000343322754,14.4399995803833,6.299234390258789,35700
2007-09-28,14.460000038146973,14.539999961853027,14.460000038146973,14.5,6.325406074523926,37900
2007-10-01,14.5,14.569999694824219,14.460000038146973,14.520000457763672,6.334129333496094,84300
2007-10-02,14.539999961853027,14.5600004196167,14.4399995803833,14.4399995803833,6.299234390258789,44800
2007-10-03,14.489999771118164,14.529999732971191,14.460000038146973,14.520000457763672,6.334129333496094,15200
2007-10-04,14.529999732971191,14.529999732971191,14.4399995803833,14.489999771118164,6.321040630340576,17500
2007-10-05,14.399999618530273,14.449999809265137,14.350000381469727,14.420000076293945,6.290504455566406,25100
2007-10-08,14.359999656677246,14.460000038146973,14.359999656677246,14.420000076293945,6.290504455566406,14100
2007-10-09,14.4399995803833,14.460000038146973,14.399999618530273,14.430000305175781,6.294866561889648,28800
2007-10-10,14.449999809265137,14.449999809265137,14.350000381469727,14.449999809265137,6.303592681884766,44000
2007-10-11,14.369999885559082,14.399999618530273,14.3100004196167,14.350000381469727,6.290878772735596,38000
2007-10-12,14.34000015258789,14.390000343322754,14.300000190734863,14.34000015258789,6.286495685577393,45200
2007-10-15,14.34000015258789,14.359999656677246,14.220000267028809,14.220000267028809,6.233890056610107,28500
2007-10-16,14.180000305175781,14.279999732971191,14.130000114440918,14.170000076293945,6.21196985244751,54300
2007-10-17,14.149999618530273,14.270000457763672,14.149999618530273,14.229999542236328,6.2382707595825195,34200
2007-10-18,14.229999542236328,14.229999542236328,14.15999984741211,14.210000038146973,6.229508399963379,20500
2007-10-19,14.180000305175781,14.210000038146973,14.149999618530273,14.1899995803833,6.220740795135498,19900
2007-10-22,14.1899995803833,14.3100004196167,14.1899995803833,14.3100004196167,6.273345470428467,27100
2007-10-23,14.3100004196167,14.539999961853027,14.3100004196167,14.520000457763672,6.365410804748535,58500
2007-10-24,14.539999961853027,14.539999961853027,13.979999542236328,14.109999656677246,6.185667514801025,183900
2007-10-25,14.029999732971191,14.0600004196167,13.670000076293945,13.789999961853027,6.045382976531982,172900
2007-10-26,13.75,13.789999961853027,13.390000343322754,13.520000457763672,5.927016258239746,301000
2007-10-29,13.529999732971191,13.75,13.510000228881836,13.699999809265137,6.0059285163879395,111300
2007-10-30,13.75,13.859999656677246,13.75,13.819999694824219,6.058533668518066,28500
2007-10-31,13.859999656677246,14.010000228881836,13.84000015258789,13.90999984741211,6.097987651824951,93900
2007-11-01,13.930000305175781,13.930000305175781,13.75,13.800000190734863,6.049767017364502,47700
2007-11-02,13.84000015258789,13.880000114440918,13.779999732971191,13.84000015258789,6.0673041343688965,32000
2007-11-05,13.75,13.859999656677246,13.680000305175781,13.75,6.027846813201904,43800
2007-11-06,13.699999809265137,13.829999923706055,13.699999809265137,13.789999961853027,6.045382976531982,49700
2007-11-07,13.789999961853027,13.970000267028809,13.779999732971191,13.930000305175781,6.106757640838623,41900
2007-11-08,13.930000305175781,14.289999961853027,13.819999694824219,14.289999961853027,6.264577388763428,169900
2007-11-09,14.100000381469727,14.229999542236328,13.9399995803833,14.100000381469727,6.181283950805664,128200
2007-11-12,14.0600004196167,14.0600004196167,13.899999618530273,13.960000038146973,6.119908809661865,38600
2007-11-13,13.829999923706055,13.930000305175781,13.819999694824219,13.859999656677246,6.107130527496338,20000
2007-11-14,13.84000015258789,13.84000015258789,13.609999656677246,13.609999656677246,5.996973514556885,56300
2007-11-15,13.59000015258789,13.600000381469727,13.510000228881836,13.550000190734863,5.9705352783203125,33200
2007-11-16,13.460000038146973,13.520000457763672,13.229999542236328,13.229999542236328,5.829532146453857,132600
2007-11-19,13.229999542236328,13.329999923706055,13.050000190734863,13.180000305175781,5.807500839233398,123400
2007-11-20,13.180000305175781,13.449999809265137,13.170000076293945,13.449999809265137,5.926472187042236,66100
2007-11-21,13.399999618530273,13.59000015258789,13.399999618530273,13.569999694824219,5.979348182678223,49000
2007-11-23,13.479999542236328,13.65999984741211,13.479999542236328,13.649999618530273,6.014596462249756,21400
2007-11-26,13.630000114440918,13.640000343322754,13.460000038146973,13.550000190734863,5.9705352783203125,72100
2007-11-27,13.529999732971191,13.600000381469727,13.529999732971191,13.579999923706055,5.983753681182861,37000
2007-11-28,13.600000381469727,13.720000267028809,13.579999923706055,13.600000381469727,5.992565631866455,57800
2007-11-29,13.59000015258789,13.670000076293945,13.510000228881836,13.65999984741211,6.0190019607543945,52700
2007-11-30,13.65999984741211,13.75,13.65999984741211,13.6899995803833,6.032224655151367,41500
2007-12-03,13.65999984741211,13.75,13.65999984741211,13.680000305175781,6.027817726135254,48900
2007-12-04,13.699999809265137,13.739999771118164,13.65999984741211,13.729999542236328,6.04984712600708,33400
2007-12-05,13.729999542236328,13.779999732971191,13.710000038146973,13.779999732971191,6.071878910064697,35100
2007-12-06,13.760000228881836,13.869999885559082,13.760000228881836,13.859999656677246,6.107130527496338,40100
2007-12-07,13.760000228881836,13.899999618530273,13.760000228881836,13.869999885559082,6.111537456512451,50600
2007-12-10,13.890000343322754,13.930000305175781,13.819999694824219,13.930000305175781,6.137973785400391,55900
2007-12-11,13.930000305175781,13.930000305175781,13.84000015258789,13.920000076293945,6.13356876373291,62200
2007-12-12,13.880000114440918,13.899999618530273,13.800000190734863,13.84000015258789,6.130913734436035,45400
2007-12-13,13.800000190734863,13.84000015258789,13.729999542236328,13.739999771118164,6.086612701416016,45400
2007-12-14,13.720000267028809,13.770000457763672,13.550000190734863,13.600000381469727,6.024593830108643,69200
2007-12-17,13.470000267028809,13.579999923706055,13.420000076293945,13.449999809265137,5.958144664764404,55100
2007-12-18,13.350000381469727,13.470000267028809,13.300000190734863,13.359999656677246,5.918276309967041,108700
2007-12-19,13.329999923706055,13.369999885559082,13.199999809265137,13.260000228881836,5.8739848136901855,126200
2007-12-20,13.25,13.34000015258789,13.239999771118164,13.25,5.869546890258789,79600
2007-12-21,13.229999542236328,13.329999923706055,13.229999542236328,13.270000457763672,5.8784074783325195,74400
2007-12-24,13.270000457763672,13.399999618530273,13.25,13.390000343322754,5.93156623840332,50200
2007-12-26,13.40999984741211,13.460000038146973,13.34000015258789,13.430000305175781,5.949284553527832,96700
2007-12-27,13.399999618530273,13.449999809265137,13.350000381469727,13.399999618530273,5.935996055603027,49100
2007-12-28,13.350000381469727,13.5,13.34000015258789,13.460000038146973,5.962578296661377,107100
2007-12-31,13.520000457763672,13.529999732971191,13.380000114440918,13.470000267028809,5.967006206512451,130600
2008-01-02,13.539999961853027,13.739999771118164,13.539999961853027,13.739999771118164,6.086612701416016,49100
2008-01-03,13.789999961853027,14.100000381469727,13.760000228881836,14.079999923706055,6.2372260093688965,145700
2008-01-04,14.149999618530273,14.3100004196167,14.100000381469727,14.300000190734863,6.3346848487854,142500
2008-01-07,14.300000190734863,14.329999923706055,14.239999771118164,14.329999923706055,6.347968578338623,114400
2008-01-08,14.329999923706055,14.489999771118164,14.3100004196167,14.460000038146973,6.4055609703063965,73100
2008-01-09,14.449999809265137,14.5,14.350000381469727,14.350000381469727,6.356832504272461,77800
2008-01-10,14.350000381469727,14.5600004196167,14.350000381469727,14.520000457763672,6.432137966156006,55400
2008-01-11,14.600000381469727,15.300000190734863,14.539999961853027,14.65999984741211,6.4941606521606445,134900
2008-01-14,14.649999618530273,14.800000190734863,14.640000343322754,14.699999809265137,6.511877059936523,64900
2008-01-15,14.739999771118164,14.9399995803833,14.699999809265137,14.899999618530273,6.6004719734191895,55000
2008-01-16,14.880000114440918,14.979999542236328,14.869999885559082,14.899999618530273,6.6004719734191895,29100
2008-01-17,14.869999885559082,14.869999885559082,14.59000015258789,14.600000381469727,6.498545169830322,58000
2008-01-18,14.649999618530273,14.649999618530273,14.229999542236328,14.279999732971191,6.356112480163574,70400
2008-01-22,14.199999809265137,14.5,14.130000114440918,14.449999809265137,6.4317755699157715,30500
2008-01-23,14.449999809265137,14.680000305175781,14.260000228881836,14.649999618530273,6.520801544189453,32000
2008-01-24,14.609999656677246,14.779999732971191,14.529999732971191,14.609999656677246,6.502995491027832,71900
2008-01-25,14.569999694824219,14.670000076293945,14.199999809265137,14.430000305175781,6.422877788543701,194700
2008-01-28,14.479999542236328,14.529999732971191,14.40999984741211,14.529999732971191,6.46738862991333,50900
2008-01-29,14.539999961853027,14.850000381469727,14.539999961853027,14.84000015258789,6.605370998382568,79200
2008-01-30,14.8100004196167,14.890000343322754,14.739999771118164,14.880000114440918,6.62317419052124,59100
2008-01-31,14.859999656677246,14.899999618530273,14.8100004196167,14.819999694824219,6.596467971801758,36500
2008-02-01,14.800000190734863,14.989999771118164,14.770000457763672,14.949999809265137,6.654331207275391,52300
2008-02-04,14.970000267028809,15.0,14.880000114440918,14.90999984741211,6.636526584625244,29600
2008-02-05,14.859999656677246,15.020000457763672,14.859999656677246,14.949999809265137,6.654331207275391,13600
2008-02-06,14.989999771118164,15.0,14.930000305175781,14.989999771118164,6.672137260437012,37200
2008-02-07,14.989999771118164,15.050000190734863,14.970000267028809,15.050000190734863,6.698837757110596,30200
2008-02-08,15.0,15.029999732971191,14.960000038146973,14.989999771118164,6.672137260437012,40300
2008-02-11,14.960000038146973,15.079999923706055,14.960000038146973,15.020000457763672,6.685488224029541,19500
2008-02-12,15.119999885559082,15.229999542236328,15.109999656677246,15.199999809265137,6.7656073570251465,42900
2008-02-13,15.260000228881836,15.300000190734863,14.699999809265137,14.699999809265137,6.573763847351074,48200
2008-02-14,14.550000190734863,14.550000190734863,13.960000038146973,14.130000114440918,6.318859100341797,133800
2008-02-15,14.0,14.069999694824219,13.739999771118164,13.930000305175781,6.229419231414795,82300
2008-02-19,13.90999984741211,14.369999885559082,13.90999984741211,14.260000228881836,6.376996040344238,86500
2008-02-20,14.260000228881836,14.270000457763672,14.0600004196167,14.170000076293945,6.3367509841918945,52100
2008-02-21,14.210000038146973,14.210000038146973,14.0,14.069999694824219,6.29202938079834,38600
2008-02-22,14.0600004196167,14.0600004196167,13.75,13.829999923706055,6.1847004890441895,65800
2008-02-25,13.829999923706055,14.1899995803833,13.829999923706055,14.180000305175781,6.341218948364258,27500
2008-02-26,14.180000305175781,14.260000228881836,14.140000343322754,14.25,6.372522830963135,48300
2008-02-27,14.319999694824219,14.319999694824219,14.170000076293945,14.1899995803833,6.345694065093994,27900
2008-02-28,14.170000076293945,14.170000076293945,14.010000228881836,14.010000228881836,6.265198230743408,40900
2008-02-29,14.020000457763672,14.020000457763672,13.710000038146973,13.729999542236328,6.139983654022217,55400
2008-03-03,13.720000267028809,14.149999618530273,13.720000267028809,14.140000343322754,6.323331356048584,41000
2008-03-04,14.15999984741211,14.239999771118164,13.9399995803833,14.109999656677246,6.30991792678833,62200
2008-03-05,14.100000381469727,14.300000190734863,14.100000381469727,14.229999542236328,6.363579750061035,33000
2008-03-06,14.270000457763672,14.329999923706055,14.079999923706055,14.079999923706055,6.296499729156494,21800
2008-03-07,13.949999809265137,14.229999542236328,13.949999809265137,14.220000267028809,6.359110355377197,32300
2008-03-10,14.220000267028809,14.289999961853027,14.079999923706055,14.119999885559082,6.314389705657959,23000
2008-03-11,14.239999771118164,14.300000190734863,14.079999923706055,14.15999984741211,6.332275867462158,17700
2008-03-12,13.930000305175781,13.979999542236328,13.789999961853027,13.859999656677246,6.2293524742126465,38800
2008-03-13,13.75,13.890000343322754,13.6899995803833,13.779999732971191,6.19340181350708,29500
2008-03-14,13.829999923706055,13.829999923706055,13.489999771118164,13.520000457763672,6.07654333114624,52600
2008-03-17,13.319999694824219,13.449999809265137,13.319999694824219,13.34000015258789,5.995639801025391,27500
2008-03-18,13.5,13.600000381469727,13.40999984741211,13.520000457763672,6.07654333114624,43000
2008-03-19,13.5,13.59000015258789,13.4399995803833,13.4399995803833,6.040584087371826,47300
2008-03-20,13.40999984741211,13.5,13.380000114440918,13.4399995803833,6.040584087371826,49600
2008-03-24,13.460000038146973,13.539999961853027,13.449999809265137,13.5,6.0675530433654785,35300
2008-03-25,13.510000228881836,13.920000076293945,13.510000228881836,13.819999694824219,6.211379051208496,74900
2008-03-26,13.779999732971191,13.859999656677246,13.739999771118164,13.819999694824219,6.211379051208496,58400
2008-03-27,13.9399995803833,14.0,13.930000305175781,13.960000038146973,6.274298191070557,38300
2008-03-28,13.960000038146973,13.979999542236328,13.930000305175781,13.970000267028809,6.278790473937988,34000
2008-03-31,13.949999809265137,13.960000038146973,13.859999656677246,13.960000038146973,6.274298191070557,51700
2008-04-01,13.859999656677246,13.970000267028809,13.859999656677246,13.970000267028809,6.278790473937988,65100
2008-04-02,13.920000076293945,13.920000076293945,13.869999885559082,13.920000076293945,6.256320476531982,18400
2008-04-03,13.84000015258789,13.949999809265137,13.84000015258789,13.949999809265137,6.269802093505859,32600
2008-04-04,13.920000076293945,13.960000038146973,13.90999984741211,13.960000038146973,6.274298191070557,9000
2008-04-07,13.930000305175781,14.069999694824219,13.930000305175781,14.010000228881836,6.296771049499512,20800
2008-04-08,14.010000228881836,14.109999656677246,14.0,14.050000190734863,6.314748764038086,38000
2008-04-09,14.020000457763672,14.09000015258789,14.0,14.020000457763672,6.301266670227051,18500
2008-04-10,14.020000457763672,14.170000076293945,14.020000457763672,14.15999984741211,6.364187240600586,23600
2008-04-11,14.0,14.180000305175781,14.0,14.109999656677246,6.3736701011657715,29300
2008-04-14,14.109999656677246,14.109999656677246,13.850000381469727,13.930000305175781,6.292367935180664,69000
2008-04-15,13.930000305175781,13.930000305175781,13.819999694824219,13.84000015258789,6.251712799072266,23200
2008-04-16,13.8100004196167,14.0,13.8100004196167,13.9399995803833,6.296879291534424,50600
2008-04-17,13.90999984741211,14.010000228881836,13.90999984741211,13.979999542236328,6.3149495124816895,15000
2008-04-18,14.0,14.050000190734863,13.930000305175781,14.039999961853027,6.342053413391113,18700
2008-04-21,14.100000381469727,14.100000381469727,13.989999771118164,14.029999732971191,6.337538242340088,17600
2008-04-22,14.020000457763672,14.140000343322754,14.020000457763672,14.140000343322754,6.38722038269043,16900
2008-04-23,14.199999809265137,14.199999809265137,14.069999694824219,14.079999923706055,6.360121726989746,14800
2008-04-24,14.100000381469727,14.119999885559082,14.010000228881836,14.020000457763672,6.3330206871032715,22000
2008-04-25,14.020000457763672,14.0600004196167,14.010000228881836,14.020000457763672,6.3330206871032715,6200
2008-04-28,14.09000015258789,14.109999656677246,14.050000190734863,14.109999656677246,6.3736701011657715,13000
2008-04-29,14.210000038146973,14.210000038146973,13.850000381469727,13.899999618530273,6.278813362121582,69100
2008-04-30,13.9399995803833,14.050000190734863,13.920000076293945,14.050000190734863,6.346568584442139,28800
2008-05-01,14.069999694824219,14.100000381469727,13.970000267028809,14.100000381469727,6.36915397644043,11500
2008-05-02,14.0600004196167,14.199999809265137,14.0600004196167,14.199999809265137,6.4143290519714355,15700
2008-05-05,14.239999771118164,14.239999771118164,14.100000381469727,14.15999984741211,6.396259307861328,20400
2008-05-06,14.119999885559082,14.119999885559082,14.069999694824219,14.109999656677246,6.3736701011657715,22200
2008-05-07,14.119999885559082,14.289999961853027,14.119999885559082,14.220000267028809,6.423363208770752,32900
2008-05-08,14.239999771118164,14.25,14.15999984741211,14.180000305175781,6.405292987823486,17600
2008-05-09,14.220000267028809,14.239999771118164,14.149999618530273,14.170000076293945,6.400772571563721,29300
2008-05-12,14.170000076293945,14.289999961853027,14.149999618530273,14.289999961853027,6.454983711242676,40200
2008-05-13,14.239999771118164,14.239999771118164,14.180000305175781,14.199999809265137,6.446357250213623,13200
2008-05-14,14.210000038146973,14.380000114440918,14.210000038146973,14.25,6.46905517578125,23400
2008-05-15,14.399999618530273,14.59000015258789,14.34000015258789,14.369999885559082,6.523532390594482,50000
2008-05-16,14.449999809265137,14.449999809265137,14.350000381469727,14.350000381469727,6.51445198059082,21600
2008-05-19,14.380000114440918,14.5,14.380000114440918,14.449999809265137,6.559848785400391,30400
2008-05-20,14.420000076293945,14.489999771118164,14.399999618530273,14.4399995803833,6.555310249328613,24500
2008-05-21,14.479999542236328,14.520000457763672,14.350000381469727,14.350000381469727,6.51445198059082,24300
2008-05-22,14.3100004196167,14.399999618530273,14.220000267028809,14.220000267028809,6.455435276031494,32400
2008-05-23,14.130000114440918,14.199999809265137,14.020000457763672,14.0600004196167,6.3828020095825195,39700
2008-05-27,13.970000267028809,14.170000076293945,13.970000267028809,14.149999618530273,6.423656463623047,17000
2008-05-28,14.079999923706055,14.180000305175781,14.069999694824219,14.109999656677246,6.4054975509643555,22400
2008-05-29,14.050000190734863,14.130000114440918,14.050000190734863,14.079999923706055,6.391881942749023,19200
2008-05-30,14.09000015258789,14.15999984741211,14.079999923706055,14.079999923706055,6.391881942749023,19500
2008-06-02,14.079999923706055,14.149999618530273,14.079999923706055,14.100000381469727,6.400956630706787,16000
2008-06-03,14.130000114440918,14.199999809265137,14.100000381469727,14.100000381469727,6.400956630706787,10300
2008-06-04,14.050000190734863,14.149999618530273,14.039999961853027,14.0600004196167,6.3828020095825195,29100
2008-06-05,14.079999923706055,14.15999984741211,14.039999961853027,14.109999656677246,6.4054975509643555,19600
2008-06-06,14.149999618530273,14.15999984741211,14.100000381469727,14.100000381469727,6.400956630706787,9400
2008-06-09,14.1899995803833,14.399999618530273,14.1899995803833,14.260000228881836,6.473596572875977,30400
2008-06-10,14.34000015258789,14.350000381469727,14.0,14.289999961853027,6.487213611602783,35800
2008-06-11,14.300000190734863,14.3100004196167,14.170000076293945,14.170000076293945,6.432737827301025,15300
2008-06-12,14.0600004196167,14.0600004196167,13.930000305175781,13.9399995803833,6.360192775726318,16900
2008-06-13,13.90999984741211,14.0,13.90999984741211,13.949999809265137,6.364753723144531,19000
2008-06-16,13.9399995803833,14.050000190734863,13.930000305175781,14.050000190734863,6.410379886627197,25500
2008-06-17,14.050000190734863,14.140000343322754,14.0,14.09000015258789,6.428630828857422,12500
2008-06-18,14.0,14.050000190734863,14.0,14.0,6.387568950653076,18300
2008-06-19,14.029999732971191,14.029999732971191,13.899999618530273,13.989999771118164,6.383005142211914,10900
2008-06-20,13.960000038146973,13.989999771118164,13.930000305175781,13.9399995803833,6.360192775726318,9400
2008-06-23,13.890000343322754,13.890000343322754,13.630000114440918,13.779999732971191,6.28718900680542,35600
2008-06-24,13.640000343322754,13.9399995803833,13.640000343322754,13.819999694824219,6.305440902709961,17300
2008-06-25,13.789999961853027,13.90999984741211,13.760000228881836,13.84000015258789,6.314566612243652,37400
2008-06-26,13.890000343322754,13.979999542236328,13.829999923706055,13.829999923706055,6.310006141662598,22500
2008-06-27,13.760000228881836,13.9399995803833,13.739999771118164,13.9399995803833,6.360192775726318,22600
2008-06-30,13.90999984741211,13.979999542236328,13.90999984741211,13.949999809265137,6.364753723144531,24100
2008-07-01,13.989999771118164,14.100000381469727,13.989999771118164,14.039999961853027,6.405813217163086,24800
2008-07-02,14.100000381469727,14.149999618530273,14.020000457763672,14.0600004196167,6.414941787719727,10000
2008-07-03,14.09000015258789,14.100000381469727,14.020000457763672,14.0600004196167,6.414941787719727,5700
2008-07-07,14.029999732971191,14.100000381469727,13.859999656677246,14.029999732971191,6.401253700256348,28400
2008-07-08,13.899999618530273,13.930000305175781,13.8100004196167,13.90999984741211,6.346507549285889,20000
2008-07-09,13.869999885559082,14.0,13.869999885559082,13.960000038146973,6.369319438934326,19200
2008-07-10,14.1899995803833,14.1899995803833,13.960000038146973,14.0600004196167,6.414941787719727,23900
2008-07-11,14.0,14.0,13.529999732971191,13.649999618530273,6.259485721588135,37500
2008-07-14,13.539999961853027,13.600000381469727,13.399999618530273,13.399999618530273,6.144845485687256,20100
2008-07-15,13.359999656677246,13.369999885559082,13.180000305175781,13.279999732971191,6.089813709259033,64900
2008-07-16,13.279999732971191,13.350000381469727,13.270000457763672,13.350000381469727,6.1219162940979,6400
2008-07-17,13.300000190734863,13.579999923706055,13.300000190734863,13.550000190734863,6.213632106781006,12900
2008-07-18,13.550000190734863,13.550000190734863,13.329999923706055,13.399999618530273,6.144845485687256,31600
2008-07-21,13.369999885559082,13.369999885559082,13.300000190734863,13.369999885559082,6.1310882568359375,21500
2008-07-22,13.270000457763672,13.40999984741211,13.270000457763672,13.40999984741211,6.149428844451904,9600
2008-07-23,13.329999923706055,13.420000076293945,13.319999694824219,13.420000076293945,6.154018878936768,5300
2008-07-24,13.34000015258789,13.40999984741211,13.34000015258789,13.40999984741211,6.149428844451904,13200
2008-07-25,13.470000267028809,13.5,13.380000114440918,13.420000076293945,6.154018878936768,6500
2008-07-28,13.420000076293945,13.449999809265137,13.300000190734863,13.380000114440918,6.135673999786377,11300
2008-07-29,13.359999656677246,13.470000267028809,13.0,13.399999618530273,6.144845485687256,47200
2008-07-30,13.319999694824219,13.449999809265137,13.319999694824219,13.399999618530273,6.144845485687256,26700
2008-07-31,13.399999618530273,13.430000305175781,13.329999923706055,13.350000381469727,6.1219162940979,10400
2008-08-01,13.390000343322754,13.390000343322754,13.300000190734863,13.369999885559082,6.1310882568359375,13500
2008-08-04,13.300000190734863,13.399999618530273,13.300000190734863,13.399999618530273,6.144845485687256,10600
2008-08-05,13.319999694824219,13.449999809265137,13.319999694824219,13.380000114440918,6.135673999786377,5800
2008-08-06,13.34000015258789,13.369999885559082,13.329999923706055,13.350000381469727,6.1219162940979,7400
2008-08-07,13.300000190734863,13.390000343322754,13.010000228881836,13.180000305175781,6.043961048126221,54600
2008-08-08,13.220000267028809,13.350000381469727,13.15999984741211,13.329999923706055,6.112745761871338,26900
2008-08-11,13.329999923706055,13.40999984741211,13.25,13.399999618530273,6.144845485687256,38600
2008-08-12,13.350000381469727,13.449999809265137,13.329999923706055,13.350000381469727,6.1219162940979,8800
2008-08-13,13.279999732971191,13.350000381469727,13.09000015258789,13.289999961853027,6.126987457275391,20400
2008-08-14,13.289999961853027,13.40999984741211,13.260000228881836,13.40999984741211,6.182308673858643,8900
2008-08-15,13.380000114440918,13.390000343322754,13.3100004196167,13.390000343322754,6.17309045791626,17200
2008-08-18,13.399999618530273,13.399999618530273,13.300000190734863,13.359999656677246,6.159256935119629,6500
2008-08-19,13.319999694824219,13.380000114440918,13.279999732971191,13.3100004196167,6.136209011077881,13500
2008-08-20,13.390000343322754,13.390000343322754,13.300000190734863,13.359999656677246,6.159256935119629,22600
2008-08-21,13.300000190734863,13.489999771118164,13.300000190734863,13.470000267028809,6.209973335266113,12900
2008-08-22,13.399999618530273,13.489999771118164,13.399999618530273,13.479999542236328,6.2145795822143555,5800
2008-08-25,13.470000267028809,13.470000267028809,13.40999984741211,13.430000305175781,6.191532135009766,19500
2008-08-26,13.359999656677246,13.479999542236328,13.359999656677246,13.479999542236328,6.2145795822143555,3200
2008-08-27,13.489999771118164,13.5,13.460000038146973,13.489999771118164,6.219191551208496,16000
2008-08-28,13.460000038146973,13.569999694824219,13.4399995803833,13.470000267028809,6.209973335266113,28600
2008-08-29,13.449999809265137,13.550000190734863,13.449999809265137,13.539999961853027,6.242244243621826,6100
2008-09-02,13.5,13.569999694824219,13.479999542236328,13.5600004196167,6.251466751098633,13000
2008-09-03,13.5,13.600000381469727,13.430000305175781,13.510000228881836,6.228412628173828,10500
2008-09-04,13.479999542236328,13.539999961853027,13.390000343322754,13.399999618530273,6.177699089050293,37100
2008-09-05,13.369999885559082,13.449999809265137,13.369999885559082,13.4399995803833,6.196139335632324,10000
2008-09-08,13.539999961853027,13.609999656677246,13.4399995803833,13.609999656677246,6.274516582489014,17700
2008-09-09,13.600000381469727,13.600000381469727,13.4399995803833,13.4399995803833,6.196139335632324,15200
2008-09-10,13.479999542236328,13.489999771118164,13.390000343322754,13.449999809265137,6.200748443603516,16900
2008-09-11,13.220000267028809,13.319999694824219,13.149999618530273,13.1899995803833,6.113155364990234,28300
2008-09-12,13.149999618530273,13.25,13.149999618530273,13.25,6.140966892242432,12700
2008-09-15,13.25,13.25,13.010000228881836,13.130000114440918,6.0853495597839355,10000
2008-09-16,13.119999885559082,13.15999984741211,12.800000190734863,12.970000267028809,6.011194705963135,26800
2008-09-17,12.850000381469727,12.970000267028809,12.600000381469727,12.630000114440918,5.853613376617432,57600
2008-09-18,12.350000381469727,12.350000381469727,11.569999694824219,11.989999771118164,5.556992530822754,123500
2008-09-19,12.479999542236328,13.25,12.270000457763672,12.739999771118164,5.904598236083984,69300
2008-09-22,12.890000343322754,12.890000343322754,11.84000015258789,11.90999984741211,5.5199151039123535,35100
2008-09-23,11.84000015258789,11.84000015258789,11.350000381469727,11.5,5.329895496368408,41600
2008-09-24,11.510000228881836,11.619999885559082,11.420000076293945,11.5,5.329895496368408,33400
2008-09-25,11.40999984741211,11.930000305175781,11.40999984741211,11.600000381469727,5.376239776611328,13100
2008-09-26,11.539999961853027,11.579999923706055,11.260000228881836,11.350000381469727,5.260375022888184,24900
2008-09-29,11.25,11.710000038146973,9.880000114440918,9.880000114440918,4.579072952270508,44900
2008-09-30,9.9399995803833,10.600000381469727,9.930000305175781,10.460000038146973,4.847885608673096,58900
2008-10-01,10.640000343322754,11.09000015258789,10.5600004196167,11.029999732971191,5.112061977386475,34000
2008-10-02,11.0,11.180000305175781,10.859999656677246,10.949999809265137,5.074985027313232,43900
2008-10-03,11.079999923706055,11.09000015258789,10.640000343322754,10.779999732971191,4.9961957931518555,55200
2008-10-06,10.600000381469727,10.600000381469727,8.8100004196167,10.010000228881836,4.6393256187438965,129800
2008-10-07,10.140000343322754,10.390000343322754,9.949999809265137,10.010000228881836,4.6393256187438965,87100
2008-10-08,9.25,9.680000305175781,9.180000305175781,9.199999809265137,4.263915061950684,86300
2008-10-09,9.0600004196167,9.09000015258789,8.0,8.100000381469727,3.754100799560547,158700
2008-10-10,7.019999980926514,8.09000015258789,6.769999980926514,7.389999866485596,3.4553234577178955,156900
2008-10-13,7.539999961853027,9.09000015258789,7.539999961853027,9.039999961853027,4.226809978485107,50500
2008-10-14,9.989999771118164,9.989999771118164,9.109999656677246,9.5,4.441888332366943,118400
2008-10-15,9.5,9.5,9.119999885559082,9.25,4.32499885559082,40600
2008-10-16,9.300000190734863,9.550000190734863,9.260000228881836,9.520000457763672,4.451241970062256,39400
2008-10-17,9.300000190734863,9.649999618530273,9.300000190734863,9.640000343322754,4.507348537445068,53100
2008-10-20,9.84000015258789,10.199999809265137,9.75,10.010000228881836,4.680348873138428,46600
2008-10-21,10.130000114440918,10.5,9.930000305175781,10.100000381469727,4.722431659698486,54200
2008-10-22,10.180000305175781,10.239999771118164,9.75,10.239999771118164,4.787891387939453,38200
2008-10-23,10.130000114440918,10.649999618530273,10.130000114440918,10.5600004196167,4.9375128746032715,49200
2008-10-24,10.539999961853027,10.539999961853027,10.149999618530273,10.270000457763672,4.801917552947998,25200
2008-10-27,10.270000457763672,10.399999618530273,10.260000228881836,10.350000381469727,4.839323043823242,41800
2008-10-28,10.350000381469727,10.390000343322754,10.260000228881836,10.300000190734863,4.815944671630859,38300
2008-10-29,10.0,10.300000190734863,10.0,10.300000190734863,4.815944671630859,51900
2008-10-30,10.289999961853027,10.289999961853027,10.170000076293945,10.199999809265137,4.769186496734619,19900
2008-10-31,10.260000228881836,10.380000114440918,9.75,9.75,4.558781623840332,73400
2008-11-03,9.989999771118164,10.0,9.890000343322754,9.9399995803833,4.647617816925049,39300
2008-11-04,10.069999694824219,10.25,9.949999809265137,10.199999809265137,4.769186496734619,45000
2008-11-05,10.199999809265137,11.199999809265137,10.199999809265137,10.739999771118164,5.0216755867004395,57300
2008-11-06,10.5,10.930000305175781,10.5,10.6899995803833,4.998294353485107,83300
2008-11-07,10.710000038146973,11.079999923706055,10.600000381469727,10.710000038146973,5.00764799118042,33000
2008-11-10,10.710000038146973,10.779999732971191,10.569999694824219,10.569999694824219,4.9421868324279785,47400
2008-11-11,10.6899995803833,10.6899995803833,10.430000305175781,10.569999694824219,4.9421868324279785,28600
2008-11-12,10.329999923706055,10.510000228881836,10.010000228881836,10.079999923706055,4.7449541091918945,25200
2008-11-13,10.100000381469727,10.600000381469727,9.699999809265137,9.710000038146973,4.570781707763672,56000
2008-11-14,9.800000190734863,10.199999809265137,9.800000190734863,10.0,4.707294940948486,48600
2008-11-17,10.0,10.130000114440918,10.0,10.0,4.707294940948486,31500
2008-11-18,9.9399995803833,9.989999771118164,9.529999732971191,9.65999984741211,4.547245025634766,36400
2008-11-19,9.5,9.640000343322754,9.0,9.350000381469727,4.401322364807129,34000
2008-11-20,9.300000190734863,9.350000381469727,8.770000457763672,8.779999732971191,4.133002758026123,47500
2008-11-21,8.779999732971191,9.079999923706055,8.65999984741211,9.039999961853027,4.255393981933594,71700
2008-11-24,9.0,9.180000305175781,8.859999656677246,8.989999771118164,4.231856822967529,62700
2008-11-25,9.109999656677246,9.140000343322754,8.970000267028809,9.050000190734863,4.260104179382324,23400
2008-11-26,9.09000015258789,9.119999885559082,8.949999809265137,9.100000381469727,4.2836408615112305,30800
2008-11-28,9.069999694824219,9.289999961853027,8.720000267028809,9.220000267028809,4.340124130249023,39200
2008-12-01,9.119999885559082,9.220000267028809,8.949999809265137,8.949999809265137,4.213029384613037,29400
2008-12-02,9.0,9.270000457763672,8.84000015258789,9.25,4.354247093200684,28900
2008-12-03,9.079999923706055,9.210000038146973,9.050000190734863,9.050000190734863,4.260104179382324,24500
2008-12-04,9.050000190734863,9.09000015258789,8.819999694824219,8.979999542236328,4.2271504402160645,27200
2008-12-05,8.949999809265137,9.09000015258789,8.65999984741211,8.720000267028809,4.104761123657227,81000
2008-12-08,8.670000076293945,8.930000305175781,8.670000076293945,8.859999656677246,4.170663356781006,49100
2008-12-09,8.880000114440918,8.880000114440918,8.40999984741211,8.470000267028809,3.9870755672454834,79900
2008-12-10,8.430000305175781,8.430000305175781,7.960000038146973,8.130000114440918,3.827028512954712,98600
2008-12-11,8.149999618530273,8.199999809265137,8.050000190734863,8.15999984741211,3.877397298812866,86900
2008-12-12,8.149999618530273,8.149999618530273,8.050000190734863,8.100000381469727,3.848888397216797,60200
2008-12-15,8.100000381469727,8.399999618530273,8.0,8.020000457763672,3.8108720779418945,76500
2008-12-16,8.0,8.029999732971191,7.510000228881836,7.699999809265137,3.658820629119873,154100
2008-12-17,7.760000228881836,8.119999885559082,7.699999809265137,8.119999885559082,3.858391284942627,101400
2008-12-18,8.0600004196167,9.369999885559082,8.0600004196167,8.899999618530273,4.229023456573486,80100
2008-12-19,8.899999618530273,9.300000190734863,8.819999694824219,9.100000381469727,4.324062347412109,51300
2008-12-22,9.140000343322754,9.199999809265137,8.8100004196167,9.050000190734863,4.300302982330322,85400
2008-12-23,9.050000190734863,9.140000343322754,8.350000381469727,8.710000038146973,4.138742446899414,113100
2008-12-24,8.800000190734863,9.010000228881836,8.600000381469727,8.880000114440918,4.219520568847656,50000
2008-12-26,8.880000114440918,9.09000015258789,8.75,9.029999732971191,4.290796756744385,78600
2008-12-29,9.029999732971191,9.140000343322754,8.850000381469727,8.880000114440918,4.219520568847656,38800
2008-12-30,8.970000267028809,9.1899995803833,8.779999732971191,9.1899995803833,4.366823196411133,74700
2008-12-31,9.1899995803833,9.239999771118164,9.100000381469727,9.100000381469727,4.324062347412109,47700
2009-01-02,9.100000381469727,9.59000015258789,9.100000381469727,9.569999694824219,4.547388553619385,20100
2009-01-05,9.569999694824219,10.050000190734863,9.5600004196167,10.020000457763672,4.761216640472412,30900
2009-01-06,10.09000015258789,10.779999732971191,10.09000015258789,10.630000114440918,5.051069736480713,35200
2009-01-07,10.579999923706055,10.579999923706055,10.079999923706055,10.170000076293945,4.832493305206299,61000
2009-01-08,10.170000076293945,10.600000381469727,10.109999656677246,10.380000114440918,4.932277202606201,78000
2009-01-09,10.470000267028809,11.0,10.420000076293945,10.8100004196167,5.136604309082031,63800
2009-01-12,11.0,11.510000228881836,10.670000076293945,11.25,5.345673561096191,128300
2009-01-13,11.399999618530273,11.539999961853027,11.199999809265137,11.399999618530273,5.451355934143066,47400
2009-01-14,11.399999618530273,11.399999618530273,10.640000343322754,10.680000305175781,5.107062816619873,50200
2009-01-15,10.710000038146973,10.710000038146973,10.390000343322754,10.569999694824219,5.0544586181640625,35200
2009-01-16,10.510000228881836,10.710000038146973,10.489999771118164,10.710000038146973,5.121407508850098,32600
2009-01-20,10.770000457763672,10.989999771118164,10.760000228881836,10.8100004196167,5.169226169586182,32400
2009-01-21,10.8100004196167,10.890000343322754,10.619999885559082,10.75,5.140536308288574,40400
2009-01-22,10.739999771118164,11.149999618530273,10.619999885559082,10.829999923706055,5.178788185119629,35200
2009-01-23,10.770000457763672,10.819999694824219,10.65999984741211,10.819999694824219,5.174006938934326,17600
2009-01-26,10.84000015258789,11.119999885559082,10.800000190734863,11.100000381469727,5.307903289794922,33400
2009-01-27,10.989999771118164,11.140000343322754,10.960000038146973,11.0600004196167,5.288773536682129,27400
2009-01-28,11.079999923706055,11.359999656677246,11.079999923706055,11.359999656677246,5.432230472564697,17700
2009-01-29,11.180000305175781,11.4399995803833,11.180000305175781,11.430000305175781,5.465703010559082,22400
2009-01-30,11.489999771118164,11.489999771118164,11.220000267028809,11.25,5.379626750946045,36300
2009-02-02,11.050000190734863,11.100000381469727,11.0,11.039999961853027,5.279210567474365,25800
2009-02-03,10.930000305175781,11.130000114440918,10.899999618530273,11.0,5.260080814361572,43800
2009-02-04,10.960000038146973,11.09000015258789,10.960000038146973,11.0,5.260080814361572,46900
2009-02-05,10.970000267028809,10.989999771118164,10.819999694824219,10.979999542236328,5.25051736831665,47900
2009-02-06,11.020000457763672,11.25,11.020000457763672,11.25,5.379626750946045,31600
2009-02-09,11.300000190734863,11.390000343322754,11.220000267028809,11.239999771118164,5.374847888946533,30800
2009-02-10,11.229999542236328,11.260000228881836,11.010000228881836,11.100000381469727,5.307903289794922,28000
2009-02-11,11.130000114440918,11.130000114440918,11.0,11.100000381469727,5.342074394226074,23400
2009-02-12,11.09000015258789,11.109999656677246,10.899999618530273,11.020000457763672,5.303571701049805,30300
2009-02-13,11.020000457763672,11.069999694824219,10.9399995803833,11.029999732971191,5.3083815574646,9700
2009-02-17,10.890000343322754,10.890000343322754,10.5,10.5,5.053309917449951,36400
2009-02-18,10.600000381469727,10.829999923706055,10.380000114440918,10.510000228881836,5.058123588562012,34500
2009-02-19,10.579999923706055,10.579999923706055,10.399999618530273,10.4399995803833,5.024433612823486,22900
2009-02-20,10.420000076293945,10.420000076293945,9.989999771118164,10.0,4.812675952911377,34600
2009-02-23,10.010000228881836,10.039999961853027,9.550000190734863,9.640000343322754,4.639420509338379,169900
2009-02-24,9.569999694824219,10.149999618530273,9.399999618530273,10.149999618530273,4.884868144989014,49000
2009-02-25,10.5600004196167,10.5600004196167,10.09000015258789,10.359999656677246,4.985935688018799,47800
2009-02-26,10.350000381469727,10.569999694824219,10.350000381469727,10.529999732971191,5.067748546600342,45300
2009-02-27,10.5,10.699999809265137,10.479999542236328,10.5600004196167,5.082187652587891,22500
2009-03-02,10.539999961853027,10.539999961853027,10.140000343322754,10.300000190734863,4.957056045532227,56900
2009-03-03,10.34000015258789,10.40999984741211,10.210000038146973,10.260000228881836,4.937806129455566,32600
2009-03-04,10.279999732971191,10.460000038146973,10.270000457763672,10.460000038146973,5.034059047698975,16400
2009-03-05,10.3100004196167,10.350000381469727,10.170000076293945,10.199999809265137,4.908932209014893,33700
2009-03-06,10.1899995803833,10.350000381469727,10.1899995803833,10.279999732971191,4.947429180145264,25300
2009-03-09,10.199999809265137,10.260000228881836,10.029999732971191,10.079999923706055,4.851176738739014,106300
2009-03-10,10.09000015258789,10.300000190734863,9.960000038146973,10.260000228881836,4.937806129455566,21200
2009-03-11,10.25,10.3100004196167,9.9399995803833,10.149999618530273,4.884868144989014,335000
2009-03-12,10.09000015258789,10.369999885559082,10.029999732971191,10.329999923706055,5.006516933441162,156300
2009-03-13,10.329999923706055,10.449999809265137,10.15999984741211,10.4399995803833,5.059829235076904,27400
2009-03-16,10.399999618530273,10.539999961853027,10.359999656677246,10.5,5.088909149169922,15400
2009-03-17,10.420000076293945,10.449999809265137,10.380000114440918,10.449999809265137,5.06467342376709,16400
2009-03-18,10.489999771118164,10.529999732971191,10.399999618530273,10.510000228881836,5.09375524520874,20300
2009-03-19,10.5600004196167,10.579999923706055,10.25,10.300000190734863,4.991974830627441,45300
2009-03-20,10.199999809265137,10.25,10.0600004196167,10.149999618530273,4.919276714324951,60900
2009-03-23,10.15999984741211,10.300000190734863,10.149999618530273,10.260000228881836,4.972588062286377,74600
2009-03-24,10.260000228881836,10.260000228881836,10.0,10.100000381469727,4.895046234130859,65200
2009-03-25,10.119999885559082,10.220000267028809,10.109999656677246,10.170000076293945,4.928971290588379,42400
2009-03-26,10.180000305175781,10.260000228881836,10.170000076293945,10.239999771118164,4.96289587020874,24200
2009-03-27,10.260000228881836,10.460000038146973,10.260000228881836,10.449999809265137,5.06467342376709,40600
2009-03-30,10.270000457763672,10.430000305175781,10.25,10.270000457763672,4.977436542510986,34200
2009-03-31,10.289999961853027,10.369999885559082,10.279999732971191,10.369999885559082,5.025902271270752,24000
2009-04-01,10.390000343322754,10.420000076293945,10.260000228881836,10.390000343322754,5.035594463348389,27200
2009-04-02,10.4399995803833,10.65999984741211,10.4399995803833,10.600000381469727,5.137373447418213,42300
2009-04-03,10.520000457763672,10.65999984741211,10.510000228881836,10.640000343322754,5.156758785247803,46600
2009-04-06,10.630000114440918,10.640000343322754,10.40999984741211,10.449999809265137,5.06467342376709,47400
2009-04-07,10.460000038146973,10.520000457763672,10.40999984741211,10.520000457763672,5.098599910736084,41600
2009-04-08,10.550000190734863,10.729999542236328,10.489999771118164,10.6899995803833,5.180990695953369,40500
2009-04-09,10.829999923706055,10.899999618530273,10.710000038146973,10.850000381469727,5.25853967666626,33400
2009-04-13,10.800000190734863,11.09000015258789,10.710000038146973,10.850000381469727,5.2931742668151855,59000
2009-04-14,11.079999923706055,11.079999923706055,10.850000381469727,10.899999618530273,5.317565441131592,29900
2009-04-15,10.869999885559082,11.239999771118164,10.869999885559082,11.229999542236328,5.478558540344238,41000
2009-04-16,11.279999732971191,11.279999732971191,11.210000038146973,11.210000038146973,5.468799591064453,10600
2009-04-17,11.260000228881836,11.430000305175781,11.199999809265137,11.199999809265137,5.46392297744751,14800
2009-04-20,11.279999732971191,11.4399995803833,11.239999771118164,11.25,5.488312721252441,21600
2009-04-21,11.59000015258789,11.640000343322754,11.270000457763672,11.369999885559082,5.546856880187988,44900
2009-04-22,11.229999542236328,11.550000190734863,11.229999542236328,11.430000305175781,5.5761284828186035,24000
2009-04-23,11.40999984741211,11.6899995803833,11.40999984741211,11.640000343322754,5.678577423095703,18700
2009-04-24,12.0,12.0,11.5,11.619999885559082,5.668820381164551,56800
2009-04-27,11.729999542236328,11.850000381469727,11.5600004196167,11.6899995803833,5.702966690063477,41300
2009-04-28,11.770000457763672,11.979999542236328,11.720000267028809,11.829999923706055,5.771267890930176,18000
2009-04-29,11.850000381469727,11.899999618530273,11.789999961853027,11.890000343322754,5.800539016723633,25800
2009-04-30,11.9399995803833,11.970000267028809,11.649999618530273,11.649999618530273,5.6834540367126465,20900
2009-05-01,11.649999618530273,11.989999771118164,11.640000343322754,11.920000076293945,5.8151726722717285,17600
2009-05-04,11.819999694824219,11.979999542236328,11.819999694824219,11.899999618530273,5.805416584014893,19200
2009-05-05,11.890000343322754,11.949999809265137,11.829999923706055,11.90999984741211,5.810297012329102,8000
2009-05-06,11.989999771118164,12.09000015258789,11.970000267028809,12.029999732971191,5.868837356567383,14500
2009-05-07,12.0,12.0,11.8100004196167,11.9399995803833,5.824930667877197,24800
2009-05-08,11.930000305175781,12.0,11.850000381469727,11.970000267028809,5.839564800262451,32100
2009-05-11,11.960000038146973,11.989999771118164,11.8100004196167,11.9399995803833,5.824930667877197,24700
2009-05-12,11.949999809265137,11.949999809265137,11.699999809265137,11.880000114440918,5.795661449432373,32400
2009-05-13,11.789999961853027,11.819999694824219,11.609999656677246,11.789999961853027,5.786332607269287,26300
2009-05-14,11.720000267028809,11.770000457763672,11.539999961853027,11.770000457763672,5.7765212059021,15000
2009-05-15,11.789999961853027,11.800000190734863,11.630000114440918,11.720000267028809,5.751983165740967,18400
2009-05-18,11.739999771118164,11.880000114440918,11.710000038146973,11.770000457763672,5.7765212059021,40900
2009-05-19,11.800000190734863,11.869999885559082,11.770000457763672,11.819999694824219,5.8010573387146,32100
2009-05-20,11.770000457763672,11.869999885559082,11.770000457763672,11.819999694824219,5.8010573387146,50700
2009-05-21,11.84000015258789,11.850000381469727,11.720000267028809,11.720000267028809,5.751983165740967,45300
2009-05-22,11.779999732971191,11.850000381469727,11.739999771118164,11.850000381469727,5.815781593322754,20400
2009-05-26,11.84000015258789,11.850000381469727,11.729999542236328,11.770000457763672,5.7765212059021,23500
2009-05-27,11.819999694824219,11.869999885559082,11.770000457763672,11.770000457763672,5.7765212059021,30100
2009-05-28,11.770000457763672,11.800000190734863,11.649999618530273,11.670000076293945,5.727442264556885,26200
2009-05-29,11.600000381469727,11.729999542236328,11.600000381469727,11.640000343322754,5.712718963623047,40500
2009-06-01,11.670000076293945,11.739999771118164,11.649999618530273,11.680000305175781,5.732347011566162,41000
2009-06-02,11.829999923706055,11.949999809265137,11.829999923706055,11.9399995803833,5.859951496124268,53600
2009-06-03,11.979999542236328,12.1899995803833,11.9399995803833,12.149999618530273,5.963017463684082,32700
2009-06-04,12.210000038146973,12.619999885559082,12.199999809265137,12.260000228881836,6.017001628875732,99500
2009-06-05,12.4399995803833,12.649999618530273,12.25,12.260000228881836,6.017001628875732,44100
2009-06-08,12.300000190734863,12.449999809265137,12.270000457763672,12.380000114440918,6.075896263122559,40900
2009-06-09,12.479999542236328,12.600000381469727,12.470000267028809,12.59000015258789,6.178962230682373,31700
2009-06-10,12.630000114440918,12.640000343322754,12.5,12.5,6.134791374206543,30600
2009-06-11,12.5,12.520000457763672,12.380000114440918,12.399999618530273,6.12688684463501,41100
2009-06-12,12.350000381469727,12.449999809265137,12.170000076293945,12.180000305175781,6.018181800842285,41300
2009-06-15,12.15999984741211,12.15999984741211,12.020000457763672,12.069999694824219,5.963830471038818,56600
2009-06-16,12.09000015258789,12.359999656677246,12.09000015258789,12.25,6.052772045135498,24900
2009-06-17,12.300000190734863,12.489999771118164,12.15999984741211,12.319999694824219,6.0873589515686035,39900
2009-06-18,12.300000190734863,12.430000305175781,12.300000190734863,12.34000015258789,6.097239971160889,6100
2009-06-19,12.270000457763672,12.569999694824219,12.270000457763672,12.420000076293945,6.136767864227295,15100
2009-06-22,12.260000228881836,12.300000190734863,12.100000381469727,12.100000381469727,5.9786577224731445,36100
2009-06-23,12.050000190734863,12.229999542236328,12.039999961853027,12.180000305175781,6.018181800842285,28900
2009-06-24,12.130000114440918,12.399999618530273,12.100000381469727,12.300000190734863,6.077479839324951,33700
2009-06-25,12.380000114440918,12.380000114440918,12.260000228881836,12.279999732971191,6.0675950050354,18100
2009-06-26,12.380000114440918,12.420000076293945,12.300000190734863,12.359999656677246,6.107122421264648,16000
2009-06-29,12.449999809265137,12.470000267028809,12.390000343322754,12.470000267028809,6.161473751068115,7800
2009-06-30,12.479999542236328,12.5600004196167,12.390000343322754,12.40999984741211,6.131827354431152,22000
2009-07-01,12.3100004196167,12.4399995803833,12.289999961853027,12.350000381469727,6.102181911468506,19100
2009-07-02,12.34000015258789,12.359999656677246,12.220000267028809,12.25,6.052772045135498,24400
2009-07-06,12.119999885559082,12.300000190734863,12.109999656677246,12.270000457763672,6.062653541564941,40600
2009-07-07,12.34000015258789,12.529999732971191,12.34000015258789,12.5,6.176296710968018,27000
2009-07-08,12.539999961853027,12.65999984741211,12.479999542236328,12.539999961853027,6.196058750152588,32300
2009-07-09,12.59000015258789,12.59000015258789,12.40999984741211,12.40999984741211,6.131827354431152,37800
2009-07-10,12.420000076293945,12.430000305175781,12.329999923706055,12.34000015258789,6.097239971160889,17900
2009-07-13,12.300000190734863,12.449999809265137,12.25,12.449999809265137,6.193750858306885,26200
2009-07-14,12.40999984741211,12.670000076293945,12.399999618530273,12.630000114440918,6.2833027839660645,35100
2009-07-15,12.630000114440918,12.760000228881836,12.630000114440918,12.729999542236328,6.333051681518555,28200
2009-07-16,12.729999542236328,12.770000457763672,12.710000038146973,12.729999542236328,6.333051681518555,21300
2009-07-17,12.729999542236328,12.729999542236328,12.449999809265137,12.5,6.218626499176025,26700
2009-07-20,12.550000190734863,12.710000038146973,12.5,12.699999809265137,6.318127632141113,34500
2009-07-21,12.65999984741211,12.8100004196167,12.520000457763672,12.619999885559082,6.278327465057373,21300
2009-07-22,12.569999694824219,12.670000076293945,12.569999694824219,12.630000114440918,6.2833027839660645,21700
2009-07-23,12.5600004196167,12.6899995803833,12.5600004196167,12.640000343322754,6.2882771492004395,38100
2009-07-24,12.640000343322754,12.970000267028809,12.640000343322754,12.819999694824219,6.3778252601623535,33100
2009-07-27,12.84000015258789,13.149999618530273,12.84000015258789,12.920000076293945,6.427573204040527,22200
2009-07-28,12.8100004196167,13.0,12.8100004196167,12.960000038146973,6.447470664978027,36700
2009-07-29,12.930000305175781,12.9399995803833,12.880000114440918,12.880000114440918,6.407674312591553,15500
2009-07-30,12.989999771118164,13.0,12.859999656677246,12.930000305175781,6.432548522949219,19200
2009-07-31,12.960000038146973,13.0,12.899999618530273,12.970000267028809,6.452449321746826,33900
2009-08-03,13.039999961853027,13.199999809265137,12.949999809265137,13.1899995803833,6.561895847320557,20200
2009-08-04,13.180000305175781,13.199999809265137,13.069999694824219,13.170000076293945,6.551946640014648,26400
2009-08-05,13.279999732971191,13.279999732971191,13.140000343322754,13.140000343322754,6.537024021148682,15600
2009-08-06,13.239999771118164,13.25,13.100000381469727,13.119999885559082,6.527070999145508,14000
2009-08-07,13.229999542236328,13.229999542236328,13.149999618530273,13.220000267028809,6.576820373535156,4600
2009-08-10,13.289999961853027,13.300000190734863,13.180000305175781,13.220000267028809,6.576820373535156,21400
2009-08-11,13.220000267028809,13.279999732971191,13.220000267028809,13.239999771118164,6.586770057678223,17400
2009-08-12,13.15999984741211,13.25,13.050000190734863,13.0600004196167,6.5387043952941895,31500
2009-08-13,13.020000457763672,13.149999618530273,13.020000457763672,13.100000381469727,6.558734893798828,10700
2009-08-14,13.010000228881836,13.180000305175781,13.010000228881836,13.119999885559082,6.568746566772461,12200
2009-08-17,13.029999732971191,13.15999984741211,13.0,13.069999694824219,6.54371452331543,18300
2009-08-18,13.0600004196167,13.140000343322754,13.050000190734863,13.069999694824219,6.54371452331543,23900
2009-08-19,13.039999961853027,13.140000343322754,13.039999961853027,13.069999694824219,6.54371452331543,23600
2009-08-20,13.0600004196167,13.149999618530273,13.0600004196167,13.140000343322754,6.578763008117676,27600
2009-08-21,13.149999618530273,13.239999771118164,13.100000381469727,13.199999809265137,6.608800888061523,26600
2009-08-24,13.239999771118164,13.380000114440918,13.229999542236328,13.34000015258789,6.678894519805908,42900
2009-08-25,13.380000114440918,13.5,13.380000114440918,13.430000305175781,6.723954677581787,36000
2009-08-26,13.449999809265137,13.760000228881836,13.449999809265137,13.760000228881836,6.889172077178955,59200
2009-08-27,13.760000228881836,13.859999656677246,13.619999885559082,13.75,6.8841681480407715,62600
2009-08-28,13.619999885559082,13.8100004196167,13.619999885559082,13.75,6.8841681480407715,28300
2009-08-31,13.729999542236328,13.859999656677246,13.430000305175781,13.470000267028809,6.74398136138916,55500
2009-09-01,13.399999618530273,13.550000190734863,13.399999618530273,13.470000267028809,6.74398136138916,36600
2009-09-02,13.4399995803833,13.699999809265137,13.4399995803833,13.649999618530273,6.834102153778076,52800
2009-09-03,13.729999542236328,13.770000457763672,13.619999885559082,13.670000076293945,6.844113349914551,35700
2009-09-04,13.770000457763672,13.789999961853027,13.670000076293945,13.789999961853027,6.904191970825195,22000
2009-09-08,13.869999885559082,14.09000015258789,13.829999923706055,14.069999694824219,7.044378757476807,37200
2009-09-09,14.119999885559082,14.119999885559082,13.819999694824219,13.949999809265137,6.984300136566162,57600
2009-09-10,13.890000343322754,13.970000267028809,13.880000114440918,13.949999809265137,6.984300136566162,21600
2009-09-11,13.890000343322754,14.050000190734863,13.859999656677246,13.970000267028809,7.036686897277832,32500
2009-09-14,14.020000457763672,14.069999694824219,13.899999618530273,14.069999694824219,7.087053298950195,31400
2009-09-15,14.069999694824219,14.210000038146973,14.039999961853027,14.199999809265137,7.1525373458862305,18900
2009-09-16,14.15999984741211,14.279999732971191,14.15999984741211,14.180000305175781,7.142464637756348,32100
2009-09-17,14.170000076293945,14.170000076293945,14.0600004196167,14.100000381469727,7.102167129516602,39400
2009-09-18,14.0600004196167,14.140000343322754,14.039999961853027,14.109999656677246,7.107203483581543,21900
2009-09-21,14.119999885559082,14.180000305175781,14.119999885559082,14.180000305175781,7.142464637756348,24900
2009-09-22,14.180000305175781,14.180000305175781,14.109999656677246,14.119999885559082,7.112241268157959,36200
2009-09-23,14.140000343322754,14.220000267028809,14.100000381469727,14.170000076293945,7.137425422668457,53000
2009-09-24,14.109999656677246,14.270000457763672,14.100000381469727,14.239999771118164,7.172684192657471,46800
2009-09-25,14.180000305175781,14.25,14.15999984741211,14.1899995803833,7.147499084472656,33700
2009-09-28,14.25,14.350000381469727,14.199999809265137,14.3100004196167,7.207942962646484,53100
2009-09-29,14.3100004196167,14.460000038146973,14.15999984741211,14.15999984741211,7.132385730743408,57800
2009-09-30,14.170000076293945,14.220000267028809,14.109999656677246,14.220000267028809,7.162609100341797,49900
2009-10-01,14.180000305175781,14.260000228881836,14.109999656677246,14.220000267028809,7.162609100341797,62000
2009-10-02,14.210000038146973,14.279999732971191,14.109999656677246,14.25,7.17771577835083,30900
2009-10-05,14.279999732971191,14.600000381469727,14.279999732971191,14.550000190734863,7.328827857971191,36800
2009-10-06,14.479999542236328,14.8100004196167,14.479999542236328,14.609999656677246,7.359049320220947,34900
2009-10-07,14.6899995803833,14.729999542236328,14.630000114440918,14.670000076293945,7.389271259307861,47600
2009-10-08,14.630000114440918,14.779999732971191,14.630000114440918,14.680000305175781,7.394312858581543,41900
2009-10-09,14.649999618530273,14.649999618530273,14.319999694824219,14.390000343322754,7.248239517211914,60400
2009-10-12,14.40999984741211,14.40999984741211,13.649999618530273,13.789999961853027,6.946022987365723,202200
2009-10-13,13.770000457763672,13.960000038146973,13.770000457763672,13.869999885559082,7.029132843017578,67500
2009-10-14,13.819999694824219,13.819999694824219,13.569999694824219,13.609999656677246,6.897367477416992,87200
2009-10-15,13.5,13.5,13.15999984741211,13.40999984741211,6.796010971069336,66400
2009-10-16,13.399999618530273,13.729999542236328,13.350000381469727,13.649999618530273,6.917638778686523,33800
2009-10-19,13.640000343322754,13.819999694824219,13.630000114440918,13.75,6.968319416046143,18200
2009-10-20,13.720000267028809,13.960000038146973,13.720000267028809,13.90999984741211,7.049402713775635,41500
2009-10-21,13.930000305175781,14.0,13.90999984741211,14.0,7.095013618469238,22500
2009-10-22,14.020000457763672,14.210000038146973,14.020000457763672,14.130000114440918,7.160895824432373,54000
2009-10-23,14.199999809265137,14.359999656677246,14.170000076293945,14.300000190734863,7.247051239013672,29000
2009-10-26,14.3100004196167,14.319999694824219,14.119999885559082,14.239999771118164,7.216648578643799,25700
2009-10-27,14.199999809265137,14.25,14.15999984741211,14.25,7.221708297729492,15300
2009-10-28,14.329999923706055,14.329999923706055,13.859999656677246,13.9399995803833,7.064605712890625,54100
2009-10-29,14.0,14.100000381469727,13.949999809265137,14.0,7.095013618469238,37800
2009-10-30,14.100000381469727,14.170000076293945,13.850000381469727,13.9399995803833,7.064605712890625,31300
2009-11-02,13.949999809265137,13.979999542236328,13.9399995803833,13.970000267028809,7.079808712005615,37700
2009-11-03,13.90999984741211,13.989999771118164,13.819999694824219,13.829999923706055,7.008861541748047,37300
2009-11-04,13.84000015258789,13.920000076293945,13.800000190734863,13.800000190734863,6.993659973144531,26300
2009-11-05,13.800000190734863,13.899999618530273,13.800000190734863,13.890000343322754,7.039270877838135,20500
2009-11-06,13.800000190734863,13.859999656677246,13.789999961853027,13.800000190734863,6.993659973144531,26200
2009-11-09,13.84000015258789,13.850000381469727,13.75,13.829999923706055,7.008861541748047,36900
2009-11-10,13.739999771118164,13.760000228881836,13.609999656677246,13.619999885559082,6.94461727142334,45100
2009-11-11,13.670000076293945,13.670000076293945,13.5,13.5,6.883431911468506,27200
2009-11-12,13.5,13.520000457763672,13.15999984741211,13.15999984741211,6.710071086883545,40200
2009-11-13,13.140000343322754,13.350000381469727,13.140000343322754,13.300000190734863,6.781455039978027,29500
2009-11-16,13.390000343322754,13.420000076293945,13.270000457763672,13.329999923706055,6.796750068664551,49200
2009-11-17,13.359999656677246,13.430000305175781,13.359999656677246,13.399999618530273,6.832441329956055,22200
2009-11-18,13.449999809265137,13.449999809265137,13.329999923706055,13.350000381469727,6.806943893432617,50900
2009-11-19,13.329999923706055,13.359999656677246,13.300000190734863,13.350000381469727,6.806943893432617,32600
2009-11-20,13.279999732971191,13.40999984741211,13.279999732971191,13.329999923706055,6.796750068664551,19300
2009-11-23,13.380000114440918,13.380000114440918,13.279999732971191,13.329999923706055,6.796750068664551,37200
2009-11-24,13.390000343322754,13.470000267028809,13.319999694824219,13.470000267028809,6.868131637573242,30300
2009-11-25,13.5,13.699999809265137,13.5,13.6899995803833,6.9803056716918945,20000
2009-11-27,13.680000305175781,13.729999542236328,13.640000343322754,13.729999542236328,7.000705242156982,4900
2009-11-30,13.779999732971191,13.800000190734863,13.720000267028809,13.770000457763672,7.021097660064697,25300
2009-12-01,13.800000190734863,13.8100004196167,13.640000343322754,13.65999984741211,6.965013027191162,37100
2009-12-02,13.640000343322754,13.739999771118164,13.630000114440918,13.710000038146973,6.990505218505859,26400
2009-12-03,13.729999542236328,13.84000015258789,13.680000305175781,13.84000015258789,7.056789398193359,17900
2009-12-04,13.850000381469727,13.890000343322754,13.800000190734863,13.84000015258789,7.056789398193359,19300
2009-12-07,13.789999961853027,13.930000305175781,13.789999961853027,13.859999656677246,7.066988468170166,24900
2009-12-08,13.859999656677246,13.859999656677246,13.770000457763672,13.770000457763672,7.021097660064697,27100
2009-12-09,13.850000381469727,13.930000305175781,13.800000190734863,13.819999694824219,7.04659366607666,37600
2009-12-10,13.800000190734863,13.930000305175781,13.800000190734863,13.930000305175781,7.102681636810303,21500
2009-12-11,13.930000305175781,13.930000305175781,13.8100004196167,13.84000015258789,7.099600791931152,16400
2009-12-14,13.829999923706055,13.859999656677246,13.770000457763672,13.789999961853027,7.073952674865723,47400
2009-12-15,13.819999694824219,13.829999923706055,13.600000381469727,13.600000381469727,6.976490020751953,46400
2009-12-16,13.619999885559082,13.75,13.619999885559082,13.649999618530273,7.002131462097168,34300
2009-12-17,13.670000076293945,13.739999771118164,13.5600004196167,13.5600004196167,6.955966472625732,52200
2009-12-18,13.65999984741211,13.65999984741211,13.430000305175781,13.4399995803833,6.894409656524658,45800
2009-12-21,13.430000305175781,13.75,13.350000381469727,13.640000343322754,6.997004508972168,81900
2009-12-22,13.5600004196167,13.59000015258789,13.520000457763672,13.529999732971191,6.940579414367676,31100
2009-12-23,13.59000015258789,13.699999809265137,13.569999694824219,13.649999618530273,7.002131462097168,19500
2009-12-24,13.699999809265137,13.770000457763672,13.5600004196167,13.770000457763672,7.063694000244141,37900
2009-12-28,13.75,13.850000381469727,13.75,13.84000015258789,7.099600791931152,25400
2009-12-29,13.850000381469727,13.960000038146973,13.829999923706055,13.930000305175781,7.145772933959961,28100
2009-12-30,13.960000038146973,14.0,13.9399995803833,14.0,7.181676864624023,30900
2009-12-31,14.029999732971191,14.029999732971191,13.970000267028809,13.989999771118164,7.1765456199646,9400
2010-01-04,14.010000228881836,14.079999923706055,13.960000038146973,14.0,7.181676864624023,17800
2010-01-05,14.050000190734863,14.050000190734863,13.979999542236328,14.0,7.181676864624023,8800
2010-01-06,14.140000343322754,14.210000038146973,14.029999732971191,14.15999984741211,7.2637553215026855,19200
2010-01-07,14.220000267028809,14.229999542236328,14.140000343322754,14.180000305175781,7.274011135101318,16400
2010-01-08,14.229999542236328,14.239999771118164,14.149999618530273,14.229999542236328,7.299658298492432,25500
2010-01-11,14.289999961853027,14.40999984741211,14.270000457763672,14.329999923706055,7.350957870483398,36000
2010-01-12,14.380000114440918,14.390000343322754,14.319999694824219,14.390000343322754,7.381738185882568,21000
2010-01-13,14.380000114440918,14.380000114440918,14.25,14.380000114440918,7.419921398162842,20600
2010-01-14,14.399999618530273,14.5,14.300000190734863,14.430000305175781,7.4457221031188965,27800
2010-01-15,14.34000015258789,14.470000267028809,14.34000015258789,14.399999618530273,7.430239200592041,16900
2010-01-19,14.430000305175781,14.430000305175781,14.34000015258789,14.34000015258789,7.399283409118652,27700
2010-01-20,14.380000114440918,14.390000343322754,14.300000190734863,14.34000015258789,7.399283409118652,28300
2010-01-21,14.34000015258789,14.380000114440918,14.270000457763672,14.270000457763672,7.363159656524658,14500
2010-01-22,14.270000457763672,14.270000457763672,14.199999809265137,14.199999809265137,7.327041149139404,21500
2010-01-25,14.199999809265137,14.229999542236328,14.0,14.020000457763672,7.234166622161865,45500
2010-01-26,14.0600004196167,14.0600004196167,13.930000305175781,14.0,7.2238450050354,39400
2010-01-27,14.0,14.029999732971191,13.9399995803833,13.9399995803833,7.192887306213379,28400
2010-01-28,14.0,14.020000457763672,13.90999984741211,13.989999771118164,7.21868371963501,18800
2010-01-29,14.020000457763672,14.029999732971191,13.930000305175781,14.029999732971191,7.239325046539307,16900
2010-02-01,14.0600004196167,14.149999618530273,14.050000190734863,14.149999618530273,7.30124568939209,28100
2010-02-02,14.140000343322754,14.399999618530273,14.130000114440918,14.319999694824219,7.388962268829346,46500
2010-02-03,14.40999984741211,14.600000381469727,14.319999694824219,14.539999961853027,7.502481937408447,19400
2010-02-04,14.550000190734863,14.550000190734863,14.369999885559082,14.399999618530273,7.430239200592041,52500
2010-02-05,14.479999542236328,14.479999542236328,14.300000190734863,14.300000190734863,7.37864351272583,28600
2010-02-08,14.460000038146973,14.550000190734863,14.399999618530273,14.479999542236328,7.471517562866211,26800
2010-02-09,14.520000457763672,14.550000190734863,14.420000076293945,14.479999542236328,7.471517562866211,38600
2010-02-10,14.40999984741211,14.470000267028809,14.319999694824219,14.380000114440918,7.463217735290527,8900
2010-02-11,14.319999694824219,14.489999771118164,14.319999694824219,14.40999984741211,7.478785514831543,13100
2010-02-12,14.460000038146973,14.5,14.329999923706055,14.5,7.525492191314697,24600
2010-02-16,14.449999809265137,14.550000190734863,14.380000114440918,14.520000457763672,7.535876274108887,36900
2010-02-17,14.510000228881836,14.550000190734863,14.470000267028809,14.550000190734863,7.55144739151001,13400
2010-02-18,14.520000457763672,14.520000457763672,14.430000305175781,14.470000267028809,7.509929180145264,11200
2010-02-19,14.430000305175781,14.430000305175781,14.210000038146973,14.260000228881836,7.400936603546143,29500
2010-02-22,14.350000381469727,14.350000381469727,14.079999923706055,14.109999656677246,7.323087692260742,28200
2010-02-23,14.079999923706055,14.220000267028809,14.079999923706055,14.220000267028809,7.380176544189453,14800
2010-02-24,14.15999984741211,14.3100004196167,14.15999984741211,14.229999542236328,7.385363578796387,12500
2010-02-25,14.199999809265137,14.260000228881836,14.180000305175781,14.1899995803833,7.36460542678833,7900
2010-02-26,14.180000305175781,14.270000457763672,14.180000305175781,14.239999771118164,7.390555381774902,11300
2010-03-01,14.25,14.329999923706055,14.25,14.300000190734863,7.421698093414307,11900
2010-03-02,14.319999694824219,14.350000381469727,14.300000190734863,14.3100004196167,7.426887035369873,17900
2010-03-03,14.369999885559082,14.420000076293945,14.329999923706055,14.40999984741211,7.478785514831543,18100
2010-03-04,14.359999656677246,14.470000267028809,14.359999656677246,14.40999984741211,7.478785514831543,10900
2010-03-05,14.40999984741211,14.489999771118164,14.359999656677246,14.380000114440918,7.463217735290527,18400
2010-03-08,14.380000114440918,14.420000076293945,14.380000114440918,14.420000076293945,7.483980178833008,18800
2010-03-09,14.40999984741211,14.479999542236328,14.369999885559082,14.460000038146973,7.504734039306641,39100
2010-03-10,14.470000267028809,14.529999732971191,14.470000267028809,14.510000228881836,7.530688762664795,22800
2010-03-11,14.449999809265137,14.449999809265137,14.180000305175781,14.199999809265137,7.413736343383789,62900
2010-03-12,14.1899995803833,14.220000267028809,14.039999961853027,14.149999618530273,7.387635707855225,51200
2010-03-15,14.079999923706055,14.180000305175781,14.069999694824219,14.149999618530273,7.387635707855225,39600
2010-03-16,14.109999656677246,14.15999984741211,14.050000190734863,14.109999656677246,7.3667497634887695,28600
2010-03-17,14.119999885559082,14.239999771118164,14.100000381469727,14.15999984741211,7.392853736877441,67600
2010-03-18,14.15999984741211,14.289999961853027,14.149999618530273,14.239999771118164,7.434619426727295,36900
2010-03-19,14.350000381469727,14.359999656677246,14.25,14.350000381469727,7.492053031921387,15400
2010-03-22,14.289999961853027,14.449999809265137,14.289999961853027,14.40999984741211,7.523374557495117,30200
2010-03-23,14.350000381469727,14.449999809265137,14.350000381469727,14.4399995803833,7.5390424728393555,29500
2010-03-24,14.40999984741211,14.449999809265137,14.380000114440918,14.4399995803833,7.5390424728393555,47200
2010-03-25,14.399999618530273,14.430000305175781,14.359999656677246,14.399999618530273,7.518157005310059,19600
2010-03-26,14.369999885559082,14.369999885559082,14.3100004196167,14.319999694824219,7.4763875007629395,22100
2010-03-29,14.350000381469727,14.359999656677246,14.3100004196167,14.350000381469727,7.492053031921387,14400
2010-03-30,14.3100004196167,14.40999984741211,14.3100004196167,14.40999984741211,7.523374557495117,40500
2010-03-31,14.359999656677246,14.460000038146973,14.34000015258789,14.430000305175781,7.533819675445557,19100
2010-04-01,14.399999618530273,14.520000457763672,14.399999618530273,14.489999771118164,7.565143585205078,20200
2010-04-05,14.460000038146973,14.479999542236328,14.420000076293945,14.479999542236328,7.55992317199707,30200
2010-04-06,14.420000076293945,14.5,14.420000076293945,14.5,7.570361614227295,35400
2010-04-07,14.5,14.510000228881836,14.430000305175781,14.479999542236328,7.55992317199707,39800
2010-04-08,14.40999984741211,14.489999771118164,14.40999984741211,14.489999771118164,7.565143585205078,16500
2010-04-09,14.479999542236328,14.5,14.449999809265137,14.5,7.570361614227295,35900
2010-04-12,14.460000038146973,14.550000190734863,14.460000038146973,14.550000190734863,7.59647274017334,50900
2010-04-13,14.5,14.5,14.399999618530273,14.399999618530273,7.562856674194336,15600
2010-04-14,14.329999923706055,14.40999984741211,14.329999923706055,14.399999618530273,7.562856674194336,16400
2010-04-15,14.380000114440918,14.399999618530273,14.319999694824219,14.380000114440918,7.5523529052734375,20500
2010-04-16,14.3100004196167,14.449999809265137,14.3100004196167,14.449999809265137,7.589115619659424,31100
2010-04-19,14.460000038146973,14.479999542236328,14.4399995803833,14.479999542236328,7.604872226715088,13700
2010-04-20,14.479999542236328,14.569999694824219,14.470000267028809,14.569999694824219,7.652142524719238,27400
2010-04-21,14.59000015258789,14.65999984741211,14.539999961853027,14.65999984741211,7.699409484863281,28000
2010-04-22,14.65999984741211,14.720000267028809,14.609999656677246,14.720000267028809,7.730918884277344,15200
2010-04-23,14.710000038146973,14.789999961853027,14.609999656677246,14.720000267028809,7.730918884277344,40800
2010-04-26,14.710000038146973,14.789999961853027,14.710000038146973,14.729999542236328,7.736179828643799,10800
2010-04-27,14.6899995803833,14.859999656677246,14.680000305175781,14.829999923706055,7.788694381713867,32800
2010-04-28,14.859999656677246,15.600000381469727,14.819999694824219,14.890000343322754,7.820204257965088,18600
2010-04-29,14.930000305175781,14.930000305175781,14.850000381469727,14.850000381469727,7.799197196960449,12000
2010-04-30,14.84000015258789,14.9399995803833,14.84000015258789,14.9399995803833,7.846463680267334,23100
2010-05-03,14.880000114440918,14.949999809265137,14.880000114440918,14.930000305175781,7.841216564178467,32400
2010-05-04,14.899999618530273,14.949999809265137,14.880000114440918,14.9399995803833,7.846463680267334,26100
2010-05-05,14.899999618530273,14.949999809265137,14.899999618530273,14.949999809265137,7.8517165184021,14700
2010-05-06,14.890000343322754,14.90999984741211,14.5600004196167,14.670000076293945,7.704661846160889,32800
2010-05-07,15.649999618530273,15.649999618530273,14.430000305175781,14.449999809265137,7.589115619659424,35400
2010-05-10,14.449999809265137,14.550000190734863,14.420000076293945,14.489999771118164,7.61012601852417,120200
2010-05-11,14.4399995803833,14.609999656677246,14.4399995803833,14.520000457763672,7.625881671905518,44500
2010-05-12,14.470000267028809,14.520000457763672,14.430000305175781,14.5,7.6607513427734375,45100
2010-05-13,14.520000457763672,14.619999885559082,14.489999771118164,14.619999885559082,7.724152565002441,28900
2010-05-14,14.619999885559082,14.649999618530273,14.489999771118164,14.630000114440918,7.729433059692383,30900
2010-05-17,14.619999885559082,14.630000114440918,14.550000190734863,14.5600004196167,7.6924519538879395,18900
2010-05-18,14.529999732971191,14.65999984741211,14.529999732971191,14.630000114440918,7.729433059692383,22100
2010-05-19,14.649999618530273,14.649999618530273,14.539999961853027,14.539999961853027,7.681886672973633,21800
2010-05-20,14.449999809265137,14.479999542236328,14.380000114440918,14.380000114440918,7.597352981567383,23300
2010-05-21,14.25,14.390000343322754,14.020000457763672,14.390000343322754,7.6026387214660645,85000
2010-05-24,14.350000381469727,14.5600004196167,14.350000381469727,14.520000457763672,7.671319007873535,35500
2010-05-25,14.460000038146973,14.5,14.359999656677246,14.5,7.6607513427734375,27300
2010-05-26,14.550000190734863,14.569999694824219,14.329999923706055,14.399999618530273,7.607919216156006,31300
2010-05-27,14.4399995803833,14.479999542236328,14.399999618530273,14.4399995803833,7.629050254821777,37800
2010-05-28,14.479999542236328,14.550000190734863,14.470000267028809,14.5,7.6607513427734375,25300
2010-06-01,14.539999961853027,14.619999885559082,14.539999961853027,14.550000190734863,7.687170028686523,22100
2010-06-02,14.550000190734863,14.65999984741211,14.550000190734863,14.600000381469727,7.713583946228027,25700
2010-06-03,14.600000381469727,14.680000305175781,14.600000381469727,14.680000305175781,7.755849361419678,33000
2010-06-04,14.630000114440918,14.680000305175781,14.569999694824219,14.630000114440918,7.729433059692383,20000
2010-06-07,14.600000381469727,14.699999809265137,14.600000381469727,14.699999809265137,7.766417980194092,16000
2010-06-08,14.729999542236328,14.739999771118164,14.6899995803833,14.739999771118164,7.78754997253418,22500
2010-06-09,14.75,14.800000190734863,14.710000038146973,14.720000267028809,7.776981353759766,30700
2010-06-10,14.729999542236328,14.770000457763672,14.699999809265137,14.739999771118164,7.78754997253418,22800
2010-06-11,14.680000305175781,14.720000267028809,14.5600004196167,14.6899995803833,7.806679725646973,26500
2010-06-14,14.640000343322754,14.75,14.510000228881836,14.5600004196167,7.737597942352295,52700
2010-06-15,14.510000228881836,14.649999618530273,14.510000228881836,14.649999618530273,7.785424709320068,45500
2010-06-16,14.59000015258789,14.680000305175781,14.59000015258789,14.630000114440918,7.774791717529297,29900
2010-06-17,14.670000076293945,14.710000038146973,14.649999618530273,14.680000305175781,7.801367282867432,27800
2010-06-18,14.6899995803833,14.699999809265137,14.649999618530273,14.65999984741211,7.790741920471191,31200
2010-06-21,14.649999618530273,14.6899995803833,14.640000343322754,14.640000343322754,7.7801103591918945,22000
2010-06-22,14.619999885559082,14.75,14.619999885559082,14.75,7.838563919067383,20400
2010-06-23,14.720000267028809,14.770000457763672,14.710000038146973,14.760000228881836,7.843879699707031,27800
2010-06-24,14.710000038146973,14.800000190734863,14.710000038146973,14.770000457763672,7.8491997718811035,113000
2010-06-25,14.779999732971191,15.09000015258789,14.779999732971191,15.09000015258789,8.01924991607666,57400
2010-06-28,15.109999656677246,15.109999656677246,14.979999542236328,15.050000190734863,7.997995853424072,45100
2010-06-29,15.050000190734863,15.050000190734863,14.90999984741211,15.0,7.971421241760254,27400
2010-06-30,14.960000038146973,15.079999923706055,14.949999809265137,15.079999923706055,8.013936996459961,29900
2010-07-01,15.029999732971191,15.119999885559082,14.979999542236328,15.119999885559082,8.035198211669922,45500
2010-07-02,15.069999694824219,15.119999885559082,15.069999694824219,15.09000015258789,8.01924991607666,13900
2010-07-06,15.09000015258789,15.119999885559082,15.069999694824219,15.100000381469727,8.024564743041992,21500
2010-07-07,15.100000381469727,15.109999656677246,15.0600004196167,15.079999923706055,8.013936996459961,10600
2010-07-08,15.100000381469727,15.109999656677246,15.0,15.039999961853027,7.992679595947266,33200
2010-07-09,15.0600004196167,15.100000381469727,15.050000190734863,15.069999694824219,8.008627891540527,14500
2010-07-12,15.039999961853027,15.109999656677246,15.039999961853027,15.100000381469727,8.024564743041992,27200
2010-07-13,15.0600004196167,15.119999885559082,15.039999961853027,15.050000190734863,8.043802261352539,46000
2010-07-14,15.020000457763672,15.039999961853027,14.970000267028809,14.970000267028809,8.00104808807373,34400
2010-07-15,14.90999984741211,14.960000038146973,14.890000343322754,14.920000076293945,7.974325656890869,33600
2010-07-16,14.930000305175781,15.039999961853027,14.930000305175781,14.9399995803833,7.985015392303467,24800
2010-07-19,14.890000343322754,15.0,14.890000343322754,14.979999542236328,8.006391525268555,30400
2010-07-20,14.979999542236328,15.0,14.899999618530273,14.979999542236328,8.006391525268555,37600
2010-07-21,14.960000038146973,15.039999961853027,14.960000038146973,15.039999961853027,8.038463592529297,38600
2010-07-22,15.029999732971191,15.119999885559082,15.029999732971191,15.109999656677246,8.07587718963623,24700
2010-07-23,15.0600004196167,15.109999656677246,15.029999732971191,15.069999694824219,8.054498672485352,22500
2010-07-26,15.039999961853027,15.079999923706055,15.039999961853027,15.0600004196167,8.049150466918945,16700
2010-07-27,15.09000015258789,15.170000076293945,15.0600004196167,15.100000381469727,8.070528030395508,48600
2010-07-28,15.100000381469727,15.239999771118164,15.100000381469727,15.210000038146973,8.129323959350586,42100
2010-07-29,15.289999961853027,15.300000190734863,15.220000267028809,15.229999542236328,8.140009880065918,23400
2010-07-30,15.1899995803833,15.239999771118164,15.140000343322754,15.1899995803833,8.118631362915039,23000
2010-08-02,15.5,15.5,15.149999618530273,15.180000305175781,8.113286972045898,35600
2010-08-03,15.170000076293945,15.220000267028809,15.119999885559082,15.220000267028809,8.134668350219727,30800
2010-08-04,15.289999961853027,15.289999961853027,15.220000267028809,15.289999961853027,8.172080993652344,28700
2010-08-05,15.260000228881836,15.329999923706055,15.260000228881836,15.260000228881836,8.156044960021973,29100
2010-08-06,15.260000228881836,15.369999885559082,15.260000228881836,15.369999885559082,8.214838981628418,19800
2010-08-09,15.34000015258789,15.5,15.34000015258789,15.430000305175781,8.246908187866211,47900
2010-08-10,15.449999809265137,15.529999732971191,15.4399995803833,15.529999732971191,8.300353050231934,41800
2010-08-11,15.550000190734863,15.59000015258789,15.449999809265137,15.529999732971191,8.300353050231934,21200
2010-08-12,15.529999732971191,15.5600004196167,15.449999809265137,15.510000228881836,8.335824966430664,30300
2010-08-13,15.449999809265137,15.5600004196167,15.449999809265137,15.5600004196167,8.362699508666992,22800
2010-08-16,15.510000228881836,15.59000015258789,15.510000228881836,15.550000190734863,8.357324600219727,39100
2010-08-17,15.550000190734863,15.649999618530273,15.539999961853027,15.609999656677246,8.389568328857422,57000
2010-08-18,15.630000114440918,15.680000305175781,15.5600004196167,15.630000114440918,8.400320053100586,29500
2010-08-19,15.59000015258789,15.649999618530273,15.539999961853027,15.550000190734863,8.357324600219727,18200
2010-08-20,15.550000190734863,15.579999923706055,15.539999961853027,15.539999961853027,8.351951599121094,13500
2010-08-23,15.600000381469727,15.65999984741211,15.59000015258789,15.600000381469727,8.384195327758789,19300
2010-08-24,15.59000015258789,15.600000381469727,15.5600004196167,15.5600004196167,8.362699508666992,20700
2010-08-25,15.550000190734863,15.789999961853027,15.539999961853027,15.579999923706055,8.373452186584473,51900
2010-08-26,15.640000343322754,15.760000228881836,15.600000381469727,15.649999618530273,8.411070823669434,54400
2010-08-27,15.65999984741211,15.670000076293945,15.630000114440918,15.670000076293945,8.421818733215332,27100
2010-08-30,15.630000114440918,15.6899995803833,15.630000114440918,15.680000305175781,8.4271879196167,22300
2010-08-31,15.699999809265137,15.789999961853027,15.6899995803833,15.760000228881836,8.470186233520508,34100
2010-09-01,15.850000381469727,15.850000381469727,15.710000038146973,15.789999961853027,8.486312866210938,46600
2010-09-02,15.710000038146973,15.760000228881836,15.579999923706055,15.600000381469727,8.384195327758789,78000
2010-09-03,15.630000114440918,15.640000343322754,15.479999542236328,15.510000228881836,8.335824966430664,71700
2010-09-07,15.5,15.609999656677246,15.5,15.569999694824219,8.368072509765625,31700
2010-09-08,15.569999694824219,15.649999618530273,15.569999694824219,15.59000015258789,8.378826141357422,26200
2010-09-09,15.640000343322754,15.720000267028809,15.619999885559082,15.710000038146973,8.443316459655762,58400
2010-09-10,15.710000038146973,15.760000228881836,15.710000038146973,15.75,8.464812278747559,39300
2010-09-13,15.710000038146973,15.75,15.6899995803833,15.75,8.512918472290039,41500
2010-09-14,15.729999542236328,15.800000190734863,15.729999542236328,15.75,8.512918472290039,37600
2010-09-15,15.789999961853027,15.800000190734863,15.390000343322754,15.390000343322754,8.318337440490723,65600
2010-09-16,15.4399995803833,15.529999732971191,15.020000457763672,15.180000305175781,8.20483112335205,134300
2010-09-17,15.229999542236328,15.390000343322754,15.220000267028809,15.289999961853027,8.264286994934082,56100
2010-09-20,15.34000015258789,15.460000038146973,15.34000015258789,15.449999809265137,8.350767135620117,26200
2010-09-21,15.40999984741211,15.539999961853027,15.40999984741211,15.529999732971191,8.394010543823242,18400
2010-09-22,15.510000228881836,15.600000381469727,15.510000228881836,15.59000015258789,8.426437377929688,21700
2010-09-23,15.59000015258789,15.59000015258789,15.539999961853027,15.579999923706055,8.421035766601562,34600
2010-09-24,15.529999732971191,15.640000343322754,15.529999732971191,15.630000114440918,8.448060035705566,50300
2010-09-27,15.619999885559082,15.670000076293945,15.520000457763672,15.600000381469727,8.431843757629395,43500
2010-09-28,15.5600004196167,15.649999618530273,15.5600004196167,15.649999618530273,8.458868026733398,22900
2010-09-29,15.609999656677246,15.6899995803833,15.5600004196167,15.680000305175781,8.475080490112305,39800
2010-09-30,15.680000305175781,15.739999771118164,15.670000076293945,15.710000038146973,8.49129867553711,24300
2010-10-01,15.729999542236328,15.770000457763672,15.710000038146973,15.760000228881836,8.518320083618164,27500
2010-10-04,15.699999809265137,15.760000228881836,15.699999809265137,15.760000228881836,8.518320083618164,30200
2010-10-05,15.75,15.770000457763672,15.729999542236328,15.739999771118164,8.507514953613281,37500
2010-10-06,15.699999809265137,15.75,15.65999984741211,15.699999809265137,8.485894203186035,30900
2010-10-07,15.699999809265137,15.710000038146973,15.670000076293945,15.670000076293945,8.46967601776123,12100
2010-10-08,15.609999656677246,15.680000305175781,15.609999656677246,15.65999984741211,8.464272499084473,24200
2010-10-11,15.65999984741211,15.6899995803833,15.649999618530273,15.6899995803833,8.480489730834961,23800
2010-10-12,15.649999618530273,15.699999809265137,15.649999618530273,15.680000305175781,8.475080490112305,33800
2010-10-13,15.59000015258789,15.609999656677246,15.510000228881836,15.539999961853027,8.447361946105957,73600
2010-10-14,15.5,15.630000114440918,15.430000305175781,15.430000305175781,8.387569427490234,36000
2010-10-15,15.430000305175781,15.430000305175781,15.239999771118164,15.300000190734863,8.316903114318848,47800
2010-10-18,15.270000457763672,15.279999732971191,15.130000114440918,15.1899995803833,8.257101058959961,50100
2010-10-19,15.149999618530273,15.229999542236328,15.149999618530273,15.15999984741211,8.24079704284668,31300
2010-10-20,15.149999618530273,15.25,15.149999618530273,15.1899995803833,8.257101058959961,34400
2010-10-21,15.260000228881836,15.279999732971191,15.1899995803833,15.229999542236328,8.278846740722656,38200
2010-10-22,15.220000267028809,15.279999732971191,15.220000267028809,15.270000457763672,8.300593376159668,32800
2010-10-25,15.25,15.369999885559082,15.239999771118164,15.300000190734863,8.316903114318848,41900
2010-10-26,15.300000190734863,15.329999923706055,15.260000228881836,15.319999694824219,8.327771186828613,36500
2010-10-27,15.270000457763672,15.489999771118164,15.270000457763672,15.479999542236328,8.414743423461914,36800
2010-10-28,15.470000267028809,15.5,15.399999618530273,15.4399995803833,8.3930025100708,31000
2010-10-29,15.479999542236328,15.489999771118164,15.300000190734863,15.380000114440918,8.360383987426758,25500
2010-11-01,15.510000228881836,15.510000228881836,15.359999656677246,15.390000343322754,8.365822792053223,34200
2010-11-02,15.369999885559082,15.380000114440918,15.319999694824219,15.34000015258789,8.338644027709961,35900
2010-11-03,15.329999923706055,15.369999885559082,15.319999694824219,15.34000015258789,8.338644027709961,26300
2010-11-04,15.34000015258789,15.390000343322754,15.329999923706055,15.380000114440918,8.360383987426758,20100
2010-11-05,15.380000114440918,15.380000114440918,15.350000381469727,15.380000114440918,8.360383987426758,24300
2010-11-08,15.359999656677246,15.390000343322754,15.350000381469727,15.350000381469727,8.344077110290527,44100
2010-11-09,15.359999656677246,15.380000114440918,15.09000015258789,15.239999771118164,8.284282684326172,68400
2010-11-10,15.140000343322754,15.140000343322754,14.670000076293945,14.699999809265137,8.037686347961426,109700
2010-11-11,14.479999542236328,14.479999542236328,14.119999885559082,14.3100004196167,7.824441432952881,189800
2010-11-12,14.25,14.579999923706055,14.140000343322754,14.40999984741211,7.879115104675293,64300
2010-11-15,14.520000457763672,14.520000457763672,13.649999618530273,13.65999984741211,7.469030380249023,157900
2010-11-16,13.510000228881836,14.15999984741211,13.210000038146973,14.15999984741211,7.742427349090576,190600
2010-11-17,14.350000381469727,14.829999923706055,14.15999984741211,14.220000267028809,7.775229454040527,149600
2010-11-18,14.1899995803833,14.220000267028809,13.949999809265137,14.210000038146973,7.769760608673096,90700
2010-11-19,14.069999694824219,14.670000076293945,14.069999694824219,14.319999694824219,7.829906940460205,71500
2010-11-22,14.449999809265137,14.579999923706055,14.390000343322754,14.539999961853027,7.950199604034424,51400
2010-11-23,14.510000228881836,14.739999771118164,14.489999771118164,14.649999618530273,8.010348320007324,30200
2010-11-24,14.739999771118164,14.819999694824219,14.600000381469727,14.819999694824219,8.10329818725586,65000
2010-11-26,14.729999542236328,14.899999618530273,14.729999542236328,14.890000343322754,8.141579627990723,27100
2010-11-29,14.899999618530273,14.9399995803833,14.800000190734863,14.9399995803833,8.16891098022461,25200
2010-11-30,14.899999618530273,15.039999961853027,14.899999618530273,14.9399995803833,8.16891098022461,60900
2010-12-01,14.960000038146973,15.0600004196167,14.6899995803833,14.729999542236328,8.05408763885498,56300
2010-12-02,14.680000305175781,14.720000267028809,14.460000038146973,14.5,7.9283318519592285,54300
2010-12-03,14.609999656677246,14.729999542236328,14.3100004196167,14.40999984741211,7.879115104675293,42500
2010-12-06,14.350000381469727,14.420000076293945,14.180000305175781,14.350000381469727,7.846314430236816,60600
2010-12-07,14.430000305175781,14.430000305175781,13.850000381469727,13.989999771118164,7.649471759796143,102200
2010-12-08,13.930000305175781,13.979999542236328,13.729999542236328,13.880000114440918,7.589323997497559,43900
2010-12-09,13.8100004196167,13.979999542236328,13.699999809265137,13.739999771118164,7.512777328491211,40800
2010-12-10,13.770000457763672,13.850000381469727,13.600000381469727,13.6899995803833,7.485434532165527,72400
2010-12-13,13.649999618530273,13.670000076293945,13.380000114440918,13.670000076293945,7.523414134979248,92100
2010-12-14,13.609999656677246,13.670000076293945,13.380000114440918,13.600000381469727,7.484884262084961,105500
2010-12-15,13.550000190734863,13.760000228881836,13.430000305175781,13.760000228881836,7.572941303253174,82100
2010-12-16,13.569999694824219,14.100000381469727,13.569999694824219,14.020000457763672,7.716038703918457,80800
2010-12-17,14.140000343322754,14.270000457763672,14.020000457763672,14.069999694824219,7.743555068969727,36600
2010-12-20,14.149999618530273,14.149999618530273,13.40999984741211,13.600000381469727,7.484884262084961,112900
2010-12-21,13.5,13.539999961853027,13.40999984741211,13.449999809265137,7.402331352233887,40700
2010-12-22,13.420000076293945,13.640000343322754,13.420000076293945,13.5600004196167,7.462873935699463,66400
2010-12-23,13.609999656677246,13.729999542236328,13.550000190734863,13.699999809265137,7.539922714233398,51400
2010-12-27,13.630000114440918,13.720000267028809,13.569999694824219,13.720000267028809,7.550928592681885,23700
2010-12-28,13.699999809265137,13.699999809265137,13.529999732971191,13.600000381469727,7.484884262084961,48000
2010-12-29,13.5,13.600000381469727,13.40999984741211,13.550000190734863,7.457369327545166,79600
2010-12-30,13.520000457763672,13.710000038146973,13.520000457763672,13.619999885559082,7.495892524719238,35800
2010-12-31,13.699999809265137,14.050000190734863,13.640000343322754,14.0,7.705028057098389,81700
2011-01-03,13.949999809265137,14.0,13.859999656677246,13.880000114440918,7.638988018035889,88200
2011-01-04,13.890000343322754,14.0,13.829999923706055,13.90999984741211,7.655496120452881,41400
2011-01-05,13.949999809265137,13.970000267028809,13.829999923706055,13.84000015258789,7.616971492767334,35600
2011-01-06,13.850000381469727,13.890000343322754,13.699999809265137,13.699999809265137,7.539922714233398,30500
2011-01-07,13.65999984741211,13.739999771118164,13.65999984741211,13.720000267028809,7.550928592681885,22100
2011-01-10,13.710000038146973,13.710000038146973,13.539999961853027,13.600000381469727,7.484884262084961,34500
2011-01-11,13.59000015258789,13.59000015258789,13.40999984741211,13.470000267028809,7.413341999053955,62700
2011-01-12,13.380000114440918,13.380000114440918,13.09000015258789,13.109999656677246,7.263199329376221,111100
2011-01-13,13.010000228881836,13.050000190734863,12.75,12.800000190734863,7.091460227966309,132200
2011-01-14,12.649999618530273,12.649999618530273,12.300000190734863,12.489999771118164,6.919707298278809,195500
2011-01-18,12.529999732971191,12.739999771118164,12.399999618530273,12.680000305175781,7.024972915649414,91700
2011-01-19,12.699999809265137,12.729999542236328,12.359999656677246,12.579999923706055,6.969568729400635,162900
2011-01-20,12.600000381469727,12.779999732971191,12.520000457763672,12.75,7.063754558563232,88900
2011-01-21,12.800000190734863,12.970000267028809,12.739999771118164,12.899999618530273,7.146853446960449,98500
2011-01-24,12.920000076293945,13.260000228881836,12.890000343322754,13.260000228881836,7.346302032470703,92000
2011-01-25,13.229999542236328,13.649999618530273,13.229999542236328,13.600000381469727,7.534667491912842,113000
2011-01-26,13.649999618530273,13.649999618530273,13.40999984741211,13.449999809265137,7.451565742492676,68400
2011-01-27,13.329999923706055,13.449999809265137,13.25,13.399999618530273,7.423868179321289,59700
2011-01-28,13.350000381469727,13.479999542236328,13.350000381469727,13.390000343322754,7.418328762054443,51000
2011-01-31,13.380000114440918,13.5,13.380000114440918,13.420000076293945,7.434947490692139,23800
2011-02-01,13.460000038146973,13.510000228881836,13.4399995803833,13.489999771118164,7.473728179931641,30000
2011-02-02,13.539999961853027,13.609999656677246,13.529999732971191,13.579999923706055,7.52358865737915,21800
2011-02-03,13.5,13.5600004196167,13.399999618530273,13.430000305175781,7.4404826164245605,69300
2011-02-04,13.470000267028809,13.470000267028809,13.260000228881836,13.300000190734863,7.368463039398193,68300
2011-02-07,13.3100004196167,13.510000228881836,13.300000190734863,13.380000114440918,7.412787914276123,33400
2011-02-08,13.359999656677246,13.489999771118164,13.3100004196167,13.420000076293945,7.434947490692139,42100
2011-02-09,13.399999618530273,13.489999771118164,13.319999694824219,13.399999618530273,7.423868179321289,48100
2011-02-10,13.399999618530273,13.550000190734863,13.34000015258789,13.520000457763672,7.490350246429443,31900
2011-02-11,13.399999618530273,13.5600004196167,13.399999618530273,13.4399995803833,7.495371341705322,21300
2011-02-14,13.460000038146973,13.899999618530273,13.359999656677246,13.489999771118164,7.523251056671143,77800
2011-02-15,13.5,13.5600004196167,13.420000076293945,13.460000038146973,7.506522178649902,28600
2011-02-16,13.460000038146973,13.65999984741211,13.460000038146973,13.470000267028809,7.512102127075195,80700
2011-02-17,13.489999771118164,13.529999732971191,13.430000305175781,13.460000038146973,7.506522178649902,32100
2011-02-18,13.460000038146973,13.510000228881836,13.350000381469727,13.369999885559082,7.456330299377441,42800
2011-02-22,13.319999694824219,13.319999694824219,13.0600004196167,13.100000381469727,7.305751323699951,68000
2011-02-23,13.010000228881836,13.229999542236328,13.010000228881836,13.149999618530273,7.333639621734619,62700
2011-02-24,13.229999542236328,13.229999542236328,13.039999961853027,13.180000305175781,7.350367069244385,89500
2011-02-25,13.1899995803833,13.279999732971191,13.149999618530273,13.270000457763672,7.400562763214111,64900
2011-02-28,13.220000267028809,13.380000114440918,13.220000267028809,13.300000190734863,7.417291641235352,35200
2011-03-01,13.279999732971191,13.390000343322754,13.279999732971191,13.300000190734863,7.417291641235352,72500
2011-03-02,13.319999694824219,13.399999618530273,13.3100004196167,13.369999885559082,7.456330299377441,28900
2011-03-03,13.329999923706055,13.390000343322754,13.289999961853027,13.3100004196167,7.422871112823486,28300
2011-03-04,13.3100004196167,13.34000015258789,13.220000267028809,13.319999694824219,7.428442478179932,39200
2011-03-07,13.300000190734863,13.3100004196167,13.220000267028809,13.260000228881836,7.39498233795166,30000
2011-03-08,13.279999732971191,13.350000381469727,13.279999732971191,13.319999694824219,7.428442478179932,26600
2011-03-09,13.390000343322754,13.390000343322754,13.300000190734863,13.319999694824219,7.428442478179932,42800
2011-03-10,13.319999694824219,13.380000114440918,13.260000228881836,13.380000114440918,7.4619059562683105,55900
2011-03-11,13.270000457763672,13.3100004196167,13.180000305175781,13.300000190734863,7.466958522796631,36400
2011-03-14,13.3100004196167,13.319999694824219,13.229999542236328,13.319999694824219,7.478183269500732,17700
2011-03-15,13.260000228881836,13.3100004196167,13.170000076293945,13.289999961853027,7.461343765258789,19000
2011-03-16,13.260000228881836,13.350000381469727,13.260000228881836,13.300000190734863,7.466958522796631,25800
2011-03-17,13.289999961853027,13.430000305175781,13.270000457763672,13.399999618530273,7.523097991943359,50900
2011-03-18,13.350000381469727,13.430000305175781,13.34000015258789,13.359999656677246,7.500644207000732,17300
2011-03-21,13.350000381469727,13.420000076293945,13.350000381469727,13.399999618530273,7.523097991943359,9500
2011-03-22,13.430000305175781,13.449999809265137,13.279999732971191,13.430000305175781,7.539942741394043,79100
2011-03-23,13.479999542236328,13.5,13.4399995803833,13.5,7.579242706298828,39700
2011-03-24,13.449999809265137,13.5,13.40999984741211,13.5,7.579242706298828,58000
2011-03-25,13.539999961853027,13.649999618530273,13.5,13.649999618530273,7.6634602546691895,48400
2011-03-28,13.65999984741211,13.920000076293945,13.619999885559082,13.850000381469727,7.775742053985596,32900
2011-03-29,13.829999923706055,13.90999984741211,13.760000228881836,13.890000343322754,7.79819917678833,41100
2011-03-30,13.829999923706055,13.930000305175781,13.710000038146973,13.850000381469727,7.775742053985596,69800
2011-03-31,13.789999961853027,13.850000381469727,13.779999732971191,13.850000381469727,7.775742053985596,19700
2011-04-01,13.899999618530273,13.960000038146973,13.829999923706055,13.899999618530273,7.8038129806518555,33300
2011-04-04,13.850000381469727,14.0,13.850000381469727,14.0,7.859951496124268,37700
2011-04-05,13.9399995803833,13.949999809265137,13.90999984741211,13.920000076293945,7.815043926239014,12300
2011-04-06,13.960000038146973,14.0,13.850000381469727,13.850000381469727,7.775742053985596,18700
2011-04-07,13.84000015258789,13.90999984741211,13.699999809265137,13.760000228881836,7.725217819213867,45500
2011-04-08,13.729999542236328,13.729999542236328,13.600000381469727,13.630000114440918,7.652227401733398,24200
2011-04-11,13.640000343322754,13.729999542236328,13.359999656677246,13.430000305175781,7.539942741394043,58100
2011-04-12,13.460000038146973,13.460000038146973,13.229999542236328,13.34000015258789,7.489418029785156,45600
2011-04-13,13.319999694824219,13.470000267028809,13.239999771118164,13.40999984741211,7.579286098480225,40300
2011-04-14,13.350000381469727,13.380000114440918,13.300000190734863,13.3100004196167,7.522760391235352,20300
2011-04-15,13.329999923706055,13.350000381469727,13.279999732971191,13.289999961853027,7.51146125793457,31800
2011-04-18,13.3100004196167,13.329999923706055,13.210000038146973,13.329999923706055,7.534066677093506,14300
2011-04-19,13.289999961853027,13.399999618530273,13.289999961853027,13.399999618530273,7.573629379272461,9300
2011-04-20,13.449999809265137,13.510000228881836,13.40999984741211,13.4399995803833,7.596235752105713,44200
2011-04-21,13.430000305175781,13.460000038146973,13.430000305175781,13.449999809265137,7.601892948150635,9800
2011-04-25,13.5,13.510000228881836,13.460000038146973,13.489999771118164,7.6244988441467285,11100
2011-04-26,13.430000305175781,13.520000457763672,13.430000305175781,13.470000267028809,7.613193035125732,14500
2011-04-27,13.520000457763672,13.569999694824219,13.460000038146973,13.569999694824219,7.669715404510498,23700
2011-04-28,13.569999694824219,13.65999984741211,13.550000190734863,13.65999984741211,7.720580577850342,16500
2011-04-29,13.670000076293945,13.779999732971191,13.649999618530273,13.720000267028809,7.754495143890381,17000
2011-05-02,13.699999809265137,13.789999961853027,13.65999984741211,13.729999542236328,7.760146141052246,35000
2011-05-03,13.710000038146973,13.819999694824219,13.710000038146973,13.819999694824219,7.811013698577881,24000
2011-05-04,13.869999885559082,13.869999885559082,13.779999732971191,13.819999694824219,7.811013698577881,22000
2011-05-05,13.850000381469727,13.890000343322754,13.819999694824219,13.859999656677246,7.833622455596924,25900
2011-05-06,13.90999984741211,13.930000305175781,13.819999694824219,13.829999923706055,7.8166656494140625,15400
2011-05-09,13.829999923706055,13.880000114440918,13.819999694824219,13.880000114440918,7.84492826461792,20000
2011-05-10,13.880000114440918,13.930000305175781,13.770000457763672,13.880000114440918,7.84492826461792,40700
2011-05-11,13.899999618530273,14.0600004196167,13.899999618530273,14.0600004196167,7.9466552734375,44200
2011-05-12,14.050000190734863,14.069999694824219,13.970000267028809,14.050000190734863,7.991593360900879,35900
2011-05-13,14.0,14.109999656677246,13.979999542236328,14.010000228881836,7.9688401222229,23900
2011-05-16,13.979999542236328,14.09000015258789,13.979999542236328,14.029999732971191,7.980215072631836,19700
2011-05-17,14.029999732971191,14.119999885559082,14.010000228881836,14.119999885559082,8.03140926361084,28100
2011-05-18,14.119999885559082,14.149999618530273,14.109999656677246,14.140000343322754,8.042787551879883,29800
2011-05-19,14.170000076293945,14.170000076293945,14.069999694824219,14.109999656677246,8.02572250366211,29100
2011-05-20,14.15999984741211,14.1899995803833,14.140000343322754,14.180000305175781,8.06553840637207,34700
2011-05-23,14.180000305175781,14.220000267028809,14.079999923706055,14.15999984741211,8.054165840148926,35000
2011-05-24,14.09000015258789,14.220000267028809,14.09000015258789,14.220000267028809,8.088289260864258,13800
2011-05-25,14.220000267028809,14.260000228881836,14.180000305175781,14.25,8.105351448059082,30500
2011-05-26,14.199999809265137,14.350000381469727,14.199999809265137,14.34000015258789,8.156546592712402,23800
2011-05-27,14.34000015258789,14.350000381469727,14.300000190734863,14.350000381469727,8.162230491638184,28400
2011-05-31,14.350000381469727,14.449999809265137,14.3100004196167,14.449999809265137,8.219110488891602,32900
2011-06-01,14.520000457763672,14.6899995803833,14.420000076293945,14.5600004196167,8.2816801071167,33200
2011-06-02,14.579999923706055,14.579999923706055,14.399999618530273,14.489999771118164,8.241866111755371,34300
2011-06-03,14.479999542236328,14.489999771118164,14.380000114440918,14.489999771118164,8.241866111755371,22700
2011-06-06,14.5600004196167,14.649999618530273,14.479999542236328,14.59000015258789,8.29874324798584,48000
2011-06-07,14.600000381469727,14.609999656677246,14.529999732971191,14.5600004196167,8.2816801071167,23500
2011-06-08,14.619999885559082,14.649999618530273,14.5600004196167,14.5600004196167,8.2816801071167,30700
2011-06-09,14.630000114440918,14.630000114440918,14.510000228881836,14.520000457763672,8.258932113647461,26200
2011-06-10,14.579999923706055,14.579999923706055,14.5,14.550000190734863,8.275994300842285,24600
2011-06-13,14.550000190734863,14.550000190734863,14.289999961853027,14.369999885559082,8.223910331726074,32800
2011-06-14,14.460000038146973,14.460000038146973,14.289999961853027,14.369999885559082,8.223910331726074,15800
2011-06-15,14.380000114440918,14.420000076293945,14.289999961853027,14.34000015258789,8.206747055053711,21700
2011-06-16,14.420000076293945,14.520000457763672,14.350000381469727,14.420000076293945,8.252528190612793,24100
2011-06-17,14.460000038146973,14.460000038146973,14.34000015258789,14.399999618530273,8.241084098815918,14900
2011-06-20,14.430000305175781,14.430000305175781,14.319999694824219,14.369999885559082,8.223910331726074,18400
2011-06-21,14.399999618530273,14.460000038146973,14.359999656677246,14.4399995803833,8.263972282409668,21100
2011-06-22,14.399999618530273,14.579999923706055,14.399999618530273,14.579999923706055,8.344095230102539,21700
2011-06-23,14.59000015258789,14.6899995803833,14.579999923706055,14.6899995803833,8.407047271728516,20200
2011-06-24,14.699999809265137,14.75,14.649999618530273,14.75,8.441388130187988,20100
2011-06-27,14.770000457763672,14.84000015258789,14.59000015258789,14.640000343322754,8.378433227539062,48400
2011-06-28,14.739999771118164,14.84000015258789,14.729999542236328,14.829999923706055,8.487171173095703,32400
2011-06-29,14.880000114440918,14.880000114440918,14.619999885559082,14.619999885559082,8.366989135742188,43900
2011-06-30,14.720000267028809,14.819999694824219,14.609999656677246,14.640000343322754,8.378433227539062,19300
2011-07-01,14.619999885559082,14.75,14.619999885559082,14.65999984741211,8.38987922668457,23200
2011-07-05,14.680000305175781,14.800000190734863,14.680000305175781,14.800000190734863,8.470003128051758,17600
2011-07-06,14.779999732971191,14.800000190734863,14.6899995803833,14.75,8.441388130187988,37300
2011-07-07,14.770000457763672,14.850000381469727,14.6899995803833,14.6899995803833,8.407047271728516,38000
2011-07-08,14.699999809265137,14.8100004196167,14.699999809265137,14.8100004196167,8.475726127624512,13100
2011-07-11,14.680000305175781,14.760000228881836,14.630000114440918,14.720000267028809,8.424211502075195,38700
2011-07-12,14.65999984741211,14.789999961853027,14.65999984741211,14.710000038146973,8.418495178222656,27600
2011-07-13,14.699999809265137,14.699999809265137,14.630000114440918,14.649999618530273,8.435190200805664,18800
2011-07-14,14.649999618530273,14.649999618530273,14.5,14.59000015258789,8.40064811706543,37600
2011-07-15,14.59000015258789,14.59000015258789,14.279999732971191,14.279999732971191,8.22215461730957,40100
2011-07-18,14.239999771118164,14.369999885559082,14.079999923706055,14.079999923706055,8.107001304626465,65000
2011-07-19,14.170000076293945,14.270000457763672,14.109999656677246,14.229999542236328,8.193363189697266,18200
2011-07-20,14.300000190734863,14.329999923706055,14.239999771118164,14.279999732971191,8.22215461730957,24500
2011-07-21,14.359999656677246,14.40999984741211,14.319999694824219,14.399999618530273,8.291247367858887,26000
2011-07-22,14.359999656677246,14.449999809265137,14.350000381469727,14.369999885559082,8.273971557617188,13900
2011-07-25,14.390000343322754,14.430000305175781,14.25,14.329999923706055,8.250945091247559,17500
2011-07-26,14.369999885559082,14.369999885559082,14.199999809265137,14.199999809265137,8.176090240478516,24000
2011-07-27,14.1899995803833,14.1899995803833,13.899999618530273,13.979999542236328,8.049422264099121,79600
2011-07-28,13.859999656677246,14.029999732971191,13.8100004196167,14.010000228881836,8.066691398620605,35800
2011-07-29,13.970000267028809,14.039999961853027,13.75,13.890000343322754,7.997598648071289,41100
2011-08-01,13.9399995803833,14.119999885559082,13.9399995803833,14.029999732971191,8.078207015991211,43400
2011-08-02,14.130000114440918,14.289999961853027,14.079999923706055,14.289999961853027,8.227912902832031,29000
2011-08-03,14.34000015258789,14.460000038146973,14.34000015258789,14.460000038146973,8.325794219970703,29700
2011-08-04,14.520000457763672,14.5600004196167,14.380000114440918,14.449999809265137,8.320037841796875,32400
2011-08-05,14.470000267028809,14.470000267028809,14.1899995803833,14.289999961853027,8.227912902832031,68000
2011-08-08,14.25,14.25,13.510000228881836,13.59000015258789,7.824864387512207,106800
2011-08-09,13.680000305175781,14.329999923706055,13.59000015258789,14.329999923706055,8.250945091247559,63100
2011-08-10,14.4399995803833,14.479999542236328,14.220000267028809,14.470000267028809,8.331551551818848,36100
2011-08-11,14.390000343322754,14.40999984741211,14.149999618530273,14.149999618530273,8.197723388671875,35900
2011-08-12,14.199999809265137,14.369999885559082,14.199999809265137,14.319999694824219,8.296207427978516,29000
2011-08-15,14.350000381469727,14.5600004196167,14.34000015258789,14.5600004196167,8.435257911682129,35200
2011-08-16,14.550000190734863,14.579999923706055,14.5,14.529999732971191,8.417874336242676,20200
2011-08-17,14.600000381469727,14.680000305175781,14.520000457763672,14.579999923706055,8.44683837890625,21300
2011-08-18,14.529999732971191,14.529999732971191,14.399999618530273,14.449999809265137,8.371522903442383,12100
2011-08-19,14.470000267028809,14.489999771118164,14.369999885559082,14.489999771118164,8.394697189331055,19900
2011-08-22,14.5,14.579999923706055,14.460000038146973,14.579999923706055,8.44683837890625,12000
2011-08-23,14.470000267028809,14.649999618530273,14.470000267028809,14.619999885559082,8.470017433166504,25400
2011-08-24,14.649999618530273,14.760000228881836,14.539999961853027,14.550000190734863,8.429460525512695,26400
2011-08-25,14.600000381469727,14.640000343322754,14.4399995803833,14.569999694824219,8.441051483154297,23100
2011-08-26,14.460000038146973,14.579999923706055,14.460000038146973,14.539999961853027,8.423667907714844,16300
2011-08-29,14.649999618530273,14.729999542236328,14.550000190734863,14.729999542236328,8.533743858337402,28400
2011-08-30,14.770000457763672,14.770000457763672,14.680000305175781,14.710000038146973,8.522153854370117,10400
2011-08-31,14.819999694824219,14.819999694824219,14.670000076293945,14.699999809265137,8.516361236572266,23100
2011-09-01,14.789999961853027,14.829999923706055,14.739999771118164,14.829999923706055,8.59167766571045,27300
2011-09-02,14.760000228881836,14.9399995803833,14.75,14.920000076293945,8.643814086914062,41600
2011-09-06,14.90999984741211,14.90999984741211,14.800000190734863,14.890000343322754,8.626437187194824,16200
2011-09-07,14.930000305175781,15.039999961853027,14.859999656677246,15.039999961853027,8.713340759277344,21700
2011-09-08,15.069999694824219,15.109999656677246,15.0,15.0600004196167,8.724928855895996,12800
2011-09-09,15.069999694824219,15.069999694824219,14.899999618530273,14.970000267028809,8.672786712646484,15500
2011-09-12,14.970000267028809,15.079999923706055,14.890000343322754,15.039999961853027,8.713340759277344,14400
2011-09-13,15.029999732971191,15.0600004196167,14.890000343322754,15.0,8.741900444030762,15100
2011-09-14,15.039999961853027,15.039999961853027,14.789999961853027,14.789999961853027,8.61950969696045,26400
2011-09-15,14.850000381469727,14.850000381469727,14.609999656677246,14.670000076293945,8.54957103729248,25200
2011-09-16,14.710000038146973,14.760000228881836,14.640000343322754,14.640000343322754,8.532090187072754,17300
2011-09-19,14.720000267028809,14.75,14.609999656677246,14.649999618530273,8.537918090820312,27500
2011-09-20,14.670000076293945,14.770000457763672,14.670000076293945,14.6899995803833,8.56123161315918,15600
2011-09-21,14.779999732971191,14.779999732971191,14.670000076293945,14.739999771118164,8.590373039245605,12500
2011-09-22,14.739999771118164,14.880000114440918,14.640000343322754,14.869999885559082,8.666132926940918,25400
2011-09-23,14.850000381469727,14.9399995803833,14.829999923706055,14.869999885559082,8.666132926940918,16700
2011-09-26,14.979999542236328,14.979999542236328,14.819999694824219,14.859999656677246,8.660306930541992,22100
2011-09-27,14.989999771118164,14.989999771118164,14.899999618530273,14.979999542236328,8.730243682861328,18100
2011-09-28,15.0,15.100000381469727,14.989999771118164,15.079999923706055,8.78852653503418,21200
2011-09-29,15.170000076293945,15.199999809265137,15.09000015258789,15.09000015258789,8.794352531433105,13000
2011-09-30,15.199999809265137,15.260000228881836,15.0,15.0,8.741900444030762,46100
2011-10-03,14.850000381469727,15.229999542236328,14.850000381469727,15.039999961853027,8.76521110534668,30500
2011-10-04,15.130000114440918,15.130000114440918,14.800000190734863,14.84000015258789,8.648651123046875,54800
2011-10-05,14.90999984741211,14.920000076293945,14.720000267028809,14.819999694824219,8.63699722290039,29700
2011-10-06,14.850000381469727,14.859999656677246,14.760000228881836,14.779999732971191,8.613678932189941,27000
2011-10-07,14.829999923706055,14.890000343322754,14.699999809265137,14.890000343322754,8.677789688110352,33300
2011-10-10,14.880000114440918,15.0,14.850000381469727,14.930000305175781,8.70109748840332,37600
2011-10-11,14.880000114440918,15.0,14.850000381469727,14.920000076293945,8.695271492004395,25300
2011-10-12,14.8100004196167,14.869999885559082,14.699999809265137,14.760000228881836,8.653644561767578,37300
2011-10-13,14.6899995803833,14.899999618530273,14.65999984741211,14.880000114440918,8.724002838134766,33100
2011-10-14,14.979999542236328,15.020000457763672,14.869999885559082,15.0,8.79435920715332,18100
2011-10-17,14.949999809265137,15.039999961853027,14.890000343322754,14.979999542236328,8.782634735107422,12300
2011-10-18,14.979999542236328,15.010000228881836,14.90999984741211,15.0,8.79435920715332,8500
2011-10-19,15.0,15.020000457763672,14.930000305175781,15.0,8.79435920715332,12600
2011-10-20,15.0,15.050000190734863,14.9399995803833,15.050000190734863,8.8236722946167,13600
2011-10-21,15.069999694824219,15.149999618530273,15.0600004196167,15.069999694824219,8.835397720336914,16300
2011-10-24,15.180000305175781,15.180000305175781,14.970000267028809,15.069999694824219,8.835397720336914,23700
2011-10-25,15.079999923706055,15.100000381469727,14.9399995803833,15.039999961853027,8.81781005859375,25100
2011-10-26,15.039999961853027,15.039999961853027,14.9399995803833,15.010000228881836,8.80021858215332,38000
2011-10-27,15.0,15.039999961853027,14.979999542236328,15.020000457763672,8.806085586547852,19900
2011-10-28,15.079999923706055,15.100000381469727,14.989999771118164,15.09000015258789,8.847124099731445,30300
2011-10-31,15.09000015258789,15.15999984741211,15.039999961853027,15.15999984741211,8.888164520263672,20900
2011-11-01,15.029999732971191,15.25,15.029999732971191,15.229999542236328,8.929203987121582,25300
2011-11-02,15.199999809265137,15.220000267028809,15.100000381469727,15.100000381469727,8.852987289428711,26500
2011-11-03,15.199999809265137,15.199999809265137,15.09000015258789,15.199999809265137,8.911615371704102,20600
2011-11-04,15.199999809265137,15.289999961853027,15.180000305175781,15.25,8.940933227539062,31700
2011-11-07,15.3100004196167,15.3100004196167,15.25,15.300000190734863,8.970246315002441,36400
2011-11-08,15.3100004196167,15.3100004196167,15.210000038146973,15.229999542236328,8.929203987121582,45300
2011-11-09,15.260000228881836,15.260000228881836,15.119999885559082,15.1899995803833,8.90575122833252,17600
2011-11-10,15.109999656677246,15.140000343322754,15.029999732971191,15.029999732971191,8.915836334228516,13100
2011-11-11,15.029999732971191,15.109999656677246,15.029999732971191,15.100000381469727,8.957358360290527,11800
2011-11-14,15.270000457763672,15.319999694824219,15.119999885559082,15.229999542236328,9.034478187561035,29400
2011-11-15,15.260000228881836,15.399999618530273,15.25,15.260000228881836,9.052273750305176,45100
2011-11-16,15.300000190734863,15.300000190734863,15.1899995803833,15.289999961853027,9.070069313049316,18800
2011-11-17,15.210000038146973,15.270000457763672,15.140000343322754,15.199999809265137,9.016680717468262,13000
2011-11-18,15.149999618530273,15.25,15.140000343322754,15.220000267028809,9.028543472290039,12900
2011-11-21,15.140000343322754,15.220000267028809,15.140000343322754,15.15999984741211,8.99295425415039,14400
2011-11-22,15.140000343322754,15.25,15.140000343322754,15.210000038146973,9.022613525390625,11100
2011-11-23,15.199999809265137,15.220000267028809,15.109999656677246,15.170000076293945,8.998884201049805,26000
2011-11-25,15.140000343322754,15.210000038146973,15.140000343322754,15.199999809265137,9.016680717468262,5200
2011-11-28,15.229999542236328,15.329999923706055,15.1899995803833,15.329999923706055,9.093796730041504,21900
2011-11-29,15.270000457763672,15.300000190734863,15.260000228881836,15.260000228881836,9.052273750305176,19700
2011-11-30,15.270000457763672,15.319999694824219,15.229999542236328,15.3100004196167,9.081931114196777,38700
2011-12-01,15.260000228881836,15.329999923706055,15.260000228881836,15.329999923706055,9.093796730041504,18500
2011-12-02,15.300000190734863,15.329999923706055,15.279999732971191,15.3100004196167,9.081931114196777,13800
2011-12-05,15.25,15.350000381469727,15.25,15.34000015258789,9.09972858428955,29300
2011-12-06,15.300000190734863,15.380000114440918,15.279999732971191,15.279999732971191,9.06413745880127,32100
2011-12-07,15.279999732971191,15.430000305175781,15.279999732971191,15.430000305175781,9.153119087219238,31000
2011-12-08,15.380000114440918,15.510000228881836,15.34000015258789,15.4399995803833,9.159048080444336,32700
2011-12-09,15.359999656677246,15.489999771118164,15.359999656677246,15.489999771118164,9.188709259033203,12400
2011-12-12,15.4399995803833,15.600000381469727,15.420000076293945,15.5600004196167,9.23023509979248,25400
2011-12-13,15.520000457763672,15.529999732971191,15.430000305175781,15.430000305175781,9.206367492675781,11500
2011-12-14,15.420000076293945,15.520000457763672,15.40999984741211,15.449999809265137,9.21829891204834,17500
2011-12-15,15.420000076293945,15.510000228881836,15.359999656677246,15.420000076293945,9.200401306152344,27300
2011-12-16,15.369999885559082,15.5,15.369999885559082,15.449999809265137,9.21829891204834,34000
2011-12-19,15.430000305175781,15.449999809265137,15.420000076293945,15.449999809265137,9.21829891204834,23400
2011-12-20,15.40999984741211,15.449999809265137,15.380000114440918,15.449999809265137,9.21829891204834,21700
2011-12-21,15.40999984741211,15.510000228881836,15.399999618530273,15.510000228881836,9.254098892211914,22700
2011-12-22,15.539999961853027,15.569999694824219,15.510000228881836,15.569999694824219,9.289900779724121,24800
2011-12-23,15.600000381469727,15.609999656677246,15.569999694824219,15.609999656677246,9.313767433166504,14900
2011-12-27,15.640000343322754,15.75,15.600000381469727,15.75,9.397295951843262,30400
2011-12-28,15.6899995803833,15.899999618530273,15.6899995803833,15.819999694824219,9.439064025878906,34500
2011-12-29,15.779999732971191,15.899999618530273,15.779999732971191,15.880000114440918,9.474859237670898,17400
2011-12-30,15.920000076293945,15.989999771118164,15.800000190734863,15.880000114440918,9.474859237670898,21300
2012-01-03,15.930000305175781,15.960000038146973,15.869999885559082,15.9399995803833,9.510663032531738,25300
2012-01-04,15.869999885559082,16.139999389648438,15.800000190734863,16.049999237060547,9.576289176940918,65900
2012-01-05,16.020000457763672,16.260000228881836,15.960000038146973,16.209999084472656,9.67175579071045,70400
2012-01-06,16.209999084472656,16.3799991607666,16.209999084472656,16.360000610351562,9.76125717163086,36300
2012-01-09,16.350000381469727,16.3700008392334,16.239999771118164,16.31999969482422,9.73738956451416,63800
2012-01-10,16.31999969482422,16.399999618530273,16.290000915527344,16.34000015258789,9.749321937561035,47600
2012-01-11,16.25,16.260000228881836,16.020000457763672,16.079999923706055,9.646734237670898,41200
2012-01-12,16.06999969482422,16.200000762939453,16.06999969482422,16.1200008392334,9.670729637145996,38200
2012-01-13,16.1299991607666,16.18000030517578,16.1200008392334,16.149999618530273,9.688727378845215,35900
2012-01-17,16.15999984741211,16.18000030517578,16.06999969482422,16.06999969482422,9.640734672546387,43200
2012-01-18,16.06999969482422,16.139999389648438,16.049999237060547,16.079999923706055,9.646734237670898,29600
2012-01-19,16.079999923706055,16.190000534057617,16.079999923706055,16.190000534057617,9.712727546691895,32700
2012-01-20,16.149999618530273,16.209999084472656,16.1299991607666,16.18000030517578,9.706730842590332,19100
2012-01-23,16.18000030517578,16.34000015258789,16.18000030517578,16.309999465942383,9.784717559814453,34800
2012-01-24,16.350000381469727,16.3799991607666,16.25,16.25,9.748724937438965,28400
2012-01-25,16.229999542236328,16.350000381469727,16.149999618530273,16.149999618530273,9.688727378845215,48300
2012-01-26,16.190000534057617,16.299999237060547,16.190000534057617,16.239999771118164,9.742720603942871,39800
2012-01-27,16.34000015258789,16.43000030517578,16.270000457763672,16.43000030517578,9.856706619262695,38700
2012-01-30,16.420000076293945,16.709999084472656,16.420000076293945,16.709999084472656,10.024681091308594,54000
2012-01-31,16.670000076293945,16.8799991607666,16.670000076293945,16.790000915527344,10.072678565979004,33500
2012-02-01,16.829999923706055,16.989999771118164,16.829999923706055,16.940000534057617,10.162667274475098,49200
2012-02-02,16.8799991607666,17.0,16.649999618530273,16.709999084472656,10.024681091308594,44200
2012-02-03,16.790000915527344,16.790000915527344,16.469999313354492,16.549999237060547,9.928696632385254,48300
2012-02-06,16.59000015258789,16.59000015258789,16.420000076293945,16.530000686645508,9.916703224182129,39700
2012-02-07,16.59000015258789,16.600000381469727,16.510000228881836,16.540000915527344,9.922699928283691,29900
2012-02-08,16.540000915527344,16.639999389648438,16.520000457763672,16.59000015258789,9.95269775390625,56200
2012-02-09,16.579999923706055,16.65999984741211,16.56999969482422,16.610000610351562,9.96469497680664,23600
2012-02-10,16.6200008392334,16.68000030517578,16.600000381469727,16.610000610351562,9.96469497680664,25000
2012-02-13,16.5,16.56999969482422,16.5,16.56999969482422,9.994251251220703,15400
2012-02-14,16.610000610351562,16.610000610351562,16.3700008392334,16.3799991607666,9.879645347595215,28100
2012-02-15,16.479999542236328,16.479999542236328,16.25,16.270000457763672,9.813304901123047,51600
2012-02-16,16.270000457763672,16.270000457763672,15.899999618530273,15.9399995803833,9.614262580871582,106200
2012-02-17,15.720000267028809,16.09000015258789,15.710000038146973,16.059999465942383,9.686641693115234,115000
2012-02-21,16.040000915527344,16.25,16.040000915527344,16.209999084472656,9.777111053466797,50000
2012-02-22,16.170000076293945,16.209999084472656,16.110000610351562,16.190000534057617,9.765048027038574,18200
2012-02-23,16.15999984741211,16.229999542236328,16.09000015258789,16.139999389648438,9.734892845153809,33900
2012-02-24,16.149999618530273,16.239999771118164,16.149999618530273,16.239999771118164,9.795204162597656,30600
2012-02-27,16.18000030517578,16.479999542236328,16.18000030517578,16.479999542236328,9.939966201782227,40600
2012-02-28,16.450000762939453,16.520000457763672,16.450000762939453,16.5,9.952027320861816,56000
2012-02-29,16.5,16.549999237060547,16.450000762939453,16.510000228881836,9.958060264587402,38600
2012-03-01,16.549999237060547,16.68000030517578,16.489999771118164,16.68000030517578,10.060589790344238,44000
2012-03-02,16.739999771118164,16.780000686645508,16.600000381469727,16.729999542236328,10.090750694274902,89400
2012-03-05,16.780000686645508,16.850000381469727,16.690000534057617,16.75,10.102814674377441,55600
2012-03-06,16.719999313354492,16.719999313354492,16.6299991607666,16.700000762939453,10.072659492492676,17600
2012-03-07,16.700000762939453,16.850000381469727,16.6200008392334,16.81999969482422,10.145039558410645,61800
2012-03-08,16.790000915527344,16.8700008392334,16.790000915527344,16.850000381469727,10.163130760192871,33800
2012-03-09,16.969999313354492,17.059999465942383,16.959999084472656,17.059999465942383,10.289791107177734,48000
2012-03-12,17.049999237060547,17.079999923706055,16.93000030517578,17.06999969482422,10.295821189880371,67700
2012-03-13,16.969999313354492,17.049999237060547,16.90999984741211,17.030000686645508,10.32674789428711,35000
2012-03-14,16.969999313354492,17.010000228881836,16.639999389648438,16.709999084472656,10.132705688476562,68600
2012-03-15,16.639999389648438,16.639999389648438,16.0,16.139999389648438,9.787064552307129,137400
2012-03-16,16.110000610351562,16.139999389648438,15.390000343322754,15.75,9.55057430267334,255300
2012-03-19,15.609999656677246,16.1200008392334,15.529999732971191,16.0,9.702173233032227,80100
2012-03-20,16.0,16.219999313354492,15.970000267028809,16.09000015258789,9.756746292114258,55600
2012-03-21,16.190000534057617,16.239999771118164,16.09000015258789,16.200000762939453,9.823451042175293,56600
2012-03-22,16.25,16.34000015258789,16.219999313354492,16.219999313354492,9.835578918457031,48800
2012-03-23,16.209999084472656,16.290000915527344,16.209999084472656,16.239999771118164,9.84770679473877,14000
2012-03-26,16.229999542236328,16.34000015258789,16.170000076293945,16.209999084472656,9.829512596130371,47100
2012-03-27,16.209999084472656,16.260000228881836,16.079999923706055,16.260000228881836,9.859834671020508,32900
2012-03-28,16.209999084472656,16.399999618530273,16.209999084472656,16.399999618530273,9.94472885131836,21100
2012-03-29,16.329999923706055,16.43000030517578,16.280000686645508,16.290000915527344,9.878024101257324,21900
2012-03-30,16.290000915527344,16.360000610351562,16.219999313354492,16.219999313354492,9.835578918457031,32200
2012-04-02,16.34000015258789,16.40999984741211,16.290000915527344,16.290000915527344,9.878024101257324,31600
2012-04-03,16.290000915527344,16.420000076293945,16.219999313354492,16.420000076293945,9.956855773925781,38900
2012-04-04,16.360000610351562,16.549999237060547,16.34000015258789,16.489999771118164,9.999295234680176,28200
2012-04-05,16.389999389648438,16.510000228881836,16.3799991607666,16.399999618530273,9.94472885131836,18500
2012-04-09,16.350000381469727,16.5,16.329999923706055,16.5,10.005365371704102,22700
2012-04-10,16.420000076293945,16.649999618530273,16.420000076293945,16.559999465942383,10.04175090789795,29200
2012-04-11,16.479999542236328,16.649999618530273,16.479999542236328,16.59000015258789,10.059945106506348,28800
2012-04-12,16.420000076293945,16.540000915527344,16.389999389648438,16.40999984741211,10.00567626953125,16800
2012-04-13,16.43000030517578,16.479999542236328,16.31999969482422,16.360000610351562,9.975186347961426,16100
2012-04-16,16.34000015258789,16.399999618530273,16.34000015258789,16.389999389648438,9.993480682373047,23700
2012-04-17,16.40999984741211,16.489999771118164,16.3700008392334,16.399999618530273,9.999579429626465,25200
2012-04-18,16.40999984741211,16.549999237060547,16.40999984741211,16.549999237060547,10.091039657592773,24700
2012-04-19,16.520000457763672,16.540000915527344,16.450000762939453,16.530000686645508,10.078839302062988,22900
2012-04-20,16.479999542236328,16.5,16.440000534057617,16.5,10.060551643371582,18800
2012-04-23,16.479999542236328,16.5,16.43000030517578,16.5,10.060551643371582,25700
2012-04-24,16.5,16.540000915527344,16.469999313354492,16.540000915527344,10.084936141967773,17900
2012-04-25,16.510000228881836,16.549999237060547,16.5,16.540000915527344,10.084936141967773,38100
2012-04-26,16.530000686645508,16.639999389648438,16.489999771118164,16.639999389648438,10.145912170410156,59100
2012-04-27,16.670000076293945,16.739999771118164,16.6299991607666,16.690000534057617,10.176400184631348,33000
2012-04-30,16.649999618530273,16.770000457763672,16.649999618530273,16.75,10.212980270385742,24000
2012-05-01,16.770000457763672,16.860000610351562,16.729999542236328,16.770000457763672,10.225179672241211,35200
2012-05-02,16.700000762939453,16.8700008392334,16.700000762939453,16.809999465942383,10.249565124511719,29000
2012-05-03,16.760000228881836,16.81999969482422,16.719999313354492,16.790000915527344,10.2373685836792,53000
2012-05-04,16.729999542236328,16.760000228881836,16.690000534057617,16.700000762939453,10.18249797821045,37600
2012-05-07,16.68000030517578,16.729999542236328,16.68000030517578,16.709999084472656,10.188592910766602,42000
2012-05-08,16.68000030517578,16.780000686645508,16.68000030517578,16.760000228881836,10.219079971313477,27700
2012-05-09,16.709999084472656,16.850000381469727,16.709999084472656,16.81999969482422,10.255661964416504,48000
2012-05-10,16.81999969482422,16.8799991607666,16.809999465942383,16.84000015258789,10.26785945892334,14100
2012-05-11,16.709999084472656,16.829999923706055,16.709999084472656,16.829999923706055,10.31751537322998,14800
2012-05-14,16.770000457763672,16.889999389648438,16.770000457763672,16.809999465942383,10.305253028869629,38100
2012-05-15,16.790000915527344,16.8799991607666,16.709999084472656,16.719999313354492,10.250082015991211,39000
2012-05-16,16.700000762939453,16.790000915527344,16.690000534057617,16.790000915527344,10.292989730834961,14400
2012-05-17,16.829999923706055,16.979999542236328,16.75,16.790000915527344,10.292989730834961,34500
2012-05-18,16.760000228881836,16.950000762939453,16.75,16.93000030517578,10.378819465637207,23900
2012-05-21,16.889999389648438,16.899999618530273,16.81999969482422,16.8799991607666,10.34816837310791,29000
2012-05-22,16.829999923706055,17.020000457763672,16.809999465942383,17.0,10.421733856201172,113000
2012-05-23,17.040000915527344,17.079999923706055,16.93000030517578,17.049999237060547,10.452386856079102,25000
2012-05-24,17.010000228881836,17.100000381469727,17.0,17.040000915527344,10.446258544921875,20900
2012-05-25,17.15999984741211,17.15999984741211,17.010000228881836,17.1200008392334,10.495298385620117,24200
2012-05-29,17.09000015258789,17.219999313354492,17.020000457763672,17.079999923706055,10.470776557922363,36900
2012-05-30,17.139999389648438,17.15999984741211,17.030000686645508,17.049999237060547,10.452386856079102,19500
2012-05-31,17.020000457763672,17.15999984741211,17.010000228881836,17.1200008392334,10.495298385620117,24000
2012-06-01,17.100000381469727,17.1200008392334,17.030000686645508,17.100000381469727,10.483043670654297,35800
2012-06-04,17.06999969482422,17.110000610351562,17.0,17.040000915527344,10.446258544921875,46900
2012-06-05,17.030000686645508,17.1200008392334,17.030000686645508,17.100000381469727,10.483043670654297,26000
2012-06-06,17.059999465942383,17.190000534057617,17.059999465942383,17.190000534057617,10.53821086883545,34500
2012-06-07,17.209999084472656,17.209999084472656,17.010000228881836,17.110000610351562,10.489171028137207,34000
2012-06-08,17.079999923706055,17.299999237060547,17.079999923706055,17.25,10.574995040893555,40300
2012-06-11,17.200000762939453,17.360000610351562,17.139999389648438,17.350000381469727,10.636297225952148,41200
2012-06-12,17.200000762939453,17.280000686645508,17.200000762939453,17.219999313354492,10.556599617004395,32800
2012-06-13,17.1200008392334,17.1299991607666,16.940000534057617,16.979999542236328,10.464770317077637,80300
2012-06-14,16.959999084472656,16.959999084472656,16.649999618530273,16.65999984741211,10.267555236816406,104500
2012-06-15,16.719999313354492,16.799999237060547,16.479999542236328,16.59000015258789,10.224419593811035,87500
2012-06-18,16.68000030517578,16.84000015258789,16.6200008392334,16.799999237060547,10.353838920593262,69400
2012-06-19,16.760000228881836,16.8799991607666,16.719999313354492,16.760000228881836,10.329183578491211,40600
2012-06-20,16.75,16.950000762939453,16.75,16.8700008392334,10.396980285644531,49800
2012-06-21,16.899999618530273,16.950000762939453,16.719999313354492,16.75,10.323023796081543,42200
2012-06-22,16.75,16.799999237060547,16.68000030517578,16.790000915527344,10.347676277160645,47000
2012-06-25,16.729999542236328,16.84000015258789,16.6299991607666,16.84000015258789,10.378493309020996,57500
2012-06-26,16.770000457763672,17.030000686645508,16.65999984741211,17.030000686645508,10.495585441589355,68900
2012-06-27,16.979999542236328,17.059999465942383,16.979999542236328,17.040000915527344,10.501749038696289,18500
2012-06-28,17.040000915527344,17.040000915527344,16.950000762939453,17.020000457763672,10.489425659179688,24800
2012-06-29,16.979999542236328,17.1200008392334,16.979999542236328,17.09000015258789,10.53256893157959,73700
2012-07-02,17.1200008392334,17.350000381469727,17.079999923706055,17.350000381469727,10.692805290222168,30100
2012-07-03,17.25,17.3799991607666,17.219999313354492,17.25,10.631175994873047,17500
2012-07-05,17.219999313354492,17.299999237060547,17.209999084472656,17.290000915527344,10.655823707580566,37900
2012-07-06,17.270000457763672,17.31999969482422,17.219999313354492,17.290000915527344,10.655823707580566,41400
2012-07-09,17.299999237060547,17.31999969482422,17.270000457763672,17.299999237060547,10.661988258361816,31200
2012-07-10,17.270000457763672,17.399999618530273,17.219999313354492,17.3799991607666,10.711287498474121,76300
2012-07-11,17.34000015258789,17.510000228881836,17.34000015258789,17.450000762939453,10.754436492919922,26600
2012-07-12,17.270000457763672,17.34000015258789,17.239999771118164,17.290000915527344,10.711684226989746,23100
2012-07-13,17.229999542236328,17.5,17.219999313354492,17.450000762939453,10.810810089111328,50200
2012-07-16,17.600000381469727,17.600000381469727,17.440000534057617,17.469999313354492,10.823201179504395,31400
2012-07-17,17.530000686645508,17.530000686645508,17.3700008392334,17.420000076293945,10.792223930358887,31600
2012-07-18,17.520000457763672,17.520000457763672,17.459999084472656,17.459999084472656,10.817007064819336,28900
2012-07-19,17.440000534057617,17.559999465942383,17.399999618530273,17.43000030517578,10.798421859741211,25400
2012-07-20,17.43000030517578,17.489999771118164,17.399999618530273,17.43000030517578,10.798421859741211,26200
2012-07-23,17.31999969482422,17.520000457763672,17.31999969482422,17.40999984741211,10.786027908325195,50600
2012-07-24,17.489999771118164,17.489999771118164,17.3799991607666,17.420000076293945,10.792223930358887,34300
2012-07-25,17.479999542236328,17.5,17.420000076293945,17.440000534057617,10.804616928100586,20200
2012-07-26,17.459999084472656,17.559999465942383,17.420000076293945,17.540000915527344,10.866573333740234,22600
2012-07-27,17.479999542236328,17.65999984741211,17.479999542236328,17.6200008392334,10.916126251220703,59900
2012-07-30,17.6200008392334,17.649999618530273,17.540000915527344,17.56999969482422,10.885154724121094,25000
2012-07-31,17.549999237060547,17.6200008392334,17.43000030517578,17.600000381469727,10.903746604919434,32000
2012-08-01,17.649999618530273,17.68000030517578,17.540000915527344,17.540000915527344,10.866573333740234,29900
2012-08-02,17.510000228881836,17.6299991607666,17.459999084472656,17.5,10.841784477233887,37600
2012-08-03,17.510000228881836,17.59000015258789,17.43000030517578,17.440000534057617,10.804616928100586,25600
2012-08-06,17.489999771118164,17.65999984741211,17.489999771118164,17.540000915527344,10.866573333740234,48300
2012-08-07,17.540000915527344,17.559999465942383,17.43000030517578,17.479999542236328,10.82939624786377,42500
2012-08-08,17.459999084472656,17.520000457763672,17.450000762939453,17.459999084472656,10.817007064819336,16900
2012-08-09,17.520000457763672,17.520000457763672,17.329999923706055,17.329999923706055,10.736471176147461,26400
2012-08-10,17.329999923706055,17.389999389648438,17.280000686645508,17.34000015258789,10.74266529083252,31800
2012-08-13,17.3799991607666,17.3799991607666,17.06999969482422,17.1299991607666,10.668548583984375,59200
2012-08-14,17.06999969482422,17.280000686645508,17.06999969482422,17.200000762939453,10.712149620056152,59700
2012-08-15,17.329999923706055,17.3700008392334,17.200000762939453,17.31999969482422,10.786877632141113,45700
2012-08-16,17.329999923706055,17.5,17.329999923706055,17.469999313354492,10.880306243896484,25700
2012-08-17,17.469999313354492,17.530000686645508,17.43000030517578,17.479999542236328,10.886527061462402,31800
2012-08-20,17.43000030517578,17.510000228881836,17.399999618530273,17.479999542236328,10.886527061462402,17300
2012-08-21,17.489999771118164,17.489999771118164,17.139999389648438,17.149999618530273,10.68100643157959,41700
2012-08-22,17.06999969482422,17.09000015258789,17.0,17.0,10.587587356567383,82600
2012-08-23,17.010000228881836,17.1299991607666,17.0,17.0,10.587587356567383,47500
2012-08-24,17.010000228881836,17.079999923706055,17.010000228881836,17.010000228881836,10.593814849853516,27700
2012-08-27,17.020000457763672,17.079999923706055,17.020000457763672,17.040000915527344,10.612499237060547,37800
2012-08-28,17.059999465942383,17.190000534057617,17.040000915527344,17.190000534057617,10.70591926574707,22700
2012-08-29,17.030000686645508,17.239999771118164,17.030000686645508,17.219999313354492,10.724600791931152,37800
2012-08-30,17.18000030517578,17.239999771118164,17.139999389648438,17.200000762939453,10.712149620056152,19400
2012-08-31,17.190000534057617,17.399999618530273,17.190000534057617,17.309999465942383,10.78065299987793,44900
2012-09-04,17.399999618530273,17.399999618530273,17.299999237060547,17.299999237060547,10.774428367614746,23200
2012-09-05,17.290000915527344,17.34000015258789,17.229999542236328,17.239999771118164,10.73705768585205,43300
2012-09-06,17.219999313354492,17.280000686645508,17.059999465942383,17.18000030517578,10.699691772460938,49900
2012-09-07,17.190000534057617,17.219999313354492,17.139999389648438,17.190000534057617,10.70591926574707,21300
2012-09-10,17.239999771118164,17.239999771118164,17.1299991607666,17.18000030517578,10.699691772460938,51400
2012-09-11,17.209999084472656,17.3700008392334,17.209999084472656,17.3700008392334,10.818024635314941,32800
2012-09-12,17.31999969482422,17.389999389648438,17.299999237060547,17.3799991607666,10.881251335144043,39000
2012-09-13,17.31999969482422,17.579999923706055,17.31999969482422,17.450000762939453,10.925076484680176,86000
2012-09-14,17.440000534057617,17.600000381469727,17.360000610351562,17.440000534057617,10.91882038116455,41400
2012-09-17,17.450000762939453,17.540000915527344,17.299999237060547,17.459999084472656,10.931346893310547,81000
2012-09-18,17.479999542236328,17.600000381469727,17.389999389648438,17.59000015258789,11.012734413146973,50200
2012-09-19,17.579999923706055,17.75,17.56999969482422,17.75,11.112908363342285,77900
2012-09-20,17.739999771118164,17.829999923706055,17.719999313354492,17.829999923706055,11.162994384765625,22000
2012-09-21,17.860000610351562,17.940000534057617,17.829999923706055,17.889999389648438,11.200552940368652,40000
2012-09-24,17.989999771118164,18.040000915527344,17.8700008392334,18.0,11.269424438476562,90000
2012-09-25,17.969999313354492,18.110000610351562,17.920000076293945,17.950000762939453,11.238118171691895,29800
2012-09-26,17.950000762939453,18.25,17.950000762939453,18.229999542236328,11.413423538208008,52800
2012-09-27,18.1200008392334,18.290000915527344,18.110000610351562,18.280000686645508,11.444723129272461,52000
2012-09-28,18.329999923706055,18.459999084472656,18.200000762939453,18.3799991607666,11.507338523864746,39600
2012-10-01,18.3799991607666,18.440000534057617,18.360000610351562,18.420000076293945,11.532379150390625,57500
2012-10-02,18.43000030517578,18.43000030517578,18.350000381469727,18.3700008392334,11.50107479095459,39100
2012-10-03,18.389999389648438,18.440000534057617,18.280000686645508,18.420000076293945,11.532379150390625,33500
2012-10-04,18.440000534057617,18.440000534057617,18.34000015258789,18.3700008392334,11.50107479095459,20100
2012-10-05,18.3799991607666,18.3799991607666,18.239999771118164,18.309999465942383,11.463507652282715,24700
2012-10-08,18.43000030517578,18.43000030517578,18.299999237060547,18.43000030517578,11.5386381149292,9300
2012-10-09,18.329999923706055,18.389999389648438,18.170000076293945,18.209999084472656,11.40090274810791,36100
2012-10-10,18.290000915527344,18.290000915527344,18.0,18.010000228881836,11.275684356689453,44600
2012-10-11,17.8700008392334,18.0,17.8700008392334,17.889999389648438,11.257438659667969,15500
2012-10-12,17.989999771118164,18.020000457763672,17.860000610351562,17.920000076293945,11.276317596435547,28900
2012-10-15,17.8799991607666,17.959999084472656,17.850000381469727,17.959999084472656,11.30148696899414,34100
2012-10-16,17.90999984741211,17.90999984741211,17.75,17.799999237060547,11.200804710388184,48600
2012-10-17,17.719999313354492,17.760000228881836,17.639999389648438,17.75,11.169342994689941,72300
2012-10-18,17.709999084472656,17.739999771118164,17.540000915527344,17.6200008392334,11.087535858154297,78600
2012-10-19,17.549999237060547,17.6200008392334,17.5,17.559999465942383,11.049783706665039,45700
2012-10-22,17.530000686645508,17.600000381469727,17.5,17.59000015258789,11.06865406036377,48000
2012-10-23,17.530000686645508,17.6299991607666,17.459999084472656,17.600000381469727,11.07495403289795,73700
2012-10-24,17.68000030517578,18.020000457763672,17.649999618530273,18.0,11.326658248901367,85500
2012-10-25,17.959999084472656,18.079999923706055,17.920000076293945,18.06999969482422,11.370705604553223,45400
2012-10-26,18.0,18.18000030517578,18.0,18.170000076293945,11.433633804321289,40000
2012-10-31,18.149999618530273,18.350000381469727,18.110000610351562,18.15999984741211,11.427334785461426,65100
2012-11-01,18.190000534057617,18.190000534057617,17.93000030517578,17.93000030517578,11.282609939575195,66300
2012-11-02,17.940000534057617,17.950000762939453,17.739999771118164,17.739999771118164,11.163043975830078,42500
2012-11-05,17.719999313354492,17.790000915527344,17.59000015258789,17.59000015258789,11.06865406036377,61000
2012-11-06,17.649999618530273,17.90999984741211,17.649999618530273,17.8700008392334,11.244852066040039,54800
2012-11-07,17.920000076293945,18.15999984741211,17.84000015258789,18.149999618530273,11.421040534973145,37100
2012-11-08,18.079999923706055,18.360000610351562,18.079999923706055,18.260000228881836,11.490263938903809,26600
2012-11-09,18.260000228881836,18.389999389648438,18.170000076293945,18.239999771118164,11.477676391601562,43000
2012-11-12,18.25,18.389999389648438,18.25,18.309999465942383,11.521726608276367,15800
2012-11-13,18.200000762939453,18.260000228881836,18.09000015258789,18.190000534057617,11.446210861206055,32100
2012-11-14,18.18000030517578,18.18000030517578,17.889999389648438,17.899999618530273,11.2637300491333,39600
2012-11-15,17.950000762939453,17.979999542236328,17.350000381469727,17.559999465942383,11.049783706665039,109900
2012-11-16,17.549999237060547,17.950000762939453,17.549999237060547,17.940000534057617,11.288898468017578,38400
2012-11-19,17.940000534057617,18.149999618530273,17.920000076293945,18.149999618530273,11.421040534973145,51300
2012-11-20,18.190000534057617,18.229999542236328,18.059999465942383,18.190000534057617,11.446210861206055,38600
2012-11-21,18.25,18.309999465942383,18.170000076293945,18.280000686645508,11.502850532531738,31400
2012-11-23,18.329999923706055,18.329999923706055,18.260000228881836,18.309999465942383,11.521726608276367,7200
2012-11-26,18.309999465942383,18.309999465942383,18.209999084472656,18.270000457763672,11.496552467346191,37800
2012-11-27,18.229999542236328,18.399999618530273,18.229999542236328,18.389999389648438,11.57206916809082,42400
2012-11-28,18.389999389648438,18.450000762939453,18.34000015258789,18.450000762939453,11.609823226928711,46000
2012-11-29,18.440000534057617,18.489999771118164,18.299999237060547,18.389999389648438,11.57206916809082,50700
2012-11-30,18.3799991607666,18.450000762939453,18.3700008392334,18.40999984741211,11.584654808044434,34000
2012-12-03,18.479999542236328,18.479999542236328,18.209999084472656,18.270000457763672,11.496552467346191,72500
2012-12-04,18.290000915527344,18.309999465942383,18.200000762939453,18.309999465942383,11.521726608276367,42000
2012-12-05,18.299999237060547,18.309999465942383,18.229999542236328,18.270000457763672,11.496552467346191,35800
2012-12-06,18.280000686645508,18.299999237060547,18.219999313354492,18.299999237060547,11.515430450439453,28400
2012-12-07,18.270000457763672,18.290000915527344,18.1200008392334,18.149999618530273,11.421040534973145,46400
2012-12-10,18.25,18.270000457763672,18.049999237060547,18.059999465942383,11.364408493041992,38500
2012-12-11,18.139999389648438,18.190000534057617,18.0,18.040000915527344,11.35183048248291,50600
2012-12-12,17.860000610351562,17.950000762939453,17.760000228881836,17.799999237060547,11.260727882385254,90600
2012-12-13,17.770000457763672,17.860000610351562,17.690000534057617,17.719999313354492,11.21012020111084,60400
2012-12-14,17.649999618530273,17.670000076293945,17.450000762939453,17.479999542236328,11.058281898498535,73100
2012-12-17,17.530000686645508,17.530000686645508,17.06999969482422,17.329999923706055,10.963398933410645,242800
2012-12-18,17.1200008392334,17.270000457763672,17.0,17.139999389648438,10.843194007873535,214400
2012-12-19,17.3700008392334,17.479999542236328,17.270000457763672,17.3799991607666,10.99502182006836,131800
2012-12-20,17.520000457763672,17.59000015258789,17.450000762939453,17.530000686645508,11.08991813659668,74800
2012-12-21,17.450000762939453,17.790000915527344,17.450000762939453,17.690000534057617,11.191137313842773,79100
2012-12-24,17.690000534057617,17.690000534057617,17.59000015258789,17.6200008392334,11.14685344696045,25500
2012-12-26,17.600000381469727,17.639999389648438,17.40999984741211,17.479999542236328,11.058281898498535,26700
2012-12-27,17.43000030517578,17.450000762939453,17.020000457763672,17.219999313354492,10.893805503845215,126500
2012-12-28,17.290000915527344,17.479999542236328,17.229999542236328,17.440000534057617,11.03298282623291,107300
2012-12-31,17.43000030517578,17.579999923706055,17.3700008392334,17.510000228881836,11.07726764678955,92500
2013-01-02,17.690000534057617,17.969999313354492,17.639999389648438,17.969999313354492,11.368271827697754,74500
2013-01-03,17.969999313354492,18.149999618530273,17.959999084472656,18.040000915527344,11.412561416625977,51700
2013-01-04,18.100000381469727,18.1299991607666,18.010000228881836,18.110000610351562,11.456843376159668,61900
2013-01-07,18.110000610351562,18.15999984741211,18.079999923706055,18.139999389648438,11.47581672668457,75500
2013-01-08,18.15999984741211,18.229999542236328,18.1299991607666,18.229999542236328,11.53275203704834,33900
2013-01-09,18.260000228881836,18.329999923706055,18.18000030517578,18.280000686645508,11.564391136169434,35200
2013-01-10,18.309999465942383,18.329999923706055,18.209999084472656,18.329999923706055,11.59602165222168,35900
2013-01-11,18.299999237060547,18.299999237060547,18.200000762939453,18.290000915527344,11.62844467163086,51800
2013-01-14,18.280000686645508,18.280000686645508,18.15999984741211,18.219999313354492,11.58393669128418,39200
2013-01-15,18.219999313354492,18.25,18.09000015258789,18.139999389648438,11.533072471618652,30400
2013-01-16,18.110000610351562,18.219999313354492,17.989999771118164,18.200000762939453,11.571222305297852,51900
2013-01-17,18.200000762939453,18.280000686645508,18.170000076293945,18.200000762939453,11.571222305297852,37300
2013-01-18,18.18000030517578,18.260000228881836,18.149999618530273,18.170000076293945,11.552149772644043,26900
2013-01-22,18.239999771118164,18.239999771118164,18.1299991607666,18.200000762939453,11.571222305297852,52600
2013-01-23,18.139999389648438,18.219999313354492,18.139999389648438,18.209999084472656,11.577580451965332,39800
2013-01-24,18.200000762939453,18.31999969482422,18.15999984741211,18.31999969482422,11.647520065307617,35000
2013-01-25,18.329999923706055,18.329999923706055,18.280000686645508,18.299999237060547,11.634800910949707,20500
2013-01-28,18.299999237060547,18.329999923706055,18.079999923706055,18.139999389648438,11.533072471618652,48400
2013-01-29,18.1200008392334,18.25,17.969999313354492,17.969999313354492,11.424993515014648,59000
2013-01-30,18.010000228881836,18.049999237060547,17.950000762939453,18.010000228881836,11.450420379638672,30200
2013-01-31,18.06999969482422,18.1299991607666,18.030000686645508,18.1299991607666,11.526721954345703,44900
2013-02-01,18.18000030517578,18.239999771118164,18.06999969482422,18.1299991607666,11.526721954345703,41100
2013-02-04,18.219999313354492,18.219999313354492,18.059999465942383,18.200000762939453,11.571222305297852,65200
2013-02-05,18.149999618530273,18.200000762939453,18.139999389648438,18.170000076293945,11.552149772644043,20100
2013-02-06,18.190000534057617,18.229999542236328,18.1200008392334,18.229999542236328,11.590296745300293,32800
2013-02-07,18.260000228881836,18.309999465942383,18.209999084472656,18.219999313354492,11.58393669128418,21200
2013-02-08,18.260000228881836,18.280000686645508,18.170000076293945,18.18000030517578,11.558509826660156,24000
2013-02-11,18.229999542236328,18.229999542236328,18.18000030517578,18.219999313354492,11.58393669128418,20300
2013-02-12,18.239999771118164,18.270000457763672,18.200000762939453,18.270000457763672,11.615724563598633,25300
2013-02-13,18.170000076293945,18.389999389648438,18.139999389648438,18.389999389648438,11.750550270080566,69500
2013-02-14,18.309999465942383,18.309999465942383,18.020000457763672,18.06999969482422,11.5460786819458,48400
2013-02-15,18.280000686645508,18.280000686645508,17.969999313354492,18.040000915527344,11.526915550231934,28100
2013-02-19,18.06999969482422,18.110000610351562,18.0,18.079999923706055,11.552471160888672,26200
2013-02-20,18.059999465942383,18.100000381469727,18.0,18.059999465942383,11.539693832397461,21600
2013-02-21,18.100000381469727,18.15999984741211,18.079999923706055,18.139999389648438,11.590802192687988,22100
2013-02-22,18.149999618530273,18.18000030517578,18.100000381469727,18.18000030517578,11.616368293762207,21600
2013-02-25,18.200000762939453,18.200000762939453,18.06999969482422,18.100000381469727,11.565252304077148,18000
2013-02-26,18.100000381469727,18.100000381469727,17.959999084472656,18.079999923706055,11.552471160888672,29000
2013-02-27,18.09000015258789,18.110000610351562,18.0,18.059999465942383,11.539693832397461,27600
2013-02-28,18.059999465942383,18.139999389648438,18.020000457763672,18.139999389648438,11.590802192687988,27900
2013-03-01,18.190000534057617,18.219999313354492,18.15999984741211,18.209999084472656,11.635536193847656,22400
2013-03-04,18.219999313354492,18.219999313354492,18.139999389648438,18.190000534057617,11.62275505065918,13600
2013-03-05,18.190000534057617,18.209999084472656,18.149999618530273,18.15999984741211,11.603588104248047,38300
2013-03-06,18.100000381469727,18.190000534057617,18.100000381469727,18.1299991607666,11.584424018859863,21500
2013-03-07,18.139999389648438,18.18000030517578,18.049999237060547,18.049999237060547,11.533303260803223,21000
2013-03-08,18.0,18.100000381469727,17.950000762939453,18.100000381469727,11.565252304077148,47400
2013-03-11,18.06999969482422,18.06999969482422,17.75,17.75,11.3416166305542,60800
2013-03-12,17.690000534057617,17.75,17.3799991607666,17.5,11.18187427520752,171000
2013-03-13,17.6200008392334,17.6200008392334,17.079999923706055,17.110000610351562,10.989821434020996,132600
2013-03-14,17.1200008392334,17.1200008392334,16.639999389648438,16.68000030517578,10.713634490966797,197900
2013-03-15,16.68000030517578,16.8700008392334,16.5,16.829999923706055,10.809975624084473,185500
2013-03-18,16.850000381469727,17.260000228881836,16.850000381469727,17.149999618530273,11.015514373779297,89800
2013-03-19,17.139999389648438,17.270000457763672,16.979999542236328,17.200000762939453,11.047635078430176,80500
2013-03-20,17.1299991607666,17.270000457763672,17.1200008392334,17.229999542236328,11.066900253295898,70100
2013-03-21,17.219999313354492,17.270000457763672,17.079999923706055,17.079999923706055,10.970555305480957,69000
2013-03-22,17.040000915527344,17.100000381469727,16.90999984741211,16.989999771118164,10.912750244140625,90900
2013-03-25,16.93000030517578,16.989999771118164,16.809999465942383,16.959999084472656,10.893476486206055,77300
2013-03-26,16.889999389648438,16.93000030517578,16.84000015258789,16.8700008392334,10.835670471191406,72400
2013-03-27,16.889999389648438,16.969999313354492,16.860000610351562,16.940000534057617,10.880635261535645,16700
2013-03-28,17.0,17.06999969482422,16.989999771118164,17.020000457763672,10.932019233703613,28600
2013-04-01,17.110000610351562,17.219999313354492,17.100000381469727,17.149999618530273,11.015514373779297,35200
2013-04-02,17.100000381469727,17.149999618530273,17.079999923706055,17.139999389648438,11.009093284606934,27000
2013-04-03,17.110000610351562,17.110000610351562,17.040000915527344,17.09000015258789,10.97697639465332,43400
2013-04-04,17.040000915527344,17.100000381469727,17.040000915527344,17.06999969482422,10.964130401611328,33000
2013-04-05,17.139999389648438,17.290000915527344,16.950000762939453,17.290000915527344,11.105441093444824,36400
2013-04-08,17.290000915527344,17.43000030517578,17.290000915527344,17.329999923706055,11.131132125854492,24100
2013-04-09,17.31999969482422,17.350000381469727,17.25,17.309999465942383,11.118282318115234,71100
2013-04-10,17.229999542236328,17.40999984741211,17.229999542236328,17.329999923706055,11.131132125854492,75100
2013-04-11,17.200000762939453,17.299999237060547,17.190000534057617,17.239999771118164,11.131771087646484,14800
2013-04-12,17.299999237060547,17.299999237060547,17.06999969482422,17.200000762939453,11.105952262878418,25600
2013-04-15,17.110000610351562,17.170000076293945,17.100000381469727,17.1200008392334,11.054291725158691,31400
2013-04-16,17.020000457763672,17.1299991607666,17.0,17.1299991607666,11.060746192932129,33200
2013-04-17,17.15999984741211,17.15999984741211,17.09000015258789,17.110000610351562,11.047833442687988,7000
2013-04-18,17.100000381469727,17.200000762939453,17.100000381469727,17.15999984741211,11.080118179321289,42800
2013-04-19,17.18000030517578,17.299999237060547,17.18000030517578,17.299999237060547,11.170519828796387,16500
2013-04-22,17.329999923706055,17.329999923706055,17.270000457763672,17.31999969482422,11.183432579040527,24500
2013-04-23,17.329999923706055,17.3799991607666,17.270000457763672,17.31999969482422,11.183432579040527,39400
2013-04-24,17.31999969482422,17.31999969482422,17.200000762939453,17.25,11.138236045837402,21900
2013-04-25,17.190000534057617,17.290000915527344,17.190000534057617,17.290000915527344,11.1640625,12100
2013-04-26,17.270000457763672,17.309999465942383,17.209999084472656,17.309999465942383,11.176972389221191,25900
2013-04-29,17.239999771118164,17.299999237060547,17.219999313354492,17.280000686645508,11.157601356506348,52900
2013-04-30,17.239999771118164,17.329999923706055,17.200000762939453,17.309999465942383,11.176972389221191,41400
2013-05-01,17.309999465942383,17.309999465942383,17.229999542236328,17.280000686645508,11.157601356506348,39800
2013-05-02,17.280000686645508,17.280000686645508,17.229999542236328,17.25,11.138236045837402,35900
2013-05-03,17.239999771118164,17.239999771118164,17.110000610351562,17.18000030517578,11.093033790588379,64800
2013-05-06,17.170000076293945,17.350000381469727,17.09000015258789,17.280000686645508,11.157601356506348,100000
2013-05-07,17.299999237060547,17.34000015258789,17.260000228881836,17.329999923706055,11.189889907836914,42000
2013-05-08,17.260000228881836,17.280000686645508,17.049999237060547,17.15999984741211,11.080118179321289,85300
2013-05-09,17.1200008392334,17.219999313354492,17.1200008392334,17.149999618530273,11.073660850524902,35000
2013-05-10,17.139999389648438,17.219999313354492,17.1299991607666,17.200000762939453,11.105952262878418,44900
2013-05-13,17.1200008392334,17.1200008392334,16.899999618530273,16.920000076293945,10.983263969421387,52400
2013-05-14,16.899999618530273,17.0,16.850000381469727,16.950000762939453,11.002735137939453,43600
2013-05-15,17.0,17.0,16.860000610351562,16.979999542236328,11.022209167480469,35000
2013-05-16,16.969999313354492,17.219999313354492,16.969999313354492,17.209999084472656,11.171504020690918,52700
2013-05-17,17.139999389648438,17.280000686645508,17.1299991607666,17.270000457763672,11.210458755493164,66800
2013-05-20,17.260000228881836,17.350000381469727,17.209999084472656,17.270000457763672,11.210458755493164,53100
2013-05-21,17.270000457763672,17.270000457763672,17.170000076293945,17.25,11.197477340698242,26100
2013-05-22,17.239999771118164,17.260000228881836,17.049999237060547,17.079999923706055,11.087120056152344,50000
2013-05-23,17.110000610351562,17.110000610351562,16.979999542236328,17.030000686645508,11.054664611816406,26200
2013-05-24,17.010000228881836,17.040000915527344,16.920000076293945,16.920000076293945,10.983263969421387,26900
2013-05-28,16.969999313354492,16.979999542236328,16.799999237060547,16.84000015258789,10.93133544921875,27300
2013-05-29,16.799999237060547,16.829999923706055,16.520000457763672,16.579999923706055,10.762551307678223,97000
2013-05-30,16.559999465942383,16.639999389648438,16.399999618530273,16.450000762939453,10.678168296813965,48400
2013-05-31,16.530000686645508,16.530000686645508,15.800000190734863,16.020000457763672,10.399045944213867,150700
2013-06-03,16.020000457763672,16.06999969482422,15.670000076293945,15.850000381469727,10.288697242736816,135500
2013-06-04,15.710000038146973,16.0,15.600000381469727,15.949999809265137,10.353605270385742,90700
2013-06-05,16.0,16.170000076293945,15.970000267028809,16.1200008392334,10.46396255493164,53700
2013-06-06,16.049999237060547,16.299999237060547,16.049999237060547,16.25,10.54835033416748,46500
2013-06-07,16.290000915527344,16.549999237060547,16.149999618530273,16.510000228881836,10.717117309570312,42700
2013-06-10,16.450000762939453,16.469999313354492,16.0,16.1200008392334,10.46396255493164,62700
2013-06-11,15.930000305175781,15.930000305175781,15.609999656677246,15.869999885559082,10.301676750183105,62300
2013-06-12,15.6899995803833,15.729999542236328,15.369999885559082,15.40999984741211,10.06076717376709,122800
2013-06-13,15.239999771118164,15.539999961853027,15.130000114440918,15.470000267028809,10.099942207336426,141900
2013-06-14,15.510000228881836,15.6899995803833,15.510000228881836,15.6899995803833,10.243570327758789,56900
2013-06-17,15.65999984741211,15.75,15.5600004196167,15.600000381469727,10.184812545776367,64400
2013-06-18,15.59000015258789,15.59000015258789,15.260000228881836,15.289999961853027,9.982420921325684,95800
2013-06-19,15.289999961853027,15.489999771118164,15.289999961853027,15.40999984741211,10.06076717376709,85500
2013-06-20,15.319999694824219,15.359999656677246,15.130000114440918,15.199999809265137,9.923665046691895,70500
2013-06-21,15.289999961853027,15.369999885559082,14.899999618530273,15.109999656677246,9.864907264709473,145700
2013-06-24,14.960000038146973,14.960000038146973,14.520000457763672,14.609999656677246,9.538469314575195,165500
2013-06-25,14.649999618530273,14.850000381469727,14.430000305175781,14.739999771118164,9.62333869934082,80500
2013-06-26,14.899999618530273,15.220000267028809,14.899999618530273,15.199999809265137,9.923665046691895,47600
2013-06-27,15.1899995803833,15.5,15.1899995803833,15.460000038146973,10.093413352966309,53000
2013-06-28,15.4399995803833,15.529999732971191,15.319999694824219,15.5,10.119524955749512,46300
2013-07-01,15.539999961853027,15.670000076293945,15.510000228881836,15.630000114440918,10.204398155212402,48100
2013-07-02,15.59000015258789,15.640000343322754,15.420000076293945,15.420000076293945,10.06729793548584,37900
2013-07-03,15.319999694824219,15.329999923706055,15.15999984741211,15.239999771118164,9.949776649475098,22100
2013-07-05,15.130000114440918,15.149999618530273,14.90999984741211,14.989999771118164,9.786561965942383,48100
2013-07-08,14.920000076293945,15.140000343322754,14.920000076293945,15.069999694824219,9.838790893554688,74800
2013-07-09,15.109999656677246,15.199999809265137,15.010000228881836,15.079999923706055,9.845320701599121,76100
2013-07-10,15.039999961853027,15.130000114440918,15.029999732971191,15.09000015258789,9.851850509643555,47100
2013-07-11,15.119999885559082,15.260000228881836,15.029999732971191,15.140000343322754,9.944461822509766,39600
2013-07-12,15.180000305175781,15.210000038146973,14.90999984741211,14.960000038146973,9.8262300491333,63000
2013-07-15,15.020000457763672,15.079999923706055,14.920000076293945,14.970000267028809,9.832799911499023,69300
2013-07-16,15.010000228881836,15.010000228881836,14.8100004196167,14.979999542236328,9.839366912841797,33100
2013-07-17,15.0,15.09000015258789,14.920000076293945,15.039999961853027,9.878779411315918,19200
2013-07-18,15.050000190734863,15.119999885559082,14.869999885559082,14.989999771118164,9.845934867858887,21100
2013-07-19,14.960000038146973,14.960000038146973,14.770000457763672,14.8100004196167,9.727703094482422,56500
2013-07-22,14.760000228881836,14.760000228881836,14.649999618530273,14.739999771118164,9.68172836303711,81800
2013-07-23,14.65999984741211,14.9399995803833,14.65999984741211,14.9399995803833,9.813094139099121,55100
2013-07-24,14.920000076293945,14.949999809265137,14.819999694824219,14.819999694824219,9.734274864196777,60400
2013-07-25,14.729999542236328,14.729999542236328,14.510000228881836,14.609999656677246,9.59634017944336,83900
2013-07-26,14.5,14.609999656677246,14.470000267028809,14.5,9.524084091186523,65800
2013-07-29,14.520000457763672,14.760000228881836,14.520000457763672,14.729999542236328,9.675162315368652,72200
2013-07-30,14.770000457763672,14.800000190734863,14.609999656677246,14.699999809265137,9.655454635620117,51200
2013-07-31,14.630000114440918,14.729999542236328,14.520000457763672,14.710000038146973,9.662020683288574,66200
2013-08-01,14.670000076293945,14.710000038146973,14.5600004196167,14.619999885559082,9.602911949157715,83900
2013-08-02,14.579999923706055,14.680000305175781,14.579999923706055,14.65999984741211,9.629181861877441,24500
2013-08-05,14.550000190734863,14.649999618530273,14.479999542236328,14.489999771118164,9.51751708984375,49100
2013-08-06,14.460000038146973,14.460000038146973,14.25,14.3100004196167,9.399290084838867,116600
2013-08-07,14.199999809265137,14.300000190734863,14.199999809265137,14.279999732971191,9.379586219787598,36700
2013-08-08,14.279999732971191,14.319999694824219,14.199999809265137,14.25,9.359879493713379,138700
2013-08-09,14.199999809265137,14.40999984741211,14.180000305175781,14.359999656677246,9.432130813598633,29600
2013-08-12,14.270000457763672,14.420000076293945,14.270000457763672,14.34000015258789,9.418994903564453,51200
2013-08-13,14.239999771118164,14.380000114440918,14.199999809265137,14.239999771118164,9.413047790527344,57900
2013-08-14,14.180000305175781,14.25,14.0600004196167,14.09000015258789,9.313894271850586,72100
2013-08-15,13.920000076293945,13.979999542236328,13.869999885559082,13.899999618530273,9.188294410705566,191400
2013-08-16,13.970000267028809,13.970000267028809,13.680000305175781,13.859999656677246,9.161849975585938,150200
2013-08-19,13.739999771118164,13.739999771118164,13.5600004196167,13.630000114440918,9.009820938110352,117400
2013-08-20,13.59000015258789,13.75,13.529999732971191,13.729999542236328,9.075921058654785,171100
2013-08-21,13.630000114440918,13.739999771118164,13.600000381469727,13.729999542236328,9.075921058654785,44400
2013-08-22,13.819999694824219,14.010000228881836,13.75,13.899999618530273,9.188294410705566,137100
2013-08-23,13.899999618530273,14.420000076293945,13.829999923706055,14.180000305175781,9.373382568359375,165400
2013-08-26,14.100000381469727,14.229999542236328,13.989999771118164,14.020000457763672,9.267618179321289,69300
2013-08-27,13.920000076293945,14.029999732971191,13.920000076293945,13.920000076293945,9.201512336730957,39900
2013-08-28,13.869999885559082,14.0600004196167,13.869999885559082,13.949999809265137,9.221346855163574,47800
2013-08-29,13.850000381469727,13.979999542236328,13.75,13.9399995803833,9.214739799499512,55400
2013-08-30,13.850000381469727,13.90999984741211,13.680000305175781,13.819999694824219,9.135416030883789,73400
2013-09-03,13.729999542236328,13.850000381469727,13.729999542236328,13.829999923706055,9.142023086547852,39900
2013-09-04,13.779999732971191,13.9399995803833,13.760000228881836,13.890000343322754,9.181679725646973,37000
2013-09-05,13.859999656677246,13.890000343322754,13.75,13.75,9.089142799377441,46600
2013-09-06,13.779999732971191,13.880000114440918,13.75,13.850000381469727,9.155241012573242,49000
2013-09-09,13.819999694824219,13.899999618530273,13.800000190734863,13.84000015258789,9.14863395690918,57500
2013-09-10,13.8100004196167,13.880000114440918,13.800000190734863,13.819999694824219,9.135416030883789,55500
2013-09-11,13.770000457763672,13.8100004196167,13.739999771118164,13.770000457763672,9.102360725402832,64000
2013-09-12,13.729999542236328,13.789999961853027,13.720000267028809,13.729999542236328,9.136297225952148,32900
2013-09-13,13.739999771118164,13.8100004196167,13.729999542236328,13.8100004196167,9.189532279968262,28500
2013-09-16,13.84000015258789,14.039999961853027,13.84000015258789,13.859999656677246,9.222801208496094,108400
2013-09-17,13.859999656677246,14.0600004196167,13.850000381469727,14.029999732971191,9.335927963256836,47300
2013-09-18,14.020000457763672,14.40999984741211,14.0,14.380000114440918,9.568824768066406,53500
2013-09-19,14.34000015258789,14.489999771118164,14.3100004196167,14.390000343322754,9.575480461120605,67400
2013-09-20,14.460000038146973,14.5,14.329999923706055,14.489999771118164,9.642019271850586,57800
2013-09-23,14.449999809265137,14.630000114440918,14.420000076293945,14.470000267028809,9.628711700439453,36800
2013-09-24,14.399999618530273,14.600000381469727,14.399999618530273,14.550000190734863,9.681947708129883,29500
2013-09-25,14.539999961853027,14.619999885559082,14.510000228881836,14.539999961853027,9.675293922424316,19900
2013-09-26,14.510000228881836,14.670000076293945,14.420000076293945,14.479999542236328,9.635368347167969,34300
2013-09-27,14.4399995803833,14.5600004196167,14.420000076293945,14.510000228881836,9.655332565307617,49600
2013-09-30,14.4399995803833,14.609999656677246,14.4399995803833,14.470000267028809,9.628711700439453,39100
2013-10-01,14.520000457763672,14.520000457763672,14.460000038146973,14.5,9.648674011230469,20500
2013-10-02,14.479999542236328,14.550000190734863,14.40999984741211,14.5,9.648674011230469,34600
2013-10-03,14.460000038146973,14.510000228881836,14.399999618530273,14.449999809265137,9.615402221679688,36200
2013-10-04,14.40999984741211,14.449999809265137,14.369999885559082,14.390000343322754,9.575480461120605,23100
2013-10-07,14.369999885559082,14.430000305175781,14.329999923706055,14.329999923706055,9.535551071166992,37400
2013-10-08,14.270000457763672,14.300000190734863,14.170000076293945,14.210000038146973,9.45569896697998,51500
2013-10-09,14.180000305175781,14.270000457763672,14.180000305175781,14.260000228881836,9.488974571228027,17700
2013-10-10,14.229999542236328,14.279999732971191,14.170000076293945,14.199999809265137,9.44904899597168,40100
2013-10-11,14.109999656677246,14.199999809265137,14.100000381469727,14.180000305175781,9.496601104736328,28300
2013-10-14,14.079999923706055,14.170000076293945,14.050000190734863,14.15999984741211,9.483205795288086,33400
2013-10-15,14.140000343322754,14.170000076293945,14.069999694824219,14.140000343322754,9.469813346862793,22500
2013-10-16,14.109999656677246,14.210000038146973,14.100000381469727,14.1899995803833,9.503299713134766,29200
2013-10-17,14.220000267028809,14.539999961853027,14.220000267028809,14.470000267028809,9.690814971923828,37300
2013-10-18,14.550000190734863,14.569999694824219,14.449999809265137,14.510000228881836,9.717606544494629,55700
2013-10-21,14.520000457763672,14.569999694824219,14.470000267028809,14.479999542236328,9.69751262664795,43100
2013-10-22,14.479999542236328,14.600000381469727,14.470000267028809,14.520000457763672,9.724305152893066,47000
2013-10-23,14.550000190734863,14.770000457763672,14.550000190734863,14.75,9.878334999084473,79100
2013-10-24,14.720000267028809,14.819999694824219,14.699999809265137,14.739999771118164,9.871641159057617,27900
2013-10-25,14.739999771118164,14.9399995803833,14.729999542236328,14.930000305175781,9.998888969421387,26900
2013-10-28,14.90999984741211,15.15999984741211,14.859999656677246,15.100000381469727,10.11274242401123,55000
2013-10-29,15.069999694824219,15.1899995803833,15.069999694824219,15.15999984741211,10.152922630310059,29600
2013-10-30,15.119999885559082,15.119999885559082,14.930000305175781,15.0600004196167,10.085948944091797,37700
2013-10-31,15.010000228881836,15.069999694824219,14.920000076293945,14.979999542236328,10.03237533569336,32200
2013-11-01,14.920000076293945,14.930000305175781,14.739999771118164,14.739999771118164,9.871641159057617,33400
2013-11-04,14.829999923706055,14.850000381469727,14.699999809265137,14.699999809265137,9.844849586486816,86200
2013-11-05,14.699999809265137,14.699999809265137,14.619999885559082,14.619999885559082,9.791271209716797,33800
2013-11-06,14.630000114440918,14.680000305175781,14.569999694824219,14.569999694824219,9.757786750793457,18700
2013-11-07,14.529999732971191,14.600000381469727,14.510000228881836,14.579999923706055,9.764483451843262,22200
2013-11-08,14.579999923706055,14.579999923706055,14.420000076293945,14.449999809265137,9.677425384521484,48600
2013-11-11,14.550000190734863,14.649999618530273,14.4399995803833,14.600000381469727,9.77787971496582,38000
2013-11-12,14.5,14.5,14.180000305175781,14.1899995803833,9.503299713134766,84900
2013-11-13,14.0600004196167,14.149999618530273,14.0600004196167,14.109999656677246,9.510708808898926,56200
2013-11-14,14.100000381469727,14.220000267028809,14.100000381469727,14.15999984741211,9.544414520263672,35500
2013-11-15,14.130000114440918,14.180000305175781,14.109999656677246,14.15999984741211,9.544414520263672,34600
2013-11-18,14.149999618530273,14.270000457763672,14.100000381469727,14.220000267028809,9.584857940673828,48900
2013-11-19,14.15999984741211,14.279999732971191,14.149999618530273,14.270000457763672,9.618558883666992,25500
2013-11-20,14.220000267028809,14.239999771118164,14.140000343322754,14.170000076293945,9.551149368286133,63900
2013-11-21,14.149999618530273,14.149999618530273,14.0600004196167,14.109999656677246,9.510708808898926,40600
2013-11-22,14.079999923706055,14.180000305175781,14.020000457763672,14.170000076293945,9.551149368286133,55000
2013-11-25,14.100000381469727,14.149999618530273,14.0600004196167,14.100000381469727,9.503972053527832,49000
2013-11-26,14.079999923706055,14.199999809265137,14.0600004196167,14.0600004196167,9.477005958557129,49300
2013-11-27,14.09000015258789,14.130000114440918,14.020000457763672,14.029999732971191,9.456788063049316,43500
2013-11-29,14.100000381469727,14.100000381469727,14.029999732971191,14.079999923706055,9.490489959716797,12300
2013-12-02,14.119999885559082,14.119999885559082,13.949999809265137,14.050000190734863,9.470268249511719,73900
2013-12-03,14.010000228881836,14.130000114440918,13.9399995803833,13.979999542236328,9.423084259033203,51400
2013-12-04,13.9399995803833,13.960000038146973,13.819999694824219,13.819999694824219,9.315238952636719,48900
2013-12-05,13.800000190734863,13.850000381469727,13.6899995803833,13.760000228881836,9.27479362487793,84800
2013-12-06,13.789999961853027,13.930000305175781,13.65999984741211,13.829999923706055,9.321980476379395,67600
2013-12-09,13.8100004196167,13.920000076293945,13.8100004196167,13.869999885559082,9.348939895629883,54400
2013-12-10,13.850000381469727,13.90999984741211,13.729999542236328,13.859999656677246,9.34220027923584,82900
2013-12-11,13.710000038146973,13.739999771118164,13.649999618530273,13.729999542236328,9.314383506774902,70400
2013-12-12,13.65999984741211,13.710000038146973,13.59000015258789,13.670000076293945,9.27368450164795,85500
2013-12-13,13.619999885559082,13.710000038146973,13.550000190734863,13.569999694824219,9.205841064453125,65400
2013-12-16,13.529999732971191,13.600000381469727,13.5,13.539999961853027,9.1854887008667,121500
2013-12-17,13.510000228881836,13.720000267028809,13.5,13.680000305175781,9.28046989440918,104100
2013-12-18,13.680000305175781,13.880000114440918,13.680000305175781,13.8100004196167,9.368658065795898,98000
2013-12-19,13.770000457763672,14.050000190734863,13.760000228881836,14.029999732971191,9.517901420593262,81300
2013-12-20,13.949999809265137,14.130000114440918,13.949999809265137,14.069999694824219,9.545042991638184,66900
2013-12-23,14.0600004196167,14.270000457763672,14.0600004196167,14.119999885559082,9.578956604003906,163800
2013-12-24,14.170000076293945,14.170000076293945,14.050000190734863,14.149999618530273,9.599313735961914,63700
2013-12-26,14.09000015258789,14.1899995803833,14.0,14.100000381469727,9.565391540527344,117500
2013-12-27,14.069999694824219,14.100000381469727,14.0,14.020000457763672,9.511120796203613,97800
2013-12-30,14.0,14.0,13.880000114440918,13.890000343322754,9.422930717468262,76900
2013-12-31,13.920000076293945,13.989999771118164,13.850000381469727,13.920000076293945,9.443279266357422,107000
2014-01-02,13.859999656677246,13.960000038146973,13.850000381469727,13.949999809265137,9.463629722595215,28900
2014-01-03,13.979999542236328,14.069999694824219,13.90999984741211,14.069999694824219,9.545042991638184,32400
2014-01-06,14.0600004196167,14.34000015258789,14.0600004196167,14.319999694824219,9.714637756347656,88400
2014-01-07,14.359999656677246,14.460000038146973,14.350000381469727,14.369999885559082,9.748558044433594,100000
2014-01-08,14.3100004196167,14.390000343322754,14.289999961853027,14.359999656677246,9.741777420043945,52100
2014-01-09,14.380000114440918,14.479999542236328,14.380000114440918,14.420000076293945,9.782478332519531,25600
2014-01-10,14.4399995803833,14.550000190734863,14.4399995803833,14.520000457763672,9.850316047668457,34200
2014-01-13,14.460000038146973,14.5,14.359999656677246,14.390000343322754,9.822334289550781,21400
2014-01-14,14.350000381469727,14.430000305175781,14.329999923706055,14.390000343322754,9.822334289550781,51800
2014-01-15,14.359999656677246,14.430000305175781,14.359999656677246,14.430000305175781,9.849638938903809,18300
2014-01-16,14.399999618530273,14.479999542236328,14.399999618530273,14.460000038146973,9.870116233825684,33600
2014-01-17,14.4399995803833,14.5600004196167,14.4399995803833,14.510000228881836,9.904244422912598,24200
2014-01-21,14.529999732971191,14.59000015258789,14.5,14.510000228881836,9.904244422912598,43800
2014-01-22,14.520000457763672,14.550000190734863,14.5,14.5,9.897418022155762,30900
2014-01-23,14.520000457763672,14.609999656677246,14.520000457763672,14.600000381469727,9.96567440032959,63200
2014-01-24,14.649999618530273,14.729999542236328,14.600000381469727,14.6899995803833,10.027106285095215,50400
2014-01-27,14.630000114440918,14.720000267028809,14.550000190734863,14.5600004196167,9.938368797302246,49900
2014-01-28,14.550000190734863,14.640000343322754,14.550000190734863,14.630000114440918,9.986148834228516,38800
2014-01-29,14.630000114440918,14.649999618530273,14.630000114440918,14.640000343322754,9.992980003356934,19800
2014-01-30,14.619999885559082,14.65999984741211,14.609999656677246,14.619999885559082,9.979330062866211,31800
2014-01-31,14.619999885559082,14.720000267028809,14.619999885559082,14.710000038146973,10.04075813293457,30500
2014-02-03,14.75,14.880000114440918,14.75,14.760000228881836,10.074886322021484,78100
2014-02-04,14.770000457763672,14.890000343322754,14.760000228881836,14.8100004196167,10.109016418457031,63600
2014-02-05,14.770000457763672,14.829999923706055,14.75,14.8100004196167,10.109016418457031,39600
2014-02-06,14.819999694824219,14.829999923706055,14.779999732971191,14.800000190734863,10.102193832397461,42600
2014-02-07,14.770000457763672,14.84000015258789,14.75,14.829999923706055,10.122671127319336,47400
2014-02-10,14.890000343322754,14.899999618530273,14.829999923706055,14.880000114440918,10.156800270080566,40800
2014-02-11,14.869999885559082,14.920000076293945,14.869999885559082,14.890000343322754,10.163626670837402,84400
2014-02-12,14.890000343322754,14.890000343322754,14.770000457763672,14.770000457763672,10.142335891723633,44500
2014-02-13,14.779999732971191,14.829999923706055,14.770000457763672,14.8100004196167,10.169804573059082,30900
2014-02-14,14.800000190734863,14.800000190734863,14.75,14.800000190734863,10.162936210632324,14100
2014-02-18,14.779999732971191,14.829999923706055,14.779999732971191,14.789999961853027,10.156064987182617,11700
2014-02-19,14.779999732971191,14.819999694824219,14.729999542236328,14.729999542236328,10.114867210388184,46100
2014-02-20,14.710000038146973,14.739999771118164,14.670000076293945,14.6899995803833,10.08740234375,95100
2014-02-21,14.729999542236328,14.729999542236328,14.680000305175781,14.680000305175781,10.080535888671875,27900
2014-02-24,14.739999771118164,14.75,14.680000305175781,14.680000305175781,10.080535888671875,57100
2014-02-25,14.699999809265137,14.729999542236328,14.680000305175781,14.680000305175781,10.080535888671875,19300
2014-02-26,14.699999809265137,14.75,14.699999809265137,14.720000267028809,10.108006477355957,29800
2014-02-27,14.729999542236328,14.789999961853027,14.699999809265137,14.75,10.1286039352417,28100
2014-02-28,14.75,14.8100004196167,14.75,14.800000190734863,10.162936210632324,33600
2014-03-03,14.829999923706055,14.890000343322754,14.8100004196167,14.850000381469727,10.197275161743164,67300
2014-03-04,14.890000343322754,14.920000076293945,14.869999885559082,14.869999885559082,10.211006164550781,58300
2014-03-05,14.880000114440918,15.010000228881836,14.880000114440918,14.920000076293945,10.245335578918457,74100
2014-03-06,14.880000114440918,14.930000305175781,14.829999923706055,14.850000381469727,10.197275161743164,83600
2014-03-07,14.819999694824219,14.819999694824219,14.720000267028809,14.720000267028809,10.108006477355957,56200
2014-03-10,14.699999809265137,14.850000381469727,14.699999809265137,14.829999923706055,10.1835355758667,28100
2014-03-11,14.84000015258789,14.850000381469727,14.819999694824219,14.829999923706055,10.1835355758667,8800
2014-03-12,14.739999771118164,14.880000114440918,14.739999771118164,14.850000381469727,10.258840560913086,24400
2014-03-13,14.899999618530273,14.899999618530273,14.859999656677246,14.880000114440918,10.279561996459961,41800
2014-03-14,14.90999984741211,14.90999984741211,14.819999694824219,14.819999694824219,10.23811149597168,30000
2014-03-17,14.869999885559082,14.880000114440918,14.829999923706055,14.850000381469727,10.258840560913086,25200
2014-03-18,14.829999923706055,14.850000381469727,14.770000457763672,14.84000015258789,10.251930236816406,33500
2014-03-19,14.819999694824219,14.869999885559082,14.720000267028809,14.770000457763672,10.203572273254395,67100
2014-03-20,14.739999771118164,14.75,14.670000076293945,14.710000038146973,10.162121772766113,27900
2014-03-21,14.75,14.8100004196167,14.720000267028809,14.800000190734863,10.224298477172852,19800
2014-03-24,14.800000190734863,14.819999694824219,14.770000457763672,14.800000190734863,10.224298477172852,28100
2014-03-25,14.779999732971191,14.819999694824219,14.75,14.789999961853027,10.217381477355957,26200
2014-03-26,14.760000228881836,14.979999542236328,14.75,14.859999656677246,10.265745162963867,105400
2014-03-27,14.890000343322754,14.899999618530273,14.8100004196167,14.880000114440918,10.279561996459961,37500
2014-03-28,14.890000343322754,14.90999984741211,14.84000015258789,14.850000381469727,10.258840560913086,42300
2014-03-31,14.84000015258789,14.880000114440918,14.819999694824219,14.880000114440918,10.279561996459961,27600
2014-04-01,14.84000015258789,14.84000015258789,14.800000190734863,14.829999923706055,10.24501895904541,47700
2014-04-02,14.8100004196167,14.819999694824219,14.800000190734863,14.800000190734863,10.224298477172852,26500
2014-04-03,14.800000190734863,14.819999694824219,14.760000228881836,14.789999961853027,10.217381477355957,26300
2014-04-04,14.880000114440918,14.890000343322754,14.770000457763672,14.779999732971191,10.210477828979492,54400
2014-04-07,14.789999961853027,14.920000076293945,14.789999961853027,14.880000114440918,10.279561996459961,54200
2014-04-08,14.899999618530273,14.9399995803833,14.859999656677246,14.890000343322754,10.28647232055664,74600
2014-04-09,14.899999618530273,14.9399995803833,14.880000114440918,14.9399995803833,10.321012496948242,43700
2014-04-10,14.949999809265137,14.989999771118164,14.930000305175781,14.9399995803833,10.321012496948242,116800
2014-04-11,14.859999656677246,14.970000267028809,14.859999656677246,14.930000305175781,10.375914573669434,56000
2014-04-14,14.970000267028809,14.989999771118164,14.899999618530273,14.930000305175781,10.375914573669434,21400
2014-04-15,14.9399995803833,14.949999809265137,14.899999618530273,14.9399995803833,10.382864952087402,39000
2014-04-16,14.930000305175781,14.9399995803833,14.920000076293945,14.930000305175781,10.375914573669434,29900
2014-04-17,14.930000305175781,14.949999809265137,14.90999984741211,14.920000076293945,10.368962287902832,44600
2014-04-21,14.90999984741211,14.949999809265137,14.90999984741211,14.930000305175781,10.375914573669434,79800
2014-04-22,14.970000267028809,14.970000267028809,14.930000305175781,14.9399995803833,10.382864952087402,68200
2014-04-23,14.9399995803833,15.039999961853027,14.9399995803833,14.989999771118164,10.417614936828613,75900
2014-04-24,14.989999771118164,15.039999961853027,14.989999771118164,14.989999771118164,10.417614936828613,64200
2014-04-25,15.039999961853027,15.079999923706055,15.039999961853027,15.050000190734863,10.459309577941895,54700
2014-04-28,15.109999656677246,15.119999885559082,15.029999732971191,15.0600004196167,10.466262817382812,109400
2014-04-29,15.050000190734863,15.079999923706055,15.010000228881836,15.020000457763672,10.43846321105957,56100
2014-04-30,15.020000457763672,15.25,15.020000457763672,15.15999984741211,10.535757064819336,166300
2014-05-01,15.180000305175781,15.300000190734863,15.140000343322754,15.279999732971191,10.619154930114746,54000
2014-05-02,15.260000228881836,15.270000457763672,15.199999809265137,15.220000267028809,10.577460289001465,50500
2014-05-05,15.220000267028809,15.300000190734863,15.220000267028809,15.260000228881836,10.605257034301758,41600
2014-05-06,15.260000228881836,15.359999656677246,15.260000228881836,15.300000190734863,10.633054733276367,56400
2014-05-07,15.3100004196167,15.430000305175781,15.3100004196167,15.420000076293945,10.71645450592041,48000
2014-05-08,15.489999771118164,15.5,15.4399995803833,15.489999771118164,10.76509952545166,41100
2014-05-09,15.5,15.5,15.460000038146973,15.479999542236328,10.758148193359375,34200
2014-05-12,15.449999809265137,15.579999923706055,15.449999809265137,15.5600004196167,10.813750267028809,75900
2014-05-13,15.460000038146973,15.529999732971191,15.449999809265137,15.5,10.834019660949707,34700
2014-05-14,15.539999961853027,15.550000190734863,15.479999542236328,15.529999732971191,10.854990005493164,23000
2014-05-15,15.550000190734863,15.59000015258789,15.539999961853027,15.59000015258789,10.896926879882812,47100
2014-05-16,15.65999984741211,15.670000076293945,15.59000015258789,15.59000015258789,10.896926879882812,50700
2014-05-19,15.649999618530273,15.670000076293945,15.609999656677246,15.619999885559082,10.917889595031738,31600
2014-05-20,15.640000343322754,15.680000305175781,15.609999656677246,15.680000305175781,10.959836959838867,28500
2014-05-21,15.670000076293945,15.670000076293945,15.600000381469727,15.619999885559082,10.917889595031738,22600
2014-05-22,15.649999618530273,15.699999809265137,15.619999885559082,15.699999809265137,10.973810195922852,31100
2014-05-23,15.699999809265137,15.789999961853027,15.649999618530273,15.789999961853027,11.03671932220459,25500
2014-05-27,15.760000228881836,15.829999923706055,15.760000228881836,15.8100004196167,11.050698280334473,33200
2014-05-28,15.850000381469727,15.880000114440918,15.8100004196167,15.880000114440918,11.099626541137695,17800
2014-05-29,15.880000114440918,15.890000343322754,15.829999923706055,15.890000343322754,11.10661792755127,35000
2014-05-30,15.899999618530273,15.930000305175781,15.829999923706055,15.859999656677246,11.08564567565918,26900
2014-06-02,15.890000343322754,15.90999984741211,15.760000228881836,15.800000190734863,11.043707847595215,52300
2014-06-03,15.779999732971191,15.869999885559082,15.6899995803833,15.710000038146973,10.98079776763916,78400
2014-06-04,15.680000305175781,15.680000305175781,15.539999961853027,15.539999961853027,10.861978530883789,50700
2014-06-05,15.539999961853027,15.600000381469727,15.260000228881836,15.5,10.834019660949707,99500
2014-06-06,15.5600004196167,15.789999961853027,15.539999961853027,15.760000228881836,11.015748023986816,41200
2014-06-09,15.829999923706055,15.829999923706055,15.729999542236328,15.729999542236328,10.994779586791992,44000
2014-06-10,15.8100004196167,15.8100004196167,15.630000114440918,15.6899995803833,10.966822624206543,46500
2014-06-11,15.75,15.75,15.649999618530273,15.6899995803833,10.966822624206543,33300
2014-06-12,15.600000381469727,15.720000267028809,15.600000381469727,15.710000038146973,11.043442726135254,18000
2014-06-13,15.789999961853027,15.789999961853027,15.600000381469727,15.609999656677246,10.973148345947266,18100
2014-06-16,15.699999809265137,15.699999809265137,15.609999656677246,15.640000343322754,10.99423599243164,9000
2014-06-17,15.640000343322754,15.65999984741211,15.569999694824219,15.569999694824219,10.945032119750977,28000
2014-06-18,15.569999694824219,15.65999984741211,15.569999694824219,15.619999885559082,10.98017406463623,35800
2014-06-19,15.649999618530273,15.680000305175781,15.619999885559082,15.649999618530273,11.001264572143555,44300
2014-06-20,15.65999984741211,15.760000228881836,15.600000381469727,15.739999771118164,11.064534187316895,36500
2014-06-23,15.75,15.75,15.680000305175781,15.699999809265137,11.036416053771973,14800
2014-06-24,15.710000038146973,15.720000267028809,15.649999618530273,15.649999618530273,11.001264572143555,38700
2014-06-25,15.65999984741211,15.6899995803833,15.630000114440918,15.6899995803833,11.02938461303711,39500
2014-06-26,15.720000267028809,15.720000267028809,15.640000343322754,15.720000267028809,11.050469398498535,18100
2014-06-27,15.6899995803833,15.75,15.670000076293945,15.670000076293945,11.0153226852417,44100
2014-06-30,15.710000038146973,15.710000038146973,15.649999618530273,15.649999618530273,11.001264572143555,34100
2014-07-01,15.699999809265137,15.699999809265137,15.579999923706055,15.579999923706055,10.952058792114258,32100
2014-07-02,15.569999694824219,15.579999923706055,15.300000190734863,15.329999923706055,10.776317596435547,85700
2014-07-03,15.289999961853027,15.289999961853027,15.180000305175781,15.180000305175781,10.670878410339355,91400
2014-07-07,15.15999984741211,15.359999656677246,15.130000114440918,15.329999923706055,10.776317596435547,38800
2014-07-08,15.390000343322754,15.449999809265137,15.369999885559082,15.420000076293945,10.839584350585938,30900
2014-07-09,15.359999656677246,15.380000114440918,15.260000228881836,15.369999885559082,10.804438591003418,25100
2014-07-10,15.380000114440918,15.420000076293945,15.380000114440918,15.390000343322754,10.818498611450195,13000
2014-07-11,15.279999732971191,15.350000381469727,15.229999542236328,15.350000381469727,10.853144645690918,34300
2014-07-14,15.319999694824219,15.350000381469727,15.300000190734863,15.34000015258789,10.84607219696045,20500
2014-07-15,15.359999656677246,15.359999656677246,15.270000457763672,15.319999694824219,10.831930160522461,18200
2014-07-16,15.289999961853027,15.369999885559082,15.270000457763672,15.359999656677246,10.860209465026855,12600
2014-07-17,15.390000343322754,15.430000305175781,15.369999885559082,15.399999618530273,10.888498306274414,17500
2014-07-18,15.380000114440918,15.4399995803833,15.380000114440918,15.390000343322754,10.881423950195312,18100
2014-07-21,15.420000076293945,15.489999771118164,15.34000015258789,15.449999809265137,10.923847198486328,45600
2014-07-22,15.489999771118164,15.489999771118164,15.4399995803833,15.479999542236328,10.945059776306152,11600
2014-07-23,15.510000228881836,15.5600004196167,15.479999542236328,15.5,10.959198951721191,21000
2014-07-24,15.470000267028809,15.510000228881836,15.420000076293945,15.470000267028809,10.937989234924316,13400
2014-07-25,15.470000267028809,15.5600004196167,15.470000267028809,15.550000190734863,10.994552612304688,13700
2014-07-28,15.59000015258789,15.59000015258789,15.5,15.5600004196167,11.00162410736084,20600
2014-07-29,15.579999923706055,15.649999618530273,15.510000228881836,15.579999923706055,11.015762329101562,43200
2014-07-30,15.569999694824219,15.569999694824219,15.4399995803833,15.4399995803833,10.916775703430176,19200
2014-07-31,15.399999618530273,15.479999542236328,15.350000381469727,15.4399995803833,10.916775703430176,25500
2014-08-01,15.430000305175781,15.430000305175781,15.359999656677246,15.399999618530273,10.888498306274414,36700
2014-08-04,15.399999618530273,15.399999618530273,15.329999923706055,15.369999885559082,10.86728572845459,29100
2014-08-05,15.369999885559082,15.399999618530273,15.3100004196167,15.399999618530273,10.888498306274414,21100
2014-08-06,15.399999618530273,15.4399995803833,15.390000343322754,15.4399995803833,10.916775703430176,13400
2014-08-07,15.4399995803833,15.670000076293945,15.420000076293945,15.670000076293945,11.07939338684082,30900
2014-08-08,15.670000076293945,15.729999542236328,15.630000114440918,15.699999809265137,11.100608825683594,8700
2014-08-11,15.699999809265137,15.699999809265137,15.65999984741211,15.65999984741211,11.072327613830566,27600
2014-08-12,15.699999809265137,15.699999809265137,15.510000228881836,15.5600004196167,11.00162410736084,32900
2014-08-13,15.510000228881836,15.510000228881836,15.449999809265137,15.479999542236328,11.00802230834961,14500
2014-08-14,15.479999542236328,15.520000457763672,15.470000267028809,15.470000267028809,11.000909805297852,29000
2014-08-15,15.489999771118164,15.539999961853027,15.470000267028809,15.520000457763672,11.036465644836426,14600
2014-08-18,15.510000228881836,15.529999732971191,15.5,15.520000457763672,11.036465644836426,17800
2014-08-19,15.539999961853027,15.59000015258789,15.520000457763672,15.569999694824219,11.072021484375,26000
2014-08-20,15.619999885559082,15.619999885559082,15.550000190734863,15.569999694824219,11.072021484375,34300
2014-08-21,15.609999656677246,15.609999656677246,15.579999923706055,15.600000381469727,11.093353271484375,23100
2014-08-22,15.579999923706055,15.65999984741211,15.510000228881836,15.65999984741211,11.13602352142334,36100
2014-08-25,15.649999618530273,15.670000076293945,15.539999961853027,15.569999694824219,11.072021484375,52100
2014-08-26,15.579999923706055,15.720000267028809,15.529999732971191,15.579999923706055,11.079133987426758,47300
2014-08-27,15.649999618530273,15.8100004196167,15.600000381469727,15.609999656677246,11.100467681884766,45400
2014-08-28,15.630000114440918,15.65999984741211,15.569999694824219,15.640000343322754,11.12179946899414,17200
2014-08-29,15.619999885559082,15.65999984741211,15.600000381469727,15.600000381469727,11.093353271484375,32000
2014-09-02,15.569999694824219,15.630000114440918,15.520000457763672,15.520000457763672,11.036465644836426,39600
2014-09-03,15.520000457763672,15.609999656677246,15.510000228881836,15.569999694824219,11.072021484375,44500
2014-09-04,15.579999923706055,15.609999656677246,15.460000038146973,15.529999732971191,11.043578147888184,47600
2014-09-05,15.569999694824219,15.630000114440918,15.5600004196167,15.569999694824219,11.072021484375,38700
2014-09-08,15.600000381469727,15.619999885559082,15.5600004196167,15.5600004196167,11.064911842346191,34800
2014-09-09,15.630000114440918,15.630000114440918,15.5600004196167,15.5600004196167,11.064911842346191,37800
2014-09-10,15.569999694824219,15.630000114440918,15.5600004196167,15.609999656677246,11.100467681884766,23700
2014-09-11,15.529999732971191,15.640000343322754,15.529999732971191,15.550000190734863,11.121207237243652,25400
2014-09-12,15.550000190734863,15.609999656677246,15.40999984741211,15.40999984741211,11.02108097076416,41400
2014-09-15,15.430000305175781,15.59000015258789,15.390000343322754,15.420000076293945,11.02823257446289,62900
2014-09-16,15.399999618530273,15.430000305175781,15.329999923706055,15.380000114440918,10.999626159667969,15900
2014-09-17,15.420000076293945,15.420000076293945,15.319999694824219,15.40999984741211,11.02108097076416,30400
2014-09-18,15.40999984741211,15.5600004196167,15.40999984741211,15.5600004196167,11.1283597946167,27500
2014-09-19,15.579999923706055,15.65999984741211,15.569999694824219,15.65999984741211,11.19987964630127,24000
2014-09-22,15.609999656677246,15.630000114440918,15.539999961853027,15.619999885559082,11.171270370483398,51200
2014-09-23,15.640000343322754,15.640000343322754,15.569999694824219,15.619999885559082,11.171270370483398,19600
2014-09-24,15.569999694824219,15.649999618530273,15.529999732971191,15.640000343322754,11.185576438903809,23700
2014-09-25,15.609999656677246,15.649999618530273,15.510000228881836,15.539999961853027,11.114055633544922,26700
2014-09-26,15.510000228881836,15.640000343322754,15.510000228881836,15.630000114440918,11.178425788879395,36100
2014-09-29,15.5600004196167,15.600000381469727,15.489999771118164,15.600000381469727,11.156965255737305,47800
2014-09-30,15.619999885559082,15.699999809265137,15.579999923706055,15.699999809265137,11.228487968444824,36300
2014-10-01,15.729999542236328,15.829999923706055,15.619999885559082,15.649999618530273,11.192728996276855,47200
2014-10-02,15.630000114440918,15.630000114440918,15.529999732971191,15.529999732971191,11.106904983520508,52500
2014-10-03,15.510000228881836,15.789999961853027,15.510000228881836,15.680000305175781,11.214181900024414,56700
2014-10-06,15.720000267028809,15.850000381469727,15.680000305175781,15.770000457763672,11.278548240661621,27500
2014-10-07,15.729999542236328,15.819999694824219,15.6899995803833,15.779999732971191,11.2857027053833,23300
2014-10-08,15.760000228881836,15.84000015258789,15.729999542236328,15.75,11.264243125915527,40900
2014-10-09,15.770000457763672,15.770000457763672,15.720000267028809,15.75,11.264243125915527,28200
2014-10-10,15.619999885559082,15.649999618530273,15.510000228881836,15.600000381469727,11.216073036193848,51100
2014-10-13,15.529999732971191,15.579999923706055,15.449999809265137,15.529999732971191,11.165743827819824,56800
2014-10-14,15.510000228881836,15.539999961853027,15.40999984741211,15.460000038146973,11.115415573120117,34600
2014-10-15,15.460000038146973,15.510000228881836,15.350000381469727,15.4399995803833,11.10103988647461,62400
2014-10-16,15.4399995803833,15.479999542236328,15.380000114440918,15.4399995803833,11.10103988647461,49400
2014-10-17,15.449999809265137,15.5,15.399999618530273,15.399999618530273,11.072274208068848,45700
2014-10-20,15.4399995803833,15.479999542236328,15.380000114440918,15.479999542236328,11.129796028137207,58800
2014-10-21,15.449999809265137,15.479999542236328,15.369999885559082,15.4399995803833,11.10103988647461,58100
2014-10-22,15.420000076293945,15.420000076293945,15.359999656677246,15.40999984741211,11.079465866088867,40700
2014-10-23,15.430000305175781,15.430000305175781,15.34000015258789,15.350000381469727,11.036327362060547,42500
2014-10-24,15.380000114440918,15.420000076293945,15.369999885559082,15.40999984741211,11.079465866088867,9600
2014-10-27,15.420000076293945,15.449999809265137,15.369999885559082,15.420000076293945,11.086657524108887,57900
2014-10-28,15.4399995803833,15.460000038146973,15.390000343322754,15.4399995803833,11.10103988647461,49300
2014-10-29,15.470000267028809,15.479999542236328,15.460000038146973,15.479999542236328,11.129796028137207,15400
2014-10-30,15.460000038146973,15.489999771118164,13.920000076293945,15.489999771118164,11.136985778808594,14300
2014-10-31,15.5,15.5,15.40999984741211,15.479999542236328,11.129796028137207,12000
2014-11-03,15.5,15.5,15.449999809265137,15.479999542236328,11.129796028137207,30800
2014-11-04,15.510000228881836,15.569999694824219,15.4399995803833,15.510000228881836,11.151361465454102,28400
2014-11-05,15.510000228881836,15.510000228881836,15.420000076293945,15.5,11.144173622131348,33100
2014-11-06,15.5,15.520000457763672,15.460000038146973,15.520000457763672,11.158554077148438,30200
2014-11-07,15.539999961853027,15.600000381469727,15.470000267028809,15.520000457763672,11.158554077148438,37200
2014-11-10,15.550000190734863,15.59000015258789,15.470000267028809,15.520000457763672,11.158554077148438,27200
2014-11-11,15.5,15.510000228881836,15.470000267028809,15.479999542236328,11.129796028137207,34100
2014-11-12,15.4399995803833,15.4399995803833,15.369999885559082,15.40999984741211,11.139188766479492,23300
2014-11-13,15.399999618530273,15.470000267028809,15.380000114440918,15.460000038146973,11.175336837768555,16600
2014-11-14,15.4399995803833,15.460000038146973,15.399999618530273,15.430000305175781,11.15365219116211,13600
2014-11-17,15.470000267028809,15.470000267028809,15.3100004196167,15.329999923706055,11.081365585327148,13600
2014-11-18,15.300000190734863,15.380000114440918,15.300000190734863,15.380000114440918,11.117504119873047,9400
2014-11-19,15.34000015258789,15.369999885559082,15.34000015258789,15.369999885559082,11.110279083251953,14600
2014-11-20,15.369999885559082,15.380000114440918,15.300000190734863,15.319999694824219,11.074132919311523,18900
2014-11-21,15.369999885559082,15.369999885559082,15.239999771118164,15.25,11.023538589477539,32300
2014-11-24,15.210000038146973,15.270000457763672,15.09000015258789,15.270000457763672,11.037993431091309,94000
2014-11-25,15.300000190734863,15.300000190734863,15.1899995803833,15.239999771118164,11.01630687713623,27300
2014-11-26,15.220000267028809,15.260000228881836,15.220000267028809,15.260000228881836,11.030763626098633,24500
2014-11-28,15.260000228881836,15.260000228881836,15.220000267028809,15.229999542236328,11.00908088684082,15500
2014-12-01,15.270000457763672,15.300000190734863,15.229999542236328,15.239999771118164,11.01630687713623,20300
2014-12-02,15.220000267028809,15.350000381469727,15.220000267028809,15.329999923706055,11.081365585327148,23900
2014-12-03,15.329999923706055,15.399999618530273,15.329999923706055,15.380000114440918,11.117504119873047,23800
2014-12-04,15.380000114440918,15.479999542236328,15.380000114440918,15.479999542236328,11.189789772033691,24300
2014-12-05,15.479999542236328,15.489999771118164,15.369999885559082,15.470000267028809,11.182561874389648,18300
2014-12-08,15.449999809265137,15.449999809265137,15.40999984741211,15.449999809265137,11.168107986450195,38700
2014-12-09,15.420000076293945,15.510000228881836,15.420000076293945,15.5,11.204246520996094,32300
2014-12-10,15.350000381469727,15.470000267028809,15.3100004196167,15.4399995803833,11.231163024902344,56900
2014-12-11,15.40999984741211,15.4399995803833,15.34000015258789,15.34000015258789,11.158428192138672,54400
2014-12-12,15.34000015258789,15.40999984741211,15.34000015258789,15.399999618530273,11.202066421508789,43900
2014-12-15,15.390000343322754,15.550000190734863,15.359999656677246,15.449999809265137,11.23843765258789,32000
2014-12-16,15.489999771118164,15.550000190734863,15.4399995803833,15.470000267028809,11.252984046936035,37000
2014-12-17,15.460000038146973,15.489999771118164,15.40999984741211,15.479999542236328,11.260257720947266,16600
2014-12-18,15.479999542236328,15.529999732971191,15.420000076293945,15.449999809265137,11.23843765258789,76800
2014-12-19,15.470000267028809,15.489999771118164,15.449999809265137,15.449999809265137,11.23843765258789,20800
2014-12-22,15.460000038146973,15.520000457763672,15.449999809265137,15.489999771118164,11.267534255981445,37600
2014-12-23,15.520000457763672,15.609999656677246,15.470000267028809,15.529999732971191,11.296630859375,39600
2014-12-24,15.609999656677246,15.609999656677246,15.529999732971191,15.529999732971191,11.296630859375,25800
2014-12-26,15.609999656677246,15.630000114440918,15.5600004196167,15.619999885559082,11.362093925476074,12800
2014-12-29,15.550000190734863,15.630000114440918,15.550000190734863,15.579999923706055,11.333002090454102,27400
2014-12-30,15.65999984741211,15.65999984741211,15.579999923706055,15.579999923706055,11.333002090454102,39300
2014-12-31,15.65999984741211,15.6899995803833,15.5600004196167,15.600000381469727,11.347548484802246,56600
2015-01-02,15.579999923706055,15.619999885559082,15.5600004196167,15.5600004196167,11.318450927734375,60500
2015-01-05,15.619999885559082,15.779999732971191,15.579999923706055,15.710000038146973,11.42756175994873,93100
2015-01-06,15.779999732971191,15.960000038146973,15.779999732971191,15.90999984741211,11.573042869567871,99900
2015-01-07,15.960000038146973,16.06999969482422,15.899999618530273,16.059999465942383,11.682159423828125,63700
2015-01-08,16.059999465942383,16.059999465942383,15.9399995803833,16.010000228881836,11.645787239074707,36700
2015-01-09,16.059999465942383,16.1299991607666,16.010000228881836,16.1200008392334,11.725802421569824,36300
2015-01-12,16.190000534057617,16.219999313354492,16.1200008392334,16.209999084472656,11.791264533996582,44400
2015-01-13,16.1299991607666,16.190000534057617,15.949999809265137,16.010000228881836,11.705718994140625,86100
2015-01-14,15.960000038146973,16.1299991607666,15.960000038146973,16.110000610351562,11.778841972351074,55300
2015-01-15,16.139999389648438,16.219999313354492,16.09000015258789,16.209999084472656,11.851951599121094,16000
2015-01-16,16.209999084472656,16.270000457763672,16.1299991607666,16.209999084472656,11.851951599121094,22700
2015-01-20,16.229999542236328,16.229999542236328,16.1299991607666,16.190000534057617,11.83732795715332,12100
2015-01-21,16.15999984741211,16.190000534057617,16.059999465942383,16.1200008392334,11.786152839660645,58100
2015-01-22,16.15999984741211,16.15999984741211,16.020000457763672,16.059999465942383,11.742280960083008,40000
2015-01-23,16.079999923706055,16.100000381469727,16.040000915527344,16.059999465942383,11.742280960083008,29800
2015-01-26,16.079999923706055,16.15999984741211,16.06999969482422,16.149999618530273,11.808082580566406,18800
2015-01-27,16.139999389648438,16.31999969482422,16.139999389648438,16.290000915527344,11.910442352294922,55100
2015-01-28,16.350000381469727,16.479999542236328,16.309999465942383,16.420000076293945,12.005497932434082,56100
2015-01-29,16.420000076293945,16.5,16.420000076293945,16.440000534057617,12.020116806030273,27400
2015-01-30,16.5,16.579999923706055,16.5,16.549999237060547,12.100541114807129,23300
2015-02-02,16.549999237060547,16.639999389648438,16.549999237060547,16.610000610351562,12.144413948059082,47100
2015-02-03,16.549999237060547,16.649999618530273,16.549999237060547,16.579999923706055,12.122475624084473,55200
2015-02-04,16.549999237060547,16.579999923706055,16.40999984741211,16.43000030517578,12.012805938720703,52800
2015-02-05,16.520000457763672,16.540000915527344,16.350000381469727,16.399999618530273,11.99086856842041,57400
2015-02-06,16.34000015258789,16.34000015258789,16.200000762939453,16.200000762939453,11.844642639160156,18500
2015-02-09,16.200000762939453,16.299999237060547,16.170000076293945,16.260000228881836,11.888507843017578,26900
2015-02-10,16.219999313354492,16.25,16.079999923706055,16.25,11.881196022033691,44600
2015-02-11,16.1200008392334,16.209999084472656,16.059999465942383,16.139999389648438,11.861356735229492,39500
2015-02-12,16.100000381469727,16.260000228881836,16.030000686645508,16.229999542236328,11.927496910095215,44100
2015-02-13,16.280000686645508,16.280000686645508,16.149999618530273,16.15999984741211,11.876055717468262,40500
2015-02-17,16.18000030517578,16.18000030517578,15.59000015258789,15.6899995803833,11.53065013885498,153600
2015-02-18,15.699999809265137,15.90999984741211,15.670000076293945,15.90999984741211,11.692327499389648,41000
2015-02-19,15.850000381469727,16.09000015258789,15.850000381469727,15.949999809265137,11.721724510192871,36300
2015-02-20,16.030000686645508,16.100000381469727,16.030000686645508,16.079999923706055,11.817262649536133,22300
2015-02-23,16.149999618530273,16.18000030517578,16.100000381469727,16.1200008392334,11.84665584564209,16900
2015-02-24,16.049999237060547,16.139999389648438,15.970000267028809,16.09000015258789,11.82461166381836,19900
2015-02-25,16.219999313354492,16.270000457763672,16.09000015258789,16.239999771118164,11.934846878051758,34800
2015-02-26,16.270000457763672,16.270000457763672,16.170000076293945,16.18000030517578,11.890753746032715,31000
2015-02-27,16.209999084472656,16.239999771118164,16.18000030517578,16.239999771118164,11.934846878051758,20800
2015-03-02,16.229999542236328,16.239999771118164,16.149999618530273,16.200000762939453,11.905450820922852,24200
2015-03-03,16.170000076293945,16.219999313354492,16.139999389648438,16.219999313354492,11.920147895812988,33000
2015-03-04,16.209999084472656,16.299999237060547,16.209999084472656,16.299999237060547,11.978943824768066,67700
2015-03-05,16.270000457763672,16.3799991607666,16.270000457763672,16.3799991607666,12.037734031677246,10100
2015-03-06,16.270000457763672,16.309999465942383,16.149999618530273,16.219999313354492,11.920147895812988,35000
2015-03-09,16.209999084472656,16.209999084472656,16.100000381469727,16.18000030517578,11.890753746032715,21200
2015-03-10,16.170000076293945,16.25,16.1299991607666,16.15999984741211,11.876055717468262,21100
2015-03-11,16.110000610351562,16.1299991607666,16.040000915527344,16.079999923706055,11.878271102905273,14400
2015-03-12,16.06999969482422,16.1299991607666,16.06999969482422,16.06999969482422,11.870881080627441,9400
2015-03-13,16.100000381469727,16.100000381469727,16.020000457763672,16.059999465942383,11.86349868774414,10600
2015-03-16,16.040000915527344,16.040000915527344,15.9399995803833,15.970000267028809,11.797012329101562,28800
2015-03-17,15.9399995803833,15.970000267028809,15.789999961853027,15.819999694824219,11.686209678649902,25200
2015-03-18,15.869999885559082,16.040000915527344,15.859999656677246,15.970000267028809,11.797012329101562,19900
2015-03-19,16.0,16.010000228881836,15.920000076293945,15.960000038146973,11.789631843566895,15500
2015-03-20,15.960000038146973,16.1200008392334,15.960000038146973,16.100000381469727,11.893048286437988,26200
2015-03-23,16.149999618530273,16.15999984741211,16.040000915527344,16.1299991607666,11.915205955505371,16300
2015-03-24,16.100000381469727,16.15999984741211,16.09000015258789,16.15999984741211,11.937368392944336,10300
2015-03-25,16.149999618530273,16.149999618530273,16.049999237060547,16.110000610351562,11.90042781829834,28400
2015-03-26,16.09000015258789,16.09000015258789,16.0,16.079999923706055,11.878271102905273,10500
2015-03-27,16.139999389648438,16.350000381469727,16.139999389648438,16.299999237060547,12.040786743164062,65500
2015-03-30,16.280000686645508,16.309999465942383,16.18000030517578,16.25,12.003849029541016,42200
2015-03-31,16.219999313354492,16.25,16.190000534057617,16.239999771118164,11.9964599609375,30300
2015-04-01,16.25,16.260000228881836,16.170000076293945,16.170000076293945,11.944750785827637,42900
2015-04-02,16.15999984741211,16.200000762939453,16.09000015258789,16.09000015258789,11.885655403137207,20800
2015-04-06,16.1200008392334,16.190000534057617,16.059999465942383,16.079999923706055,11.878271102905273,40700
2015-04-07,16.079999923706055,16.200000762939453,16.079999923706055,16.190000534057617,11.959527015686035,8900
2015-04-08,16.200000762939453,16.329999923706055,16.200000762939453,16.299999237060547,12.040786743164062,38100
2015-04-09,16.290000915527344,16.31999969482422,16.239999771118164,16.280000686645508,12.02601146697998,20900
2015-04-10,16.280000686645508,16.329999923706055,16.1299991607666,16.1299991607666,11.915205955505371,24200
2015-04-13,16.110000610351562,16.170000076293945,16.010000228881836,16.15999984741211,11.999112129211426,67300
2015-04-14,16.18000030517578,16.25,16.170000076293945,16.25,12.065937042236328,14700
2015-04-15,16.290000915527344,16.309999465942383,16.190000534057617,16.270000457763672,12.080787658691406,36000
2015-04-16,16.299999237060547,16.329999923706055,16.260000228881836,16.309999465942383,12.110487937927246,25100
2015-04-17,16.309999465942383,16.34000015258789,16.280000686645508,16.280000686645508,12.088212966918945,20100
2015-04-20,16.290000915527344,16.360000610351562,16.280000686645508,16.290000915527344,12.095634460449219,16000
2015-04-21,16.34000015258789,16.34000015258789,16.280000686645508,16.31999969482422,12.117910385131836,20000
2015-04-22,16.290000915527344,16.34000015258789,16.229999542236328,16.239999771118164,12.058509826660156,31700
2015-04-23,16.270000457763672,16.3700008392334,16.25,16.260000228881836,12.07336139678955,28400
2015-04-24,16.34000015258789,16.350000381469727,16.190000534057617,16.209999084472656,12.036235809326172,33000
2015-04-27,16.219999313354492,16.260000228881836,16.1200008392334,16.1299991607666,11.976832389831543,34200
2015-04-28,16.170000076293945,16.270000457763672,16.149999618530273,16.239999771118164,12.058509826660156,23900
2015-04-29,16.190000534057617,16.260000228881836,16.139999389648438,16.170000076293945,12.006536483764648,8900
2015-04-30,16.139999389648438,16.260000228881836,16.139999389648438,16.260000228881836,12.07336139678955,13200
2015-05-01,16.280000686645508,16.299999237060547,16.149999618530273,16.229999542236328,12.051085472106934,32000
2015-05-04,16.229999542236328,16.239999771118164,16.15999984741211,16.170000076293945,12.006536483764648,19600
2015-05-05,16.219999313354492,16.219999313354492,16.06999969482422,16.100000381469727,11.954557418823242,9800
2015-05-06,16.100000381469727,16.100000381469727,15.84000015258789,15.880000114440918,11.791207313537598,42100
2015-05-07,15.869999885559082,15.880000114440918,15.75,15.829999923706055,11.754076957702637,39600
2015-05-08,15.890000343322754,15.989999771118164,15.869999885559082,15.989999771118164,11.872881889343262,18400
2015-05-11,15.989999771118164,16.229999542236328,15.920000076293945,16.010000228881836,11.887734413146973,38600
2015-05-12,15.960000038146973,15.960000038146973,15.699999809265137,15.720000267028809,11.672403335571289,113400
2015-05-13,15.729999542236328,15.739999771118164,15.609999656677246,15.640000343322754,11.674642562866211,34400
2015-05-14,15.6899995803833,15.729999542236328,15.649999618530273,15.680000305175781,11.704499244689941,20200
2015-05-15,15.680000305175781,15.8100004196167,15.680000305175781,15.789999961853027,11.78661060333252,65800
2015-05-18,15.800000190734863,15.800000190734863,15.600000381469727,15.609999656677246,11.652246475219727,39600
2015-05-19,15.59000015258789,15.649999618530273,15.5600004196167,15.649999618530273,11.682103157043457,25600
2015-05-20,15.649999618530273,15.649999618530273,15.5,15.5,11.570135116577148,21300
2015-05-21,15.550000190734863,15.579999923706055,15.4399995803833,15.470000267028809,11.547741889953613,56100
2015-05-22,15.420000076293945,15.460000038146973,15.390000343322754,15.40999984741211,11.50295639038086,51700
2015-05-26,15.40999984741211,15.460000038146973,15.390000343322754,15.449999809265137,11.532814979553223,20800
2015-05-27,15.4399995803833,15.5,15.4399995803833,15.489999771118164,11.562671661376953,26200
2015-05-28,15.5,15.5,15.399999618530273,15.40999984741211,11.50295639038086,37500
2015-05-29,15.420000076293945,15.470000267028809,15.399999618530273,15.399999618530273,11.495489120483398,8800
2015-06-01,15.399999618530273,15.449999809265137,15.399999618530273,15.40999984741211,11.50295639038086,31800
2015-06-02,15.399999618530273,15.4399995803833,15.34000015258789,15.40999984741211,11.50295639038086,48800
2015-06-03,15.399999618530273,15.399999618530273,15.229999542236328,15.229999542236328,11.368590354919434,91700
2015-06-04,15.25,15.279999732971191,15.15999984741211,15.1899995803833,11.338732719421387,73000
2015-06-05,15.140000343322754,15.15999984741211,14.949999809265137,14.949999809265137,11.159582138061523,68200
2015-06-08,15.020000457763672,15.029999732971191,14.789999961853027,14.789999961853027,11.040146827697754,71200
2015-06-09,14.6899995803833,14.729999542236328,14.550000190734863,14.630000114440918,10.920714378356934,95400
2015-06-10,14.529999732971191,14.6899995803833,14.529999732971191,14.670000076293945,10.950573921203613,60800
2015-06-11,14.600000381469727,14.699999809265137,14.600000381469727,14.699999809265137,11.035402297973633,25900
2015-06-12,14.670000076293945,14.819999694824219,14.670000076293945,14.739999771118164,11.065430641174316,50900
2015-06-15,14.75,14.770000457763672,14.699999809265137,14.760000228881836,11.080448150634766,68100
2015-06-16,14.75,14.789999961853027,14.75,14.789999961853027,11.102967262268066,17300
2015-06-17,14.8100004196167,14.859999656677246,14.699999809265137,14.859999656677246,11.155519485473633,56700
2015-06-18,14.800000190734863,14.850000381469727,14.800000190734863,14.850000381469727,11.148011207580566,59200
2015-06-19,14.859999656677246,14.930000305175781,14.859999656677246,14.930000305175781,11.208070755004883,45100
2015-06-22,14.930000305175781,14.9399995803833,14.869999885559082,14.890000343322754,11.1780424118042,38100
2015-06-23,14.890000343322754,14.979999542236328,14.880000114440918,14.970000267028809,11.238096237182617,44400
2015-06-24,14.979999542236328,14.989999771118164,14.869999885559082,14.930000305175781,11.208070755004883,37700
2015-06-25,14.869999885559082,15.0600004196167,14.84000015258789,14.979999542236328,11.245601654052734,131500
2015-06-26,14.970000267028809,14.979999542236328,14.90999984741211,14.90999984741211,11.193052291870117,38700
2015-06-29,14.9399995803833,14.979999542236328,14.869999885559082,14.869999885559082,11.163023948669434,36300
2015-06-30,14.90999984741211,14.90999984741211,14.779999732971191,14.850000381469727,11.148011207580566,79700
2015-07-01,14.850000381469727,14.850000381469727,14.819999694824219,14.829999923706055,11.132994651794434,30200
2015-07-02,14.850000381469727,14.880000114440918,14.800000190734863,14.800000190734863,11.11047649383545,32500
2015-07-06,14.829999923706055,14.920000076293945,14.829999923706055,14.90999984741211,11.193052291870117,32400
2015-07-07,14.960000038146973,15.140000343322754,14.960000038146973,15.09000015258789,11.328179359436035,42000
2015-07-08,15.130000114440918,15.220000267028809,15.079999923706055,15.220000267028809,11.425772666931152,18800
2015-07-09,15.229999542236328,15.239999771118164,15.109999656677246,15.210000038146973,11.418262481689453,33200
2015-07-10,15.170000076293945,15.180000305175781,15.079999923706055,15.130000114440918,11.358206748962402,29200
2015-07-13,15.050000190734863,15.050000190734863,14.960000038146973,15.010000228881836,11.330282211303711,23700
2015-07-14,15.050000190734863,15.050000190734863,14.979999542236328,14.989999771118164,11.315183639526367,28500
2015-07-15,15.0,15.09000015258789,14.960000038146973,15.069999694824219,11.375569343566895,29200
2015-07-16,15.079999923706055,15.119999885559082,15.069999694824219,15.09000015258789,11.390667915344238,26700
2015-07-17,15.09000015258789,15.100000381469727,15.079999923706055,15.079999923706055,11.38311767578125,12300
2015-07-20,15.100000381469727,15.130000114440918,15.0,15.0,11.322728157043457,22200
2015-07-21,15.029999732971191,15.039999961853027,14.989999771118164,15.010000228881836,11.330282211303711,12600
2015-07-22,15.050000190734863,15.050000190734863,14.930000305175781,14.9399995803833,11.27743911743164,25300
2015-07-23,14.970000267028809,14.989999771118164,14.920000076293945,14.960000038146973,11.292535781860352,39000
2015-07-24,15.0,15.0600004196167,14.920000076293945,14.920000076293945,11.262344360351562,41300
2015-07-27,14.920000076293945,14.960000038146973,14.859999656677246,14.869999885559082,11.224599838256836,34700
2015-07-28,14.859999656677246,14.970000267028809,14.859999656677246,14.920000076293945,11.262344360351562,18200
2015-07-29,14.949999809265137,15.069999694824219,14.9399995803833,15.020000457763672,11.337828636169434,19600
2015-07-30,15.050000190734863,15.050000190734863,15.0,15.039999961853027,11.352921485900879,10500
2015-07-31,15.0600004196167,15.069999694824219,15.0,15.050000190734863,11.360472679138184,34100
2015-08-03,15.09000015258789,15.09000015258789,15.069999694824219,15.069999694824219,11.375569343566895,21300
2015-08-04,15.119999885559082,15.119999885559082,15.039999961853027,15.039999961853027,11.352921485900879,27500
2015-08-05,15.020000457763672,15.050000190734863,14.979999542236328,15.020000457763672,11.337828636169434,28800
2015-08-06,15.0,15.180000305175781,15.0,15.180000305175781,11.458606719970703,21000
2015-08-07,15.279999732971191,15.319999694824219,15.239999771118164,15.300000190734863,11.549184799194336,49600
2015-08-10,15.3100004196167,15.319999694824219,15.0600004196167,15.0600004196167,11.368021965026855,43800
2015-08-11,15.09000015258789,15.220000267028809,15.079999923706055,15.210000038146973,11.481246948242188,10800
2015-08-12,15.149999618530273,15.180000305175781,15.109999656677246,15.109999656677246,11.468344688415527,10900
2015-08-13,15.119999885559082,15.119999885559082,15.079999923706055,15.109999656677246,11.468344688415527,9000
2015-08-14,15.069999694824219,15.140000343322754,15.029999732971191,15.109999656677246,11.468344688415527,26000
2015-08-17,15.15999984741211,15.210000038146973,15.109999656677246,15.130000114440918,11.483524322509766,41800
2015-08-18,15.109999656677246,15.149999618530273,15.020000457763672,15.130000114440918,11.483524322509766,53500
2015-08-19,15.079999923706055,15.140000343322754,15.039999961853027,15.130000114440918,11.483524322509766,11500
2015-08-20,15.109999656677246,15.199999809265137,15.100000381469727,15.180000305175781,11.521475791931152,23200
2015-08-21,15.130000114440918,15.220000267028809,15.130000114440918,15.220000267028809,11.551835060119629,16400
2015-08-24,15.130000114440918,15.130000114440918,15.119999885559082,15.119999885559082,11.475935935974121,20800
2015-08-25,15.079999923706055,15.130000114440918,15.079999923706055,15.109999656677246,11.468344688415527,25700
2015-08-26,15.119999885559082,15.119999885559082,14.949999809265137,15.0,11.384858131408691,43700
2015-08-27,14.960000038146973,15.050000190734863,14.960000038146973,15.050000190734863,11.422807693481445,26600
2015-08-28,15.020000457763672,15.119999885559082,14.979999542236328,14.989999771118164,11.377267837524414,26600
2015-08-31,15.0,15.050000190734863,14.989999771118164,15.010000228881836,11.392447471618652,21700
2015-09-01,15.079999923706055,15.109999656677246,15.050000190734863,15.109999656677246,11.468344688415527,30300
2015-09-02,15.109999656677246,15.210000038146973,15.109999656677246,15.1899995803833,11.529064178466797,10200
2015-09-03,15.239999771118164,15.300000190734863,15.210000038146973,15.289999961853027,11.604964256286621,15300
2015-09-04,15.34000015258789,15.40999984741211,15.289999961853027,15.40999984741211,11.696044921875,13900
2015-09-08,15.359999656677246,15.5,15.359999656677246,15.479999542236328,11.749171257019043,27300
2015-09-09,15.510000228881836,15.510000228881836,15.40999984741211,15.460000038146973,11.733990669250488,19000
2015-09-10,15.40999984741211,15.430000305175781,15.289999961853027,15.289999961853027,11.604964256286621,23800
2015-09-11,15.239999771118164,15.430000305175781,15.239999771118164,15.359999656677246,11.721724510192871,46100
2015-09-14,15.359999656677246,15.40999984741211,15.180000305175781,15.180000305175781,11.584359169006348,23800
2015-09-15,15.140000343322754,15.229999542236328,15.140000343322754,15.199999809265137,11.599621772766113,20900
2015-09-16,15.199999809265137,15.199999809265137,15.100000381469727,15.170000076293945,11.576730728149414,21800
2015-09-17,15.229999542236328,15.34000015258789,15.180000305175781,15.239999771118164,11.630147933959961,34400
2015-09-18,15.270000457763672,15.470000267028809,15.270000457763672,15.34000015258789,11.706461906433105,26700
2015-09-21,15.319999694824219,15.319999694824219,15.270000457763672,15.300000190734863,11.675932884216309,9700
2015-09-22,15.279999732971191,15.5,15.25,15.489999771118164,11.820926666259766,53600
2015-09-23,15.430000305175781,15.520000457763672,15.430000305175781,15.489999771118164,11.820926666259766,23200
2015-09-24,15.460000038146973,15.510000228881836,15.4399995803833,15.4399995803833,11.78277587890625,15400
2015-09-25,15.460000038146973,15.489999771118164,15.329999923706055,15.34000015258789,11.706461906433105,20100
2015-09-28,15.300000190734863,15.3100004196167,15.239999771118164,15.260000228881836,11.645411491394043,36600
2015-09-29,15.25,15.4399995803833,15.25,15.4399995803833,11.78277587890625,58200
2015-09-30,15.369999885559082,15.510000228881836,15.350000381469727,15.380000114440918,11.736984252929688,53100
2015-10-01,15.380000114440918,15.470000267028809,15.380000114440918,15.470000267028809,11.805667877197266,36300
2015-10-02,15.470000267028809,15.569999694824219,15.449999809265137,15.569999694824219,11.88198184967041,34100
2015-10-05,15.600000381469727,15.739999771118164,15.470000267028809,15.510000228881836,11.83619499206543,36200
2015-10-06,15.470000267028809,15.680000305175781,15.470000267028809,15.670000076293945,11.958292961120605,21300
2015-10-07,15.680000305175781,16.1200008392334,15.59000015258789,16.0,12.210131645202637,67300
2015-10-08,16.0,16.0,15.779999732971191,15.850000381469727,12.095657348632812,47400
2015-10-09,15.84000015258789,15.899999618530273,15.819999694824219,15.829999923706055,12.08039379119873,41700
2015-10-12,15.970000267028809,16.1200008392334,15.819999694824219,16.1200008392334,12.301705360412598,42200
2015-10-13,16.0,16.0,15.84000015258789,15.9399995803833,12.227299690246582,22100
2015-10-14,16.049999237060547,16.049999237060547,15.789999961853027,15.850000381469727,12.158259391784668,65400
2015-10-15,15.779999732971191,15.8100004196167,15.670000076293945,15.739999771118164,12.073880195617676,21800
2015-10-16,15.75,15.770000457763672,15.739999771118164,15.75,12.081549644470215,8500
2015-10-19,15.789999961853027,15.84000015258789,15.720000267028809,15.8100004196167,12.127573013305664,6000
2015-10-20,15.899999618530273,15.90999984741211,15.760000228881836,15.890000343322754,12.188944816589355,21600
2015-10-21,15.850000381469727,16.0,15.779999732971191,15.800000190734863,12.119905471801758,35000
2015-10-22,15.829999923706055,15.9399995803833,15.75,15.779999732971191,12.104562759399414,29800
2015-10-23,15.850000381469727,15.899999618530273,15.850000381469727,15.850000381469727,12.158259391784668,6800
2015-10-26,15.84000015258789,15.890000343322754,15.789999961853027,15.800000190734863,12.119905471801758,21200
2015-10-27,15.869999885559082,15.899999618530273,15.789999961853027,15.800000190734863,12.119905471801758,20700
2015-10-28,15.84000015258789,16.020000457763672,15.84000015258789,16.0,12.27332592010498,38900
2015-10-29,15.979999542236328,16.0,15.869999885559082,15.9399995803833,12.227299690246582,29000
2015-10-30,15.930000305175781,16.06999969482422,15.930000305175781,16.06999969482422,12.327016830444336,17000
2015-11-02,16.09000015258789,16.229999542236328,16.030000686645508,16.100000381469727,12.350029945373535,38400
2015-11-03,16.049999237060547,16.15999984741211,16.030000686645508,16.059999465942383,12.319348335266113,52600
2015-11-04,16.06999969482422,16.299999237060547,16.030000686645508,16.209999084472656,12.434407234191895,27500
2015-11-05,16.170000076293945,16.209999084472656,15.979999542236328,16.0,12.27332592010498,18100
2015-11-06,15.869999885559082,16.0,15.800000190734863,15.800000190734863,12.119905471801758,36500
2015-11-09,15.75,15.779999732971191,15.630000114440918,15.6899995803833,12.035526275634766,38300
2015-11-10,15.5600004196167,15.819999694824219,15.539999961853027,15.819999694824219,12.135247230529785,38800
2015-11-11,15.880000114440918,15.90999984741211,15.760000228881836,15.90999984741211,12.2042875289917,19800
2015-11-12,15.770000457763672,15.84000015258789,15.649999618530273,15.649999618530273,12.067798614501953,27600
2015-11-13,15.640000343322754,15.829999923706055,15.619999885559082,15.699999809265137,12.106354713439941,29200
2015-11-16,15.6899995803833,15.84000015258789,15.6899995803833,15.760000228881836,12.152618408203125,24800
2015-11-17,15.699999809265137,15.739999771118164,15.670000076293945,15.670000076293945,12.083220481872559,15500
2015-11-18,15.720000267028809,15.75,15.65999984741211,15.720000267028809,12.12177848815918,10400
2015-11-19,15.720000267028809,15.819999694824219,15.720000267028809,15.770000457763672,12.160329818725586,8500
2015-11-20,15.75,15.880000114440918,15.75,15.880000114440918,12.245150566101074,38500
2015-11-23,15.859999656677246,15.930000305175781,15.859999656677246,15.930000305175781,12.283707618713379,8400
2015-11-24,15.859999656677246,15.9399995803833,15.859999656677246,15.890000343322754,12.252869606018066,5000
2015-11-25,15.869999885559082,15.9399995803833,15.869999885559082,15.899999618530273,12.260576248168945,9600
2015-11-27,15.869999885559082,16.06999969482422,15.869999885559082,15.979999542236328,12.322264671325684,11300
2015-11-30,15.989999771118164,15.989999771118164,15.930000305175781,15.930000305175781,12.283707618713379,31700
2015-12-01,16.010000228881836,16.040000915527344,15.920000076293945,15.949999809265137,12.299127578735352,24100
2015-12-02,15.90999984741211,15.989999771118164,15.90999984741211,15.949999809265137,12.299127578735352,23900
2015-12-03,15.880000114440918,15.920000076293945,15.850000381469727,15.859999656677246,12.229729652404785,20000
2015-12-04,15.819999694824219,16.040000915527344,15.819999694824219,16.0,12.337688446044922,31400
2015-12-07,15.970000267028809,16.040000915527344,15.970000267028809,15.970000267028809,12.314550399780273,12100
2015-12-08,15.960000038146973,16.15999984741211,15.960000038146973,16.15999984741211,12.461064338684082,40100
2015-12-09,16.110000610351562,16.15999984741211,16.06999969482422,16.079999923706055,12.399374961853027,13300
2015-12-10,16.020000457763672,16.079999923706055,16.0,16.020000457763672,12.420307159423828,15500
2015-12-11,16.079999923706055,16.079999923706055,15.800000190734863,15.800000190734863,12.249740600585938,43500
2015-12-14,15.789999961853027,15.789999961853027,15.609999656677246,15.649999618530273,12.133445739746094,46800
2015-12-15,15.600000381469727,15.699999809265137,15.600000381469727,15.680000305175781,12.156705856323242,10700
2015-12-16,15.640000343322754,15.829999923706055,15.640000343322754,15.800000190734863,12.249740600585938,22500
2015-12-17,15.770000457763672,15.979999542236328,15.770000457763672,15.979999542236328,12.38929557800293,42500
2015-12-18,15.949999809265137,16.1200008392334,15.949999809265137,16.06999969482422,12.459073066711426,15100
2015-12-21,16.049999237060547,16.190000534057617,16.049999237060547,16.18000030517578,12.544357299804688,56700
2015-12-22,16.1200008392334,16.170000076293945,16.110000610351562,16.1200008392334,12.497836112976074,25300
2015-12-23,16.1299991607666,16.139999389648438,16.110000610351562,16.1299991607666,12.505587577819824,6900
2015-12-24,16.100000381469727,16.200000762939453,16.100000381469727,16.15999984741211,12.528850555419922,22900
2015-12-28,16.1200008392334,16.329999923706055,16.1200008392334,16.229999542236328,12.583114624023438,53000
2015-12-29,16.3799991607666,16.440000534057617,16.170000076293945,16.360000610351562,12.683910369873047,115900
2015-12-30,16.329999923706055,16.43000030517578,16.290000915527344,16.43000030517578,12.738175392150879,41100
2015-12-31,16.489999771118164,16.5,16.3799991607666,16.40999984741211,12.722677230834961,50100
2016-01-04,16.299999237060547,16.469999313354492,16.299999237060547,16.459999084472656,12.761438369750977,32500
2016-01-05,16.459999084472656,16.579999923706055,16.459999084472656,16.5,12.792448997497559,43700
2016-01-06,16.520000457763672,16.690000534057617,16.520000457763672,16.600000381469727,12.86998176574707,36400
2016-01-07,16.6299991607666,16.670000076293945,16.549999237060547,16.59000015258789,12.862229347229004,37800
2016-01-08,16.59000015258789,16.610000610351562,16.549999237060547,16.549999237060547,12.831216812133789,33900
2016-01-11,16.549999237060547,16.549999237060547,16.450000762939453,16.479999542236328,12.776945114135742,20900
2016-01-12,16.520000457763672,16.56999969482422,16.459999084472656,16.469999313354492,12.76919174194336,21600
2016-01-13,16.43000030517578,16.43000030517578,16.360000610351562,16.360000610351562,12.748152732849121,34600
2016-01-14,16.43000030517578,16.43000030517578,16.31999969482422,16.3700008392334,12.755946159362793,26000
2016-01-15,16.229999542236328,16.459999084472656,16.229999542236328,16.440000534057617,12.810492515563965,32700
2016-01-19,16.489999771118164,16.5,16.350000381469727,16.350000381469727,12.74035930633545,18700
2016-01-20,16.350000381469727,16.40999984741211,16.229999542236328,16.280000686645508,12.68581485748291,134700
2016-01-21,16.270000457763672,16.350000381469727,16.260000228881836,16.350000381469727,12.74035930633545,39100
2016-01-22,16.3700008392334,16.489999771118164,16.350000381469727,16.450000762939453,12.818283081054688,20300
2016-01-25,16.3799991607666,16.450000762939453,16.290000915527344,16.329999923706055,12.724774360656738,33800
2016-01-26,16.40999984741211,16.420000076293945,16.280000686645508,16.420000076293945,12.794905662536621,18800
2016-01-27,16.450000762939453,16.479999542236328,16.420000076293945,16.440000534057617,12.810492515563965,31300
2016-01-28,16.440000534057617,16.479999542236328,16.440000534057617,16.459999084472656,12.826071739196777,9400
2016-01-29,16.5,16.649999618530273,16.5,16.649999618530273,12.974127769470215,28400
2016-02-01,16.700000762939453,16.700000762939453,16.530000686645508,16.56999969482422,12.911791801452637,47600
2016-02-02,16.579999923706055,16.770000457763672,16.579999923706055,16.700000762939453,13.01308822631836,66600
2016-02-03,16.610000610351562,16.780000686645508,16.610000610351562,16.690000534057617,13.005298614501953,34000
2016-02-04,16.719999313354492,16.760000228881836,16.709999084472656,16.709999084472656,13.020879745483398,21100
2016-02-05,16.770000457763672,16.81999969482422,16.65999984741211,16.65999984741211,12.981921195983887,40000
2016-02-08,16.670000076293945,16.81999969482422,16.670000076293945,16.670000076293945,12.989713668823242,36200
2016-02-09,16.729999542236328,16.770000457763672,16.700000762939453,16.719999313354492,13.028676986694336,11200
2016-02-10,16.719999313354492,16.899999618530273,16.719999313354492,16.850000381469727,13.129976272583008,49400
2016-02-11,16.760000228881836,16.829999923706055,16.68000030517578,16.690000534057617,13.069677352905273,43100
2016-02-12,16.799999237060547,16.799999237060547,16.6299991607666,16.690000534057617,13.069677352905273,25500
2016-02-16,16.690000534057617,16.690000534057617,16.56999969482422,16.6299991607666,13.022688865661621,37300
2016-02-17,16.579999923706055,16.670000076293945,16.579999923706055,16.610000610351562,13.007031440734863,26900
2016-02-18,16.65999984741211,16.719999313354492,16.6299991607666,16.690000534057617,13.069677352905273,20800
2016-02-19,16.65999984741211,16.709999084472656,16.6200008392334,16.65999984741211,13.046181678771973,22500
2016-02-22,16.610000610351562,16.700000762939453,16.610000610351562,16.639999389648438,13.030517578125,17900
2016-02-23,16.649999618530273,16.780000686645508,16.649999618530273,16.780000686645508,13.140151977539062,23300
2016-02-24,16.780000686645508,16.81999969482422,16.75,16.809999465942383,13.163643836975098,11700
2016-02-25,16.829999923706055,16.850000381469727,16.81999969482422,16.84000015258789,13.187137603759766,23700
2016-02-26,16.780000686645508,16.81999969482422,16.75,16.75,13.11666488647461,26600
2016-02-29,16.760000228881836,16.889999389648438,16.760000228881836,16.8799991607666,13.218461990356445,27400
2016-03-01,16.899999618530273,16.969999313354492,16.829999923706055,16.860000610351562,13.202804565429688,53500
2016-03-02,16.809999465942383,16.920000076293945,16.799999237060547,16.829999923706055,13.179308891296387,38700
2016-03-03,16.829999923706055,16.899999618530273,16.829999923706055,16.8799991607666,13.218461990356445,19100
2016-03-04,16.850000381469727,17.0,16.84000015258789,16.84000015258789,13.187137603759766,59000
2016-03-07,16.940000534057617,16.950000762939453,16.84000015258789,16.889999389648438,13.226295471191406,30800
2016-03-08,16.829999923706055,16.940000534057617,16.799999237060547,16.81999969482422,13.17147445678711,45800
2016-03-09,16.829999923706055,16.93000030517578,16.799999237060547,16.799999237060547,13.155815124511719,13400
2016-03-10,16.81999969482422,16.8700008392334,16.799999237060547,16.799999237060547,13.155815124511719,17200
2016-03-11,16.760000228881836,16.770000457763672,16.68000030517578,16.68000030517578,13.126696586608887,8400
2016-03-14,16.700000762939453,16.84000015258789,16.700000762939453,16.790000915527344,13.213261604309082,10300
2016-03-15,16.75,16.829999923706055,16.729999542236328,16.739999771118164,13.17391300201416,13700
2016-03-16,16.729999542236328,16.790000915527344,16.729999542236328,16.790000915527344,13.213261604309082,20200
2016-03-17,16.84000015258789,16.969999313354492,16.75,16.950000762939453,13.339178085327148,31300
2016-03-18,16.899999618530273,16.920000076293945,16.860000610351562,16.860000610351562,13.268353462219238,15700
2016-03-21,16.860000610351562,16.889999389648438,16.860000610351562,16.889999389648438,13.291960716247559,16000
2016-03-22,16.8799991607666,16.899999618530273,16.860000610351562,16.860000610351562,13.268353462219238,42800
2016-03-23,16.889999389648438,17.0,16.8799991607666,17.0,13.378525733947754,30400
2016-03-24,16.989999771118164,17.059999465942383,16.920000076293945,16.979999542236328,13.362788200378418,21700
2016-03-28,16.950000762939453,16.979999542236328,16.920000076293945,16.969999313354492,13.354917526245117,16600
2016-03-29,16.940000534057617,17.010000228881836,16.940000534057617,17.0,13.378525733947754,31400
2016-03-30,17.0,17.040000915527344,16.989999771118164,17.040000915527344,13.410008430480957,19900
2016-03-31,16.989999771118164,17.09000015258789,16.989999771118164,17.040000915527344,13.410008430480957,16200
2016-04-01,16.989999771118164,17.06999969482422,16.989999771118164,17.049999237060547,13.417880058288574,20000
2016-04-04,17.06999969482422,17.100000381469727,17.049999237060547,17.09000015258789,13.449355125427246,20000
2016-04-05,17.100000381469727,17.18000030517578,17.09000015258789,17.18000030517578,13.520183563232422,25200
2016-04-06,17.110000610351562,17.239999771118164,17.110000610351562,17.219999313354492,13.551665306091309,29200
2016-04-07,17.110000610351562,17.440000534057617,17.110000610351562,17.420000076293945,13.709050178527832,44000
2016-04-08,17.420000076293945,17.489999771118164,17.219999313354492,17.270000457763672,13.591010093688965,26200
2016-04-11,17.260000228881836,17.350000381469727,17.200000762939453,17.350000381469727,13.653971672058105,30800
2016-04-12,17.34000015258789,17.600000381469727,17.31999969482422,17.59000015258789,13.842842102050781,68900
2016-04-13,17.559999465942383,17.65999984741211,17.3799991607666,17.549999237060547,13.876834869384766,50800
2016-04-14,17.459999084472656,17.549999237060547,17.459999084472656,17.5,13.83730411529541,14300
2016-04-15,17.540000915527344,17.68000030517578,17.479999542236328,17.68000030517578,13.979635238647461,21400
2016-04-18,17.600000381469727,17.790000915527344,17.600000381469727,17.670000076293945,13.971724510192871,55800
2016-04-19,17.6299991607666,17.729999542236328,17.540000915527344,17.690000534057617,13.98753833770752,86000
2016-04-20,17.670000076293945,17.75,17.549999237060547,17.639999389648438,13.948010444641113,23400
2016-04-21,17.6200008392334,17.649999618530273,17.540000915527344,17.559999465942383,13.884749412536621,15000
2016-04-22,17.540000915527344,17.649999618530273,17.520000457763672,17.520000457763672,13.853126525878906,16700
2016-04-25,17.520000457763672,17.540000915527344,17.350000381469727,17.450000762939453,13.797773361206055,28700
2016-04-26,17.399999618530273,17.489999771118164,17.360000610351562,17.360000610351562,13.726608276367188,17100
2016-04-27,17.25,17.350000381469727,17.229999542236328,17.31999969482422,13.694978713989258,30400
2016-04-28,17.260000228881836,17.360000610351562,17.239999771118164,17.350000381469727,13.718704223632812,26700
2016-04-29,17.31999969482422,17.3799991607666,17.31999969482422,17.3799991607666,13.742422103881836,19100
2016-05-02,17.350000381469727,17.40999984741211,17.309999465942383,17.40999984741211,13.766143798828125,44700
2016-05-03,17.399999618530273,17.43000030517578,17.31999969482422,17.389999389648438,13.750324249267578,41800
2016-05-04,17.350000381469727,17.399999618530273,17.239999771118164,17.350000381469727,13.718704223632812,45900
2016-05-05,17.350000381469727,17.399999618530273,17.260000228881836,17.399999618530273,13.758241653442383,39900
2016-05-06,17.399999618530273,17.43000030517578,17.34000015258789,17.399999618530273,13.758241653442383,33900
2016-05-09,17.420000076293945,17.420000076293945,17.329999923706055,17.350000381469727,13.718704223632812,38600
2016-05-10,17.360000610351562,17.389999389648438,17.31999969482422,17.329999923706055,13.702889442443848,31800
2016-05-11,17.31999969482422,17.389999389648438,17.309999465942383,17.3700008392334,13.734516143798828,41700
2016-05-12,17.309999465942383,17.399999618530273,17.219999313354492,17.360000610351562,13.792516708374023,22800
2016-05-13,17.34000015258789,17.43000030517578,17.34000015258789,17.389999389648438,13.81634521484375,29500
2016-05-16,17.3799991607666,17.389999389648438,17.34000015258789,17.3700008392334,13.800458908081055,12000
2016-05-17,17.329999923706055,17.3799991607666,17.260000228881836,17.270000457763672,13.721007347106934,26300
2016-05-18,17.270000457763672,17.31999969482422,17.209999084472656,17.209999084472656,13.67333698272705,41300
2016-05-19,17.18000030517578,17.200000762939453,16.860000610351562,16.899999618530273,13.427043914794922,78400
2016-05-20,16.860000610351562,17.09000015258789,16.860000610351562,17.06999969482422,13.562108039855957,21600
2016-05-23,17.110000610351562,17.209999084472656,17.06999969482422,17.170000076293945,13.641558647155762,19100
2016-05-24,17.190000534057617,17.229999542236328,17.1200008392334,17.200000762939453,13.665392875671387,22100
2016-05-25,17.110000610351562,17.229999542236328,17.110000610351562,17.149999618530273,13.6256685256958,53400
2016-05-26,17.190000534057617,17.31999969482422,17.15999984741211,17.25,13.705119132995605,63100
2016-05-27,17.239999771118164,17.260000228881836,17.100000381469727,17.200000762939453,13.665392875671387,53900
2016-05-31,17.049999237060547,17.1200008392334,17.0,17.010000228881836,13.514439582824707,43000
2016-06-01,17.110000610351562,17.239999771118164,17.030000686645508,17.190000534057617,13.657450675964355,25800
2016-06-02,17.260000228881836,17.299999237060547,17.1299991607666,17.270000457763672,13.721007347106934,31900
2016-06-03,17.350000381469727,17.420000076293945,17.299999237060547,17.389999389648438,13.81634521484375,48200
2016-06-06,17.40999984741211,17.420000076293945,17.329999923706055,17.3700008392334,13.800458908081055,27700
2016-06-07,17.389999389648438,17.450000762939453,17.389999389648438,17.440000534057617,13.856073379516602,16000
2016-06-08,17.399999618530273,17.56999969482422,17.309999465942383,17.540000915527344,13.935529708862305,56200
2016-06-09,17.549999237060547,17.579999923706055,17.459999084472656,17.549999237060547,13.943469047546387,25300
2016-06-10,17.540000915527344,17.770000457763672,17.540000915527344,17.6299991607666,14.00702953338623,43100
2016-06-13,17.6200008392334,17.739999771118164,17.600000381469727,17.6200008392334,14.062095642089844,22000
2016-06-14,17.739999771118164,18.280000686645508,17.579999923706055,18.06999969482422,14.421233177185059,237300
2016-06-15,18.020000457763672,18.420000076293945,17.8799991607666,18.209999084472656,14.532959938049316,137800
2016-06-16,18.15999984741211,18.270000457763672,18.1200008392334,18.149999618530273,14.485079765319824,61400
2016-06-17,18.149999618530273,18.260000228881836,18.079999923706055,18.209999084472656,14.532959938049316,33800
2016-06-20,18.1200008392334,18.40999984741211,18.1200008392334,18.34000015258789,14.636713981628418,72400
2016-06-21,18.639999389648438,18.639999389648438,18.299999237060547,18.3700008392334,14.66065502166748,92000
2016-06-22,18.190000534057617,18.3799991607666,18.15999984741211,18.219999313354492,14.540943145751953,86900
2016-06-23,18.350000381469727,18.350000381469727,17.969999313354492,18.010000228881836,14.373343467712402,45700
2016-06-24,17.93000030517578,18.200000762939453,17.90999984741211,18.06999969482422,14.421233177185059,31900
2016-06-27,18.100000381469727,18.1200008392334,18.010000228881836,18.020000457763672,14.381327629089355,25400
2016-06-28,18.06999969482422,18.15999984741211,18.010000228881836,18.020000457763672,14.381327629089355,32500
2016-06-29,18.1299991607666,18.290000915527344,18.06999969482422,18.200000762939453,14.524984359741211,32500
2016-06-30,18.219999313354492,18.299999237060547,18.170000076293945,18.200000762939453,14.524984359741211,25900
2016-07-01,18.3700008392334,18.389999389648438,18.229999542236328,18.389999389648438,14.676617622375488,40900
2016-07-05,18.389999389648438,18.40999984741211,18.219999313354492,18.299999237060547,14.604787826538086,43700
2016-07-06,18.25,18.43000030517578,18.25,18.329999923706055,14.628726959228516,16500
2016-07-07,18.5,18.5,18.3799991607666,18.440000534057617,14.716520309448242,23900
2016-07-08,18.360000610351562,18.59000015258789,18.31999969482422,18.520000457763672,14.780363082885742,51000
2016-07-11,18.520000457763672,18.520000457763672,18.280000686645508,18.280000686645508,14.588828086853027,50800
2016-07-12,18.31999969482422,18.350000381469727,18.079999923706055,18.079999923706055,14.429208755493164,31700
2016-07-13,18.020000457763672,18.229999542236328,17.6200008392334,17.649999618530273,14.147856712341309,110300
2016-07-14,17.670000076293945,17.68000030517578,17.06999969482422,17.190000534057617,13.779133796691895,159900
2016-07-15,17.239999771118164,17.450000762939453,17.190000534057617,17.43000030517578,13.971511840820312,55700
2016-07-18,17.510000228881836,17.709999084472656,17.510000228881836,17.59000015258789,14.099763870239258,50300
2016-07-19,17.700000762939453,17.75,17.510000228881836,17.670000076293945,14.163887977600098,20500
2016-07-20,17.729999542236328,17.780000686645508,17.709999084472656,17.719999313354492,14.203965187072754,38200
2016-07-21,17.770000457763672,17.899999618530273,17.719999313354492,17.780000686645508,14.25206184387207,43200
2016-07-22,17.729999542236328,17.790000915527344,17.719999313354492,17.719999313354492,14.203965187072754,9000
2016-07-25,17.729999542236328,17.81999969482422,17.729999542236328,17.729999542236328,14.211980819702148,18300
2016-07-26,17.739999771118164,17.93000030517578,17.739999771118164,17.93000030517578,14.372302055358887,28000
2016-07-27,17.969999313354492,17.989999771118164,17.889999389648438,17.899999618530273,14.34825325012207,29700
2016-07-28,17.8700008392334,18.0,17.8700008392334,17.959999084472656,14.396339416503906,20300
2016-07-29,18.010000228881836,18.110000610351562,18.0,18.06999969482422,14.484524726867676,16700
2016-08-01,18.09000015258789,18.1299991607666,18.030000686645508,18.100000381469727,14.508564949035645,23800
2016-08-02,18.25,18.25,17.899999618530273,18.010000228881836,14.436424255371094,24000
2016-08-03,17.989999771118164,18.149999618530273,17.979999542236328,18.09000015258789,14.500553131103516,18400
2016-08-04,18.170000076293945,18.170000076293945,17.989999771118164,18.010000228881836,14.436424255371094,19800
2016-08-05,18.09000015258789,18.09000015258789,17.90999984741211,17.90999984741211,14.356269836425781,29600
2016-08-08,18.040000915527344,18.100000381469727,17.969999313354492,18.06999969482422,14.484524726867676,19000
2016-08-09,18.059999465942383,18.100000381469727,17.969999313354492,17.989999771118164,14.420394897460938,12600
2016-08-10,17.950000762939453,18.170000076293945,17.93000030517578,17.989999771118164,14.420394897460938,25200
2016-08-11,18.049999237060547,18.049999237060547,17.93000030517578,17.93000030517578,14.435693740844727,22000
2016-08-12,18.030000686645508,18.079999923706055,17.90999984741211,17.959999084472656,14.459836959838867,25300
2016-08-15,18.100000381469727,18.100000381469727,17.899999618530273,17.90999984741211,14.41958999633789,11000
2016-08-16,18.040000915527344,18.040000915527344,17.799999237060547,17.799999237060547,14.331027030944824,10400
2016-08-17,17.889999389648438,17.889999389648438,17.610000610351562,17.610000610351562,14.17805290222168,50600
2016-08-18,17.700000762939453,17.700000762939453,17.399999618530273,17.56999969482422,14.145848274230957,24300
2016-08-19,17.600000381469727,17.600000381469727,17.469999313354492,17.479999542236328,14.073391914367676,20100
2016-08-22,17.5,17.56999969482422,17.489999771118164,17.510000228881836,14.097540855407715,28700
2016-08-23,17.579999923706055,17.579999923706055,17.479999542236328,17.549999237060547,14.129745483398438,32500
2016-08-24,17.489999771118164,17.579999923706055,17.389999389648438,17.43000030517578,14.033136367797852,33300
2016-08-25,17.389999389648438,17.43000030517578,17.31999969482422,17.40999984741211,14.017032623291016,30800
2016-08-26,17.3700008392334,17.3799991607666,17.270000457763672,17.3799991607666,13.992877960205078,39600
2016-08-29,17.420000076293945,17.459999084472656,17.350000381469727,17.389999389648438,14.00092601776123,13000
2016-08-30,17.40999984741211,17.450000762939453,17.309999465942383,17.34000015258789,13.96066951751709,21900
2016-08-31,17.350000381469727,17.3799991607666,17.239999771118164,17.329999923706055,13.95262336730957,42900
2016-09-01,17.3700008392334,17.3799991607666,17.299999237060547,17.329999923706055,13.95262336730957,21000
2016-09-02,17.350000381469727,17.350000381469727,17.299999237060547,17.299999237060547,13.92846965789795,9500
2016-09-06,17.31999969482422,17.469999313354492,17.31999969482422,17.440000534057617,14.04118537902832,22000
2016-09-07,17.469999313354492,17.469999313354492,17.329999923706055,17.329999923706055,13.95262336730957,39800
2016-09-08,17.309999465942383,17.389999389648438,17.290000915527344,17.290000915527344,13.920419692993164,25300
2016-09-09,17.25,17.34000015258789,16.899999618530273,17.049999237060547,13.727188110351562,93400
2016-09-12,16.969999313354492,17.1299991607666,16.959999084472656,17.1299991607666,13.791600227355957,81400
2016-09-13,17.06999969482422,17.079999923706055,16.90999984741211,16.90999984741211,13.677553176879883,15600
2016-09-14,16.989999771118164,17.09000015258789,16.90999984741211,17.079999923706055,13.815055847167969,33700
2016-09-15,17.030000686645508,17.09000015258789,17.0,17.079999923706055,13.815055847167969,8700
2016-09-16,17.020000457763672,17.040000915527344,16.8799991607666,16.889999389648438,13.66137981414795,37400
2016-09-19,17.030000686645508,17.049999237060547,16.93000030517578,16.93000030517578,13.693729400634766,16300
2016-09-20,17.0,17.0,16.889999389648438,16.90999984741211,13.677553176879883,25200
2016-09-21,16.959999084472656,17.0,16.84000015258789,17.0,13.750347137451172,45200
2016-09-22,17.110000610351562,17.229999542236328,17.079999923706055,17.1299991607666,13.855498313903809,48100
2016-09-23,17.190000534057617,17.190000534057617,16.989999771118164,17.020000457763672,13.766529083251953,36400
2016-09-26,17.06999969482422,17.1299991607666,17.0,17.0,13.750347137451172,27400
2016-09-27,17.020000457763672,17.1200008392334,17.0,17.020000457763672,13.766529083251953,23800
2016-09-28,17.209999084472656,17.270000457763672,17.1299991607666,17.260000228881836,13.96064567565918,39200
2016-09-29,17.290000915527344,17.290000915527344,17.040000915527344,17.100000381469727,13.831239700317383,39400
2016-09-30,17.030000686645508,17.139999389648438,17.030000686645508,17.139999389648438,13.86358642578125,17800
2016-10-03,17.15999984741211,17.15999984741211,17.06999969482422,17.06999969482422,13.806967735290527,14500
2016-10-04,17.06999969482422,17.09000015258789,16.899999618530273,16.90999984741211,13.677553176879883,44700
2016-10-05,17.010000228881836,17.010000228881836,16.84000015258789,16.889999389648438,13.66137981414795,24700
2016-10-06,16.809999465942383,16.889999389648438,16.790000915527344,16.850000381469727,13.629024505615234,26000
2016-10-07,16.90999984741211,16.90999984741211,16.760000228881836,16.770000457763672,13.564313888549805,14700
2016-10-10,16.770000457763672,16.950000762939453,16.770000457763672,16.8700008392334,13.645198822021484,24400
2016-10-11,16.8700008392334,16.8700008392334,16.760000228881836,16.809999465942383,13.59666919708252,41700
2016-10-12,16.729999542236328,16.729999542236328,16.5,16.530000686645508,13.433320045471191,51300
2016-10-13,16.540000915527344,16.540000915527344,16.280000686645508,16.389999389648438,13.319551467895508,64500
2016-10-14,16.3799991607666,16.3799991607666,16.06999969482422,16.110000610351562,13.092005729675293,102200
2016-10-17,16.110000610351562,16.139999389648438,15.850000381469727,15.850000381469727,12.880711555480957,142700
2016-10-18,15.9399995803833,16.079999923706055,15.859999656677246,15.960000038146973,12.97010612487793,48000
2016-10-19,16.059999465942383,16.770000457763672,16.030000686645508,16.290000915527344,13.23828125,49900
2016-10-20,16.34000015258789,16.489999771118164,16.34000015258789,16.399999618530273,13.327675819396973,7400
2016-10-21,16.5,16.559999465942383,16.479999542236328,16.559999465942383,13.457703590393066,23000
2016-10-24,16.56999969482422,16.6299991607666,16.530000686645508,16.540000915527344,13.441452026367188,16800
2016-10-25,16.6200008392334,16.670000076293945,16.579999923706055,16.670000076293945,13.54709243774414,16100
2016-10-26,16.729999542236328,16.729999542236328,16.469999313354492,16.469999313354492,13.384566307067871,28300
2016-10-27,16.3700008392334,16.450000762939453,16.219999313354492,16.260000228881836,13.213905334472656,27300
2016-10-28,16.350000381469727,16.350000381469727,16.170000076293945,16.18000030517578,13.148894309997559,18800
2016-10-31,16.260000228881836,16.260000228881836,16.1299991607666,16.139999389648438,13.116384506225586,24900
2016-11-01,16.18000030517578,16.18000030517578,16.059999465942383,16.1200008392334,13.100132942199707,28700
2016-11-02,16.1299991607666,16.309999465942383,16.1299991607666,16.18000030517578,13.148894309997559,33000
2016-11-03,16.1200008392334,16.420000076293945,16.1200008392334,16.229999542236328,13.189521789550781,9400
2016-11-04,16.239999771118164,16.459999084472656,16.219999313354492,16.219999313354492,13.181397438049316,17800
2016-11-07,16.260000228881836,16.329999923706055,16.25,16.280000686645508,13.230159759521484,21000
2016-11-08,16.25,16.34000015258789,16.25,16.309999465942383,13.254537582397461,5900
2016-11-09,16.260000228881836,16.260000228881836,16.0,16.110000610351562,13.092005729675293,40900
2016-11-10,16.020000457763672,16.040000915527344,15.770000457763672,15.819999694824219,12.919687271118164,60800
2016-11-11,15.75,15.75,15.600000381469727,15.630000114440918,12.764520645141602,53300
2016-11-14,15.600000381469727,15.600000381469727,15.0,15.020000457763672,12.266350746154785,189600
2016-11-15,15.079999923706055,15.470000267028809,15.079999923706055,15.470000267028809,12.6338529586792,56700
2016-11-16,15.4399995803833,15.569999694824219,15.239999771118164,15.260000228881836,12.46235466003418,62000
2016-11-17,15.289999961853027,15.3100004196167,15.100000381469727,15.109999656677246,12.339856147766113,60500
2016-11-18,15.100000381469727,15.140000343322754,15.0,15.0,12.250017166137695,97300
2016-11-21,15.0,15.199999809265137,15.0,15.199999809265137,12.413352012634277,69000
2016-11-22,15.199999809265137,15.270000457763672,15.130000114440918,15.15999984741211,12.380685806274414,43700
2016-11-23,15.020000457763672,15.140000343322754,15.020000457763672,15.100000381469727,12.331687927246094,26300
2016-11-25,15.050000190734863,15.119999885559082,15.029999732971191,15.109999656677246,12.339856147766113,50900
2016-11-28,15.079999923706055,15.180000305175781,15.020000457763672,15.0600004196167,12.299019813537598,68800
2016-11-29,15.050000190734863,15.210000038146973,15.039999961853027,15.210000038146973,12.421523094177246,49100
2016-11-30,15.15999984741211,15.15999984741211,15.0,15.130000114440918,12.356188774108887,78100
2016-12-01,15.119999885559082,15.119999885559082,14.739999771118164,14.880000114440918,12.152018547058105,134100
2016-12-02,14.800000190734863,14.930000305175781,14.800000190734863,14.930000305175781,12.192854881286621,43100
2016-12-05,14.869999885559082,15.09000015258789,14.869999885559082,15.0,12.250017166137695,42100
2016-12-06,14.960000038146973,15.220000267028809,14.960000038146973,15.220000267028809,12.4296875,39600
2016-12-07,15.180000305175781,15.510000228881836,15.180000305175781,15.449999809265137,12.617520332336426,119600
2016-12-08,15.34000015258789,15.34000015258789,15.170000076293945,15.1899995803833,12.47056770324707,42200
2016-12-09,15.100000381469727,15.220000267028809,14.899999618530273,15.0,12.314580917358398,101000
2016-12-12,14.899999618530273,15.0,14.899999618530273,14.930000305175781,12.257115364074707,108400
2016-12-13,14.9399995803833,15.180000305175781,14.9399995803833,15.140000343322754,12.429513931274414,114000
2016-12-14,15.180000305175781,15.260000228881836,15.130000114440918,15.239999771118164,12.511612892150879,117400
2016-12-15,15.180000305175781,15.180000305175781,15.0600004196167,15.069999694824219,12.372049331665039,44200
2016-12-16,15.020000457763672,15.140000343322754,14.989999771118164,15.109999656677246,12.404888153076172,43500
2016-12-19,15.09000015258789,15.199999809265137,15.09000015258789,15.149999618530273,12.437728881835938,44600
2016-12-20,15.069999694824219,15.15999984741211,15.0,15.069999694824219,12.372049331665039,62200
2016-12-21,15.140000343322754,15.180000305175781,15.079999923706055,15.079999923706055,12.38025951385498,64700
2016-12-22,15.09000015258789,15.130000114440918,15.0600004196167,15.09000015258789,12.388469696044922,75200
2016-12-23,15.09000015258789,15.1899995803833,15.050000190734863,15.149999618530273,12.437728881835938,58000
2016-12-27,15.170000076293945,15.220000267028809,15.020000457763672,15.109999656677246,12.404888153076172,148100
2016-12-28,15.0600004196167,15.210000038146973,15.050000190734863,15.170000076293945,12.454144477844238,90500
2016-12-29,15.15999984741211,15.260000228881836,15.119999885559082,15.1899995803833,12.47056770324707,77100
2016-12-30,15.199999809265137,15.25,15.15999984741211,15.239999771118164,12.511612892150879,50800
2017-01-03,15.34000015258789,15.34000015258789,15.260000228881836,15.34000015258789,12.593711853027344,102400
2017-01-04,15.3100004196167,15.390000343322754,15.3100004196167,15.359999656677246,12.610133171081543,96000
2017-01-05,15.399999618530273,15.489999771118164,15.390000343322754,15.460000038146973,12.69222640991211,87000
2017-01-06,15.529999732971191,15.539999961853027,15.399999618530273,15.510000228881836,12.733278274536133,180700
2017-01-09,15.649999618530273,15.789999961853027,15.640000343322754,15.670000076293945,12.864632606506348,44000
2017-01-10,15.800000190734863,15.90999984741211,15.649999618530273,15.760000228881836,12.938520431518555,39500
2017-01-11,15.800000190734863,15.800000190734863,15.569999694824219,15.609999656677246,12.8799409866333,32400
2017-01-12,15.6899995803833,15.699999809265137,15.600000381469727,15.630000114440918,12.896440505981445,39100
2017-01-13,15.6899995803833,15.6899995803833,15.600000381469727,15.670000076293945,12.929444313049316,48200
2017-01-17,15.770000457763672,15.789999961853027,15.65999984741211,15.779999732971191,13.020207405090332,30200
2017-01-18,15.729999542236328,15.819999694824219,15.710000038146973,15.779999732971191,13.020207405090332,40700
2017-01-19,15.869999885559082,15.869999885559082,15.649999618530273,15.789999961853027,13.028453826904297,93600
2017-01-20,15.800000190734863,15.800000190734863,15.579999923706055,15.710000038146973,12.96245002746582,93200
2017-01-23,15.710000038146973,15.739999771118164,15.6899995803833,15.710000038146973,12.96245002746582,22800
2017-01-24,15.609999656677246,15.680000305175781,15.579999923706055,15.680000305175781,12.93769359588623,40600
2017-01-25,15.770000457763672,15.770000457763672,15.6899995803833,15.720000267028809,12.97070026397705,63600
2017-01-26,15.710000038146973,15.800000190734863,15.670000076293945,15.770000457763672,13.011955261230469,16000
2017-01-27,15.829999923706055,15.920000076293945,15.770000457763672,15.920000076293945,13.135722160339355,21100
2017-01-30,15.850000381469727,16.040000915527344,15.850000381469727,16.010000228881836,13.209980964660645,28500
2017-01-31,16.040000915527344,16.200000762939453,16.040000915527344,16.200000762939453,13.366751670837402,28100
2017-02-01,16.149999618530273,16.229999542236328,16.09000015258789,16.190000534057617,13.358500480651855,37000
2017-02-02,16.1299991607666,16.280000686645508,16.1299991607666,16.239999771118164,13.399755477905273,42900
2017-02-03,16.299999237060547,16.389999389648438,16.25,16.350000381469727,13.490514755249023,42500
2017-02-06,16.350000381469727,16.389999389648438,16.239999771118164,16.239999771118164,13.399755477905273,36200
2017-02-07,16.239999771118164,16.31999969482422,16.239999771118164,16.25,13.40800666809082,23100
2017-02-08,16.280000686645508,16.3799991607666,16.25,16.360000610351562,13.498771667480469,30100
2017-02-09,16.280000686645508,16.3799991607666,16.280000686645508,16.360000610351562,13.498771667480469,22400
2017-02-10,16.350000381469727,16.350000381469727,16.25,16.25,13.40800666809082,34500
2017-02-13,16.280000686645508,16.280000686645508,16.170000076293945,16.18000030517578,13.415471076965332,16800
2017-02-14,16.170000076293945,16.25,16.040000915527344,16.040000915527344,13.299388885498047,33000
2017-02-15,16.010000228881836,16.030000686645508,15.880000114440918,15.890000343322754,13.175019264221191,50100
2017-02-16,15.869999885559082,15.90999984741211,15.8100004196167,15.819999694824219,13.116974830627441,20800
2017-02-17,15.819999694824219,15.890000343322754,15.8100004196167,15.829999923706055,13.12526798248291,18200
2017-02-21,15.800000190734863,15.930000305175781,15.800000190734863,15.869999885559082,13.15843391418457,32000
2017-02-22,15.859999656677246,15.989999771118164,15.859999656677246,15.930000305175781,13.208184242248535,18800
2017-02-23,15.9399995803833,16.31999969482422,15.9399995803833,16.100000381469727,13.349137306213379,41800
2017-02-24,16.3700008392334,16.3700008392334,16.15999984741211,16.329999923706055,13.539839744567871,24700
2017-02-27,16.270000457763672,16.31999969482422,16.15999984741211,16.15999984741211,13.398886680603027,22700
2017-02-28,16.15999984741211,16.25,16.15999984741211,16.25,13.473509788513184,22200
2017-03-01,16.190000534057617,16.200000762939453,16.110000610351562,16.170000076293945,13.407176971435547,33000
2017-03-02,16.040000915527344,16.040000915527344,15.920000076293945,15.920000076293945,13.199892044067383,34200
2017-03-03,15.920000076293945,15.960000038146973,15.640000343322754,15.699999809265137,13.01747989654541,60500
2017-03-06,15.619999885559082,15.670000076293945,15.550000190734863,15.550000190734863,12.893113136291504,38700
2017-03-07,15.539999961853027,15.569999694824219,15.5,15.510000228881836,12.859946250915527,16400
2017-03-08,15.5,15.5,15.380000114440918,15.399999618530273,12.768741607666016,39800
2017-03-09,15.34000015258789,15.380000114440918,14.90999984741211,15.100000381469727,12.520001411437988,135300
2017-03-10,15.100000381469727,15.130000114440918,15.039999961853027,15.079999923706055,12.503416061401367,75500
2017-03-13,15.039999961853027,15.069999694824219,14.859999656677246,15.010000228881836,12.505915641784668,52400
2017-03-14,14.970000267028809,15.050000190734863,14.970000267028809,15.0,12.497581481933594,24100
2017-03-15,15.010000228881836,15.170000076293945,14.989999771118164,15.140000343322754,12.614226341247559,38200
2017-03-16,15.109999656677246,15.109999656677246,14.970000267028809,15.050000190734863,12.539243698120117,32900
2017-03-17,15.039999961853027,15.15999984741211,14.989999771118164,15.109999656677246,12.589232444763184,65200
2017-03-20,15.069999694824219,15.199999809265137,15.069999694824219,15.180000305175781,12.647557258605957,45700
2017-03-21,15.1899995803833,15.220000267028809,15.140000343322754,15.199999809265137,12.664216995239258,42800
2017-03-22,15.220000267028809,15.270000457763672,15.119999885559082,15.199999809265137,12.664216995239258,84300
2017-03-23,15.229999542236328,15.229999542236328,15.149999618530273,15.1899995803833,12.655885696411133,36500
2017-03-24,15.149999618530273,15.3100004196167,15.109999656677246,15.229999542236328,12.689216613769531,53300
2017-03-27,15.270000457763672,15.319999694824219,15.229999542236328,15.289999961853027,12.739206314086914,40000
2017-03-28,15.34000015258789,15.34000015258789,15.1899995803833,15.1899995803833,12.655885696411133,50500
2017-03-29,15.220000267028809,15.34000015258789,15.199999809265137,15.319999694824219,12.764199256896973,52200
2017-03-30,15.3100004196167,15.34000015258789,15.270000457763672,15.319999694824219,12.764199256896973,25700
2017-03-31,15.270000457763672,15.319999694824219,15.260000228881836,15.260000228881836,12.714210510253906,23700
2017-04-03,15.289999961853027,15.350000381469727,15.25,15.260000228881836,12.714210510253906,61500
2017-04-04,15.329999923706055,15.329999923706055,15.180000305175781,15.199999809265137,12.664216995239258,42100
2017-04-05,15.199999809265137,15.220000267028809,15.140000343322754,15.220000267028809,12.680882453918457,25700
2017-04-06,15.210000038146973,15.289999961853027,15.210000038146973,15.289999961853027,12.739206314086914,54100
2017-04-07,15.300000190734863,15.359999656677246,15.239999771118164,15.3100004196167,12.755863189697266,71000
2017-04-10,15.3100004196167,15.470000267028809,15.3100004196167,15.460000038146973,12.880842208862305,70900
2017-04-11,15.399999618530273,15.489999771118164,15.390000343322754,15.4399995803833,12.925211906433105,30100
2017-04-12,15.460000038146973,15.520000457763672,15.460000038146973,15.520000457763672,12.992182731628418,46000
2017-04-13,15.529999732971191,15.550000190734863,15.5,15.550000190734863,13.017294883728027,14400
2017-04-17,15.579999923706055,15.579999923706055,15.510000228881836,15.529999732971191,13.000555038452148,27500
2017-04-18,15.5,15.609999656677246,15.5,15.609999656677246,13.067521095275879,15700
2017-04-19,15.609999656677246,15.619999885559082,15.539999961853027,15.619999885559082,13.07589340209961,18000
2017-04-20,15.619999885559082,15.619999885559082,15.579999923706055,15.600000381469727,13.059152603149414,15500
2017-04-21,15.600000381469727,15.65999984741211,15.569999694824219,15.569999694824219,13.034039497375488,27900
2017-04-24,15.569999694824219,15.569999694824219,15.489999771118164,15.529999732971191,13.000555038452148,26700
2017-04-25,15.479999542236328,15.479999542236328,15.399999618530273,15.399999618530273,12.891727447509766,52000
2017-04-26,15.329999923706055,15.4399995803833,15.3100004196167,15.359999656677246,12.858240127563477,57300
2017-04-27,15.369999885559082,15.430000305175781,15.369999885559082,15.369999885559082,12.866613388061523,21700
2017-04-28,15.369999885559082,15.460000038146973,15.369999885559082,15.449999809265137,12.933581352233887,24000
2017-05-01,15.4399995803833,15.489999771118164,15.420000076293945,15.489999771118164,12.967065811157227,31400
2017-05-02,15.520000457763672,15.520000457763672,15.4399995803833,15.5,12.97544002532959,25300
2017-05-03,15.520000457763672,15.649999618530273,15.510000228881836,15.640000343322754,13.092634201049805,42300
2017-05-04,15.619999885559082,15.630000114440918,15.569999694824219,15.59000015258789,13.050782203674316,25400
2017-05-05,15.600000381469727,15.65999984741211,15.550000190734863,15.630000114440918,13.084263801574707,31600
2017-05-08,15.619999885559082,15.649999618530273,15.510000228881836,15.640000343322754,13.092634201049805,34600
2017-05-09,15.630000114440918,15.630000114440918,15.4399995803833,15.5,12.97544002532959,64500
2017-05-10,15.539999961853027,15.609999656677246,15.489999771118164,15.609999656677246,13.067521095275879,36800
2017-05-11,15.460000038146973,15.680000305175781,15.460000038146973,15.649999618530273,13.162562370300293,49600
2017-05-12,15.649999618530273,15.850000381469727,15.649999618530273,15.819999694824219,13.305541038513184,53100
2017-05-15,15.819999694824219,15.930000305175781,15.819999694824219,15.920000076293945,13.3896484375,11200
2017-05-16,15.949999809265137,16.149999618530273,15.920000076293945,16.149999618530273,13.583088874816895,63400
2017-05-17,16.1299991607666,16.18000030517578,16.0,16.0,13.45693302154541,39900
2017-05-18,16.040000915527344,16.040000915527344,15.859999656677246,15.880000114440918,13.356003761291504,39500
2017-05-19,15.899999618530273,15.899999618530273,15.6899995803833,15.710000038146973,13.213024139404297,38300
2017-05-22,15.75,15.859999656677246,15.75,15.819999694824219,13.305541038513184,21000
2017-05-23,15.819999694824219,15.869999885559082,15.8100004196167,15.819999694824219,13.305541038513184,26800
2017-05-24,15.869999885559082,15.9399995803833,15.84000015258789,15.9399995803833,13.406469345092773,24200
2017-05-25,15.970000267028809,15.979999542236328,15.829999923706055,15.869999885559082,13.347593307495117,23900
2017-05-26,15.869999885559082,15.9399995803833,15.869999885559082,15.899999618530273,13.372823715209961,18600
2017-05-30,15.960000038146973,15.960000038146973,15.859999656677246,15.859999656677246,13.339184761047363,11500
2017-05-31,15.869999885559082,16.049999237060547,15.869999885559082,16.049999237060547,13.498984336853027,31800
2017-06-01,16.09000015258789,16.1200008392334,16.040000915527344,16.1200008392334,13.557862281799316,23300
2017-06-02,16.139999389648438,16.139999389648438,15.989999771118164,16.06999969482422,13.515804290771484,22400
2017-06-05,16.059999465942383,16.059999465942383,15.970000267028809,15.970000267028809,13.431699752807617,16100
2017-06-06,16.0,16.079999923706055,16.0,16.079999923706055,13.524215698242188,12300
2017-06-07,16.079999923706055,16.079999923706055,16.020000457763672,16.030000686645508,13.482162475585938,10000
2017-06-08,16.030000686645508,16.09000015258789,15.989999771118164,16.079999923706055,13.524215698242188,21100
2017-06-09,16.100000381469727,16.100000381469727,16.0,16.010000228881836,13.465341567993164,20300
2017-06-12,16.100000381469727,16.100000381469727,16.020000457763672,16.079999923706055,13.524215698242188,19200
2017-06-13,16.059999465942383,16.059999465942383,15.960000038146973,15.979999542236328,13.501404762268066,6700
2017-06-14,16.030000686645508,16.15999984741211,15.960000038146973,15.960000038146973,13.484506607055664,41800
2017-06-15,15.9399995803833,15.9399995803833,15.850000381469727,15.869999885559082,13.408463478088379,33300
2017-06-16,15.859999656677246,16.0,15.859999656677246,15.979999542236328,13.501404762268066,34000
2017-06-19,15.979999542236328,15.989999771118164,15.920000076293945,15.920000076293945,13.450709342956543,21100
2017-06-20,15.979999542236328,16.049999237060547,15.949999809265137,15.960000038146973,13.484506607055664,24500
2017-06-21,16.049999237060547,16.049999237060547,15.979999542236328,16.030000686645508,13.543649673461914,19900
2017-06-22,16.0,16.049999237060547,15.90999984741211,15.920000076293945,13.450709342956543,22100
2017-06-23,15.869999885559082,15.970000267028809,15.869999885559082,15.949999809265137,13.476058006286621,14400
2017-06-26,16.010000228881836,16.010000228881836,15.890000343322754,15.899999618530273,13.433810234069824,7800
2017-06-27,15.890000343322754,15.920000076293945,15.710000038146973,15.75,13.307080268859863,41500
2017-06-28,15.720000267028809,15.859999656677246,15.720000267028809,15.779999732971191,13.332425117492676,23800
2017-06-29,15.710000038146973,15.770000457763672,15.699999809265137,15.729999542236328,13.290180206298828,31100
2017-06-30,15.720000267028809,15.729999542236328,15.609999656677246,15.6899995803833,13.256385803222656,40900
2017-07-03,16.010000228881836,16.010000228881836,15.729999542236328,15.800000190734863,13.349321365356445,13700
2017-07-05,15.800000190734863,15.829999923706055,15.729999542236328,15.829999923706055,13.374667167663574,19200
2017-07-06,15.819999694824219,15.819999694824219,15.680000305175781,15.75,13.307080268859863,38400
2017-07-07,15.729999542236328,15.779999732971191,15.710000038146973,15.770000457763672,13.323979377746582,12600
2017-07-10,15.699999809265137,16.0,15.699999809265137,15.850000381469727,13.391566276550293,60300
2017-07-11,15.8100004196167,15.899999618530273,15.710000038146973,15.869999885559082,13.408463478088379,33100
2017-07-12,15.819999694824219,15.850000381469727,15.819999694824219,15.819999694824219,13.42798900604248,4300
2017-07-13,15.770000457763672,15.890000343322754,15.770000457763672,15.859999656677246,13.46193790435791,11100
2017-07-14,15.90999984741211,15.949999809265137,15.899999618530273,15.9399995803833,13.529842376708984,5900
2017-07-17,15.9399995803833,15.9399995803833,15.880000114440918,15.890000343322754,13.487401962280273,3900
2017-07-18,15.850000381469727,15.890000343322754,15.84000015258789,15.84000015258789,13.444965362548828,23600
2017-07-19,15.84000015258789,15.920000076293945,15.84000015258789,15.880000114440918,13.478915214538574,9200
2017-07-20,15.880000114440918,15.890000343322754,15.819999694824219,15.84000015258789,13.444965362548828,6600
2017-07-21,15.920000076293945,15.920000076293945,15.859999656677246,15.880000114440918,13.478915214538574,8600
2017-07-24,15.920000076293945,15.920000076293945,15.819999694824219,15.819999694824219,13.42798900604248,17500
2017-07-25,15.789999961853027,15.850000381469727,15.779999732971191,15.800000190734863,13.411011695861816,23400
2017-07-26,15.75,15.850000381469727,15.75,15.850000381469727,13.45345401763916,14600
2017-07-27,15.869999885559082,15.869999885559082,15.789999961853027,15.859999656677246,13.46193790435791,9900
2017-07-28,15.829999923706055,15.949999809265137,15.829999923706055,15.930000305175781,13.521356582641602,25800
2017-07-31,15.880000114440918,16.020000457763672,15.880000114440918,16.010000228881836,13.589261054992676,22400
2017-08-01,16.049999237060547,16.09000015258789,16.020000457763672,16.09000015258789,13.657158851623535,30500
2017-08-02,16.079999923706055,16.09000015258789,16.0,16.06999969482422,13.640188217163086,13600
2017-08-03,16.06999969482422,16.100000381469727,16.0,16.010000228881836,13.589261054992676,51600
2017-08-04,16.1299991607666,16.1299991607666,15.920000076293945,15.920000076293945,13.51286792755127,30100
2017-08-07,16.010000228881836,16.010000228881836,15.890000343322754,15.9399995803833,13.529842376708984,19000
2017-08-08,15.949999809265137,15.949999809265137,15.8100004196167,15.8100004196167,13.419500350952148,30800
2017-08-09,15.819999694824219,15.899999618530273,15.720000267028809,15.729999542236328,13.351593971252441,37600
2017-08-10,15.680000305175781,15.789999961853027,15.550000190734863,15.720000267028809,13.343106269836426,44700
2017-08-11,15.579999923706055,15.760000228881836,15.520000457763672,15.760000228881836,13.439470291137695,20900
2017-08-14,15.819999694824219,15.819999694824219,15.680000305175781,15.75,13.43094253540039,8900
2017-08-15,15.729999542236328,15.729999542236328,15.609999656677246,15.649999618530273,13.34566879272461,28000
2017-08-16,15.65999984741211,15.6899995803833,15.569999694824219,15.640000343322754,13.337137222290039,27100
2017-08-17,15.65999984741211,15.729999542236328,15.630000114440918,15.640000343322754,13.337137222290039,15900
2017-08-18,15.640000343322754,15.729999542236328,15.609999656677246,15.729999542236328,13.413886070251465,19000
2017-08-21,15.729999542236328,15.829999923706055,15.710000038146973,15.819999694824219,13.490636825561523,29500
2017-08-22,15.819999694824219,15.819999694824219,15.729999542236328,15.779999732971191,13.456526756286621,37000
2017-08-23,15.800000190734863,15.800000190734863,15.75,15.760000228881836,13.439470291137695,14600
2017-08-24,15.760000228881836,15.779999732971191,15.739999771118164,15.75,13.43094253540039,20800
2017-08-25,15.720000267028809,15.760000228881836,15.710000038146973,15.75,13.43094253540039,12900
2017-08-28,15.770000457763672,15.779999732971191,15.6899995803833,15.720000267028809,13.40535831451416,22800
2017-08-29,15.729999542236328,15.8100004196167,15.729999542236328,15.779999732971191,13.456526756286621,28800
2017-08-30,15.75,15.789999961853027,15.75,15.75,13.43094253540039,6000
2017-08-31,15.75,15.800000190734863,15.75,15.800000190734863,13.473580360412598,14400
2017-09-01,15.829999923706055,15.829999923706055,15.800000190734863,15.819999694824219,13.490636825561523,8600
2017-09-05,15.84000015258789,15.859999656677246,15.8100004196167,15.8100004196167,13.482107162475586,33800
2017-09-06,15.819999694824219,15.899999618530273,15.8100004196167,15.899999618530273,13.558856010437012,20900
2017-09-07,15.880000114440918,15.90999984741211,15.779999732971191,15.800000190734863,13.473580360412598,46200
2017-09-08,15.779999732971191,15.84000015258789,15.779999732971191,15.779999732971191,13.456526756286621,13900
2017-09-11,15.84000015258789,15.84000015258789,15.770000457763672,15.770000457763672,13.447997093200684,11200
2017-09-12,15.789999961853027,15.819999694824219,15.760000228881836,15.760000228881836,13.439470291137695,21400
2017-09-13,15.760000228881836,15.850000381469727,15.760000228881836,15.800000190734863,13.473580360412598,24000
2017-09-14,15.729999542236328,15.770000457763672,15.699999809265137,15.770000457763672,13.510419845581055,16000
2017-09-15,15.670000076293945,15.760000228881836,15.670000076293945,15.710000038146973,13.459013938903809,28600
2017-09-18,15.710000038146973,15.789999961853027,15.699999809265137,15.789999961853027,13.527552604675293,35600
2017-09-19,15.760000228881836,15.770000457763672,15.710000038146973,15.739999771118164,13.484716415405273,11000
2017-09-20,15.699999809265137,15.760000228881836,15.670000076293945,15.6899995803833,13.441883087158203,17800
2017-09-21,15.640000343322754,15.729999542236328,15.640000343322754,15.640000343322754,13.399045944213867,18500
2017-09-22,15.6899995803833,15.6899995803833,15.630000114440918,15.680000305175781,13.433316230773926,9400
2017-09-25,15.649999618530273,15.739999771118164,15.649999618530273,15.65999984741211,13.416179656982422,18400
2017-09-26,15.6899995803833,15.699999809265137,15.619999885559082,15.640000343322754,13.399045944213867,10200
2017-09-27,15.59000015258789,15.619999885559082,15.550000190734863,15.550000190734863,13.321940422058105,23600
2017-09-28,15.5600004196167,15.5600004196167,15.449999809265137,15.449999809265137,13.2362699508667,38900
2017-09-29,15.470000267028809,15.489999771118164,15.449999809265137,15.479999542236328,13.261967658996582,10200
2017-10-02,15.5,15.539999961853027,15.449999809265137,15.5,13.279105186462402,28000
2017-10-03,15.449999809265137,15.539999961853027,15.449999809265137,15.529999732971191,13.304805755615234,18000
2017-10-04,15.470000267028809,15.65999984741211,15.470000267028809,15.579999923706055,13.34764289855957,31300
2017-10-05,15.5,15.579999923706055,15.5,15.550000190734863,13.321940422058105,32000
2017-10-06,15.489999771118164,15.520000457763672,15.489999771118164,15.5,13.279105186462402,25300
2017-10-09,15.510000228881836,15.539999961853027,15.5,15.5,13.279105186462402,12900
2017-10-10,15.510000228881836,15.539999961853027,15.4399995803833,15.489999771118164,13.270538330078125,28900
2017-10-11,15.470000267028809,15.539999961853027,15.470000267028809,15.510000228881836,13.28767204284668,13400
2017-10-12,15.550000190734863,15.579999923706055,15.520000457763672,15.569999694824219,13.339077949523926,11300
2017-10-13,15.550000190734863,15.550000190734863,15.479999542236328,15.5,13.341655731201172,11900
2017-10-16,15.4399995803833,15.510000228881836,15.4399995803833,15.479999542236328,13.324441909790039,6700
2017-10-17,15.520000457763672,15.520000457763672,15.479999542236328,15.479999542236328,13.324441909790039,13800
2017-10-18,15.510000228881836,15.510000228881836,15.390000343322754,15.470000267028809,13.315834045410156,34000
2017-10-19,15.460000038146973,15.489999771118164,15.420000076293945,15.4399995803833,13.290013313293457,12500
2017-10-20,15.399999618530273,15.40999984741211,15.329999923706055,15.329999923706055,13.195329666137695,32700
2017-10-23,15.329999923706055,15.399999618530273,15.319999694824219,15.390000343322754,13.246976852416992,26200
2017-10-24,15.350000381469727,15.390000343322754,15.300000190734863,15.329999923706055,13.195329666137695,21600
2017-10-25,15.300000190734863,15.34000015258789,15.229999542236328,15.229999542236328,13.109253883361816,26400
2017-10-26,15.229999542236328,15.25,15.15999984741211,15.199999809265137,13.083433151245117,36100
2017-10-27,15.270000457763672,15.270000457763672,15.100000381469727,15.109999656677246,13.005965232849121,34900
2017-10-30,15.260000228881836,15.260000228881836,15.15999984741211,15.220000267028809,13.10064697265625,23000
2017-10-31,15.260000228881836,15.270000457763672,15.180000305175781,15.210000038146973,13.092041015625,31300
2017-11-01,15.199999809265137,15.359999656677246,15.199999809265137,15.210000038146973,13.092041015625,44800
2017-11-02,15.229999542236328,15.329999923706055,15.210000038146973,15.329999923706055,13.195329666137695,27300
2017-11-03,15.300000190734863,15.329999923706055,15.270000457763672,15.329999923706055,13.195329666137695,14000
2017-11-06,15.329999923706055,15.479999542236328,15.329999923706055,15.470000267028809,13.315834045410156,54300
2017-11-07,15.449999809265137,15.550000190734863,15.420000076293945,15.550000190734863,13.38469409942627,21100
2017-11-08,15.600000381469727,15.600000381469727,15.529999732971191,15.579999923706055,13.41051959991455,14800
2017-11-09,15.600000381469727,15.600000381469727,15.489999771118164,15.489999771118164,13.333050727844238,21500
2017-11-10,15.489999771118164,15.600000381469727,15.489999771118164,15.600000381469727,13.42773151397705,12300
2017-11-13,15.600000381469727,15.649999618530273,15.5600004196167,15.649999618530273,13.470772743225098,28400
2017-11-14,15.520000457763672,15.649999618530273,15.520000457763672,15.649999618530273,13.53390121459961,66700
2017-11-15,15.579999923706055,15.779999732971191,15.579999923706055,15.640000343322754,13.525251388549805,53100
2017-11-16,15.640000343322754,15.640000343322754,15.5600004196167,15.5600004196167,13.456070899963379,15500
2017-11-17,15.550000190734863,15.630000114440918,15.5,15.5,13.404181480407715,27100
2017-11-20,15.5,15.529999732971191,15.449999809265137,15.470000267028809,13.378239631652832,15000
2017-11-21,15.460000038146973,15.5600004196167,15.460000038146973,15.529999732971191,13.43012523651123,13300
2017-11-22,15.649999618530273,15.649999618530273,15.479999542236328,15.5,13.404181480407715,32200
2017-11-24,15.470000267028809,15.539999961853027,15.470000267028809,15.529999732971191,13.43012523651123,1800
2017-11-27,15.479999542236328,15.520000457763672,15.449999809265137,15.470000267028809,13.378239631652832,17400
2017-11-28,15.399999618530273,15.479999542236328,15.399999618530273,15.420000076293945,13.334997177124023,22200
2017-11-29,15.420000076293945,15.449999809265137,15.369999885559082,15.430000305175781,13.343646049499512,13100
2017-11-30,15.520000457763672,15.520000457763672,15.4399995803833,15.5,13.404181480407715,7400
2017-12-01,15.649999618530273,15.649999618530273,15.5,15.539999961853027,13.438774108886719,10500
2017-12-04,15.649999618530273,15.649999618530273,15.430000305175781,15.449999809265137,13.360941886901855,60500
2017-12-05,15.460000038146973,15.670000076293945,15.460000038146973,15.65999984741211,13.542548179626465,30500
2017-12-06,15.65999984741211,15.770000457763672,15.640000343322754,15.65999984741211,13.542548179626465,17600
2017-12-07,15.600000381469727,15.630000114440918,15.579999923706055,15.600000381469727,13.490660667419434,69000
2017-12-08,15.600000381469727,15.619999885559082,15.5600004196167,15.569999694824219,13.464716911315918,29200
2017-12-11,15.5,15.600000381469727,15.5,15.539999961853027,13.50382137298584,17200
2017-12-12,15.550000190734863,15.5600004196167,15.449999809265137,15.449999809265137,13.425612449645996,32500
2017-12-13,15.529999732971191,15.539999961853027,15.4399995803833,15.479999542236328,13.45168399810791,26800
2017-12-14,15.430000305175781,15.59000015258789,15.430000305175781,15.479999542236328,13.45168399810791,59600
2017-12-15,15.430000305175781,15.510000228881836,15.399999618530273,15.40999984741211,13.390854835510254,43400
2017-12-18,15.470000267028809,15.510000228881836,15.359999656677246,15.359999656677246,13.347403526306152,31900
2017-12-19,15.329999923706055,15.359999656677246,15.1899995803833,15.25,13.25181770324707,38900
2017-12-20,15.199999809265137,15.34000015258789,15.15999984741211,15.319999694824219,13.31264877319336,49100
2017-12-21,15.3100004196167,15.359999656677246,15.149999618530273,15.239999771118164,13.24312686920166,51800
2017-12-22,15.210000038146973,15.380000114440918,15.199999809265137,15.34000015258789,13.330021858215332,26100
2017-12-26,15.25,15.380000114440918,15.25,15.369999885559082,13.356097221374512,44600
2017-12-27,15.380000114440918,15.449999809265137,15.359999656677246,15.390000343322754,13.3734769821167,52600
2017-12-28,15.539999961853027,15.539999961853027,15.3100004196167,15.34000015258789,13.330021858215332,46900
2017-12-29,15.470000267028809,15.619999885559082,15.359999656677246,15.449999809265137,13.425612449645996,48000
2018-01-02,15.5600004196167,15.5600004196167,15.430000305175781,15.449999809265137,13.425612449645996,29600
2018-01-03,15.529999732971191,15.529999732971191,15.460000038146973,15.5,13.469060897827148,28300
2018-01-04,15.4399995803833,15.5600004196167,15.4399995803833,15.520000457763672,13.486442565917969,39300
2018-01-05,15.729999542236328,15.729999542236328,15.529999732971191,15.640000343322754,13.590716361999512,30900
2018-01-08,15.75,15.75,15.640000343322754,15.680000305175781,13.62547492980957,22700
2018-01-09,15.619999885559082,15.75,15.619999885559082,15.75,13.686305046081543,16400
2018-01-10,15.880000114440918,15.899999618530273,15.640000343322754,15.829999923706055,13.755825996398926,40300
2018-01-11,15.770000457763672,15.850000381469727,15.770000457763672,15.8100004196167,13.738444328308105,35500
2018-01-12,15.699999809265137,15.699999809265137,15.40999984741211,15.4399995803833,13.479161262512207,56800
2018-01-16,15.5,15.5,15.369999885559082,15.420000076293945,13.461698532104492,29400
2018-01-17,15.420000076293945,15.4399995803833,15.329999923706055,15.399999618530273,13.444242477416992,21300
2018-01-18,15.300000190734863,15.40999984741211,15.289999961853027,15.289999961853027,13.348213195800781,41300
2018-01-19,15.25,15.420000076293945,15.25,15.40999984741211,13.452969551086426,28000
2018-01-22,15.420000076293945,15.420000076293945,15.359999656677246,15.390000343322754,13.435513496398926,30400
2018-01-23,15.420000076293945,15.479999542236328,15.369999885559082,15.479999542236328,13.514082908630371,17700
2018-01-24,15.539999961853027,15.539999961853027,15.399999618530273,15.399999618530273,13.444242477416992,46500
2018-01-25,15.399999618530273,15.40999984741211,15.289999961853027,15.289999961853027,13.348213195800781,34500
2018-01-26,15.350000381469727,15.350000381469727,15.15999984741211,15.220000267028809,13.287103652954102,44100
2018-01-29,15.140000343322754,15.149999618530273,14.979999542236328,15.039999961853027,13.129962921142578,75900
2018-01-30,15.149999618530273,15.149999618530273,14.920000076293945,15.0,13.095039367675781,65400
2018-01-31,14.930000305175781,15.020000457763672,14.920000076293945,14.989999771118164,13.086312294006348,73700
2018-02-01,15.25,15.25,14.9399995803833,14.949999809265137,13.051390647888184,45200
2018-02-02,14.9399995803833,14.9399995803833,14.869999885559082,14.899999618530273,13.007739067077637,31400
2018-02-05,14.800000190734863,14.949999809265137,14.550000190734863,14.640000343322754,12.78076171875,99100
2018-02-06,14.539999961853027,14.739999771118164,14.539999961853027,14.710000038146973,12.841869354248047,41900
2018-02-07,14.739999771118164,14.920000076293945,14.739999771118164,14.880000114440918,12.990278244018555,48900
2018-02-08,14.869999885559082,14.9399995803833,14.850000381469727,14.920000076293945,13.025199890136719,32800
2018-02-09,14.9399995803833,14.9399995803833,14.789999961853027,14.800000190734863,12.920440673828125,21700
2018-02-12,14.800000190734863,14.890000343322754,14.75,14.75,12.876791954040527,58800
2018-02-13,14.739999771118164,14.9399995803833,14.739999771118164,14.890000343322754,12.99901008605957,40600
2018-02-14,14.970000267028809,14.970000267028809,14.770000457763672,14.770000457763672,12.95777702331543,15100
2018-02-15,14.770000457763672,14.90999984741211,14.770000457763672,14.84000015258789,13.019190788269043,26000
2018-02-16,14.850000381469727,14.890000343322754,14.850000381469727,14.859999656677246,13.036733627319336,21800
2018-02-20,14.829999923706055,14.90999984741211,14.829999923706055,14.829999923706055,13.010412216186523,31200
2018-02-21,14.84000015258789,14.859999656677246,14.8100004196167,14.8100004196167,12.99286937713623,26900
2018-02-22,14.8100004196167,14.899999618530273,14.779999732971191,14.779999732971191,12.966548919677734,26700
2018-02-23,14.760000228881836,14.930000305175781,14.760000228881836,14.930000305175781,13.098145484924316,20500
2018-02-26,14.930000305175781,14.9399995803833,14.880000114440918,14.920000076293945,13.089372634887695,11600
2018-02-27,14.899999618530273,14.960000038146973,14.859999656677246,14.90999984741211,13.08060073852539,16400
2018-02-28,14.899999618530273,14.979999542236328,14.869999885559082,14.979999542236328,13.142010688781738,17200
2018-03-01,15.0,15.039999961853027,14.949999809265137,15.039999961853027,13.194647789001465,26900
2018-03-02,14.920000076293945,15.109999656677246,14.789999961853027,15.109999656677246,13.256059646606445,83000
2018-03-05,15.25,15.270000457763672,15.119999885559082,15.199999809265137,13.335018157958984,28600
2018-03-06,15.180000305175781,15.489999771118164,15.180000305175781,15.479999542236328,13.58066463470459,34700
2018-03-07,15.449999809265137,15.449999809265137,15.329999923706055,15.350000381469727,13.46661376953125,25700
2018-03-08,15.5,15.5,15.369999885559082,15.369999885559082,13.48415756225586,7300
2018-03-09,15.270000457763672,15.350000381469727,15.119999885559082,15.140000343322754,13.282377243041992,71000
2018-03-12,15.199999809265137,15.199999809265137,15.149999618530273,15.149999618530273,13.291152954101562,8200
2018-03-13,15.140000343322754,15.210000038146973,15.140000343322754,15.140000343322754,13.282377243041992,17900
2018-03-14,15.069999694824219,15.170000076293945,15.020000457763672,15.119999885559082,13.321142196655273,46600
2018-03-15,15.069999694824219,15.15999984741211,15.069999694824219,15.109999656677246,13.312333106994629,23900
2018-03-16,15.149999618530273,15.149999618530273,15.020000457763672,15.069999694824219,13.27709674835205,31300
2018-03-19,15.09000015258789,15.09000015258789,14.970000267028809,15.0,13.215420722961426,18500
2018-03-20,15.0,15.0,14.890000343322754,14.90999984741211,13.136129379272461,33500
2018-03-21,14.859999656677246,14.880000114440918,14.529999732971191,14.630000114440918,12.889440536499023,65500
2018-03-22,14.680000305175781,14.680000305175781,14.5,14.569999694824219,12.836577415466309,31000
2018-03-23,14.680000305175781,14.680000305175781,14.449999809265137,14.460000038146973,12.739665985107422,13400
2018-03-26,14.520000457763672,14.520000457763672,14.300000190734863,14.369999885559082,12.66037368774414,45300
2018-03-27,14.279999732971191,14.390000343322754,14.279999732971191,14.350000381469727,12.642752647399902,90300
2018-03-28,14.390000343322754,14.399999618530273,14.3100004196167,14.34000015258789,12.633943557739258,83500
2018-03-29,14.380000114440918,14.40999984741211,14.34000015258789,14.350000381469727,12.642752647399902,60200
2018-04-02,14.40999984741211,14.430000305175781,14.3100004196167,14.350000381469727,12.642752647399902,33900
2018-04-03,14.380000114440918,14.390000343322754,14.279999732971191,14.350000381469727,12.642752647399902,42100
2018-04-04,14.300000190734863,14.390000343322754,14.300000190734863,14.350000381469727,12.642752647399902,105000
2018-04-05,14.319999694824219,14.390000343322754,14.319999694824219,14.390000343322754,12.677990913391113,5700
2018-04-06,14.430000305175781,14.489999771118164,14.399999618530273,14.399999618530273,12.686802864074707,50900
2018-04-09,14.520000457763672,14.520000457763672,14.350000381469727,14.399999618530273,12.686802864074707,23700
2018-04-10,14.359999656677246,14.390000343322754,14.3100004196167,14.350000381469727,12.642752647399902,30200
2018-04-11,14.350000381469727,14.430000305175781,14.34000015258789,14.40999984741211,12.6956148147583,38500
2018-04-12,14.369999885559082,14.399999618530273,14.3100004196167,14.359999656677246,12.651561737060547,53300
2018-04-13,14.279999732971191,14.279999732971191,14.25,14.279999732971191,12.637402534484863,28200
2018-04-16,14.1899995803833,14.25,14.149999618530273,14.1899995803833,12.557755470275879,79400
2018-04-17,14.130000114440918,14.1899995803833,14.09000015258789,14.149999618530273,12.522356033325195,62200
2018-04-18,14.100000381469727,14.109999656677246,14.0600004196167,14.100000381469727,12.478108406066895,30400
2018-04-19,14.0600004196167,14.100000381469727,14.039999961853027,14.100000381469727,12.478108406066895,34200
2018-04-20,14.039999961853027,14.09000015258789,14.039999961853027,14.079999923706055,12.460409164428711,7000
2018-04-23,14.039999961853027,14.069999694824219,14.010000228881836,14.029999732971191,12.416158676147461,23200
2018-04-24,14.0600004196167,14.069999694824219,14.010000228881836,14.029999732971191,12.416158676147461,26200
2018-04-25,14.020000457763672,14.029999732971191,13.949999809265137,13.960000038146973,12.354214668273926,40000
2018-04-26,13.90999984741211,14.0,13.90999984741211,14.0,12.389612197875977,39700
2018-04-27,14.029999732971191,14.069999694824219,14.0,14.0600004196167,12.442709922790527,16800
2018-04-30,14.039999961853027,14.069999694824219,13.970000267028809,14.050000190734863,12.433859825134277,70300
2018-05-01,14.069999694824219,14.09000015258789,13.970000267028809,14.050000190734863,12.433859825134277,64500
2018-05-02,14.029999732971191,14.09000015258789,14.029999732971191,14.09000015258789,12.469259262084961,15100
2018-05-03,14.100000381469727,14.109999656677246,14.050000190734863,14.069999694824219,12.451560020446777,35300
2018-05-04,14.100000381469727,14.15999984741211,14.069999694824219,14.069999694824219,12.451560020446777,41200
2018-05-07,14.119999885559082,14.149999618530273,14.050000190734863,14.0600004196167,12.442709922790527,21200
2018-05-08,14.0600004196167,14.0600004196167,13.989999771118164,14.050000190734863,12.433859825134277,34200
2018-05-09,14.0600004196167,14.069999694824219,14.020000457763672,14.020000457763672,12.40731143951416,17900
2018-05-10,14.039999961853027,14.0600004196167,14.010000228881836,14.0600004196167,12.442709922790527,34200
2018-05-11,14.140000343322754,14.140000343322754,14.0,14.020000457763672,12.40731143951416,66000
2018-05-14,14.020000457763672,14.050000190734863,13.970000267028809,14.039999961853027,12.481990814208984,49300
2018-05-15,13.949999809265137,14.020000457763672,13.920000076293945,13.930000305175781,12.384195327758789,58800
2018-05-16,13.930000305175781,14.029999732971191,13.920000076293945,13.979999542236328,12.428643226623535,46400
2018-05-17,13.979999542236328,13.979999542236328,13.920000076293945,13.920000076293945,12.375304222106934,19200
2018-05-18,13.90999984741211,13.949999809265137,13.90999984741211,13.930000305175781,12.384195327758789,19800
2018-05-21,13.930000305175781,13.960000038146973,13.90999984741211,13.930000305175781,12.384195327758789,64100
2018-05-22,13.949999809265137,13.949999809265137,13.84000015258789,13.90999984741211,12.366415977478027,81800
2018-05-23,13.920000076293945,13.960000038146973,13.899999618530273,13.960000038146973,12.410868644714355,41100
2018-05-24,13.960000038146973,13.989999771118164,13.9399995803833,13.960000038146973,12.410868644714355,47300
2018-05-25,13.979999542236328,14.0,13.949999809265137,13.970000267028809,12.419759750366211,63800
2018-05-29,14.020000457763672,14.09000015258789,13.989999771118164,14.09000015258789,12.52644157409668,44200
2018-05-30,14.09000015258789,14.09000015258789,14.010000228881836,14.050000190734863,12.490880966186523,25600
2018-05-31,14.0600004196167,14.09000015258789,14.0600004196167,14.09000015258789,12.52644157409668,27100
2018-06-01,14.09000015258789,14.100000381469727,14.069999694824219,14.100000381469727,12.535331726074219,23500
2018-06-04,14.100000381469727,14.130000114440918,14.079999923706055,14.130000114440918,12.562005996704102,40000
2018-06-05,14.100000381469727,14.170000076293945,14.100000381469727,14.149999618530273,12.57978343963623,20100
2018-06-06,14.149999618530273,14.170000076293945,14.119999885559082,14.130000114440918,12.562005996704102,44100
2018-06-07,14.149999618530273,14.149999618530273,14.119999885559082,14.149999618530273,12.57978343963623,14600
2018-06-08,14.140000343322754,14.170000076293945,14.100000381469727,14.109999656677246,12.544220924377441,14600
2018-06-11,14.109999656677246,14.130000114440918,14.100000381469727,14.130000114440918,12.562005996704102,41100
2018-06-12,14.119999885559082,14.199999809265137,14.0600004196167,14.109999656677246,12.544220924377441,18200
2018-06-13,14.119999885559082,14.130000114440918,14.069999694824219,14.119999885559082,12.55311107635498,28100
2018-06-14,14.09000015258789,14.09000015258789,14.0,14.029999732971191,12.529891014099121,26100
2018-06-15,14.010000228881836,14.010000228881836,13.979999542236328,14.0,12.503100395202637,49500
2018-06-18,13.970000267028809,14.0,13.899999618530273,13.989999771118164,12.494166374206543,64200
2018-06-19,14.09000015258789,14.09000015258789,14.020000457763672,14.0600004196167,12.556684494018555,51800
2018-06-20,14.069999694824219,14.09000015258789,13.989999771118164,13.989999771118164,12.494166374206543,11100
2018-06-21,14.010000228881836,14.039999961853027,13.970000267028809,14.020000457763672,12.520960807800293,12800
2018-06-22,14.029999732971191,14.029999732971191,14.0,14.010000228881836,12.512030601501465,5700
2018-06-25,14.020000457763672,14.039999961853027,13.979999542236328,13.989999771118164,12.494166374206543,24800
2018-06-26,13.960000038146973,14.029999732971191,13.960000038146973,14.0,12.503100395202637,42200
2018-06-27,14.0,14.020000457763672,13.979999542236328,14.010000228881836,12.512030601501465,34000
2018-06-28,14.010000228881836,14.09000015258789,13.970000267028809,14.029999732971191,12.529891014099121,80400
2018-06-29,14.020000457763672,14.100000381469727,14.010000228881836,14.010000228881836,12.512030601501465,38500
2018-07-02,14.050000190734863,14.170000076293945,14.050000190734863,14.109999656677246,12.601338386535645,94700
2018-07-03,14.180000305175781,14.199999809265137,14.119999885559082,14.180000305175781,12.66385269165039,29000
2018-07-05,14.1899995803833,14.25,14.050000190734863,14.09000015258789,12.583476066589355,59600
2018-07-06,14.100000381469727,14.109999656677246,14.079999923706055,14.109999656677246,12.601338386535645,24900
2018-07-09,14.130000114440918,14.170000076293945,14.100000381469727,14.15999984741211,12.645990371704102,34900
2018-07-10,14.170000076293945,14.170000076293945,14.079999923706055,14.09000015258789,12.583476066589355,36300
2018-07-11,14.130000114440918,14.149999618530273,14.079999923706055,14.119999885559082,12.610268592834473,48200
2018-07-12,14.220000267028809,14.220000267028809,14.069999694824219,14.140000343322754,12.628132820129395,65500
2018-07-13,14.100000381469727,14.100000381469727,14.020000457763672,14.029999732971191,12.586860656738281,45100
2018-07-16,14.029999732971191,14.079999923706055,13.989999771118164,14.0,12.559946060180664,37400
2018-07-17,14.0,14.0600004196167,14.0,14.0600004196167,12.613776206970215,59400
2018-07-18,14.050000190734863,14.09000015258789,14.029999732971191,14.069999694824219,12.622747421264648,40400
2018-07-19,14.09000015258789,14.109999656677246,14.069999694824219,14.09000015258789,12.640690803527832,19500
2018-07-20,14.109999656677246,14.130000114440918,14.079999923706055,14.130000114440918,12.676575660705566,30600
2018-07-23,14.140000343322754,14.140000343322754,14.079999923706055,14.079999923706055,12.631719589233398,68500
2018-07-24,14.119999885559082,14.119999885559082,14.0600004196167,14.119999885559082,12.667604446411133,13200
2018-07-25,14.069999694824219,14.079999923706055,14.050000190734863,14.050000190734863,12.604802131652832,12400
2018-07-26,14.069999694824219,14.100000381469727,14.050000190734863,14.069999694824219,12.622747421264648,7500
2018-07-27,14.069999694824219,14.09000015258789,14.039999961853027,14.050000190734863,12.604802131652832,24300
2018-07-30,14.050000190734863,14.050000190734863,13.970000267028809,13.979999542236328,12.542001724243164,39300
2018-07-31,14.029999732971191,14.029999732971191,13.960000038146973,14.010000228881836,12.56891918182373,19500
2018-08-01,14.020000457763672,14.039999961853027,13.960000038146973,14.0,12.559946060180664,35400
2018-08-02,14.050000190734863,14.050000190734863,13.989999771118164,14.020000457763672,12.57789134979248,65100
2018-08-03,14.050000190734863,14.069999694824219,14.010000228881836,14.0600004196167,12.613776206970215,16500
2018-08-06,14.109999656677246,14.109999656677246,13.989999771118164,13.989999771118164,12.550973892211914,29900
2018-08-07,14.010000228881836,14.029999732971191,13.949999809265137,13.989999771118164,12.550973892211914,43000
2018-08-08,13.989999771118164,13.989999771118164,13.899999618530273,13.9399995803833,12.506118774414062,36600
2018-08-09,13.979999542236328,13.989999771118164,13.949999809265137,13.970000267028809,12.53303337097168,40300
2018-08-10,13.989999771118164,14.010000228881836,13.970000267028809,14.010000228881836,12.56891918182373,23900
2018-08-13,14.010000228881836,14.020000457763672,13.949999809265137,13.949999809265137,12.51508903503418,50500
2018-08-14,13.9399995803833,13.949999809265137,13.899999618530273,13.899999618530273,12.527708053588867,36100
2018-08-15,13.970000267028809,13.970000267028809,13.899999618530273,13.930000305175781,12.5547456741333,62500
2018-08-16,13.920000076293945,13.949999809265137,13.880000114440918,13.880000114440918,12.509683609008789,34500
2018-08-17,13.930000305175781,13.979999542236328,13.90999984741211,13.979999542236328,12.599808692932129,35200
2018-08-20,13.960000038146973,13.989999771118164,13.930000305175781,13.930000305175781,12.5547456741333,27200
2018-08-21,13.930000305175781,13.9399995803833,13.869999885559082,13.9399995803833,12.56375789642334,50800
2018-08-22,13.949999809265137,13.970000267028809,13.930000305175781,13.9399995803833,12.56375789642334,42700
2018-08-23,13.970000267028809,13.970000267028809,13.90999984741211,13.9399995803833,12.56375789642334,14900
2018-08-24,13.920000076293945,13.949999809265137,13.899999618530273,13.899999618530273,12.527708053588867,40400
2018-08-27,13.960000038146973,13.960000038146973,13.90999984741211,13.9399995803833,12.56375789642334,19500
2018-08-28,13.949999809265137,13.949999809265137,13.850000381469727,13.859999656677246,12.491657257080078,60200
2018-08-29,13.90999984741211,13.920000076293945,13.800000190734863,13.819999694824219,12.455605506896973,122000
2018-08-30,13.850000381469727,13.850000381469727,13.779999732971191,13.819999694824219,12.455605506896973,44200
2018-08-31,13.829999923706055,13.890000343322754,13.829999923706055,13.829999923706055,12.464618682861328,25200
2018-09-04,13.859999656677246,13.869999885559082,13.819999694824219,13.819999694824219,12.455605506896973,36000
2018-09-05,13.859999656677246,13.880000114440918,13.800000190734863,13.84000015258789,12.473630905151367,46700
2018-09-06,13.859999656677246,13.880000114440918,13.819999694824219,13.880000114440918,12.509683609008789,29300
2018-09-07,13.880000114440918,13.890000343322754,13.84000015258789,13.890000343322754,12.518692016601562,57400
2018-09-10,13.859999656677246,13.890000343322754,13.84000015258789,13.850000381469727,12.482645988464355,35100
2018-09-11,13.829999923706055,13.880000114440918,13.829999923706055,13.850000381469727,12.482645988464355,51200
2018-09-12,13.880000114440918,13.880000114440918,13.850000381469727,13.850000381469727,12.482645988464355,26000
2018-09-13,13.779999732971191,13.850000381469727,13.779999732971191,13.779999732971191,12.477209091186523,59700
2018-09-14,13.779999732971191,13.800000190734863,13.680000305175781,13.680000305175781,12.386663436889648,62500
2018-09-17,13.6899995803833,13.710000038146973,13.59000015258789,13.59000015258789,12.305174827575684,44000
2018-09-18,13.569999694824219,13.619999885559082,13.5,13.520000457763672,12.241791725158691,46800
2018-09-19,13.579999923706055,13.579999923706055,13.5,13.5,12.223682403564453,38300
2018-09-20,13.520000457763672,13.529999732971191,13.40999984741211,13.40999984741211,12.142190933227539,103800
2018-09-21,13.420000076293945,13.449999809265137,13.34000015258789,13.350000381469727,12.08786392211914,61900
2018-09-24,13.3100004196167,13.380000114440918,13.300000190734863,13.329999923706055,12.069754600524902,75000
2018-09-25,13.289999961853027,13.34000015258789,13.279999732971191,13.279999732971191,12.024482727050781,46300
2018-09-26,13.260000228881836,13.34000015258789,13.260000228881836,13.300000190734863,12.04258918762207,92600
2018-09-27,13.300000190734863,13.350000381469727,13.260000228881836,13.319999694824219,12.060701370239258,62600
2018-09-28,13.369999885559082,13.380000114440918,13.25,13.3100004196167,12.051644325256348,103000
2018-10-01,13.34000015258789,13.34000015258789,13.199999809265137,13.239999771118164,11.988265991210938,76200
2018-10-02,13.260000228881836,13.350000381469727,13.239999771118164,13.329999923706055,12.069754600524902,79400
2018-10-03,13.359999656677246,13.369999885559082,13.270000457763672,13.270000457763672,12.015427589416504,102500
2018-10-04,13.25,13.289999961853027,13.100000381469727,13.100000381469727,11.86150074005127,59800
2018-10-05,13.0600004196167,13.170000076293945,13.0,13.050000190734863,11.816226959228516,36500
2018-10-08,13.100000381469727,13.140000343322754,13.039999961853027,13.069999694824219,11.834336280822754,54800
2018-10-09,13.140000343322754,13.149999618530273,13.079999923706055,13.130000114440918,11.88866138458252,58500
2018-10-10,13.109999656677246,13.109999656677246,13.0,13.050000190734863,11.816226959228516,50200
2018-10-11,13.050000190734863,13.079999923706055,12.960000038146973,13.029999732971191,11.798117637634277,62400
2018-10-12,13.010000228881836,13.010000228881836,12.899999618530273,12.970000267028809,11.801756858825684,71200
2018-10-15,12.930000305175781,12.970000267028809,12.84000015258789,12.850000381469727,11.692566871643066,85600
2018-10-16,12.890000343322754,12.970000267028809,12.859999656677246,12.970000267028809,11.801756858825684,53800
2018-10-17,12.970000267028809,12.970000267028809,12.880000114440918,12.930000305175781,11.765361785888672,61200
2018-10-18,12.930000305175781,13.079999923706055,12.920000076293945,13.050000190734863,11.874550819396973,50700
2018-10-19,13.050000190734863,13.050000190734863,12.9399995803833,12.960000038146973,11.792655944824219,27200
2018-10-22,12.9399995803833,13.020000457763672,12.90999984741211,12.90999984741211,11.747160911560059,66200
2018-10-23,12.90999984741211,13.0,12.869999885559082,12.869999885559082,11.71076488494873,66000
2018-10-24,12.899999618530273,13.010000228881836,12.899999618530273,13.0,11.829054832458496,80500
2018-10-25,13.050000190734863,13.050000190734863,12.920000076293945,13.0,11.829054832458496,92000
2018-10-26,13.050000190734863,13.050000190734863,12.970000267028809,12.979999542236328,11.8108549118042,38700
2018-10-29,12.970000267028809,12.989999771118164,12.880000114440918,12.90999984741211,11.747160911560059,37000
2018-10-30,12.859999656677246,12.880000114440918,12.84000015258789,12.880000114440918,11.719864845275879,54600
2018-10-31,12.8100004196167,12.84000015258789,12.760000228881836,12.800000190734863,11.64707088470459,94100
2018-11-01,12.75,12.859999656677246,12.75,12.859999656677246,11.701664924621582,108300
2018-11-02,12.850000381469727,12.899999618530273,12.789999961853027,12.789999961853027,11.637968063354492,53600
2018-11-05,12.789999961853027,12.9399995803833,12.789999961853027,12.829999923706055,11.674367904663086,78300
2018-11-06,12.84000015258789,12.930000305175781,12.789999961853027,12.859999656677246,11.701664924621582,66000
2018-11-07,12.850000381469727,13.0,12.84000015258789,12.960000038146973,11.792655944824219,51500
2018-11-08,12.920000076293945,13.079999923706055,12.890000343322754,13.079999923706055,11.901847839355469,108200
2018-11-09,13.079999923706055,13.170000076293945,13.039999961853027,13.130000114440918,11.947343826293945,102500
2018-11-12,13.109999656677246,13.180000305175781,13.109999656677246,13.149999618530273,11.965543746948242,142800
2018-11-13,13.140000343322754,13.260000228881836,13.130000114440918,13.220000267028809,12.0292387008667,80800
2018-11-14,13.210000038146973,13.260000228881836,13.149999618530273,13.1899995803833,12.060324668884277,105000
2018-11-15,13.180000305175781,13.220000267028809,13.140000343322754,13.15999984741211,12.032896995544434,81500
2018-11-16,13.170000076293945,13.220000267028809,13.09000015258789,13.140000343322754,12.014609336853027,87900
2018-11-19,13.149999618530273,13.210000038146973,13.140000343322754,13.149999618530273,12.023751258850098,83400
2018-11-20,13.180000305175781,13.210000038146973,13.119999885559082,13.149999618530273,12.023751258850098,54500
2018-11-21,13.170000076293945,13.210000038146973,13.109999656677246,13.149999618530273,12.023751258850098,64300
2018-11-23,13.15999984741211,13.180000305175781,13.130000114440918,13.130000114440918,12.005467414855957,16600
2018-11-26,13.199999809265137,13.229999542236328,13.119999885559082,13.229999542236328,12.096901893615723,62600
2018-11-27,13.1899995803833,13.210000038146973,13.140000343322754,13.149999618530273,12.023751258850098,39400
2018-11-28,13.15999984741211,13.239999771118164,13.09000015258789,13.220000267028809,12.08775806427002,88000
2018-11-29,13.25,13.579999923706055,13.229999542236328,13.359999656677246,12.215766906738281,168100
2018-11-30,13.359999656677246,13.489999771118164,13.319999694824219,13.449999809265137,12.29805850982666,108300
2018-12-03,13.489999771118164,13.619999885559082,13.359999656677246,13.479999542236328,12.325489044189453,129900
2018-12-04,13.5,13.609999656677246,13.470000267028809,13.600000381469727,12.435212135314941,162800
2018-12-06,13.529999732971191,13.619999885559082,13.510000228881836,13.609999656677246,12.444356918334961,151100
2018-12-07,13.600000381469727,13.770000457763672,13.600000381469727,13.680000305175781,12.508360862731934,74200
2018-12-10,13.710000038146973,14.050000190734863,13.710000038146973,13.859999656677246,12.672944068908691,58200
2018-12-11,13.84000015258789,13.850000381469727,13.609999656677246,13.619999885559082,12.453499794006348,131200
2018-12-12,13.520000457763672,13.539999961853027,13.5,13.510000228881836,12.463645935058594,94200
2018-12-13,13.5,13.510000228881836,13.270000457763672,13.319999694824219,12.288363456726074,79900
2018-12-14,13.319999694824219,13.329999923706055,13.180000305175781,13.210000038146973,12.186882019042969,73600
2018-12-17,13.229999542236328,13.229999542236328,13.100000381469727,13.119999885559082,12.103852272033691,108500
2018-12-18,13.15999984741211,13.1899995803833,12.970000267028809,13.109999656677246,12.094626426696777,179900
2018-12-19,13.109999656677246,13.199999809265137,13.020000457763672,13.0600004196167,12.048501014709473,126700
2018-12-20,13.0600004196167,13.149999618530273,13.0,13.0600004196167,12.048501014709473,131400
2018-12-21,13.09000015258789,13.1899995803833,13.050000190734863,13.15999984741211,12.140753746032715,152700
2018-12-24,13.140000343322754,13.229999542236328,13.140000343322754,13.149999618530273,12.131528854370117,84900
2018-12-26,13.130000114440918,13.3100004196167,13.050000190734863,13.09000015258789,12.07617473602295,135300
2018-12-27,13.239999771118164,13.359999656677246,13.010000228881836,13.020000457763672,12.011600494384766,231600
2018-12-28,13.029999732971191,13.239999771118164,13.010000228881836,13.130000114440918,12.113080024719238,152000
2018-12-31,13.239999771118164,13.25,13.0600004196167,13.0600004196167,12.048501014709473,108000
2019-01-02,13.109999656677246,13.579999923706055,13.109999656677246,13.579999923706055,12.528227806091309,97500
2019-01-03,13.579999923706055,14.149999618530273,13.579999923706055,14.050000190734863,12.961825370788574,68100
2019-01-04,14.010000228881836,14.050000190734863,13.75,13.979999542236328,12.897245407104492,56500
2019-01-07,14.149999618530273,14.149999618530273,13.970000267028809,13.970000267028809,12.888018608093262,47200
2019-01-08,14.010000228881836,14.100000381469727,13.989999771118164,14.0,12.91569709777832,64900
2019-01-09,14.0,14.029999732971191,13.930000305175781,14.0,12.91569709777832,29900
2019-01-10,14.010000228881836,14.029999732971191,13.970000267028809,14.029999732971191,12.94337272644043,55500
2019-01-11,14.029999732971191,14.109999656677246,13.899999618530273,14.0,12.91569709777832,65800
2019-01-14,13.989999771118164,14.399999618530273,13.960000038146973,14.239999771118164,13.197440147399902,62200
2019-01-15,14.15999984741211,14.210000038146973,14.010000228881836,14.170000076293945,13.13256549835205,34300
2019-01-16,14.130000114440918,14.229999542236328,14.039999961853027,14.229999542236328,13.188170433044434,52600
2019-01-17,14.220000267028809,14.270000457763672,14.170000076293945,14.25,13.206708908081055,37200
2019-01-18,14.260000228881836,14.260000228881836,14.119999885559082,14.1899995803833,13.151101112365723,28100
2019-01-22,14.300000190734863,14.300000190734863,14.210000038146973,14.270000457763672,13.225245475769043,46000
2019-01-23,14.239999771118164,14.369999885559082,14.239999771118164,14.319999694824219,13.271581649780273,47800
2019-01-24,14.399999618530273,14.399999618530273,14.270000457763672,14.34000015258789,13.290118217468262,60700
2019-01-25,14.369999885559082,14.520000457763672,14.25,14.40999984741211,13.35499382019043,78500
2019-01-28,14.399999618530273,14.430000305175781,14.350000381469727,14.380000114440918,13.327189445495605,66700
2019-01-29,14.369999885559082,14.380000114440918,14.260000228881836,14.260000228881836,13.21597671508789,34300
2019-01-30,14.25,14.279999732971191,14.149999618530273,14.149999618530273,13.114027976989746,44700
2019-01-31,14.199999809265137,14.380000114440918,14.199999809265137,14.380000114440918,13.327189445495605,18900
2019-02-01,14.380000114440918,14.489999771118164,14.34000015258789,14.489999771118164,13.429137229919434,16100
2019-02-04,14.470000267028809,14.5600004196167,14.460000038146973,14.529999732971191,13.466207504272461,19200
2019-02-05,14.640000343322754,14.949999809265137,14.510000228881836,14.829999923706055,13.744243621826172,34200
2019-02-06,14.859999656677246,14.859999656677246,14.699999809265137,14.75,13.6701021194458,41100
2019-02-07,14.739999771118164,14.779999732971191,14.510000228881836,14.510000228881836,13.447671890258789,31500
2019-02-08,14.510000228881836,14.6899995803833,14.430000305175781,14.460000038146973,13.401333808898926,46400
2019-02-11,14.449999809265137,14.539999961853027,14.4399995803833,14.479999542236328,13.419870376586914,24000
2019-02-12,14.5600004196167,14.5600004196167,14.489999771118164,14.5,13.43840503692627,19400
2019-02-13,14.449999809265137,14.649999618530273,14.449999809265137,14.579999923706055,13.51254653930664,40600
2019-02-14,14.59000015258789,14.770000457763672,14.569999694824219,14.770000457763672,13.74898910522461,10800
2019-02-15,14.720000267028809,14.789999961853027,14.649999618530273,14.65999984741211,13.646594047546387,14800
2019-02-19,14.710000038146973,14.770000457763672,14.640000343322754,14.720000267028809,13.702445030212402,14300
2019-02-20,14.770000457763672,14.920000076293945,14.720000267028809,14.84000015258789,13.814148902893066,15100
2019-02-21,14.779999732971191,14.899999618530273,14.760000228881836,14.779999732971191,13.758299827575684,23300
2019-02-22,14.800000190734863,14.880000114440918,14.75,14.75,13.730372428894043,34100
2019-02-25,14.829999923706055,14.829999923706055,14.699999809265137,14.699999809265137,13.683828353881836,27800
2019-02-26,14.710000038146973,14.779999732971191,14.65999984741211,14.65999984741211,13.646594047546387,41400
2019-02-27,14.729999542236328,14.779999732971191,14.649999618530273,14.779999732971191,13.758299827575684,41800
2019-02-28,14.720000267028809,14.8100004196167,14.6899995803833,14.789999961853027,13.767605781555176,11900
2019-03-01,14.930000305175781,14.9399995803833,14.739999771118164,14.819999694824219,13.7955322265625,41900
2019-03-04,14.760000228881836,14.9399995803833,14.760000228881836,14.829999923706055,13.804841995239258,37700
2019-03-05,14.779999732971191,14.880000114440918,14.710000038146973,14.8100004196167,13.786225318908691,29900
2019-03-06,14.890000343322754,14.890000343322754,14.770000457763672,14.8100004196167,13.786225318908691,5400
2019-03-07,14.8100004196167,14.890000343322754,14.8100004196167,14.869999885559082,13.84207820892334,10800
2019-03-08,14.890000343322754,14.890000343322754,14.729999542236328,14.800000190734863,13.77691650390625,40200
2019-03-11,14.75,14.800000190734863,14.75,14.760000228881836,13.739681243896484,10900
2019-03-12,14.760000228881836,14.8100004196167,14.760000228881836,14.789999961853027,13.767605781555176,48800
2019-03-13,14.819999694824219,14.819999694824219,14.760000228881836,14.760000228881836,13.739681243896484,27700
2019-03-14,14.789999961853027,14.789999961853027,14.649999618530273,14.65999984741211,13.702293395996094,32900
2019-03-15,14.75,14.75,14.640000343322754,14.640000343322754,13.683600425720215,18800
2019-03-18,14.6899995803833,14.6899995803833,14.550000190734863,14.630000114440918,13.674254417419434,22700
2019-03-19,14.670000076293945,14.670000076293945,14.600000381469727,14.649999618530273,13.692947387695312,18300
2019-03-20,14.680000305175781,14.680000305175781,14.619999885559082,14.680000305175781,13.720987319946289,14800
2019-03-21,14.6899995803833,14.720000267028809,14.680000305175781,14.680000305175781,13.720987319946289,9400
2019-03-22,14.729999542236328,14.729999542236328,14.65999984741211,14.729999542236328,13.767720222473145,15900
2019-03-25,14.729999542236328,14.729999542236328,14.65999984741211,14.699999809265137,13.739681243896484,10600
2019-03-26,14.699999809265137,14.75,14.649999618530273,14.729999542236328,13.767720222473145,28500
2019-03-27,14.699999809265137,14.789999961853027,14.65999984741211,14.760000228881836,13.795760154724121,23800
2019-03-28,14.789999961853027,14.789999961853027,14.699999809265137,14.729999542236328,13.767720222473145,20500
2019-03-29,14.770000457763672,14.770000457763672,14.649999618530273,14.649999618530273,13.692947387695312,31200
2019-04-01,14.710000038146973,14.720000267028809,14.600000381469727,14.609999656677246,13.655560493469238,50400
2019-04-02,14.670000076293945,14.670000076293945,14.579999923706055,14.600000381469727,13.646211624145508,28000
2019-04-03,14.640000343322754,14.670000076293945,14.600000381469727,14.630000114440918,13.674254417419434,16100
2019-04-04,14.59000015258789,14.670000076293945,14.539999961853027,14.579999923706055,13.627519607543945,34300
2019-04-05,14.579999923706055,14.579999923706055,14.489999771118164,14.5,13.55274486541748,31900
2019-04-08,14.579999923706055,14.579999923706055,14.529999732971191,14.5600004196167,13.608827590942383,10300
2019-04-09,14.529999732971191,14.579999923706055,14.529999732971191,14.5600004196167,13.608827590942383,6900
2019-04-10,14.600000381469727,14.600000381469727,14.539999961853027,14.550000190734863,13.599477767944336,23600
2019-04-11,14.539999961853027,14.640000343322754,14.520000457763672,14.640000343322754,13.683600425720215,43500
2019-04-12,14.5600004196167,14.5600004196167,14.460000038146973,14.470000267028809,13.580362319946289,28100
2019-04-15,14.470000267028809,14.470000267028809,14.430000305175781,14.449999809265137,13.561593055725098,14400
2019-04-16,14.420000076293945,14.449999809265137,14.359999656677246,14.359999656677246,13.477126121520996,43800
2019-04-17,14.430000305175781,14.430000305175781,14.180000305175781,14.289999961853027,13.411429405212402,32300
2019-04-18,14.289999961853027,14.300000190734863,14.289999961853027,14.289999961853027,13.411429405212402,10200
2019-04-22,14.350000381469727,14.350000381469727,14.170000076293945,14.170000076293945,13.298808097839355,34000
2019-04-23,14.130000114440918,14.180000305175781,14.130000114440918,14.149999618530273,13.280035972595215,25200
2019-04-24,14.170000076293945,14.229999542236328,14.149999618530273,14.199999809265137,13.326961517333984,35400
2019-04-25,14.229999542236328,14.229999542236328,14.130000114440918,14.15999984741211,13.289420127868652,23500
2019-04-26,14.180000305175781,14.239999771118164,14.15999984741211,14.15999984741211,13.289420127868652,20900
2019-04-29,14.170000076293945,14.279999732971191,14.170000076293945,14.279999732971191,13.402043342590332,45600
2019-04-30,14.25,14.289999961853027,14.210000038146973,14.289999961853027,13.411429405212402,32400
2019-05-01,14.3100004196167,14.329999923706055,14.270000457763672,14.329999923706055,13.448970794677734,34200
2019-05-02,14.350000381469727,14.350000381469727,14.270000457763672,14.279999732971191,13.402043342590332,17800
2019-05-03,14.329999923706055,14.369999885559082,14.279999732971191,14.34000015258789,13.458353996276855,33200
2019-05-06,14.390000343322754,14.399999618530273,14.34000015258789,14.399999618530273,13.514667510986328,50400
2019-05-07,14.380000114440918,14.4399995803833,14.369999885559082,14.40999984741211,13.524052619934082,21600
2019-05-08,14.390000343322754,14.4399995803833,14.350000381469727,14.40999984741211,13.524052619934082,22500
2019-05-09,14.460000038146973,14.460000038146973,14.390000343322754,14.40999984741211,13.524052619934082,26000
2019-05-10,14.430000305175781,14.449999809265137,14.390000343322754,14.40999984741211,13.524052619934082,6500
2019-05-13,14.420000076293945,14.479999542236328,14.390000343322754,14.449999809265137,13.561593055725098,23100
2019-05-14,14.449999809265137,14.449999809265137,14.34000015258789,14.359999656677246,13.533319473266602,14800
2019-05-15,14.390000343322754,14.470000267028809,14.390000343322754,14.390000343322754,13.561594009399414,11000
2019-05-16,14.430000305175781,14.460000038146973,14.390000343322754,14.420000076293945,13.589865684509277,12900
2019-05-17,14.4399995803833,14.470000267028809,14.399999618530273,14.470000267028809,13.636987686157227,14400
2019-05-20,14.4399995803833,14.470000267028809,14.369999885559082,14.380000114440918,13.552169799804688,32500
2019-05-21,14.380000114440918,14.40999984741211,14.329999923706055,14.34000015258789,13.514471054077148,52700
2019-05-22,14.34000015258789,14.4399995803833,14.329999923706055,14.4399995803833,13.608713150024414,36400
2019-05-23,14.470000267028809,14.470000267028809,14.359999656677246,14.40999984741211,13.580440521240234,20700
2019-05-24,14.430000305175781,14.4399995803833,14.399999618530273,14.430000305175781,13.599289894104004,11000
2019-05-28,14.460000038146973,14.460000038146973,14.390000343322754,14.4399995803833,13.608713150024414,17900
2019-05-29,14.449999809265137,14.460000038146973,14.420000076293945,14.4399995803833,13.608713150024414,13300
2019-05-30,14.420000076293945,14.460000038146973,14.420000076293945,14.4399995803833,13.608713150024414,18000
2019-05-31,14.430000305175781,14.489999771118164,14.430000305175781,14.489999771118164,13.655835151672363,20800
2019-06-03,14.510000228881836,14.579999923706055,14.489999771118164,14.550000190734863,13.712382316589355,38300
2019-06-04,14.579999923706055,14.579999923706055,14.520000457763672,14.569999694824219,13.731231689453125,6800
2019-06-05,14.609999656677246,14.630000114440918,14.569999694824219,14.569999694824219,13.731231689453125,12200
2019-06-06,14.59000015258789,14.630000114440918,14.569999694824219,14.600000381469727,13.759502410888672,15200
2019-06-07,14.609999656677246,14.65999984741211,14.609999656677246,14.640000343322754,13.797200202941895,15000
2019-06-10,14.649999618530273,14.699999809265137,14.649999618530273,14.670000076293945,13.825472831726074,33100
2019-06-11,14.649999618530273,14.6899995803833,14.649999618530273,14.65999984741211,13.816048622131348,34900
2019-06-12,14.6899995803833,14.6899995803833,14.59000015258789,14.609999656677246,13.768927574157715,8300
2019-06-13,14.640000343322754,14.6899995803833,14.630000114440918,14.6899995803833,13.901411056518555,15600
2019-06-14,14.6899995803833,14.6899995803833,14.649999618530273,14.649999618530273,13.863557815551758,7600
2019-06-17,14.6899995803833,14.699999809265137,14.609999656677246,14.6899995803833,13.901411056518555,10800
2019-06-18,14.699999809265137,14.720000267028809,14.6899995803833,14.720000267028809,13.929802894592285,24700
2019-06-19,14.75,14.800000190734863,14.670000076293945,14.760000228881836,13.96765422821045,23200
2019-06-20,14.729999542236328,14.84000015258789,14.729999542236328,14.829999923706055,14.033897399902344,25900
2019-06-21,14.84000015258789,14.890000343322754,14.800000190734863,14.859999656677246,14.062287330627441,10700
2019-06-24,14.890000343322754,14.899999618530273,14.869999885559082,14.899999618530273,14.100136756896973,29300
2019-06-25,14.899999618530273,14.9399995803833,14.760000228881836,14.869999885559082,14.071748733520508,41400
2019-06-26,14.880000114440918,14.9399995803833,14.859999656677246,14.9399995803833,14.137991905212402,13300
2019-06-27,14.949999809265137,15.0,14.90999984741211,14.949999809265137,14.147454261779785,44800
2019-06-28,14.920000076293945,15.15999984741211,14.800000190734863,15.15999984741211,14.346181869506836,72600
2019-07-01,15.15999984741211,15.15999984741211,15.0,15.100000381469727,14.28940200805664,27100
2019-07-02,15.100000381469727,15.100000381469727,14.899999618530273,14.899999618530273,14.100136756896973,29600
2019-07-03,14.9399995803833,14.949999809265137,14.90999984741211,14.90999984741211,14.109601020812988,11800
2019-07-05,14.899999618530273,14.90999984741211,14.869999885559082,14.880000114440918,14.081212043762207,5700
2019-07-08,14.880000114440918,14.880000114440918,14.819999694824219,14.859999656677246,14.062287330627441,29400
2019-07-09,14.880000114440918,14.899999618530273,14.84000015258789,14.869999885559082,14.071748733520508,9500
2019-07-10,14.949999809265137,15.010000228881836,14.880000114440918,15.010000228881836,14.20423412322998,65400
2019-07-11,15.010000228881836,15.010000228881836,14.930000305175781,15.010000228881836,14.20423412322998,16400
2019-07-12,14.989999771118164,15.010000228881836,14.920000076293945,15.010000228881836,14.257427215576172,10700
2019-07-15,14.989999771118164,15.0600004196167,14.920000076293945,14.949999809265137,14.200432777404785,12200
2019-07-16,14.960000038146973,14.979999542236328,14.960000038146973,14.979999542236328,14.228928565979004,8000
2019-07-17,14.9399995803833,15.029999732971191,14.9399995803833,15.029999732971191,14.276423454284668,8600
2019-07-18,15.029999732971191,15.09000015258789,14.960000038146973,15.09000015258789,14.333414077758789,22900
2019-07-19,15.09000015258789,15.1899995803833,15.020000457763672,15.079999923706055,14.323914527893066,38200
2019-07-22,15.109999656677246,15.149999618530273,15.079999923706055,15.079999923706055,14.323914527893066,19100
2019-07-23,15.149999618530273,15.149999618530273,15.020000457763672,15.09000015258789,14.333414077758789,14100
2019-07-24,15.09000015258789,15.149999618530273,15.079999923706055,15.109999656677246,14.352410316467285,24500
2019-07-25,15.09000015258789,15.149999618530273,15.079999923706055,15.119999885559082,14.361909866333008,13300
2019-07-26,15.140000343322754,15.180000305175781,15.109999656677246,15.180000305175781,14.418903350830078,13400
2019-07-29,15.180000305175781,15.239999771118164,15.170000076293945,15.239999771118164,14.475893020629883,11100
2019-07-30,15.239999771118164,15.329999923706055,15.220000267028809,15.279999732971191,14.51388931274414,25900
2019-07-31,15.229999542236328,15.3100004196167,15.220000267028809,15.289999961853027,14.523387908935547,22000
2019-08-01,15.319999694824219,15.5,15.300000190734863,15.5,14.722857475280762,21900
2019-08-02,15.470000267028809,15.520000457763672,15.359999656677246,15.489999771118164,14.713360786437988,31200
2019-08-05,15.489999771118164,15.579999923706055,15.489999771118164,15.550000190734863,14.770349502563477,35000
2019-08-06,15.5,15.520000457763672,15.5,15.510000228881836,14.732356071472168,3400
2019-08-07,15.520000457763672,15.680000305175781,15.489999771118164,15.619999885559082,14.836841583251953,49500
2019-08-08,15.529999732971191,15.6899995803833,15.489999771118164,15.489999771118164,14.713360786437988,24900
2019-08-09,15.489999771118164,15.720000267028809,15.489999771118164,15.640000343322754,14.855839729309082,16200
2019-08-12,15.670000076293945,15.680000305175781,15.600000381469727,15.619999885559082,14.836841583251953,10000
2019-08-13,15.5,15.619999885559082,15.359999656677246,15.369999885559082,14.599376678466797,42300
2019-08-14,15.350000381469727,15.390000343322754,15.239999771118164,15.260000228881836,14.547895431518555,24200
2019-08-15,15.239999771118164,15.289999961853027,15.239999771118164,15.260000228881836,14.547895431518555,10900
2019-08-16,15.220000267028809,15.25,15.079999923706055,15.210000038146973,14.500229835510254,14900
2019-08-19,15.100000381469727,15.270000457763672,15.029999732971191,15.260000228881836,14.547895431518555,38400
2019-08-20,15.300000190734863,15.380000114440918,15.260000228881836,15.270000457763672,14.557430267333984,21700
2019-08-21,15.25,15.329999923706055,15.210000038146973,15.210000038146973,14.500229835510254,23700
2019-08-22,15.210000038146973,15.350000381469727,15.149999618530273,15.3100004196167,14.595563888549805,51100
2019-08-23,15.319999694824219,15.329999923706055,15.229999542236328,15.279999732971191,14.566961288452148,10400
2019-08-26,15.25,15.25,15.180000305175781,15.210000038146973,14.500229835510254,23500
2019-08-27,15.180000305175781,15.260000228881836,15.180000305175781,15.25,14.538362503051758,7000
2019-08-28,15.239999771118164,15.300000190734863,15.210000038146973,15.220000267028809,14.509763717651367,25500
2019-08-29,15.199999809265137,15.270000457763672,15.119999885559082,15.15999984741211,14.452561378479004,23900
2019-08-30,15.119999885559082,15.220000267028809,15.119999885559082,15.180000305175781,14.471630096435547,10500
2019-09-03,15.180000305175781,15.1899995803833,15.0600004196167,15.0600004196167,14.35722827911377,68900
2019-09-04,15.050000190734863,15.079999923706055,15.0,15.029999732971191,14.328628540039062,52600
2019-09-05,15.069999694824219,15.069999694824219,14.8100004196167,14.920000076293945,14.223762512207031,77400
2019-09-06,14.850000381469727,14.930000305175781,14.850000381469727,14.930000305175781,14.233295440673828,11100
2019-09-09,14.890000343322754,14.949999809265137,14.779999732971191,14.890000343322754,14.195162773132324,32500
2019-09-10,14.8100004196167,14.859999656677246,14.789999961853027,14.850000381469727,14.157028198242188,37200
2019-09-11,14.8100004196167,14.859999656677246,14.8100004196167,14.84000015258789,14.147494316101074,24800
2019-09-12,14.84000015258789,14.880000114440918,14.649999618530273,14.680000305175781,13.99496078491211,50700
2019-09-13,14.600000381469727,14.630000114440918,14.34000015258789,14.350000381469727,13.732748985290527,93800
2019-09-16,14.390000343322754,14.430000305175781,14.25,14.369999885559082,13.751887321472168,42800
2019-09-17,14.390000343322754,14.520000457763672,14.390000343322754,14.510000228881836,13.8858642578125,25700
2019-09-18,14.520000457763672,14.670000076293945,14.520000457763672,14.619999885559082,13.991132736206055,36800
2019-09-19,14.699999809265137,14.739999771118164,14.670000076293945,14.6899995803833,14.058121681213379,20600
2019-09-20,14.649999618530273,14.680000305175781,14.630000114440918,14.65999984741211,14.029412269592285,30500
2019-09-23,14.680000305175781,14.739999771118164,14.649999618530273,14.649999618530273,14.019844055175781,33200
2019-09-24,14.6899995803833,14.6899995803833,14.640000343322754,14.670000076293945,14.038982391357422,26400
2019-09-25,14.640000343322754,14.65999984741211,14.619999885559082,14.630000114440918,14.000702857971191,5000
2019-09-26,14.630000114440918,14.65999984741211,14.609999656677246,14.630000114440918,14.000702857971191,22600
2019-09-27,14.640000343322754,14.75,14.609999656677246,14.75,14.115538597106934,27800
2019-09-30,14.6899995803833,14.739999771118164,14.6899995803833,14.720000267028809,14.086832046508789,31000
2019-10-01,14.720000267028809,14.850000381469727,14.65999984741211,14.829999923706055,14.192100524902344,26600
2019-10-02,14.829999923706055,14.90999984741211,14.829999923706055,14.850000381469727,14.211240768432617,33200
2019-10-03,14.859999656677246,14.90999984741211,14.850000381469727,14.890000343322754,14.249520301818848,22700
2019-10-04,14.90999984741211,14.949999809265137,14.829999923706055,14.859999656677246,14.220808982849121,46800
2019-10-07,14.850000381469727,14.920000076293945,14.800000190734863,14.819999694824219,14.18252944946289,33800
2019-10-08,14.829999923706055,14.859999656677246,14.819999694824219,14.850000381469727,14.211240768432617,18800
2019-10-09,14.880000114440918,14.890000343322754,14.800000190734863,14.829999923706055,14.192100524902344,30000
2019-10-10,14.8100004196167,14.8100004196167,14.739999771118164,14.770000457763672,14.13468074798584,16900
2019-10-11,14.710000038146973,14.710000038146973,14.619999885559082,14.619999885559082,14.044382095336914,25000
2019-10-14,14.630000114440918,14.630000114440918,14.619999885559082,14.619999885559082,14.044382095336914,10600
2019-10-15,14.609999656677246,14.640000343322754,14.5,14.539999961853027,13.967531204223633,59400
2019-10-16,14.569999694824219,14.579999923706055,14.520000457763672,14.539999961853027,13.967531204223633,12600
2019-10-17,14.510000228881836,14.569999694824219,14.510000228881836,14.510000228881836,13.938711166381836,10900
2019-10-18,14.5,14.520000457763672,14.40999984741211,14.430000305175781,13.861862182617188,54200
2019-10-21,14.460000038146973,14.460000038146973,14.329999923706055,14.380000114440918,13.813831329345703,26100
2019-10-22,14.399999618530273,14.470000267028809,14.399999618530273,14.449999809265137,13.881074905395508,34800
2019-10-23,14.479999542236328,14.510000228881836,14.449999809265137,14.460000038146973,13.890682220458984,19200
2019-10-24,14.479999542236328,14.479999542236328,14.449999809265137,14.449999809265137,13.881074905395508,18600
2019-10-25,14.460000038146973,14.460000038146973,14.369999885559082,14.380000114440918,13.813831329345703,21600
2019-10-28,14.329999923706055,14.350000381469727,14.25,14.270000457763672,13.708161354064941,36300
2019-10-29,14.25,14.3100004196167,14.220000267028809,14.260000228881836,13.698555946350098,34100
2019-10-30,14.260000228881836,14.399999618530273,14.25,14.399999618530273,13.83304214477539,62200
2019-10-31,14.430000305175781,14.489999771118164,14.380000114440918,14.449999809265137,13.881074905395508,55000
2019-11-01,14.449999809265137,14.479999542236328,14.369999885559082,14.430000305175781,13.861862182617188,32700
2019-11-04,14.430000305175781,14.449999809265137,14.319999694824219,14.369999885559082,13.804224014282227,28700
2019-11-05,14.350000381469727,14.430000305175781,14.34000015258789,14.430000305175781,13.861862182617188,44800
2019-11-06,14.430000305175781,14.569999694824219,14.430000305175781,14.550000190734863,13.977137565612793,47000
2019-11-07,14.550000190734863,14.5600004196167,14.420000076293945,14.550000190734863,13.977137565612793,64100
2019-11-08,14.5,14.619999885559082,14.479999542236328,14.569999694824219,13.996349334716797,30300
2019-11-11,14.59000015258789,14.670000076293945,14.550000190734863,14.550000190734863,13.977137565612793,47700
2019-11-12,14.529999732971191,14.6899995803833,14.529999732971191,14.649999618530273,14.073201179504395,47500
2019-11-13,14.609999656677246,14.6899995803833,14.59000015258789,14.65999984741211,14.082807540893555,21100
2019-11-14,14.649999618530273,14.649999618530273,14.520000457763672,14.569999694824219,14.050019264221191,35800
2019-11-15,14.569999694824219,14.609999656677246,14.40999984741211,14.510000228881836,13.99216079711914,25500
2019-11-18,14.539999961853027,14.539999961853027,14.449999809265137,14.479999542236328,13.963232040405273,19400
2019-11-19,14.510000228881836,14.550000190734863,14.479999542236328,14.510000228881836,13.99216079711914,26300
2019-11-20,14.550000190734863,14.5600004196167,14.539999961853027,14.550000190734863,14.030734062194824,14600
2019-11-21,14.5600004196167,14.5600004196167,14.479999542236328,14.5,13.98251724243164,28900
2019-11-22,14.479999542236328,14.550000190734863,14.479999542236328,14.479999542236328,13.963232040405273,28000
2019-11-25,14.510000228881836,14.550000190734863,14.479999542236328,14.479999542236328,13.963232040405273,15300
2019-11-26,14.520000457763672,14.569999694824219,14.510000228881836,14.539999961853027,14.021090507507324,14300
2019-11-27,14.539999961853027,14.600000381469727,14.510000228881836,14.569999694824219,14.050019264221191,37100
2019-11-29,14.569999694824219,14.619999885559082,14.569999694824219,14.609999656677246,14.088593482971191,8000
2019-12-02,14.59000015258789,14.619999885559082,14.569999694824219,14.619999885559082,14.098236083984375,19400
2019-12-03,14.59000015258789,14.720000267028809,14.59000015258789,14.699999809265137,14.17538070678711,23800
2019-12-04,14.720000267028809,14.720000267028809,14.649999618530273,14.710000038146973,14.185026168823242,20900
2019-12-05,14.710000038146973,14.739999771118164,14.699999809265137,14.739999771118164,14.213953971862793,15900
2019-12-06,14.720000267028809,15.0600004196167,14.720000267028809,14.970000267028809,14.435745239257812,74600
2019-12-09,14.90999984741211,15.239999771118164,14.890000343322754,14.890000343322754,14.358600616455078,70400
2019-12-10,14.859999656677246,14.890000343322754,14.819999694824219,14.859999656677246,14.329670906066895,20300
2019-12-11,14.890000343322754,14.899999618530273,14.779999732971191,14.890000343322754,14.358600616455078,25300
2019-12-12,14.899999618530273,14.899999618530273,14.789999961853027,14.880000114440918,14.348958015441895,35800
2019-12-13,14.84000015258789,14.859999656677246,14.710000038146973,14.770000457763672,14.297653198242188,28700
2019-12-16,14.8100004196167,14.850000381469727,14.760000228881836,14.770000457763672,14.297653198242188,17000
2019-12-17,14.720000267028809,14.859999656677246,14.699999809265137,14.779999732971191,14.307332038879395,57800
2019-12-18,14.789999961853027,14.8100004196167,14.710000038146973,14.789999961853027,14.317012786865234,17700
2019-12-19,14.84000015258789,14.930000305175781,14.800000190734863,14.859999656677246,14.384775161743164,36200
2019-12-20,14.890000343322754,14.899999618530273,14.800000190734863,14.800000190734863,14.326693534851074,22200
2019-12-23,14.869999885559082,14.869999885559082,14.729999542236328,14.869999885559082,14.394454002380371,40200
2019-12-24,14.869999885559082,14.949999809265137,14.800000190734863,14.90999984741211,14.433175086975098,15300
2019-12-26,14.970000267028809,14.970000267028809,14.84000015258789,14.90999984741211,14.433175086975098,23000
2019-12-27,14.960000038146973,14.960000038146973,14.75,14.779999732971191,14.307332038879395,79000
2019-12-30,14.850000381469727,14.880000114440918,14.720000267028809,14.720000267028809,14.249251365661621,33500
2019-12-31,14.829999923706055,14.829999923706055,14.729999542236328,14.779999732971191,14.307332038879395,141600
2020-01-02,14.84000015258789,14.989999771118164,14.789999961853027,14.859999656677246,14.384775161743164,57900
2020-01-03,14.920000076293945,14.9399995803833,14.859999656677246,14.880000114440918,14.404135704040527,30600
2020-01-06,14.850000381469727,14.960000038146973,14.850000381469727,14.960000038146973,14.481575965881348,54800
2020-01-07,14.960000038146973,15.0,14.920000076293945,15.0,14.520295143127441,22100
2020-01-08,15.0,15.0,14.949999809265137,15.0,14.520295143127441,24300
2020-01-09,15.0,15.0,14.970000267028809,15.0,14.520295143127441,42600
2020-01-10,15.010000228881836,15.25,14.989999771118164,15.199999809265137,14.713900566101074,51100
2020-01-13,15.170000076293945,15.34000015258789,15.170000076293945,15.319999694824219,14.830063819885254,28400
2020-01-14,15.199999809265137,15.319999694824219,15.1899995803833,15.239999771118164,14.806746482849121,63200
2020-01-15,15.220000267028809,15.300000190734863,15.079999923706055,15.210000038146973,14.77759838104248,46600
2020-01-16,15.1899995803833,15.210000038146973,15.149999618530273,15.199999809265137,14.767882347106934,15100
2020-01-17,15.130000114440918,15.199999809265137,15.109999656677246,15.15999984741211,14.729020118713379,25400
2020-01-21,15.15999984741211,15.15999984741211,15.079999923706055,15.079999923706055,14.651293754577637,50200
2020-01-22,15.079999923706055,15.140000343322754,15.039999961853027,15.100000381469727,14.670726776123047,21100
2020-01-23,15.079999923706055,15.119999885559082,15.079999923706055,15.100000381469727,14.670726776123047,26100
2020-01-24,15.130000114440918,15.170000076293945,15.119999885559082,15.15999984741211,14.729020118713379,15200
2020-01-27,15.15999984741211,15.1899995803833,15.119999885559082,15.180000305175781,14.748454093933105,21800
2020-01-28,15.1899995803833,15.229999542236328,15.170000076293945,15.1899995803833,14.758167266845703,31000
2020-01-29,15.279999732971191,15.279999732971191,15.199999809265137,15.279999732971191,14.845608711242676,23600
2020-01-30,15.289999961853027,15.289999961853027,15.220000267028809,15.260000228881836,14.826175689697266,23500
2020-01-31,15.289999961853027,15.289999961853027,15.25,15.279999732971191,14.845608711242676,34500
2020-02-03,15.300000190734863,15.300000190734863,15.149999618530273,15.1899995803833,14.758167266845703,48100
2020-02-04,15.220000267028809,15.220000267028809,15.170000076293945,15.170000076293945,14.738736152648926,16700
2020-02-05,15.180000305175781,15.25,15.15999984741211,15.170000076293945,14.738736152648926,29400
2020-02-06,15.229999542236328,15.289999961853027,15.1899995803833,15.220000267028809,14.787315368652344,17300
2020-02-07,15.270000457763672,15.279999732971191,15.210000038146973,15.25,14.816462516784668,13600
2020-02-10,15.279999732971191,15.300000190734863,15.260000228881836,15.300000190734863,14.86504077911377,26200
2020-02-11,15.300000190734863,15.300000190734863,15.199999809265137,15.260000228881836,14.826175689697266,14400
2020-02-12,15.300000190734863,15.300000190734863,15.09000015258789,15.260000228881836,14.826175689697266,89300
2020-02-13,15.199999809265137,15.260000228881836,15.149999618530273,15.1899995803833,14.812525749206543,17800
2020-02-14,15.260000228881836,15.289999961853027,15.199999809265137,15.289999961853027,14.910040855407715,12800
2020-02-18,15.289999961853027,15.3100004196167,15.229999542236328,15.289999961853027,14.910040855407715,37000
2020-02-19,15.34000015258789,15.399999618530273,15.329999923706055,15.399999618530273,15.017306327819824,35000
2020-02-20,15.399999618530273,15.399999618530273,15.350000381469727,15.350000381469727,14.968550682067871,16100
2020-02-21,15.390000343322754,15.399999618530273,15.380000114440918,15.390000343322754,15.00755500793457,12700
2020-02-24,15.390000343322754,15.4399995803833,15.390000343322754,15.40999984741211,15.027058601379395,34200
2020-02-25,15.40999984741211,15.489999771118164,15.380000114440918,15.40999984741211,15.027058601379395,33400
2020-02-26,15.460000038146973,15.460000038146973,15.3100004196167,15.3100004196167,14.929543495178223,15500
2020-02-27,15.3100004196167,15.470000267028809,15.1899995803833,15.229999542236328,14.851532936096191,39700
2020-02-28,15.0,15.0,14.779999732971191,14.819999694824219,14.4517183303833,56800
2020-03-02,14.829999923706055,15.100000381469727,14.8100004196167,14.970000267028809,14.597991943359375,74000
2020-03-03,15.0,15.25,15.0,15.229999542236328,14.851532936096191,41700
2020-03-04,15.260000228881836,15.329999923706055,15.210000038146973,15.229999542236328,14.851532936096191,31600
2020-03-05,15.260000228881836,15.289999961853027,15.199999809265137,15.210000038146973,14.83202838897705,17900
2020-03-06,15.199999809265137,15.279999732971191,15.170000076293945,15.25,14.871034622192383,29800
2020-03-09,15.229999542236328,15.25,14.800000190734863,14.880000114440918,14.510229110717773,78600
2020-03-10,15.09000015258789,15.109999656677246,14.619999885559082,14.859999656677246,14.490726470947266,182800
2020-03-11,14.859999656677246,14.899999618530273,14.100000381469727,14.220000267028809,13.866630554199219,164200
2020-03-12,12.079999923706055,12.739999771118164,11.979999542236328,12.619999885559082,12.306389808654785,169900
2020-03-13,12.890000343322754,13.4399995803833,12.739999771118164,13.220000267028809,12.94894027709961,104800
2020-03-16,12.5,13.1899995803833,12.279999732971191,12.619999885559082,12.361242294311523,95900
2020-03-17,12.859999656677246,12.859999656677246,11.989999771118164,12.199999809265137,11.949854850769043,175200
2020-03-18,11.510000228881836,11.859999656677246,10.010000228881836,10.369999885559082,10.15737533569336,168100
2020-03-19,10.289999961853027,11.5600004196167,9.630000114440918,11.40999984741211,11.17605209350586,228500
2020-03-20,11.489999771118164,12.270000457763672,11.229999542236328,11.890000343322754,11.646209716796875,197300
2020-03-23,11.699999809265137,11.899999618530273,10.539999961853027,11.220000267028809,10.989948272705078,53900
2020-03-24,11.300000190734863,12.140000343322754,11.220000267028809,11.460000038146973,11.22502613067627,75000
2020-03-25,11.630000114440918,13.15999984741211,11.630000114440918,12.640000343322754,12.380833625793457,81500
2020-03-26,12.640000343322754,13.5,12.640000343322754,13.029999732971191,12.762834548950195,82500
2020-03-27,13.029999732971191,13.8100004196167,12.789999961853027,13.600000381469727,13.321149826049805,129900
2020-03-30,13.75,14.789999961853027,13.470000267028809,13.979999542236328,13.693357467651367,113100
2020-03-31,14.25,14.529999732971191,13.579999923706055,13.59000015258789,13.31135368347168,74600
2020-04-01,13.569999694824219,13.6899995803833,12.9399995803833,13.140000343322754,12.870580673217773,50700
2020-04-02,12.930000305175781,13.510000228881836,12.5,13.510000228881836,13.232993125915527,90800
2020-04-03,13.130000114440918,13.220000267028809,12.140000343322754,12.460000038146973,12.204522132873535,141600
2020-04-06,12.529999732971191,12.949999809265137,12.529999732971191,12.619999885559082,12.361242294311523,53300
2020-04-07,12.84000015258789,12.979999542236328,12.630000114440918,12.649999618530273,12.390625953674316,42500
2020-04-08,12.680000305175781,12.9399995803833,12.600000381469727,12.890000343322754,12.62570571899414,88600
2020-04-09,13.010000228881836,13.84000015258789,13.010000228881836,13.210000038146973,12.9391450881958,92400
2020-04-13,13.010000228881836,13.199999809265137,12.829999923706055,13.109999656677246,12.841195106506348,107200
2020-04-14,13.100000381469727,13.640000343322754,13.100000381469727,13.1899995803833,12.97497844696045,55500
2020-04-15,13.130000114440918,13.260000228881836,13.109999656677246,13.109999656677246,12.896282196044922,23100
2020-04-16,13.170000076293945,13.170000076293945,13.0600004196167,13.15999984741211,12.945467948913574,15100
2020-04-17,13.229999542236328,13.229999542236328,13.100000381469727,13.100000381469727,12.886445999145508,21800
2020-04-20,13.130000114440918,13.149999618530273,13.010000228881836,13.020000457763672,12.807750701904297,11900
2020-04-21,12.970000267028809,12.989999771118164,12.859999656677246,12.960000038146973,12.748727798461914,29900
2020-04-22,12.960000038146973,13.0600004196167,12.920000076293945,12.9399995803833,12.729052543640137,66600
2020-04-23,12.949999809265137,12.949999809265137,12.850000381469727,12.869999885559082,12.660194396972656,46500
2020-04-24,12.779999732971191,12.829999923706055,12.579999923706055,12.739999771118164,12.532313346862793,44000
2020-04-27,12.600000381469727,12.609999656677246,12.319999694824219,12.430000305175781,12.227367401123047,91200
2020-04-28,12.449999809265137,12.520000457763672,12.34000015258789,12.470000267028809,12.266716957092285,36100
2020-04-29,12.5,12.649999618530273,12.4399995803833,12.579999923706055,12.374922752380371,70800
2020-04-30,12.460000038146973,12.550000190734863,12.4399995803833,12.550000190734863,12.34541130065918,50400
2020-05-01,12.550000190734863,12.630000114440918,12.470000267028809,12.600000381469727,12.394596099853516,33100
2020-05-04,12.479999542236328,12.6899995803833,12.470000267028809,12.65999984741211,12.453618049621582,64800
2020-05-05,12.649999618530273,12.800000190734863,12.649999618530273,12.739999771118164,12.532313346862793,45500
2020-05-06,12.739999771118164,12.819999694824219,12.739999771118164,12.800000190734863,12.591336250305176,44700
2020-05-07,12.850000381469727,12.930000305175781,12.8100004196167,12.890000343322754,12.679868698120117,41700
2020-05-08,12.869999885559082,13.010000228881836,12.84000015258789,12.84000015258789,12.630682945251465,17700
2020-05-11,12.920000076293945,12.920000076293945,12.8100004196167,12.859999656677246,12.650358200073242,38300
2020-05-12,12.829999923706055,12.890000343322754,12.800000190734863,12.819999694824219,12.61100959777832,75100
2020-05-13,12.699999809265137,12.84000015258789,12.680000305175781,12.720000267028809,12.512640953063965,127500
2020-05-14,12.670000076293945,12.670000076293945,12.5600004196167,12.640000343322754,12.48892879486084,26100
2020-05-15,12.600000381469727,12.720000267028809,12.600000381469727,12.649999618530273,12.498806953430176,45000
2020-05-18,12.699999809265137,12.699999809265137,12.649999618530273,12.670000076293945,12.51856803894043,29200
2020-05-19,12.640000343322754,12.729999542236328,12.600000381469727,12.619999885559082,12.469165802001953,27000
2020-05-20,12.649999618530273,12.84000015258789,12.649999618530273,12.84000015258789,12.686535835266113,39300
2020-05-21,12.90999984741211,13.15999984741211,12.84000015258789,12.9399995803833,12.785340309143066,107400
2020-05-22,13.0,13.039999961853027,12.920000076293945,12.970000267028809,12.814983367919922,26500
2020-05-26,13.029999732971191,13.119999885559082,12.970000267028809,13.020000457763672,12.864386558532715,39300
2020-05-27,13.100000381469727,13.119999885559082,13.029999732971191,13.0600004196167,12.903907775878906,37100
2020-05-28,13.0600004196167,13.199999809265137,13.0600004196167,13.170000076293945,13.012593269348145,38900
2020-05-29,13.199999809265137,13.300000190734863,13.1899995803833,13.300000190734863,13.141039848327637,86900
2020-06-01,13.3100004196167,13.390000343322754,13.3100004196167,13.369999885559082,13.21020221710205,55300
2020-06-02,13.350000381469727,13.460000038146973,13.350000381469727,13.430000305175781,13.269485473632812,53800
2020-06-03,13.40999984741211,13.479999542236328,13.350000381469727,13.399999618530273,13.239843368530273,72600
2020-06-04,13.350000381469727,13.460000038146973,13.350000381469727,13.449999809265137,13.28924560546875,36900
2020-06-05,13.5,13.5,13.369999885559082,13.430000305175781,13.269485473632812,49800
2020-06-08,13.399999618530273,13.550000190734863,13.399999618530273,13.550000190734863,13.38805103302002,24400
2020-06-09,13.4399995803833,13.550000190734863,13.4399995803833,13.510000228881836,13.348528861999512,35100
2020-06-10,13.550000190734863,13.550000190734863,13.5,13.529999732971191,13.368289947509766,22400
2020-06-11,13.350000381469727,13.390000343322754,13.229999542236328,13.329999923706055,13.170680046081543,127400
2020-06-12,13.270000457763672,13.380000114440918,13.270000457763672,13.350000381469727,13.246088981628418,41200
2020-06-15,13.239999771118164,13.430000305175781,13.239999771118164,13.40999984741211,13.305622100830078,36200
2020-06-16,13.40999984741211,13.520000457763672,13.279999732971191,13.359999656677246,13.256011009216309,74800
2020-06-17,13.380000114440918,13.4399995803833,13.329999923706055,13.369999885559082,13.2659330368042,28500
2020-06-18,13.3100004196167,13.369999885559082,13.300000190734863,13.329999923706055,13.22624397277832,13400
2020-06-19,13.279999732971191,13.350000381469727,13.279999732971191,13.3100004196167,13.206400871276855,22200
2020-06-22,13.300000190734863,13.350000381469727,13.300000190734863,13.350000381469727,13.246088981628418,37600
2020-06-23,13.34000015258789,13.449999809265137,13.319999694824219,13.449999809265137,13.34531021118164,34600
2020-06-24,13.350000381469727,13.470000267028809,13.350000381469727,13.430000305175781,13.32546615600586,53500
2020-06-25,13.5,13.510000228881836,13.380000114440918,13.40999984741211,13.305622100830078,72900
2020-06-26,13.369999885559082,13.470000267028809,13.359999656677246,13.399999618530273,13.295699119567871,58100
2020-06-29,13.380000114440918,13.489999771118164,13.350000381469727,13.449999809265137,13.34531021118164,32600
2020-06-30,13.380000114440918,13.5600004196167,13.369999885559082,13.5600004196167,13.45445442199707,41600
2020-07-01,13.550000190734863,13.550000190734863,13.4399995803833,13.550000190734863,13.44453239440918,59500
2020-07-02,13.550000190734863,13.5600004196167,13.479999542236328,13.510000228881836,13.4048433303833,29300
2020-07-06,13.550000190734863,13.579999923706055,13.510000228881836,13.579999923706055,13.474298477172852,30500
2020-07-07,13.550000190734863,13.6899995803833,13.550000190734863,13.6899995803833,13.583442687988281,47000
2020-07-08,13.680000305175781,13.829999923706055,13.680000305175781,13.819999694824219,13.712430000305176,41800
2020-07-09,13.850000381469727,13.930000305175781,13.760000228881836,13.920000076293945,13.811652183532715,53400
2020-07-10,13.880000114440918,13.960000038146973,13.819999694824219,13.859999656677246,13.752119064331055,56400
2020-07-13,13.899999618530273,13.970000267028809,13.859999656677246,13.859999656677246,13.752119064331055,28500
2020-07-14,13.819999694824219,13.850000381469727,13.75,13.850000381469727,13.79794692993164,34700
2020-07-15,13.869999885559082,13.880000114440918,13.779999732971191,13.8100004196167,13.758097648620605,44400
2020-07-16,13.770000457763672,13.84000015258789,13.770000457763672,13.789999961853027,13.738171577453613,27400
2020-07-17,13.779999732971191,13.880000114440918,13.779999732971191,13.859999656677246,13.80790901184082,29400
2020-07-20,13.850000381469727,13.899999618530273,13.850000381469727,13.859999656677246,13.80790901184082,6200
2020-07-21,13.880000114440918,13.989999771118164,13.84000015258789,13.970000267028809,13.917495727539062,35600
2020-07-22,13.979999542236328,14.09000015258789,13.930000305175781,14.09000015258789,14.037044525146484,24900
2020-07-23,14.079999923706055,14.119999885559082,14.010000228881836,14.100000381469727,14.04700756072998,30700
2020-07-24,14.170000076293945,14.199999809265137,14.029999732971191,14.199999809265137,14.146631240844727,47700
2020-07-27,14.329999923706055,14.329999923706055,14.15999984741211,14.199999809265137,14.146631240844727,48600
2020-07-28,14.279999732971191,14.279999732971191,14.210000038146973,14.239999771118164,14.186480522155762,14900
2020-07-29,14.210000038146973,14.300000190734863,14.210000038146973,14.229999542236328,14.176517486572266,41400
2020-07-30,14.210000038146973,14.289999961853027,14.130000114440918,14.289999961853027,14.236292839050293,107100
2020-07-31,14.210000038146973,14.3100004196167,14.210000038146973,14.3100004196167,14.256217956542969,23500
2020-08-03,14.399999618530273,14.489999771118164,14.279999732971191,14.489999771118164,14.435541152954102,41200
2020-08-04,14.6899995803833,14.6899995803833,14.539999961853027,14.579999923706055,14.525202751159668,53900
2020-08-05,14.680000305175781,14.989999771118164,14.569999694824219,14.65999984741211,14.604902267456055,83000
2020-08-06,14.789999961853027,14.880000114440918,14.75,14.760000228881836,14.704526901245117,23600
2020-08-07,14.859999656677246,14.970000267028809,14.699999809265137,14.699999809265137,14.64475154876709,16200
2020-08-10,14.770000457763672,14.869999885559082,14.770000457763672,14.789999961853027,14.734414100646973,33400
2020-08-11,14.859999656677246,14.949999809265137,14.850000381469727,14.880000114440918,14.824075698852539,23600
2020-08-12,14.880000114440918,14.90999984741211,14.84000015258789,14.899999618530273,14.843999862670898,16100
2020-08-13,14.800000190734863,14.899999618530273,14.75,14.75,14.75,16100
2020-08-14,14.819999694824219,14.9399995803833,14.739999771118164,14.739999771118164,14.739999771118164,12400
2020-08-17,14.710000038146973,14.8100004196167,14.710000038146973,14.779999732971191,14.779999732971191,23000
2020-08-18,14.6899995803833,14.880000114440918,14.649999618530273,14.649999618530273,14.649999618530273,42900
2020-08-19,14.579999923706055,14.65999984741211,14.579999923706055,14.630000114440918,14.630000114440918,10300
2020-08-20,14.630000114440918,14.6899995803833,14.390000343322754,14.510000228881836,14.510000228881836,24700
2020-08-21,14.359999656677246,14.449999809265137,14.170000076293945,14.170000076293945,14.170000076293945,52600
2020-08-24,14.170000076293945,14.3100004196167,14.15999984741211,14.15999984741211,14.15999984741211,39300
2020-08-25,14.149999618530273,14.149999618530273,14.069999694824219,14.069999694824219,14.069999694824219,35300
2020-08-26,14.09000015258789,14.109999656677246,14.0,14.010000228881836,14.010000228881836,13400
2020-08-27,14.079999923706055,14.079999923706055,13.960000038146973,13.970000267028809,13.970000267028809,10500
2020-08-28,14.069999694824219,14.069999694824219,14.0,14.039999961853027,14.039999961853027,31000
2020-08-31,14.079999923706055,14.130000114440918,14.020000457763672,14.029999732971191,14.029999732971191,101500
2020-09-01,14.100000381469727,14.199999809265137,14.0600004196167,14.180000305175781,14.180000305175781,32431
