Date,Open,High,Low,Close,Adj Close,Volume
2013-07-23,28.979999542236328,30.440000534057617,28.100000381469727,29.700000762939453,21.617313385009766,16834100
2013-07-24,29.979999542236328,30.25,29.639999389648438,29.93000030517578,21.784725189208984,1202900
2013-07-25,30.0,31.690000534057617,29.950000762939453,31.239999771118164,22.73821449279785,1224300
2013-07-26,31.8799991607666,34.7599983215332,31.559999465942383,34.34000015258789,24.99456787109375,1234300
2013-07-29,35.83000183105469,35.91999816894531,32.43000030517578,32.70000076293945,23.800886154174805,153000
2013-07-30,33.0,33.02000045776367,31.540000915527344,31.760000228881836,23.116697311401367,393300
2013-07-31,31.280000686645508,32.900001525878906,31.100000381469727,32.369998931884766,23.560688018798828,304500
2013-08-01,32.83000183105469,32.880001068115234,32.16999816894531,32.5,23.655315399169922,311400
2013-08-02,32.83000183105469,32.83000183105469,32.29999923706055,32.5,23.655315399169922,298800
2013-08-05,32.689998626708984,33.33000183105469,32.25,33.09000015258789,24.08475112915039,129300
2013-08-06,33.08000183105469,33.5,32.86000061035156,32.86000061035156,23.917343139648438,188400
2013-08-07,32.650001525878906,32.79999923706055,32.0,32.09000015258789,23.35689353942871,210900
2013-08-08,32.0,32.560001373291016,32.0,32.380001068115234,23.567970275878906,52600
2013-08-09,32.119998931884766,32.45000076293945,32.060001373291016,32.13999938964844,23.393287658691406,47800
2013-08-12,32.08000183105469,32.900001525878906,32.0,32.81999969482422,23.888229370117188,113000
2013-08-13,32.84000015258789,33.0,32.54999923706055,32.810001373291016,23.880943298339844,65600
2013-08-14,32.5099983215332,32.79999923706055,32.5,32.7400016784668,23.829998016357422,304100
2013-08-15,32.75,32.7599983215332,32.290000915527344,32.5,23.655315399169922,209600
2013-08-16,32.689998626708984,32.70000076293945,32.29999923706055,32.31999969482422,23.524303436279297,169300
2013-08-19,32.5099983215332,32.599998474121094,30.299999237060547,30.899999618530273,22.490741729736328,729000
2013-08-20,30.889999389648438,31.5,30.600000381469727,31.200000762939453,22.709102630615234,133100
2013-08-21,31.0,31.8700008392334,30.899999618530273,31.469999313354492,22.90561866760254,315300
2013-08-22,31.729999542236328,32.150001525878906,31.25,31.520000457763672,22.9420166015625,232200
2013-08-23,31.75,31.950000762939453,31.469999313354492,31.760000228881836,23.116697311401367,159600
2013-08-26,31.600000381469727,31.760000228881836,31.190000534057617,31.399999618530273,22.85466957092285,60000
2013-08-27,31.18000030517578,31.489999771118164,31.049999237060547,31.100000381469727,22.636316299438477,72500
2013-08-28,31.040000915527344,31.229999542236328,30.469999313354492,30.84000015258789,22.44707489013672,283000
2013-08-29,31.0,31.190000534057617,30.579999923706055,30.8700008392334,22.468908309936523,73700
2013-08-30,30.920000076293945,30.93000030517578,30.559999465942383,30.770000457763672,22.396120071411133,57100
2013-09-03,30.8700008392334,31.190000534057617,29.899999618530273,30.5,22.199604034423828,224500
2013-09-04,30.350000381469727,30.440000534057617,29.719999313354492,30.43000030517578,22.148649215698242,107100
2013-09-05,30.690000534057617,30.8799991607666,30.239999771118164,30.389999389648438,22.119539260864258,50300
2013-09-06,30.479999542236328,31.049999237060547,30.25,30.790000915527344,22.410682678222656,48100
2013-09-09,30.84000015258789,30.920000076293945,30.3799991607666,30.799999237060547,22.417957305908203,89800
2013-09-10,31.0,31.149999618530273,30.59000015258789,31.0,22.56353187561035,80700
2013-09-11,30.829999923706055,31.0,30.6200008392334,30.719999313354492,22.35972785949707,54200
2013-09-12,30.5,30.850000381469727,30.280000686645508,30.31999969482422,22.068586349487305,44800
2013-09-13,30.329999923706055,31.09000015258789,30.329999923706055,30.950000762939453,22.527137756347656,113200
2013-09-16,31.170000076293945,31.3799991607666,30.850000381469727,31.190000534057617,22.70182228088379,82000
2013-09-17,31.110000610351562,31.469999313354492,30.049999237060547,30.989999771118164,22.556249618530273,91300
2013-09-18,30.739999771118164,31.209999084472656,30.360000610351562,30.959999084472656,22.534414291381836,47300
2013-09-19,30.899999618530273,31.600000381469727,30.600000381469727,31.5,22.927459716796875,177300
2013-09-20,31.579999923706055,31.709999084472656,30.989999771118164,31.200000762939453,22.709102630615234,40100
2013-09-23,31.260000228881836,31.520000457763672,30.200000762939453,30.690000534057617,22.337894439697266,97500
2013-09-24,30.770000457763672,31.65999984741211,30.450000762939453,30.700000762939453,22.34517478942871,90600
2013-09-25,30.639999389648438,31.34000015258789,30.5,30.649999618530273,22.30877685546875,72600
2013-09-26,30.649999618530273,31.110000610351562,30.649999618530273,30.709999084472656,22.35245132446289,40600
2013-09-27,30.729999542236328,31.1299991607666,30.709999084472656,30.920000076293945,22.50530433654785,40900
2013-09-30,30.809999465942383,31.079999923706055,30.549999237060547,30.760000228881836,22.388839721679688,61000
2013-10-01,30.81999969482422,30.81999969482422,30.559999465942383,30.690000534057617,22.337894439697266,112400
2013-10-02,30.739999771118164,30.739999771118164,29.280000686645508,29.34000015258789,21.355289459228516,188100
2013-10-03,29.479999542236328,29.8799991607666,29.030000686645508,29.6200008392334,21.559091567993164,207300
2013-10-04,29.6200008392334,29.920000076293945,29.049999237060547,29.670000076293945,21.595481872558594,223600
2013-10-07,31.450000762939453,31.5,29.510000228881836,29.68000030517578,21.60276222229004,87400
2013-10-08,29.540000915527344,29.84000015258789,29.200000762939453,29.489999771118164,21.464466094970703,40200
2013-10-09,29.420000076293945,29.600000381469727,29.270000457763672,29.350000381469727,21.362565994262695,76400
2013-10-10,29.5,30.0,29.3799991607666,29.809999465942383,21.6973819732666,48900
2013-10-11,29.700000762939453,30.399999618530273,29.700000762939453,30.239999771118164,22.010356903076172,65800
2013-10-14,30.200000762939453,30.84000015258789,29.920000076293945,30.030000686645508,21.85750961303711,69000
2013-10-15,30.09000015258789,31.270000457763672,30.0,30.940000534057617,22.51986312866211,461100
2013-10-16,31.149999618530273,31.3799991607666,30.959999084472656,31.229999542236328,22.730932235717773,150200
2013-10-17,30.889999389648438,31.670000076293945,30.8799991607666,31.43000030517578,22.87650489807129,138400
2013-10-18,31.739999771118164,31.969999313354492,31.329999923706055,31.6200008392334,23.014801025390625,219100
2013-10-21,31.530000686645508,34.130001068115234,31.309999465942383,33.880001068115234,24.659753799438477,330900
2013-10-22,34.220001220703125,34.779998779296875,33.220001220703125,33.279998779296875,24.223041534423828,119100
2013-10-23,33.20000076293945,33.68000030517578,32.599998474121094,32.61000061035156,23.735383987426758,119800
2013-10-24,32.7400016784668,33.209999084472656,32.650001525878906,32.91999816894531,23.961013793945312,95900
2013-10-25,33.16999816894531,33.630001068115234,32.86000061035156,33.130001068115234,24.113862991333008,65400
2013-10-28,33.150001525878906,34.9900016784668,33.0099983215332,33.630001068115234,24.47779083251953,395400
2013-10-29,33.7400016784668,34.7400016784668,33.25,34.349998474121094,25.00184440612793,216800
2013-10-30,34.630001068115234,35.470001220703125,34.0,34.63999938964844,25.212926864624023,246100
2013-10-31,34.63999938964844,35.25,33.59000015258789,33.599998474121094,24.565879821777344,103800
2013-11-01,34.0,34.459999084472656,33.11000061035156,33.43000030517578,24.441585540771484,64200
2013-11-04,33.34000015258789,34.040000915527344,32.869998931884766,33.34000015258789,24.375782012939453,68400
2013-11-05,33.54999923706055,34.40999984741211,33.04999923706055,33.95000076293945,24.821775436401367,146300
2013-11-06,34.16999816894531,35.0,33.61000061035156,34.41999816894531,25.165395736694336,83200
2013-11-07,34.63999938964844,34.63999938964844,32.540000915527344,33.06999969482422,24.178382873535156,83100
2013-11-08,33.25,33.709999084472656,33.0,33.16999816894531,24.251489639282227,67800
2013-11-11,33.2599983215332,33.720001220703125,33.189998626708984,33.2400016784668,24.302671432495117,70600
2013-11-12,33.150001525878906,33.4900016784668,33.0,33.18000030517578,24.258798599243164,172000
2013-11-13,33.18000030517578,33.470001220703125,32.72999954223633,33.220001220703125,24.288047790527344,77400
2013-11-14,33.349998474121094,33.47999954223633,32.529998779296875,32.75,23.94441795349121,373400
2013-11-15,32.75,32.9900016784668,32.040000915527344,32.400001525878906,23.688520431518555,121000
2013-11-18,32.5,32.70000076293945,31.610000610351562,32.099998474121094,23.46918296813965,298300
2013-11-19,32.22999954223633,32.4900016784668,31.770000457763672,32.099998474121094,23.46918296813965,119700
2013-11-20,32.02000045776367,32.279998779296875,31.739999771118164,32.099998474121094,23.46918296813965,97100
2013-11-21,31.989999771118164,32.15999984741211,31.889999389648438,32.0099983215332,23.40338706970215,152900
2013-11-22,32.150001525878906,32.29999923706055,31.139999389648438,31.59000015258789,23.0963077545166,499100
2013-11-25,31.700000762939453,31.969999313354492,31.15999984741211,31.440000534057617,22.98664665222168,351800
2013-11-26,31.34000015258789,32.41999816894531,31.1299991607666,32.36000061035156,23.659278869628906,301000
2013-11-27,32.400001525878906,32.7599983215332,31.549999237060547,31.920000076293945,23.337581634521484,113600
2013-11-29,31.899999618530273,33.06999969482422,31.829999923706055,32.939998626708984,24.083332061767578,30000
2013-12-02,33.150001525878906,33.45000076293945,32.65999984741211,33.29999923706055,24.346538543701172,116500
2013-12-03,33.63999938964844,33.63999938964844,33.11000061035156,33.40999984741211,24.42696189880371,35200
2013-12-04,33.25,33.2599983215332,32.25,32.880001068115234,24.039466857910156,33300
2013-12-05,32.77000045776367,32.77000045776367,32.25,32.529998779296875,23.783573150634766,73300
2013-12-06,32.61000061035156,32.75,32.290000915527344,32.619998931884766,23.849369049072266,116800
2013-12-09,32.70000076293945,33.439998626708984,32.459999084472656,32.779998779296875,23.96634864807129,125300
2013-12-10,32.86000061035156,33.599998474121094,32.810001373291016,33.529998779296875,24.514692306518555,170900
2013-12-11,33.65999984741211,33.720001220703125,33.04999923706055,33.400001525878906,24.419649124145508,78200
2013-12-12,33.4900016784668,33.88999938964844,33.2400016784668,33.790000915527344,24.704788208007812,120700
2013-12-13,34.0,34.0,33.29999923706055,33.31999969482422,24.361164093017578,62700
2013-12-16,33.349998474121094,34.0,33.31999969482422,33.40999984741211,24.42696189880371,82600
2013-12-17,33.599998474121094,33.86000061035156,33.29999923706055,33.650001525878906,24.60243034362793,109400
2013-12-18,33.650001525878906,34.970001220703125,33.4900016784668,34.86000061035156,25.48710060119629,167100
2013-12-19,34.54999923706055,35.0,34.36000061035156,34.880001068115234,25.50171661376953,68500
2013-12-20,34.97999954223633,36.369998931884766,34.91999816894531,36.060001373291016,26.36444664001465,189500
2013-12-23,35.88999938964844,37.04999923706055,35.88999938964844,36.77000045776367,26.88355255126953,118000
2013-12-24,37.0,37.650001525878906,36.52000045776367,37.63999938964844,27.519630432128906,242300
2013-12-26,37.849998474121094,38.0,37.40999984741211,37.83000183105469,27.658546447753906,154300
2013-12-27,38.0,38.09000015258789,37.41999816894531,37.7599983215332,27.60736846923828,352900
2013-12-30,37.84000015258789,38.13999938964844,37.58000183105469,38.09000015258789,27.848636627197266,137100
2013-12-31,38.20000076293945,38.9900016784668,37.790000915527344,37.93000030517578,27.731658935546875,97600
2014-01-02,37.900001525878906,38.0099983215332,36.81999969482422,37.04999923706055,27.088266372680664,210300
2014-01-03,37.279998779296875,37.310001373291016,36.5,36.65999984741211,26.803129196166992,75800
2014-01-06,36.90999984741211,37.13999938964844,36.5,36.58000183105469,26.744632720947266,128800
2014-01-07,36.75,36.93000030517578,36.5099983215332,36.529998779296875,26.708078384399414,96400
2014-01-08,36.4900016784668,37.20000076293945,36.279998779296875,36.810001373291016,26.912797927856445,74000
2014-01-09,37.040000915527344,37.209999084472656,36.529998779296875,37.0,27.051706314086914,196300
2014-01-10,37.25,37.4900016784668,37.0,37.15999984741211,27.168689727783203,117800
2014-01-13,37.31999969482422,37.400001525878906,35.65999984741211,36.25,26.50336265563965,134000
2014-01-14,36.25,36.56999969482422,35.5,36.08000183105469,26.379072189331055,101800
2014-01-15,35.880001068115234,36.29999923706055,35.81999969482422,36.25,26.50336265563965,298900
2014-01-16,36.25,36.91999816894531,36.25,36.83000183105469,26.92742156982422,64500
2014-01-17,36.959999084472656,37.709999084472656,36.93000030517578,37.52000045776367,27.431896209716797,63300
2014-01-21,37.9900016784668,38.15999984741211,37.40999984741211,37.41999816894531,27.358776092529297,64900
2014-01-22,37.650001525878906,38.689998626708984,37.650001525878906,37.97999954223633,27.768205642700195,83200
2014-01-23,38.040000915527344,39.0,37.90999984741211,38.619998931884766,28.236135482788086,74100
2014-01-24,38.41999816894531,38.5,37.290000915527344,37.290000915527344,27.263734817504883,63100
2014-01-27,37.29999923706055,37.81999969482422,35.599998474121094,37.099998474121094,27.12481689453125,99800
2014-01-28,37.099998474121094,38.7599983215332,37.099998474121094,37.88999938964844,27.702407836914062,72100
2014-01-29,37.9900016784668,39.279998779296875,37.41999816894531,38.43000030517578,28.097225189208984,111400
2014-01-30,38.7400016784668,38.7400016784668,37.5,37.709999084472656,27.570810317993164,97200
2014-01-31,37.52000045776367,37.900001525878906,37.06999969482422,37.43000030517578,27.530357360839844,65100
2014-02-03,37.58000183105469,37.58000183105469,36.5099983215332,37.27000045776367,27.41267967224121,56000
2014-02-04,37.459999084472656,37.779998779296875,37.22999954223633,37.47999954223633,27.56713104248047,61500
2014-02-05,37.209999084472656,37.7599983215332,36.529998779296875,36.91999816894531,27.155241012573242,64700
2014-02-06,36.959999084472656,38.119998931884766,36.91999816894531,38.11000061035156,28.030508041381836,62000
2014-02-07,37.95000076293945,39.83000183105469,37.95000076293945,38.939998626708984,28.6409854888916,136400
2014-02-10,39.349998474121094,39.84000015258789,38.79999923706055,39.529998779296875,29.07493782043457,54200
2014-02-11,39.400001525878906,41.220001220703125,39.400001525878906,40.91999816894531,30.097307205200195,131000
2014-02-12,41.0,41.5099983215332,40.400001525878906,40.81999969482422,30.023761749267578,122800
2014-02-13,40.56999969482422,43.02000045776367,40.34000015258789,42.04999923706055,30.928434371948242,531100
2014-02-14,43.099998474121094,45.79999923706055,43.08000183105469,43.52000045776367,32.0096435546875,333700
2014-02-18,45.2400016784668,45.33000183105469,43.90999984741211,44.58000183105469,32.7892951965332,161700
2014-02-19,44.7599983215332,47.43000030517578,44.439998626708984,46.72999954223633,34.37065124511719,527100
2014-02-20,46.91999816894531,47.91999816894531,46.810001373291016,46.93000030517578,34.51775360107422,387800
2014-02-21,47.900001525878906,48.58000183105469,47.369998931884766,48.0,35.30475616455078,273600
2014-02-24,48.2400016784668,48.5,47.29999923706055,47.470001220703125,34.914939880371094,94300
2014-02-25,47.2400016784668,47.68000030517578,46.09000015258789,46.279998779296875,34.03966522216797,143200
2014-02-26,45.650001525878906,45.900001525878906,44.029998779296875,45.2599983215332,33.28944396972656,244100
2014-02-27,45.0,46.5,44.540000915527344,45.72999954223633,33.63513946533203,90900
2014-02-28,45.97999954223633,46.959999084472656,45.369998931884766,45.81999969482422,33.70132827758789,66900
2014-03-03,46.189998626708984,46.66999816894531,45.540000915527344,45.86000061035156,33.73075485229492,44100
2014-03-04,46.2400016784668,47.970001220703125,45.900001525878906,47.20000076293945,34.716346740722656,397600
2014-03-05,45.95000076293945,48.0099983215332,45.95000076293945,47.2400016784668,34.745765686035156,692200
2014-03-06,47.560001373291016,47.560001373291016,46.84000015258789,47.060001373291016,34.61337661743164,45200
2014-03-07,47.0099983215332,47.77000045776367,46.75,47.11000061035156,34.650150299072266,67900
2014-03-10,46.97999954223633,48.33000183105469,46.7599983215332,47.63999938964844,35.039974212646484,117300
2014-03-11,47.970001220703125,48.15999984741211,47.349998474121094,47.68000030517578,35.06939697265625,208700
2014-03-12,47.880001068115234,48.4900016784668,47.2400016784668,48.09000015258789,35.370948791503906,388100
2014-03-13,48.369998931884766,48.630001068115234,47.709999084472656,48.36000061035156,35.569549560546875,372400
2014-03-14,49.58000183105469,49.88999938964844,48.84000015258789,49.0,36.04027557373047,279300
2014-03-17,49.04999923706055,50.02000045776367,48.52000045776367,49.70000076293945,36.555137634277344,206000
2014-03-18,49.56999969482422,50.310001373291016,49.0,49.68000030517578,36.540428161621094,185700
2014-03-19,49.650001525878906,50.45000076293945,48.5,49.150001525878906,36.150604248046875,152600
2014-03-20,48.630001068115234,48.9900016784668,47.2400016784668,47.560001373291016,34.981136322021484,237800
2014-03-21,47.70000076293945,48.09000015258789,45.400001525878906,46.41999816894531,34.142642974853516,789400
2014-03-24,47.0099983215332,47.59000015258789,46.0,47.47999954223633,34.92229080200195,219300
2014-03-25,47.41999816894531,47.97999954223633,46.59000015258789,47.36000061035156,34.83402633666992,84200
2014-03-26,47.630001068115234,47.86000061035156,46.83000183105469,46.970001220703125,34.54718017578125,74000
2014-03-27,46.7599983215332,47.650001525878906,46.060001373291016,47.45000076293945,34.90021896362305,70000
2014-03-28,47.40999984741211,47.77000045776367,46.66999816894531,47.349998474121094,34.82667922973633,93000
2014-03-31,47.349998474121094,49.20000076293945,46.13999938964844,48.56999969482422,35.7239990234375,117100
2014-04-01,49.34000015258789,49.34000015258789,48.36000061035156,48.880001068115234,35.95201873779297,167800
2014-04-02,49.130001068115234,49.31999969482422,48.400001525878906,48.97999954223633,36.02556228637695,89700
2014-04-03,48.619998931884766,49.349998474121094,48.619998931884766,48.97999954223633,36.02556228637695,92900
2014-04-04,49.66999816894531,49.849998474121094,48.5099983215332,48.849998474121094,35.92994689941406,107600
2014-04-07,49.060001373291016,49.2400016784668,47.5,48.099998474121094,35.378299713134766,191200
2014-04-08,47.91999816894531,49.27000045776367,47.7599983215332,49.119998931884766,36.1285285949707,62700
2014-04-09,49.09000015258789,50.18000030517578,48.88999938964844,49.91999816894531,36.71695327758789,37200
2014-04-10,50.029998779296875,51.91999816894531,49.72999954223633,51.380001068115234,37.790809631347656,128100
2014-04-11,51.29999923706055,54.380001068115234,50.70000076293945,53.869998931884766,39.62223815917969,155000
2014-04-14,54.83000183105469,57.66999816894531,54.09000015258789,56.709999084472656,41.71110153198242,234600
2014-04-15,57.0,57.849998474121094,55.619998931884766,56.150001525878906,41.29920959472656,121200
2014-04-16,55.959999084472656,57.29999923706055,55.7599983215332,56.97999954223633,41.90968704223633,108900
2014-04-17,57.4900016784668,57.900001525878906,55.75,57.65999984741211,42.40983963012695,124800
2014-04-21,57.90999984741211,58.54999923706055,56.529998779296875,56.65999984741211,41.67433166503906,75800
2014-04-22,56.7599983215332,57.41999816894531,56.650001525878906,57.25,42.10828399658203,177600
2014-04-23,57.560001373291016,58.22999954223633,56.75,57.04999923706055,41.96117401123047,81700
2014-04-24,57.130001068115234,57.88999938964844,56.5,56.5,41.556640625,97000
2014-04-25,56.2599983215332,56.5,54.52000045776367,56.06999969482422,41.24037170410156,123900
2014-04-28,56.29999923706055,57.040000915527344,53.540000915527344,54.84000015258789,40.335693359375,224700
2014-04-29,54.849998474121094,55.4900016784668,52.61000061035156,53.54999923706055,39.38686752319336,180800
2014-04-30,52.5,54.41999816894531,50.0,53.619998931884766,39.4383659362793,330400
2014-05-01,53.25,54.61000061035156,52.5,53.4900016784668,39.544822692871094,173700
2014-05-02,53.720001220703125,55.45000076293945,53.119998931884766,54.650001525878906,40.40239715576172,92500
2014-05-05,54.75,56.18000030517578,54.5,55.65999984741211,41.14908218383789,101800
2014-05-06,56.400001525878906,56.70000076293945,55.25,55.619998931884766,41.119510650634766,141600
2014-05-07,55.91999816894531,56.47999954223633,55.5099983215332,55.88999938964844,41.31912612915039,145300
2014-05-08,56.119998931884766,56.38999938964844,53.790000915527344,54.52000045776367,40.3062744140625,107800
2014-05-09,54.15999984741211,54.93000030517578,53.970001220703125,54.31999969482422,40.158424377441406,60200
2014-05-12,55.0,56.11000061035156,54.900001525878906,55.90999984741211,41.333919525146484,58500
2014-05-13,53.970001220703125,56.459999084472656,53.970001220703125,56.08000183105469,41.4595832824707,92300
2014-05-14,56.29999923706055,58.220001220703125,55.599998474121094,57.84000015258789,42.76074981689453,103400
2014-05-15,57.4900016784668,58.119998931884766,56.779998779296875,58.040000915527344,42.908599853515625,107200
2014-05-16,58.040000915527344,59.720001220703125,58.040000915527344,58.849998474121094,43.507442474365234,93200
2014-05-19,59.06999969482422,60.709999084472656,58.18000030517578,58.86000061035156,43.51482009887695,119000
2014-05-20,59.25,59.90999984741211,58.36000061035156,58.849998474121094,43.507442474365234,76200
2014-05-21,59.619998931884766,59.619998931884766,57.650001525878906,57.88999938964844,42.79770278930664,41500
2014-05-22,57.529998779296875,60.0,57.0099983215332,59.70000076293945,44.13582992553711,84100
2014-05-23,59.970001220703125,60.650001525878906,59.2599983215332,59.83000183105469,44.2319450378418,70900
2014-05-27,60.16999816894531,61.13999938964844,59.560001373291016,59.81999969482422,44.22454833984375,91900
2014-05-28,60.400001525878906,60.93000030517578,59.41999816894531,60.150001525878906,44.4685173034668,68300
2014-05-29,60.040000915527344,60.29999923706055,59.439998626708984,60.279998779296875,44.56462478637695,129900
2014-05-30,59.869998931884766,60.86000061035156,59.59000015258789,60.54999923706055,44.764225006103516,72400
2014-06-02,60.2599983215332,62.95000076293945,60.0,62.20000076293945,45.984066009521484,97200
2014-06-03,62.810001373291016,63.93000030517578,62.75,63.20000076293945,46.72336959838867,75900
2014-06-04,63.790000915527344,65.7699966430664,62.47999954223633,65.05999755859375,48.09844207763672,116900
2014-06-05,64.76000213623047,67.16000366210938,64.26000213623047,67.0,49.532676696777344,160200
2014-06-06,67.44999694824219,68.77999877929688,66.51000213623047,67.37000274658203,49.806209564208984,308000
2014-06-09,67.5,68.11000061035156,65.91999816894531,66.0999984741211,48.86730194091797,102800
2014-06-10,65.9800033569336,66.22000122070312,64.25,64.56999969482422,47.73619842529297,333000
2014-06-11,63.91999816894531,64.43000030517578,61.0,62.43000030517578,46.15409851074219,330600
2014-06-12,62.0,63.099998474121094,61.9900016784668,62.83000183105469,46.44981384277344,184800
2014-06-13,63.619998931884766,66.37000274658203,62.54999923706055,65.83999633789062,48.67509078979492,352200
2014-06-16,66.51000213623047,66.68000030517578,65.12999725341797,65.81999969482422,48.66029739379883,188100
2014-06-17,66.18000030517578,66.43000030517578,63.90999984741211,64.52999877929688,47.70662307739258,204400
2014-06-18,64.87999725341797,66.83000183105469,64.87999725341797,66.58999633789062,49.22956085205078,204000
2014-06-19,67.01000213623047,73.12999725341797,66.61000061035156,72.94000244140625,53.9240837097168,573200
2014-06-20,73.0,77.7300033569336,72.62999725341797,76.87000274658203,56.829498291015625,960900
2014-06-23,77.29000091552734,78.80000305175781,75.58000183105469,76.29000091552734,56.40071105957031,306700
2014-06-24,76.30000305175781,77.43000030517578,75.4000015258789,76.69000244140625,56.696434020996094,206400
2014-06-25,76.3499984741211,78.41999816894531,75.16999816894531,78.05000305175781,57.70186233520508,279700
2014-06-26,77.83999633789062,79.91999816894531,75.70999908447266,76.26000213623047,56.3785285949707,188800
2014-06-27,75.91999816894531,78.0,75.88999938964844,78.0,57.664913177490234,135400
2014-06-30,78.43000030517578,78.43000030517578,75.04000091552734,75.55999755859375,55.861019134521484,135300
2014-07-01,75.0,77.81999969482422,73.61000061035156,77.62000274658203,57.38396072387695,127700
2014-07-02,77.36000061035156,78.58000183105469,76.62000274658203,78.44999694824219,57.99757385253906,152800
2014-07-03,79.0,79.4800033569336,78.22000122070312,78.61000061035156,58.115875244140625,37100
2014-07-07,78.7300033569336,79.83000183105469,78.30999755859375,79.47000122070312,58.751670837402344,63300
2014-07-08,79.7300033569336,79.7300033569336,78.08999633789062,78.77999877929688,58.241554260253906,103000
2014-07-09,78.68000030517578,78.87000274658203,74.70999908447266,74.86000061035156,55.34352111816406,168600
2014-07-10,74.16000366210938,76.19000244140625,72.83000183105469,75.5,55.816673278808594,113200
2014-07-11,75.93000030517578,76.68000030517578,75.11000061035156,75.56999969482422,55.868408203125,65600
2014-07-14,75.13999938964844,76.66000366210938,74.4000015258789,75.63999938964844,55.920166015625,66400
2014-07-15,75.69000244140625,75.94999694824219,70.86000061035156,72.05000305175781,53.266109466552734,149300
2014-07-16,71.26000213623047,71.6500015258789,68.45999908447266,70.12000274658203,51.83927536010742,415100
2014-07-17,69.0999984741211,70.58999633789062,68.66999816894531,68.69000244140625,50.7820930480957,129500
2014-07-18,68.61000061035156,69.33000183105469,66.73999786376953,69.1500015258789,51.12215042114258,121500
2014-07-21,68.0,69.01000213623047,67.55999755859375,68.55000305175781,50.67858123779297,122200
2014-07-22,68.70999908447266,69.98999786376953,68.55999755859375,68.91000366210938,50.94472122192383,47400
2014-07-23,68.94999694824219,69.33999633789062,68.0199966430664,68.58999633789062,50.708152770996094,93800
2014-07-24,69.5,70.0,68.0999984741211,68.22000122070312,50.43461227416992,100100
2014-07-25,68.0,68.0,66.0199966430664,66.2300033569336,48.96342849731445,167500
2014-07-28,66.0,66.47000122070312,63.189998626708984,66.0999984741211,48.86730194091797,255200
2014-07-29,66.58999633789062,68.08999633789062,64.12999725341797,64.47000122070312,47.66225814819336,140400
2014-07-30,64.69999694824219,65.2699966430664,64.0,64.94999694824219,48.017112731933594,158700
2014-07-31,64.54000091552734,64.54000091552734,62.220001220703125,63.95000076293945,47.498680114746094,176000
2014-08-01,62.29999923706055,63.81999969482422,62.29999923706055,63.56999969482422,47.21643829345703,121200
2014-08-04,63.849998474121094,65.12999725341797,62.650001525878906,63.099998474121094,46.867347717285156,69000
2014-08-05,63.16999816894531,63.790000915527344,62.529998779296875,62.66999816894531,46.54796600341797,97400
2014-08-06,62.5,63.77000045776367,61.81999969482422,62.11000061035156,46.13202667236328,258000
2014-08-07,62.130001068115234,63.77000045776367,62.060001373291016,63.38999938964844,47.08274459838867,96100
2014-08-08,63.40999984741211,65.30000305175781,63.20000076293945,65.05999755859375,48.32313537597656,90700
2014-08-11,66.0,68.86000061035156,65.91000366210938,67.94999694824219,50.46968078613281,217100
2014-08-12,68.19999694824219,68.7300033569336,67.18000030517578,68.47000122070312,50.855892181396484,104600
2014-08-13,69.02999877929688,69.55000305175781,68.83000183105469,69.54000091552734,51.650638580322266,119800
2014-08-14,69.86000061035156,71.0999984741211,69.80999755859375,71.0999984741211,52.809322357177734,67700
2014-08-15,72.02999877929688,72.54000091552734,71.43000030517578,71.8499984741211,53.36639404296875,141400
2014-08-18,72.56999969482422,73.95999908447266,72.16999816894531,72.69999694824219,53.997711181640625,82400
2014-08-19,73.11000061035156,73.70999908447266,72.87000274658203,73.58999633789062,54.65876770019531,65800
2014-08-20,73.94000244140625,73.94000244140625,72.91999816894531,73.33999633789062,54.47307586669922,98300
2014-08-21,73.41999816894531,75.0,72.9000015258789,73.22000122070312,54.38395690917969,81600
2014-08-22,73.69999694824219,74.63999938964844,72.76000213623047,74.3499984741211,55.2232551574707,45000
2014-08-25,74.94000244140625,74.94000244140625,73.58999633789062,74.05999755859375,55.007843017578125,173300
2014-08-26,74.63999938964844,74.72000122070312,74.0199966430664,74.61000061035156,55.41636657714844,61700
2014-08-27,74.94999694824219,74.94999694824219,73.76000213623047,74.12999725341797,55.059852600097656,55400
2014-08-28,73.5999984741211,74.29000091552734,73.05999755859375,73.69999694824219,54.740478515625,58100
2014-08-29,74.0,74.18000030517578,73.1500015258789,74.0,54.963287353515625,61700
2014-09-02,74.0,74.05000305175781,73.4800033569336,73.88999938964844,54.88158416748047,80100
2014-09-03,73.79000091552734,73.79000091552734,72.63999938964844,73.08000183105469,54.279964447021484,80700
2014-09-04,73.08000183105469,73.27999877929688,71.25,71.94000244140625,53.43324661254883,67100
2014-09-05,71.61000061035156,71.6500015258789,69.30999755859375,70.25,52.1779899597168,129900
2014-09-08,69.91000366210938,71.80000305175781,69.55000305175781,71.27999877929688,52.943016052246094,69000
2014-09-09,71.58000183105469,72.4000015258789,70.3499984741211,71.20999908447266,52.89103317260742,72900
2014-09-10,71.22000122070312,73.16999816894531,71.0,72.63999938964844,53.95316696166992,83200
2014-09-11,72.0999984741211,72.68000030517578,70.13999938964844,70.44999694824219,52.326534271240234,201700
2014-09-12,70.05000305175781,70.33000183105469,66.30000305175781,68.0999984741211,50.58108139038086,222300
2014-09-15,67.87999725341797,68.41999816894531,66.27999877929688,67.30999755859375,49.99432373046875,96600
2014-09-16,66.9800033569336,69.44000244140625,66.9800033569336,68.16000366210938,50.62565231323242,99300
2014-09-17,68.29000091552734,71.05999755859375,68.29000091552734,69.29000091552734,51.46495056152344,91000
2014-09-18,69.5999984741211,71.0,68.69999694824219,70.73999786376953,52.541927337646484,164800
2014-09-19,71.44999694824219,71.44999694824219,70.02999877929688,71.08000183105469,52.79447937011719,195200
2014-09-22,70.98999786376953,71.12000274658203,68.87999725341797,69.30000305175781,51.472389221191406,60400
2014-09-23,69.5199966430664,70.19000244140625,67.2699966430664,67.56999969482422,50.18742752075195,48700
2014-09-24,67.30999755859375,69.0,66.86000061035156,68.72000122070312,51.041587829589844,70800
2014-09-25,68.62000274658203,68.97000122070312,66.51000213623047,67.4800033569336,50.12059020996094,74200
2014-09-26,68.0,69.02999877929688,66.8499984741211,68.1500015258789,50.61822509765625,63300
2014-09-29,68.0,68.97000122070312,67.58000183105469,68.5199966430664,50.89304733276367,100700
2014-09-30,68.43000030517578,68.98999786376953,66.19999694824219,66.75,49.5783805847168,157100
2014-10-01,66.4000015258789,66.91999816894531,63.52000045776367,66.0999984741211,49.09558868408203,1127400
2014-10-02,65.66000366210938,66.75,63.099998474121094,66.11000061035156,49.10300827026367,150900
2014-10-03,66.75,67.54000091552734,64.88999938964844,67.44000244140625,50.09088134765625,122700
2014-10-06,67.47000122070312,68.98999786376953,66.61000061035156,68.58999633789062,50.945030212402344,122600
2014-10-07,68.56999969482422,68.68000030517578,66.58000183105469,66.83000183105469,49.63779830932617,91500
2014-10-08,66.66000366210938,66.68000030517578,63.36000061035156,66.27999877929688,49.22929382324219,142700
2014-10-09,65.5999984741211,67.55000305175781,63.540000915527344,63.939998626708984,47.491268157958984,104400
2014-10-10,63.0,63.88999938964844,60.849998474121094,61.52000045776367,45.69381332397461,146400
2014-10-13,61.11000061035156,61.880001068115234,57.11000061035156,57.290000915527344,42.55199432373047,139900
2014-10-14,57.25,57.959999084472656,51.349998474121094,56.40999984741211,41.89836883544922,355100
2014-10-15,54.70000076293945,59.95000076293945,52.70000076293945,59.540000915527344,44.223175048828125,154500
2014-10-16,58.52000045776367,66.68000030517578,57.43000030517578,64.55000305175781,47.9443359375,515900
2014-10-17,66.86000061035156,66.86000061035156,63.599998474121094,64.9000015258789,48.204288482666016,248000
2014-10-20,65.3499984741211,67.8499984741211,64.29000091552734,66.55000305175781,49.42982864379883,152800
2014-10-21,66.37999725341797,67.69999694824219,66.37999725341797,66.83000183105469,49.63779830932617,268400
2014-10-22,67.56999969482422,67.83000183105469,63.630001068115234,64.01000213623047,47.543251037597656,228800
2014-10-23,65.30000305175781,66.95999908447266,65.19999694824219,65.83000183105469,48.895057678222656,261800
2014-10-24,65.68000030517578,67.06999969482422,65.38999938964844,66.55000305175781,49.42982864379883,187400
2014-10-27,65.70999908447266,66.73999786376953,63.7599983215332,64.76000213623047,48.10030746459961,328200
2014-10-28,64.58000183105469,67.19999694824219,64.01000213623047,67.05000305175781,49.801204681396484,139300
2014-10-29,67.2699966430664,69.2300033569336,66.36000061035156,68.5,50.8781852722168,172100
2014-10-30,68.98999786376953,71.0,67.94000244140625,69.29000091552734,51.46495056152344,183200
2014-10-31,69.30000305175781,69.95999908447266,67.91000366210938,69.69000244140625,51.999935150146484,213000
2014-11-03,69.97000122070312,70.9000015258789,68.5999984741211,69.91999816894531,52.171566009521484,193200
2014-11-04,70.05999755859375,70.36000061035156,67.13999938964844,68.16000366210938,50.85833740234375,197800
2014-11-05,68.5,68.8499984741211,67.4000015258789,67.88999938964844,50.656864166259766,223400
2014-11-06,68.33999633789062,68.55000305175781,66.41000366210938,67.66000366210938,50.48524856567383,152900
2014-11-07,68.0,68.55999755859375,66.66999816894531,67.62999725341797,50.462860107421875,256700
2014-11-10,68.05000305175781,68.30000305175781,66.43000030517578,67.44000244140625,50.32109451293945,131900
2014-11-11,67.62999725341797,68.4000015258789,65.66999816894531,66.4000015258789,49.54507827758789,159000
2014-11-12,66.87999725341797,67.25,65.13999938964844,65.75,49.06007385253906,103100
2014-11-13,65.73999786376953,66.27999877929688,63.380001068115234,63.88999938964844,47.672218322753906,129100
2014-11-14,62.77000045776367,66.43000030517578,62.68000030517578,65.4800033569336,48.85862350463867,169300
2014-11-17,65.12000274658203,68.61000061035156,65.02999877929688,68.0,50.73894500732422,233200
2014-11-18,67.75,69.68000030517578,67.0199966430664,67.51000213623047,50.37331771850586,145200
2014-11-19,67.5999984741211,68.01000213623047,64.6500015258789,65.37999725341797,48.78399658203125,148000
2014-11-20,65.3499984741211,66.5,64.75,64.87999725341797,48.41091537475586,144800
2014-11-21,65.48999786376953,66.52999877929688,65.23999786376953,65.9000015258789,49.172000885009766,353800
2014-11-24,66.08999633789062,66.33000183105469,64.54000091552734,64.6500015258789,48.23929977416992,87300
2014-11-25,65.04000091552734,66.81999969482422,64.48999786376953,66.44000244140625,49.574928283691406,103100
2014-11-26,65.58999633789062,66.30000305175781,65.01000213623047,65.7300033569336,49.0451545715332,129000
2014-11-28,63.75,64.55999755859375,61.16999816894531,62.25,46.448509216308594,116500
2014-12-01,61.88999938964844,61.88999938964844,56.959999084472656,58.2400016784668,43.45640563964844,314900
2014-12-02,58.0,64.48999786376953,57.279998779296875,63.369998931884766,47.28419876098633,275000
2014-12-03,64.37000274658203,67.02999877929688,63.7599983215332,65.77999877929688,49.082462310791016,284700
2014-12-04,65.73999786376953,66.05000305175781,64.0,64.0999984741211,47.828914642333984,184200
2014-12-05,64.51000213623047,65.26000213623047,62.02000045776367,62.630001068115234,46.73204803466797,229900
2014-12-08,61.970001220703125,62.189998626708984,57.7599983215332,59.5,44.396568298339844,253500
2014-12-09,59.0099983215332,60.88999938964844,58.11000061035156,60.650001525878906,45.25465393066406,146400
2014-12-10,60.09000015258789,60.790000915527344,58.9900016784668,60.130001068115234,44.86665725708008,192200
2014-12-11,60.209999084472656,62.20000076293945,59.52000045776367,60.61000061035156,45.22481155395508,516400
2014-12-12,59.119998931884766,62.15999984741211,59.119998931884766,60.959999084472656,45.48596954345703,226800
2014-12-15,62.2400016784668,62.2400016784668,60.2599983215332,61.29999923706055,45.73965835571289,191000
2014-12-16,60.31999969482422,62.86000061035156,59.0,60.84000015258789,45.39642333984375,592900
2014-12-17,60.91999816894531,66.66000366210938,60.7599983215332,63.880001068115234,47.664764404296875,373200
2014-12-18,65.20999908447266,65.61000061035156,62.79999923706055,63.689998626708984,47.52298355102539,246800
2014-12-19,64.22000122070312,64.48999786376953,63.220001220703125,63.68000030517578,47.51552963256836,313200
2014-12-22,63.220001220703125,65.30999755859375,63.0,64.05000305175781,47.79161071777344,110900
2014-12-23,64.48999786376953,65.75,64.0,65.23999786376953,48.679534912109375,90800
2014-12-24,64.79000091552734,68.38999938964844,64.37000274658203,67.72000122070312,50.53001403808594,78900
2014-12-26,67.70999908447266,68.7300033569336,65.97000122070312,67.0,49.992774963378906,69500
2014-12-29,66.95999908447266,70.0,66.51000213623047,68.83999633789062,51.3657112121582,133800
2014-12-30,68.47000122070312,69.25,67.93000030517578,68.30999755859375,50.97025680541992,128900
2014-12-31,67.36000061035156,69.33000183105469,67.36000061035156,68.93000030517578,51.4328727722168,143300
2015-01-02,69.87999725341797,70.05000305175781,68.38999938964844,69.33999633789062,51.73878860473633,88100
2015-01-05,69.0,69.36000061035156,67.5,67.58000183105469,50.4255485534668,252200
2015-01-06,67.5,68.55000305175781,66.55000305175781,66.55999755859375,49.66446304321289,123700
2015-01-07,66.69999694824219,66.88999938964844,64.11000061035156,64.45999908447266,48.097530364990234,248300
2015-01-08,64.8499984741211,66.05999755859375,64.5,65.33000183105469,48.74668884277344,117200
2015-01-09,65.76000213623047,65.94999694824219,64.36000061035156,64.87000274658203,48.40345764160156,56800
2015-01-12,64.81999969482422,65.19000244140625,62.060001373291016,63.25,47.194671630859375,130100
2015-01-13,62.880001068115234,64.08999633789062,62.08000183105469,62.38999938964844,46.552978515625,129700
2015-01-14,62.060001373291016,63.810001373291016,61.5,62.900001525878906,46.93351745605469,174500
2015-01-15,63.400001525878906,65.43000030517578,62.650001525878906,64.93000030517578,48.44822692871094,109500
2015-01-16,63.689998626708984,67.25,63.689998626708984,66.7699966430664,49.8211669921875,403300
2015-01-20,67.22000122070312,68.43000030517578,66.23999786376953,68.04000091552734,50.76877975463867,72800
2015-01-21,68.2300033569336,71.22000122070312,68.1500015258789,71.01000213623047,52.98488235473633,136100
2015-01-22,71.88999938964844,72.62000274658203,70.95999908447266,72.47000122070312,54.07427978515625,52300
2015-01-23,72.19999694824219,75.8499984741211,72.08000183105469,75.08000183105469,56.02175521850586,100300
2015-01-26,75.61000061035156,79.2300033569336,74.08999633789062,78.52999877929688,58.59601593017578,132500
2015-01-27,78.87000274658203,80.0,76.5,77.16999816894531,57.581233978271484,133200
2015-01-28,77.41000366210938,81.62999725341797,74.48999786376953,74.86000061035156,55.85760498046875,212800
2015-01-29,74.63999938964844,76.52999877929688,72.5,75.1500015258789,56.073978424072266,241900
2015-01-30,75.58000183105469,77.08000183105469,72.29000091552734,72.41999816894531,54.036964416503906,130200
2015-02-02,72.41999816894531,73.25,71.25,71.6500015258789,53.71460723876953,103700
2015-02-03,72.08999633789062,76.2699966430664,71.9800033569336,73.0999984741211,54.80162811279297,112800
2015-02-04,71.51000213623047,74.2300033569336,71.51000213623047,72.76000213623047,54.546756744384766,81700
2015-02-05,72.87000274658203,76.06999969482422,72.87000274658203,74.8499984741211,56.113582611083984,107500
2015-02-06,75.04000091552734,78.0199966430664,74.76000213623047,77.55999755859375,58.14521789550781,127300
2015-02-09,77.3499984741211,79.7699966430664,77.16000366210938,77.62999725341797,58.197696685791016,102200
2015-02-10,78.04000091552734,78.69000244140625,77.01000213623047,77.58000183105469,58.16021728515625,76600
2015-02-11,77.0199966430664,78.33000183105469,75.73999786376953,75.73999786376953,56.78080368041992,93800
2015-02-12,76.79000091552734,77.5999984741211,75.94999694824219,76.9800033569336,57.71041488647461,92300
2015-02-13,77.20999908447266,79.80999755859375,76.9000015258789,78.83000183105469,59.0973014831543,157300
2015-02-17,78.19999694824219,78.5,75.44999694824219,75.5,56.60087203979492,452100
2015-02-18,75.12000274658203,75.94000244140625,74.9000015258789,75.0,56.226036071777344,4149500
2015-02-19,74.63999938964844,75.33999633789062,74.5,74.5,55.851192474365234,311600
2015-02-20,74.5,75.45999908447266,74.25,74.5,55.851192474365234,214000
2015-02-23,74.25,74.7300033569336,73.75,73.76000213623047,55.29643249511719,503300
2015-02-24,73.69999694824219,74.29000091552734,72.75,73.38999938964844,55.0190544128418,179000
2015-02-25,72.61000061035156,73.33999633789062,72.27999877929688,72.80000305175781,54.57674026489258,269900
2015-02-26,72.5,72.70999908447266,70.98999786376953,71.0199966430664,53.2422981262207,254300
2015-02-27,71.0199966430664,71.6500015258789,69.5999984741211,71.19000244140625,53.36975860595703,226500
2015-03-02,71.19000244140625,71.94999694824219,71.02999877929688,71.45999908447266,53.57216262817383,170000
2015-03-03,71.4000015258789,74.98999786376953,71.4000015258789,73.94000244140625,55.431365966796875,205500
2015-03-04,74.7300033569336,74.7699966430664,73.5,73.88999938964844,55.39389419555664,167200
2015-03-05,73.54000091552734,74.5,73.01000213623047,73.95999908447266,55.44637680053711,167900
2015-03-06,73.16999816894531,74.08999633789062,71.05999755859375,71.62999725341797,53.69960403442383,172900
2015-03-09,71.76000213623047,72.41000366210938,70.76000213623047,70.83000183105469,53.09988021850586,189100
2015-03-10,70.1500015258789,73.0,70.06999969482422,72.80000305175781,54.57674026489258,125900
2015-03-11,72.80000305175781,73.5,72.61000061035156,72.9800033569336,54.71168518066406,206900
2015-03-12,73.12000274658203,73.63999938964844,72.61000061035156,73.44999694824219,55.06403732299805,178000
2015-03-13,73.44999694824219,74.52999877929688,73.01000213623047,73.69000244140625,55.243961334228516,265900
2015-03-16,72.75,74.1500015258789,70.91000366210938,72.44000244140625,54.306854248046875,193200
2015-03-17,71.93000030517578,73.33000183105469,70.9000015258789,71.1500015258789,53.339759826660156,150700
2015-03-18,70.98999786376953,72.81999969482422,70.55000305175781,72.68000030517578,54.486778259277344,105200
2015-03-19,71.5999984741211,73.77999877929688,71.30999755859375,73.36000061035156,54.99656295776367,73100
2015-03-20,73.37999725341797,73.7300033569336,72.16000366210938,73.5,55.10151672363281,548100
2015-03-23,73.20999908447266,73.72000122070312,72.48999786376953,73.18000030517578,54.86162185668945,122600
2015-03-24,73.18000030517578,73.63999938964844,70.6500015258789,71.51000213623047,53.60965347290039,165700
2015-03-25,71.69999694824219,73.25,70.18000030517578,70.6500015258789,52.96492385864258,302700
2015-03-26,70.5199966430664,71.7300033569336,69.12000274658203,69.19000244140625,51.87039566040039,120900
2015-03-27,69.36000061035156,69.48999786376953,67.48999786376953,68.11000061035156,51.06074142456055,234900
2015-03-30,68.37999725341797,69.30000305175781,67.1500015258789,68.30000305175781,51.203182220458984,150400
2015-03-31,67.83000183105469,70.66999816894531,66.83999633789062,70.66999816894531,52.97991943359375,296500
2015-04-01,70.6500015258789,70.6500015258789,68.41999816894531,68.94999694824219,51.69046401977539,115600
2015-04-02,68.55999755859375,70.0999984741211,68.20999908447266,68.56999969482422,51.40559005737305,108700
2015-04-06,68.70999908447266,69.7300033569336,68.0999984741211,69.02999877929688,51.75044250488281,73500
2015-04-07,69.12000274658203,69.9000015258789,67.45999908447266,69.19999694824219,51.87788772583008,105700
2015-04-08,69.58000183105469,70.63999938964844,69.0,70.27999877929688,52.68753433227539,113000
2015-04-09,70.2699966430664,70.61000061035156,69.38999938964844,70.11000061035156,52.56010437011719,129900
2015-04-10,70.04000091552734,70.37000274658203,68.9000015258789,70.37000274658203,52.75501251220703,105400
2015-04-13,70.51000213623047,71.19999694824219,69.79000091552734,70.5999984741211,52.92744445800781,128500
2015-04-14,70.4800033569336,71.73999786376953,70.02999877929688,71.68000030517578,53.73709487915039,67200
2015-04-15,71.77999877929688,72.7699966430664,71.69999694824219,72.69000244140625,54.494285583496094,181100
2015-04-16,72.5,72.68000030517578,70.56999969482422,70.81999969482422,53.092369079589844,126200
2015-04-17,70.52999877929688,71.37000274658203,69.0999984741211,70.51000213623047,52.85997772216797,138700
2015-04-20,70.7300033569336,71.19000244140625,70.2699966430664,71.05000305175781,53.264801025390625,92900
2015-04-21,71.04000091552734,71.26000213623047,69.80000305175781,71.11000061035156,53.309776306152344,63100
2015-04-22,71.26000213623047,72.23999786376953,70.37000274658203,72.11000061035156,54.05946350097656,76700
2015-04-23,72.12999725341797,72.80000305175781,70.9000015258789,71.19999694824219,53.37725067138672,104200
2015-04-24,70.5999984741211,71.73999786376953,70.5,71.56999969482422,53.65462875366211,122700
2015-04-27,71.3499984741211,74.05999755859375,71.29000091552734,73.83999633789062,55.35639572143555,125700
2015-04-28,73.9000015258789,74.20999908447266,72.66000366210938,74.0199966430664,55.4913444519043,52700
2015-04-29,73.80000305175781,75.75,71.6500015258789,75.68000030517578,56.73582077026367,152500
2015-04-30,75.75,76.94000244140625,74.29000091552734,75.8499984741211,57.142635345458984,239300
2015-05-01,76.3499984741211,76.3499984741211,74.98999786376953,75.8499984741211,57.142635345458984,65600
2015-05-04,75.61000061035156,76.61000061035156,74.54000091552734,76.22000122070312,57.421390533447266,88200
2015-05-05,76.27999877929688,76.94999694824219,75.37000274658203,75.56999969482422,56.93169021606445,117700
2015-05-06,76.26000213623047,76.5999984741211,74.11000061035156,74.55999755859375,56.170806884765625,75400
2015-05-07,74.30000305175781,74.86000061035156,73.12000274658203,73.80999755859375,55.60578155517578,58700
2015-05-08,74.26000213623047,75.16000366210938,72.37000274658203,74.30000305175781,55.974918365478516,48400
2015-05-11,74.38999938964844,74.70999908447266,72.93000030517578,73.48999786376953,55.36469268798828,46100
2015-05-12,73.25,73.66999816894531,72.47000122070312,72.88999938964844,54.912681579589844,70400
2015-05-13,73.08999633789062,73.76000213623047,72.5,72.88999938964844,54.912681579589844,57100
2015-05-14,72.94999694824219,73.68000030517578,72.5,73.4800033569336,55.35715866088867,71900
2015-05-15,73.68000030517578,73.87000274658203,72.16999816894531,72.19999694824219,54.392852783203125,41400
2015-05-18,72.19999694824219,72.76000213623047,71.95999908447266,71.95999908447266,54.21205520629883,104000
2015-05-19,72.41000366210938,72.62999725341797,71.12999725341797,72.16000366210938,54.36272430419922,148200
2015-05-20,72.23999786376953,72.23999786376953,71.30000305175781,71.55000305175781,53.90317916870117,76600
2015-05-21,71.55000305175781,71.93000030517578,70.87999725341797,70.87999725341797,53.39842224121094,68200
2015-05-22,70.9000015258789,71.88999938964844,70.5,71.11000061035156,53.57168960571289,65200
2015-05-26,70.94999694824219,71.25,70.8499984741211,71.02999877929688,53.51142120361328,127500
2015-05-27,71.11000061035156,71.80999755859375,70.12000274658203,71.2699966430664,53.69221878051758,77000
2015-05-28,71.08999633789062,71.44999694824219,70.12999725341797,71.27999877929688,53.69976806640625,33100
2015-05-29,71.37999725341797,72.95999908447266,70.91999816894531,72.73999786376953,54.7996711730957,64700
2015-06-01,72.33999633789062,73.77999877929688,72.33999633789062,73.12999725341797,55.093482971191406,62900
2015-06-02,73.13999938964844,74.08000183105469,72.7699966430664,73.31999969482422,55.236629486083984,62200
2015-06-03,73.36000061035156,75.19999694824219,72.77999877929688,74.56999969482422,56.1783332824707,141300
2015-06-04,74.37000274658203,74.56999969482422,71.25,72.5199966430664,54.633934020996094,127100
2015-06-05,72.27999877929688,72.93000030517578,71.26000213623047,72.12000274658203,54.332584381103516,63500
2015-06-08,71.91000366210938,73.08000183105469,71.86000061035156,71.88999938964844,54.159324645996094,73000
2015-06-09,71.88999938964844,73.06999969482422,71.1500015258789,71.68000030517578,54.00111770629883,56600
2015-06-10,72.18000030517578,72.75,71.08999633789062,71.47000122070312,53.8428955078125,108500
2015-06-11,70.94999694824219,72.33000183105469,70.80999755859375,71.05999755859375,53.534019470214844,102600
2015-06-12,70.0,71.8499984741211,69.20999908447266,71.5,53.865516662597656,157400
2015-06-15,71.13999938964844,73.23999786376953,69.7300033569336,72.54000091552734,54.64900207519531,252500
2015-06-16,72.62000274658203,73.7699966430664,71.51000213623047,71.69000244140625,54.0086555480957,255900
2015-06-17,72.06999969482422,73.66000366210938,71.69999694824219,72.37999725341797,54.52845764160156,142200
2015-06-18,72.62999725341797,72.62999725341797,71.23999786376953,72.05000305175781,54.279850006103516,319200
2015-06-19,71.81999969482422,72.69999694824219,70.02999877929688,71.0,53.48881912231445,500700
2015-06-22,71.61000061035156,71.9000015258789,70.2300033569336,71.56999969482422,53.918243408203125,160700
2015-06-23,71.66999816894531,72.37000274658203,70.45999908447266,71.18000030517578,53.624427795410156,199600
2015-06-24,70.95999908447266,72.37999725341797,70.87999725341797,71.79000091552734,54.0839729309082,291600
2015-06-25,72.0,72.91000366210938,71.01000213623047,71.16999816894531,53.61689376831055,138200
2015-06-26,71.2699966430664,72.43000030517578,71.12999725341797,71.9800033569336,54.22712326049805,115000
2015-06-29,71.4800033569336,71.9000015258789,71.06999969482422,71.63999938964844,53.97097396850586,90600
2015-06-30,72.11000061035156,73.4000015258789,71.56999969482422,72.0,54.2421875,130300
2015-07-01,72.19999694824219,72.25,68.80000305175781,69.55000305175781,52.39644241333008,174100
2015-07-02,70.05000305175781,70.05000305175781,68.30000305175781,69.80999755859375,52.592323303222656,168100
2015-07-06,69.0,70.02999877929688,66.80000305175781,66.80000305175781,50.324703216552734,166200
2015-07-07,66.33000183105469,68.45999908447266,65.0,67.83000183105469,51.10065841674805,150900
2015-07-08,67.33000183105469,68.41000366210938,66.4800033569336,67.58000183105469,50.91231918334961,84100
2015-07-09,68.30999755859375,68.5,66.95999908447266,67.1500015258789,50.58837890625,182500
2015-07-10,67.26000213623047,69.58999633789062,67.25,68.91000366210938,51.9142951965332,180600
2015-07-13,68.91000366210938,69.37000274658203,66.0999984741211,66.20999908447266,49.88020324707031,727800
2015-07-14,66.13999938964844,66.97000122070312,63.0099983215332,63.5,47.83858871459961,679300
2015-07-15,63.59000015258789,63.97999954223633,61.52000045776367,63.02000045776367,47.47697448730469,444200
2015-07-16,63.459999084472656,63.68000030517578,61.810001373291016,61.88999938964844,46.62568283081055,340700
2015-07-17,61.88999938964844,62.540000915527344,59.13999938964844,59.13999938964844,44.55392074584961,519400
2015-07-20,59.349998474121094,59.349998474121094,56.099998474121094,56.540000915527344,42.59519577026367,607900
2015-07-21,56.47999954223633,58.83000183105469,56.47999954223633,58.209999084472656,43.853294372558594,257900
2015-07-22,57.75,59.400001525878906,56.65999984741211,58.9900016784668,44.44092559814453,399400
2015-07-23,59.529998779296875,61.38999938964844,58.380001068115234,59.7599983215332,45.02102279663086,636000
2015-07-24,59.220001220703125,61.529998779296875,58.459999084472656,61.040000915527344,45.985321044921875,692500
2015-07-27,60.54999923706055,61.400001525878906,60.029998779296875,61.0099983215332,45.96271896362305,295400
2015-07-28,61.459999084472656,62.41999816894531,60.0,62.290000915527344,46.92701721191406,189800
2015-07-29,62.290000915527344,65.22000122070312,61.439998626708984,64.77999877929688,48.80289840698242,250600
2015-07-30,64.0,65.27999877929688,62.25,63.560001373291016,48.18130111694336,409800
2015-07-31,64.05999755859375,64.94000244140625,62.040000915527344,62.310001373291016,47.233741760253906,256200
2015-08-03,62.08000183105469,62.68000030517578,60.529998779296875,61.34000015258789,46.49843978881836,266900
2015-08-04,61.459999084472656,62.060001373291016,59.279998779296875,59.95000076293945,45.444766998291016,238900
2015-08-05,60.40999984741211,61.33000183105469,57.22999954223633,58.220001220703125,44.13334274291992,377700
2015-08-06,57.720001220703125,59.709999084472656,55.56999969482422,58.369998931884766,44.247047424316406,863400
2015-08-07,58.40999984741211,59.33000183105469,55.439998626708984,56.70000076293945,42.981117248535156,441300
2015-08-10,56.959999084472656,57.72999954223633,55.220001220703125,56.34000015258789,42.708213806152344,326100
2015-08-11,55.93000030517578,56.529998779296875,55.47999954223633,55.869998931884766,42.3519401550293,375500
2015-08-12,55.97999954223633,57.5,55.45000076293945,56.45000076293945,42.791603088378906,306900
2015-08-13,56.41999816894531,56.779998779296875,56.04999923706055,56.400001525878906,42.75370407104492,73300
2015-08-14,56.68000030517578,58.08000183105469,56.68000030517578,57.36000061035156,43.48142623901367,114400
2015-08-17,57.29999923706055,58.349998474121094,57.0099983215332,58.04999923706055,44.00448989868164,91200
2015-08-18,58.08000183105469,59.04999923706055,57.880001068115234,58.650001525878906,44.459312438964844,144600
2015-08-19,58.5,59.2400016784668,57.11000061035156,57.779998779296875,43.799808502197266,143200
2015-08-20,57.650001525878906,58.060001373291016,57.27000045776367,57.81999969482422,43.83012390136719,186000
2015-08-21,57.369998931884766,57.7599983215332,56.060001373291016,56.310001373291016,42.68548583984375,170400
2015-08-24,40.45000076293945,54.939998626708984,40.0,54.939998626708984,41.646949768066406,243900
2015-08-25,55.41999816894531,55.41999816894531,53.5099983215332,55.099998474121094,41.76824188232422,282100
2015-08-26,55.369998931884766,57.689998626708984,54.150001525878906,57.689998626708984,43.73158645629883,105000
2015-08-27,58.2400016784668,61.869998931884766,57.70000076293945,61.630001068115234,46.71827697753906,199000
2015-08-28,61.630001068115234,62.119998931884766,61.22999954223633,61.959999084472656,46.96842575073242,373900
2015-08-31,61.720001220703125,63.4900016784668,60.279998779296875,62.400001525878906,47.30197525024414,365400
2015-09-01,61.619998931884766,61.90999984741211,58.72999954223633,60.31999969482422,45.72523880004883,243900
2015-09-02,61.88999938964844,61.88999938964844,57.5,59.47999954223633,45.08848190307617,250800
2015-09-03,59.43000030517578,61.029998779296875,57.619998931884766,57.619998931884766,43.67851638793945,192100
2015-09-04,57.25,57.95000076293945,56.22999954223633,56.45000076293945,42.791603088378906,213500
2015-09-08,57.22999954223633,57.22999954223633,55.599998474121094,56.38999938964844,42.74612808227539,161600
2015-09-09,56.58000183105469,56.880001068115234,55.59000015258789,55.81999969482422,42.31403732299805,151400
2015-09-10,55.83000183105469,56.369998931884766,55.15999984741211,56.11000061035156,42.53387451171875,149700
2015-09-11,55.81999969482422,55.880001068115234,54.0099983215332,54.63999938964844,41.4195442199707,272000
2015-09-14,54.540000915527344,54.599998474121094,53.09000015258789,53.459999084472656,40.525047302246094,197900
2015-09-15,53.27000045776367,53.720001220703125,51.61000061035156,51.689998626708984,39.183311462402344,375500
2015-09-16,51.650001525878906,53.060001373291016,51.650001525878906,52.529998779296875,39.82007598876953,193400
2015-09-17,52.650001525878906,52.95000076293945,51.900001525878906,52.52000045776367,39.8124885559082,156300
2015-09-18,51.869998931884766,52.119998931884766,51.0099983215332,51.47999954223633,39.02412796020508,98700
2015-09-21,51.47999954223633,51.9900016784668,50.0099983215332,51.95000076293945,39.38040542602539,254300
2015-09-22,51.31999969482422,51.65999984741211,48.439998626708984,48.91999816894531,37.08353042602539,207700
2015-09-23,49.060001373291016,49.060001373291016,45.599998474121094,45.70000076293945,34.642635345458984,271100
2015-09-24,45.47999954223633,47.060001373291016,42.83000183105469,46.959999084472656,35.59776306152344,400300
2015-09-25,46.959999084472656,48.41999816894531,46.02000045776367,47.83000183105469,36.25727081298828,419800
2015-09-28,47.119998931884766,47.150001525878906,45.599998474121094,46.150001525878906,34.98374938964844,170400
2015-09-29,46.22999954223633,46.38999938964844,44.15999984741211,44.61000061035156,33.816368103027344,354200
2015-09-30,45.189998626708984,49.939998626708984,44.7599983215332,49.27000045776367,37.34884262084961,419900
2015-10-01,49.47999954223633,52.22999954223633,49.220001220703125,49.9900016784668,37.8946418762207,469600
2015-10-02,49.36000061035156,53.560001373291016,48.58000183105469,53.20000076293945,40.32796096801758,297400
2015-10-05,53.70000076293945,55.540000915527344,53.459999084472656,55.02000045776367,41.707603454589844,283200
2015-10-06,54.40999984741211,55.59000015258789,53.54999923706055,55.290000915527344,41.91228103637695,398800
2015-10-07,55.95000076293945,57.25,55.04999923706055,56.9900016784668,43.20094680786133,568900
2015-10-08,56.939998626708984,57.959999084472656,56.72999954223633,57.93000030517578,43.91350173950195,264700
2015-10-09,58.130001068115234,59.790000915527344,58.130001068115234,59.310001373291016,44.95961380004883,318900
2015-10-12,59.310001373291016,59.349998474121094,58.0,58.790000915527344,44.5654296875,229200
2015-10-13,58.34000015258789,59.38999938964844,57.90999984741211,59.25,44.914127349853516,223200
2015-10-14,59.209999084472656,60.900001525878906,58.779998779296875,59.56999969482422,45.156707763671875,253900
2015-10-15,59.369998931884766,59.9900016784668,58.209999084472656,59.560001373291016,45.14912796020508,186200
2015-10-16,59.4900016784668,60.43000030517578,58.5,60.06999969482422,45.53572463989258,120400
2015-10-19,59.31999969482422,59.810001373291016,58.7599983215332,59.060001373291016,44.770103454589844,125000
2015-10-20,59.150001525878906,59.79999923706055,57.90999984741211,58.279998779296875,44.1788215637207,169100
2015-10-21,58.209999084472656,58.31999969482422,56.540000915527344,56.90999984741211,43.14030075073242,127300
2015-10-22,57.040000915527344,57.040000915527344,55.04999923706055,55.310001373291016,41.927433013916016,142700
2015-10-23,55.0099983215332,56.5,54.5,55.400001525878906,41.99565887451172,153500
2015-10-26,55.0,55.400001525878906,52.33000183105469,53.0,40.176361083984375,119000
2015-10-27,53.34000015258789,54.0,51.290000915527344,53.709999084472656,40.71457290649414,215100
2015-10-28,53.75,55.7599983215332,53.75,55.439998626708984,42.02598190307617,103100
2015-10-29,55.470001220703125,58.279998779296875,55.470001220703125,56.84000015258789,43.08724594116211,116700
2015-10-30,56.20000076293945,61.72999954223633,56.20000076293945,60.63999938964844,46.31657028198242,243900
2015-11-02,61.099998474121094,62.470001220703125,59.36000061035156,61.70000076293945,47.12620162963867,122200
2015-11-03,62.0099983215332,65.30999755859375,61.59000015258789,65.29000091552734,49.86822509765625,236400
2015-11-04,65.37999725341797,66.75,64.0199966430664,65.37000274658203,49.9293327331543,256800
2015-11-05,65.2699966430664,66.02999877929688,64.08999633789062,65.02999877929688,49.66963577270508,272500
2015-11-06,64.25,64.83999633789062,62.43000030517578,63.52000045776367,48.51629638671875,217700
2015-11-09,63.650001525878906,65.80999755859375,62.79999923706055,64.44000244140625,49.218994140625,182600
2015-11-10,64.0999984741211,65.37000274658203,62.88999938964844,64.37999725341797,49.17316818237305,88600
2015-11-11,64.08000183105469,64.48999786376953,60.58000183105469,60.75,46.400596618652344,186500
2015-11-12,60.279998779296875,61.38999938964844,58.880001068115234,58.93000030517578,45.01047897338867,87700
2015-11-13,58.630001068115234,59.349998474121094,58.099998474121094,58.47999954223633,44.666770935058594,130400
2015-11-16,58.45000076293945,61.43000030517578,58.349998474121094,61.2599983215332,46.79011917114258,407700
2015-11-17,61.34000015258789,62.29999923706055,59.52000045776367,61.97999954223633,47.340065002441406,199900
2015-11-18,62.209999084472656,63.34000015258789,61.18000030517578,63.11000061035156,48.20315170288086,222400
2015-11-19,62.25,62.59000015258789,59.84000015258789,60.47999954223633,46.19436264038086,111600
2015-11-20,60.95000076293945,62.4900016784668,59.59000015258789,60.119998931884766,45.91939926147461,289800
2015-11-23,59.9900016784668,60.72999954223633,58.849998474121094,59.09000015258789,45.13268280029297,320800
2015-11-24,59.540000915527344,60.560001373291016,58.349998474121094,59.7599983215332,45.644432067871094,157800
2015-11-25,59.2599983215332,60.5099983215332,58.90999984741211,59.209999084472656,45.22434997558594,131200
2015-11-27,58.900001525878906,59.56999969482422,57.970001220703125,58.65999984741211,44.804256439208984,35800
2015-11-30,58.61000061035156,58.7400016784668,57.439998626708984,58.0,44.30015182495117,174700
2015-12-01,58.0,58.720001220703125,56.0,56.400001525878906,43.07807922363281,246100
2015-12-02,55.900001525878906,56.2599983215332,52.93000030517578,53.93000030517578,41.19150161743164,451900
2015-12-03,54.02000045776367,54.58000183105469,51.560001373291016,52.150001525878906,39.83195114135742,289500
2015-12-04,51.900001525878906,53.459999084472656,50.45000076293945,51.439998626708984,39.28965759277344,259000
2015-12-07,50.720001220703125,50.720001220703125,46.20000076293945,50.150001525878906,38.30436325073242,453000
2015-12-08,49.11000061035156,51.689998626708984,48.11000061035156,51.02000045776367,38.96886444091797,216200
2015-12-09,51.040000915527344,57.08000183105469,50.43000030517578,55.97999954223633,42.757286071777344,826500
2015-12-10,55.52000045776367,56.709999084472656,53.83000183105469,55.209999084472656,42.169166564941406,218400
2015-12-11,54.75,54.939998626708984,50.68000030517578,52.34000015258789,39.9770622253418,247300
2015-12-14,51.86000061035156,52.2400016784668,50.099998474121094,51.22999954223633,39.12925720214844,170400
2015-12-15,51.459999084472656,53.45000076293945,50.15999984741211,52.810001373291016,40.3360481262207,302500
2015-12-16,52.45000076293945,57.900001525878906,52.43000030517578,56.59000015258789,43.22320556640625,419900
2015-12-17,56.36000061035156,56.720001220703125,53.400001525878906,55.099998474121094,42.085147857666016,180300
2015-12-18,55.0,58.09000015258789,54.33000183105469,56.86000061035156,43.42941665649414,245200
2015-12-21,57.060001373291016,57.459999084472656,53.900001525878906,56.720001220703125,43.32249069213867,199600
2015-12-22,56.529998779296875,60.88999938964844,56.529998779296875,60.65999984741211,46.331851959228516,228800
2015-12-23,61.099998474121094,62.810001373291016,59.459999084472656,61.720001220703125,47.141475677490234,178000
2015-12-24,61.459999084472656,62.9900016784668,60.810001373291016,61.43000030517578,46.91997146606445,79200
2015-12-28,60.849998474121094,61.56999969482422,58.27000045776367,60.959999084472656,46.560997009277344,208000
2015-12-29,61.400001525878906,62.18000030517578,57.66999816894531,60.77000045776367,46.415870666503906,206600
2015-12-30,60.209999084472656,61.33000183105469,58.56999969482422,58.97999954223633,45.048675537109375,298800
2015-12-31,58.369998931884766,61.88999938964844,57.77000045776367,61.400001525878906,46.89706039428711,155100
2016-01-04,60.88999938964844,62.11000061035156,59.959999084472656,60.720001220703125,46.377685546875,178900
2016-01-05,60.349998474121094,62.150001525878906,58.369998931884766,60.20000076293945,45.980499267578125,290200
2016-01-06,58.97999954223633,60.349998474121094,57.72999954223633,58.08000183105469,44.36125564575195,224800
2016-01-07,56.7400016784668,58.29999923706055,54.779998779296875,54.90999984741211,41.94001770019531,183500
2016-01-08,55.43000030517578,58.02000045776367,54.9900016784668,56.16999816894531,42.90240478515625,196200
2016-01-11,56.40999984741211,57.349998474121094,52.560001373291016,52.75,40.290225982666016,210000
2016-01-12,52.900001525878906,54.970001220703125,50.4900016784668,52.08000183105469,39.778480529785156,566300
2016-01-13,53.029998779296875,53.970001220703125,49.2400016784668,51.18000030517578,39.091064453125,213800
2016-01-14,51.63999938964844,57.130001068115234,50.65999984741211,56.810001373291016,43.391239166259766,471000
2016-01-15,55.400001525878906,59.45000076293945,53.43000030517578,55.66999816894531,42.520503997802734,410500
2016-01-19,55.5,57.56999969482422,52.11000061035156,52.9900016784668,40.473541259765625,369300
2016-01-20,51.25,53.689998626708984,49.02000045776367,53.13999938964844,40.58810806274414,396600
2016-01-21,53.02000045776367,58.9900016784668,53.02000045776367,55.16999816894531,42.138614654541016,392500
2016-01-22,55.810001373291016,59.5099983215332,55.810001373291016,59.04999923706055,45.10213851928711,352200
2016-01-25,58.34000015258789,59.4900016784668,55.20000076293945,55.529998779296875,42.413578033447266,270200
2016-01-26,57.59000015258789,57.869998931884766,54.459999084472656,56.47999954223633,43.13918685913086,214900
2016-01-27,56.220001220703125,57.16999816894531,53.849998474121094,56.279998779296875,42.98641586303711,256100
2016-01-28,59.04999923706055,59.2400016784668,55.2599983215332,57.869998931884766,44.20085906982422,174900
2016-01-29,57.0,61.560001373291016,54.81999969482422,56.68000030517578,43.29194641113281,443800
2016-02-01,56.779998779296875,57.31999969482422,54.119998931884766,56.36000061035156,43.39820098876953,227700
2016-02-02,55.25,56.56999969482422,53.59000015258789,55.79999923706055,42.96699142456055,192100
2016-02-03,56.97999954223633,56.97999954223633,53.5099983215332,54.400001525878906,41.88896560668945,202200
2016-02-04,55.209999084472656,57.9900016784668,54.400001525878906,57.13999938964844,43.99881362915039,329900
2016-02-05,56.720001220703125,59.58000183105469,55.040000915527344,58.45000076293945,45.00754165649414,329200
2016-02-08,58.04999923706055,59.41999816894531,54.779998779296875,57.7400016784668,44.4608268737793,365100
2016-02-09,55.81999969482422,58.7400016784668,55.40999984741211,58.2400016784668,44.84584045410156,297700
2016-02-10,58.81999969482422,60.7599983215332,57.68000030517578,58.81999969482422,45.29244613647461,298100
2016-02-11,58.11000061035156,58.11000061035156,55.15999984741211,56.02000045776367,43.13639831542969,366300
2016-02-12,57.70000076293945,57.959999084472656,56.029998779296875,56.220001220703125,43.2904052734375,216200
2016-02-16,57.630001068115234,58.939998626708984,56.93000030517578,57.5,44.276023864746094,283500
2016-02-17,58.43000030517578,61.36000061035156,57.18000030517578,57.470001220703125,44.25292205810547,295500
2016-02-18,58.7599983215332,59.97999954223633,56.20000076293945,56.599998474121094,43.5830078125,604200
2016-02-19,56.119998931884766,57.38999938964844,55.970001220703125,56.7599983215332,43.70621109008789,389000
2016-02-22,58.09000015258789,61.310001373291016,56.970001220703125,61.040000915527344,47.001888275146484,436700
2016-02-23,60.54999923706055,62.279998779296875,59.86000061035156,60.7599983215332,46.786277770996094,214400
2016-02-24,60.0,61.779998779296875,58.0,60.040000915527344,46.23187255859375,360400
2016-02-25,60.650001525878906,61.97999954223633,58.7400016784668,59.09000015258789,45.50034713745117,199300
2016-02-26,60.529998779296875,63.29999923706055,59.279998779296875,59.68000030517578,45.95466232299805,201700
2016-02-29,59.939998626708984,62.060001373291016,59.939998626708984,60.27000045776367,46.408973693847656,260500
2016-03-01,60.41999816894531,61.709999084472656,59.58000183105469,59.63999938964844,45.923858642578125,310300
2016-03-02,59.11000061035156,60.70000076293945,58.20000076293945,58.56999969482422,45.09994125366211,358200
2016-03-03,58.630001068115234,60.95000076293945,58.630001068115234,60.16999816894531,46.33197021484375,230100
2016-03-04,60.59000015258789,60.970001220703125,56.91999816894531,60.77000045776367,46.79398727416992,398400
2016-03-07,60.369998931884766,64.05000305175781,60.22999954223633,63.150001525878906,48.62663269042969,303800
2016-03-08,62.720001220703125,63.20000076293945,58.029998779296875,58.369998931884766,44.9459342956543,284300
2016-03-09,58.849998474121094,59.150001525878906,57.0099983215332,58.310001373291016,44.89973449707031,431400
2016-03-10,58.13999938964844,58.9900016784668,55.5099983215332,56.29999923706055,43.35200500488281,590800
2016-03-11,56.939998626708984,60.61000061035156,56.939998626708984,58.5,45.046043395996094,499200
2016-03-14,57.91999816894531,59.68000030517578,56.59000015258789,58.970001220703125,45.40795135498047,833500
2016-03-15,58.400001525878906,60.0,56.79999923706055,58.5,45.046043395996094,588300
2016-03-16,59.130001068115234,62.08000183105469,58.70000076293945,60.52000045776367,46.60148620605469,541800
2016-03-17,61.70000076293945,66.41999816894531,61.040000915527344,62.689998626708984,48.27241897583008,671600
2016-03-18,64.19999694824219,65.0,60.459999084472656,62.380001068115234,48.03371047973633,2802000
2016-03-21,62.400001525878906,62.459999084472656,59.369998931884766,60.2400016784668,46.38587188720703,385500
2016-03-22,60.06999969482422,62.869998931884766,59.66999816894531,60.27000045776367,46.408973693847656,554600
2016-03-23,59.83000183105469,62.97999954223633,59.459999084472656,62.93000030517578,48.457218170166016,737800
2016-03-24,63.310001373291016,66.80999755859375,62.40999984741211,62.5,48.12611389160156,904300
2016-03-28,63.34000015258789,63.34000015258789,60.83000183105469,61.709999084472656,47.517791748046875,373200
2016-03-29,60.689998626708984,63.65999984741211,60.689998626708984,61.709999084472656,47.517791748046875,319400
2016-03-30,62.529998779296875,63.95000076293945,61.75,62.25,47.93360137939453,344800
2016-03-31,62.08000183105469,63.65999984741211,61.9900016784668,62.59000015258789,48.19541549682617,487700
2016-04-01,61.59000015258789,63.41999816894531,61.16999816894531,63.41999816894531,48.83453369140625,336400
2016-04-04,63.45000076293945,64.83000183105469,62.84000015258789,63.349998474121094,48.78063201904297,384300
2016-04-05,62.900001525878906,62.95000076293945,60.93000030517578,61.439998626708984,47.30989456176758,169400
2016-04-06,61.59000015258789,62.5,60.599998474121094,61.52000045776367,47.371490478515625,182700
2016-04-07,61.029998779296875,62.43000030517578,58.439998626708984,59.25,45.62355422973633,206600
2016-04-08,60.08000183105469,61.40999984741211,60.0,60.310001373291016,46.43977737426758,246600
2016-04-11,60.61000061035156,61.58000183105469,60.06999969482422,60.810001373291016,46.82477951049805,245800
2016-04-12,60.70000076293945,63.2599983215332,60.439998626708984,62.9900016784668,48.50342559814453,315400
2016-04-13,62.650001525878906,63.45000076293945,61.0,62.060001373291016,47.787315368652344,202900
2016-04-14,62.150001525878906,63.290000915527344,59.900001525878906,60.619998931884766,46.6784782409668,348000
2016-04-15,60.650001525878906,61.720001220703125,58.45000076293945,58.4900016784668,45.03833770751953,1351000
2016-04-18,58.45000076293945,60.56999969482422,57.529998779296875,59.33000183105469,45.68515396118164,626000
2016-04-19,59.5,60.790000915527344,58.119998931884766,59.369998931884766,45.71595764160156,766700
2016-04-20,59.40999984741211,60.459999084472656,57.54999923706055,60.2599983215332,46.401275634765625,500600
2016-04-21,61.0,61.9900016784668,59.52000045776367,60.709999084472656,46.747772216796875,458300
2016-04-22,60.9900016784668,62.119998931884766,60.83000183105469,61.83000183105469,47.61020278930664,264200
2016-04-25,61.439998626708984,62.459999084472656,61.0099983215332,61.75,47.5485954284668,556800
2016-04-26,62.56999969482422,62.56999969482422,59.060001373291016,59.40999984741211,45.74675750732422,548600
2016-04-27,59.52000045776367,62.65999984741211,59.099998474121094,60.91999816894531,46.90947341918945,657600
2016-04-28,61.029998779296875,61.439998626708984,59.54999923706055,59.54999923706055,45.85456085205078,430700
2016-04-29,59.72999954223633,59.97999954223633,55.560001373291016,57.2400016784668,44.43473815917969,708700
2016-05-02,57.7400016784668,58.459999084472656,55.099998474121094,56.41999816894531,43.79817581176758,673000
2016-05-03,55.0,56.63999938964844,53.779998779296875,56.380001068115234,43.76712417602539,339700
2016-05-04,56.38999938964844,57.31999969482422,55.5,56.4900016784668,43.85251235961914,430600
2016-05-05,54.84000015258789,55.11000061035156,52.5,53.0,41.14327621459961,7408600
2016-05-06,53.0,54.38999938964844,53.0,53.09000015258789,41.213130950927734,670300
2016-05-09,53.08000183105469,53.900001525878906,52.04999923706055,53.38999938964844,41.44601821899414,877200
2016-05-10,53.38999938964844,54.040000915527344,52.08000183105469,53.0,41.14327621459961,561100
2016-05-11,52.970001220703125,53.31999969482422,50.959999084472656,52.5,40.75511932373047,821900
2016-05-12,53.27000045776367,53.93000030517578,52.5,53.4900016784668,41.523651123046875,1236500
2016-05-13,53.75,54.529998779296875,52.34000015258789,53.33000183105469,41.39944839477539,996900
2016-05-16,53.63999938964844,54.16999816894531,53.20000076293945,53.470001220703125,41.50812530517578,693800
2016-05-17,53.72999954223633,54.34000015258789,52.93000030517578,53.47999954223633,41.51588439941406,713900
2016-05-18,53.2599983215332,53.5099983215332,51.439998626708984,51.560001373291016,40.02540969848633,1393800
2016-05-19,51.560001373291016,53.13999938964844,50.150001525878906,53.09000015258789,41.213130950927734,766200
2016-05-20,53.0099983215332,53.41999816894531,51.720001220703125,52.130001068115234,40.46790313720703,465500
2016-05-23,52.16999816894531,52.97999954223633,51.58000183105469,52.720001220703125,40.925907135009766,617600
2016-05-24,52.65999984741211,53.310001373291016,52.099998474121094,52.650001525878906,40.871559143066406,399000
2016-05-25,52.66999816894531,53.349998474121094,52.209999084472656,52.22999954223633,40.545528411865234,584900
2016-05-26,52.45000076293945,53.439998626708984,52.45000076293945,53.369998931884766,41.43049240112305,534400
2016-05-27,53.439998626708984,54.400001525878906,52.810001373291016,54.400001525878906,42.230072021484375,530500
2016-05-31,54.09000015258789,55.43000030517578,53.91999816894531,54.93000030517578,42.64149856567383,1041700
2016-06-01,54.93000030517578,55.5,54.189998626708984,55.189998626708984,42.84333801269531,377700
2016-06-02,55.099998474121094,55.81999969482422,54.689998626708984,55.38999938964844,42.99859619140625,363500
2016-06-03,55.650001525878906,55.849998474121094,55.0099983215332,55.22999954223633,42.8743896484375,372000
2016-06-06,55.86000061035156,56.63999938964844,55.119998931884766,56.11000061035156,43.55752944946289,639900
2016-06-07,56.13999938964844,56.52000045776367,54.88999938964844,55.06999969482422,42.75019073486328,1098600
2016-06-08,55.54999923706055,56.150001525878906,53.9900016784668,54.63999938964844,42.4163818359375,779300
2016-06-09,54.63999938964844,55.11000061035156,53.209999084472656,53.5099983215332,41.53917694091797,453000
2016-06-10,53.66999816894531,54.560001373291016,53.0,54.150001525878906,42.03599548339844,638900
2016-06-13,53.310001373291016,54.52000045776367,53.310001373291016,53.77000045776367,41.74101257324219,307500
2016-06-14,53.599998474121094,54.5099983215332,52.369998931884766,53.52000045776367,41.54693603515625,1365900
2016-06-15,52.95000076293945,53.619998931884766,52.02000045776367,53.20000076293945,41.298526763916016,683400
2016-06-16,53.40999984741211,54.790000915527344,51.939998626708984,53.81999969482422,41.77983474731445,933400
2016-06-17,54.72999954223633,55.5,51.77000045776367,53.58000183105469,41.5935173034668,3071300
2016-06-20,53.790000915527344,55.75,53.58000183105469,54.38999938964844,42.22230911254883,578800
2016-06-21,54.54999923706055,55.25,53.68000030517578,54.04999923706055,41.9583625793457,402300
2016-06-22,54.869998931884766,54.97999954223633,53.61000061035156,53.939998626708984,41.87297821044922,514700
2016-06-23,54.54999923706055,54.650001525878906,53.59000015258789,54.33000183105469,42.17573165893555,581400
2016-06-24,53.04999923706055,54.119998931884766,51.75,53.25,41.33734130859375,652300
2016-06-27,53.16999816894531,53.209999084472656,51.25,51.70000076293945,40.134098052978516,627700
2016-06-28,52.560001373291016,53.939998626708984,51.709999084472656,53.45000076293945,41.49260330200195,328500
2016-06-29,53.40999984741211,54.95000076293945,53.11000061035156,54.599998474121094,42.38533020019531,256000
2016-06-30,54.52000045776367,55.869998931884766,53.880001068115234,55.869998931884766,43.37120819091797,357400
2016-07-01,55.95000076293945,56.45000076293945,54.91999816894531,54.91999816894531,42.63374328613281,260200
2016-07-05,54.380001068115234,54.79999923706055,52.470001220703125,53.869998931884766,41.81864547729492,369200
2016-07-06,53.47999954223633,54.029998779296875,52.77000045776367,53.900001525878906,41.84193420410156,344600
2016-07-07,54.349998474121094,55.0,52.81999969482422,53.119998931884766,41.23642349243164,429900
2016-07-08,53.619998931884766,54.220001220703125,52.52000045776367,54.11000061035156,42.00495147705078,204400
2016-07-11,54.25,55.33000183105469,53.880001068115234,54.33000183105469,42.17573165893555,252000
2016-07-12,55.029998779296875,55.83000183105469,55.029998779296875,55.810001373291016,43.32463836669922,202600
2016-07-13,55.599998474121094,56.439998626708984,55.040000915527344,55.56999969482422,43.138328552246094,229800
2016-07-14,55.650001525878906,56.0,54.650001525878906,55.970001220703125,43.4488410949707,198600
2016-07-15,55.68000030517578,56.0,55.380001068115234,55.56999969482422,43.138328552246094,169100
2016-07-18,55.59000015258789,55.7400016784668,55.02000045776367,55.5,43.0839958190918,216800
2016-07-19,55.16999816894531,55.52000045776367,54.20000076293945,54.7599983215332,42.5095329284668,166600
2016-07-20,54.43000030517578,55.52000045776367,54.18000030517578,55.0,42.69584274291992,252200
2016-07-21,55.09000015258789,55.75,54.0,54.630001068115234,42.40861892700195,197800
2016-07-22,54.189998626708984,54.63999938964844,53.66999816894531,54.599998474121094,42.38533020019531,129900
2016-07-25,54.7599983215332,55.040000915527344,53.43000030517578,53.9900016784668,41.911800384521484,129300
2016-07-26,53.7599983215332,54.33000183105469,53.040000915527344,53.7400016784668,41.71772384643555,171300
2016-07-27,54.220001220703125,54.41999816894531,52.709999084472656,53.220001220703125,41.314056396484375,243600
2016-07-28,53.349998474121094,53.90999984741211,52.77000045776367,53.5,41.53140640258789,292900
2016-07-29,53.4900016784668,53.91999816894531,52.7599983215332,53.5,41.53140640258789,234900
2016-08-01,53.150001525878906,53.45000076293945,52.25,52.790000915527344,41.370750427246094,339300
2016-08-02,53.599998474121094,53.619998931884766,51.959999084472656,52.7599983215332,41.34724426269531,433800
2016-08-03,53.40999984741211,53.70000076293945,51.29999923706055,51.810001373291016,40.60274124145508,639900
2016-08-04,51.810001373291016,52.63999938964844,50.52000045776367,50.83000183105469,39.83473587036133,548800
2016-08-05,50.939998626708984,51.970001220703125,50.47999954223633,50.849998474121094,39.850406646728516,317400
2016-08-08,51.290000915527344,52.349998474121094,50.95000076293945,52.310001373291016,40.994590759277344,263700
2016-08-09,49.81999969482422,49.939998626708984,48.790000915527344,48.810001373291016,38.251686096191406,2528300
2016-08-10,49.029998779296875,49.29999923706055,48.31999969482422,48.95000076293945,38.36140441894531,966800
2016-08-11,49.5099983215332,49.599998474121094,47.90999984741211,48.97999954223633,38.384910583496094,1004800
2016-08-12,49.27000045776367,49.630001068115234,48.75,49.61000061035156,38.87864303588867,677700
2016-08-15,49.7599983215332,49.7599983215332,49.29999923706055,49.560001373291016,38.83945083618164,274900
2016-08-16,49.66999816894531,49.66999816894531,49.38999938964844,49.45000076293945,38.75325012207031,358800
2016-08-17,49.5,49.529998779296875,48.81999969482422,48.93000030517578,38.345733642578125,606100
2016-08-18,49.400001525878906,49.5,48.93000030517578,49.2400016784668,38.58867645263672,424000
2016-08-19,49.5,49.630001068115234,48.75,49.369998931884766,38.6905517578125,246100
2016-08-22,49.41999816894531,49.41999816894531,48.65999984741211,48.90999984741211,38.33005905151367,235900
2016-08-23,49.189998626708984,49.27000045776367,48.5099983215332,48.650001525878906,38.126304626464844,1294500
2016-08-24,48.58000183105469,48.97999954223633,48.5,48.70000076293945,38.16547775268555,483800
2016-08-25,48.59000015258789,49.650001525878906,48.380001068115234,49.27000045776367,38.612178802490234,496200
2016-08-26,49.209999084472656,49.970001220703125,48.81999969482422,49.22999954223633,38.58083724975586,341700
2016-08-29,49.040000915527344,49.529998779296875,48.959999084472656,49.20000076293945,38.55732345581055,283300
2016-08-30,49.34000015258789,49.63999938964844,49.040000915527344,49.630001068115234,38.89431381225586,391300
2016-08-31,49.209999084472656,49.79999923706055,49.16999816894531,49.470001220703125,38.768924713134766,592300
2016-09-01,49.13999938964844,49.779998779296875,48.31999969482422,49.630001068115234,38.89431381225586,325500
2016-09-02,49.880001068115234,49.95000076293945,49.0,49.61000061035156,38.87864303588867,683800
2016-09-06,49.849998474121094,50.09000015258789,49.400001525878906,49.689998626708984,38.94132614135742,506300
2016-09-07,49.880001068115234,50.09000015258789,49.16999816894531,49.810001373291016,39.035369873046875,724200
2016-09-08,49.810001373291016,50.20000076293945,49.41999816894531,49.58000183105469,38.855133056640625,287000
2016-09-09,49.119998931884766,49.66999816894531,48.599998474121094,48.869998931884766,38.298709869384766,283500
2016-09-12,48.4900016784668,49.09000015258789,47.91999816894531,48.16999816894531,37.750125885009766,442400
2016-09-13,48.02000045776367,48.22999954223633,46.75,47.0,36.833221435546875,579600
2016-09-14,47.08000183105469,47.75,47.0,47.29999923706055,37.06832504272461,415600
2016-09-15,47.29999923706055,47.84000015258789,47.060001373291016,47.40999984741211,37.1545295715332,394000
2016-09-16,47.0,47.779998779296875,46.970001220703125,47.0,36.833221435546875,942800
2016-09-19,47.099998474121094,47.63999938964844,46.61000061035156,46.66999816894531,36.57460021972656,403800
2016-09-20,46.599998474121094,46.869998931884766,46.310001373291016,46.540000915527344,36.47272491455078,372400
2016-09-21,46.900001525878906,47.29999923706055,46.689998626708984,47.08000183105469,36.89590835571289,564300
2016-09-22,47.88999938964844,47.95000076293945,47.11000061035156,47.290000915527344,37.06048583984375,644000
2016-09-23,47.279998779296875,48.27000045776367,47.04999923706055,47.36000061035156,37.1153450012207,699400
2016-09-26,47.47999954223633,48.18000030517578,47.31999969482422,47.880001068115234,37.52286148071289,310300
2016-09-27,47.880001068115234,48.029998779296875,47.310001373291016,47.70000076293945,37.38179016113281,282900
2016-09-28,47.79999923706055,48.779998779296875,47.5099983215332,48.16999816894531,37.750125885009766,327700
2016-09-29,48.369998931884766,48.56999969482422,47.5099983215332,47.779998779296875,37.44449234008789,302000
2016-09-30,48.25,48.689998626708984,47.68000030517578,48.599998474121094,38.08711242675781,616900
2016-10-03,48.459999084472656,48.81999969482422,47.7400016784668,47.83000183105469,37.483680725097656,278600
2016-10-04,47.77000045776367,48.18000030517578,47.68000030517578,47.81999969482422,37.4758415222168,137900
2016-10-05,48.0,48.0099983215332,47.5099983215332,47.81999969482422,37.4758415222168,450100
2016-10-06,47.900001525878906,47.900001525878906,46.900001525878906,47.689998626708984,37.37395477294922,189500
2016-10-07,47.869998931884766,47.869998931884766,46.900001525878906,47.4900016784668,37.21723175048828,279200
2016-10-10,47.58000183105469,47.880001068115234,47.13999938964844,47.439998626708984,37.178043365478516,219900
2016-10-11,47.189998626708984,47.630001068115234,46.720001220703125,46.97999954223633,36.81753921508789,298700
2016-10-12,47.099998474121094,47.220001220703125,46.7599983215332,46.9900016784668,36.825382232666016,320200
2016-10-13,47.0,47.25,46.45000076293945,47.0,36.833221435546875,1308200
2016-10-14,47.18000030517578,47.2599983215332,46.79999923706055,46.9900016784668,36.825382232666016,410800
2016-10-17,47.06999969482422,47.15999984741211,46.650001525878906,46.84000015258789,36.70782470703125,163700
2016-10-18,46.849998474121094,47.13999938964844,46.41999816894531,46.91999816894531,36.77052688598633,260200
2016-10-19,46.9900016784668,47.7599983215332,46.9900016784668,47.33000183105469,37.09183883666992,399000
2016-10-20,47.2599983215332,47.779998779296875,46.95000076293945,47.599998474121094,37.30343246459961,353900
2016-10-21,47.52000045776367,48.16999816894531,47.20000076293945,47.75,37.42097854614258,1457600
2016-10-24,48.0,48.130001068115234,47.31999969482422,47.4900016784668,37.21723175048828,315500
2016-10-25,47.29999923706055,47.400001525878906,46.93000030517578,47.040000915527344,36.864566802978516,441200
2016-10-26,46.900001525878906,47.33000183105469,46.70000076293945,46.720001220703125,36.61378479003906,217800
2016-10-27,46.720001220703125,47.16999816894531,46.58000183105469,47.08000183105469,36.89590835571289,281400
2016-10-28,47.06999969482422,47.40999984741211,45.25,45.40999984741211,35.587154388427734,509000
2016-10-31,45.06999969482422,45.2599983215332,43.61000061035156,44.20000076293945,35.048736572265625,390500
2016-11-01,44.349998474121094,44.349998474121094,43.90999984741211,44.04999923706055,34.9297981262207,308400
2016-11-02,43.790000915527344,44.22999954223633,42.470001220703125,44.06999969482422,34.94565200805664,417600
2016-11-03,44.02000045776367,45.119998931884766,43.93000030517578,44.93000030517578,35.627601623535156,331300
2016-11-04,44.619998931884766,45.58000183105469,44.310001373291016,45.08000183105469,35.74654769897461,342200
2016-11-07,45.470001220703125,45.91999816894531,44.81999969482422,44.849998474121094,35.56415939331055,303600
2016-11-08,44.79999923706055,45.04999923706055,44.5,44.59000015258789,35.35799789428711,227300
2016-11-09,44.529998779296875,45.150001525878906,43.90999984741211,44.220001220703125,35.06460189819336,350700
2016-11-10,44.41999816894531,44.790000915527344,43.84000015258789,44.439998626708984,35.239051818847656,443300
2016-11-11,44.060001373291016,44.369998931884766,43.58000183105469,43.77000045776367,34.707767486572266,212800
2016-11-14,44.0,44.0,43.5,43.56999969482422,34.54917907714844,446900
2016-11-15,44.0099983215332,44.220001220703125,43.439998626708984,43.900001525878906,34.810848236083984,407000
2016-11-16,43.93000030517578,44.25,43.369998931884766,43.5,34.493675231933594,325500
2016-11-17,43.7400016784668,43.900001525878906,43.25,43.68000030517578,34.63639831542969,338000
2016-11-18,44.040000915527344,44.040000915527344,43.22999954223633,43.349998474121094,34.374717712402344,348600
2016-11-21,43.5,43.880001068115234,43.25,43.630001068115234,34.59675216674805,743800
2016-11-22,43.75,45.27000045776367,43.5099983215332,44.939998626708984,35.63552474975586,774200
2016-11-23,44.68000030517578,46.15999984741211,44.68000030517578,45.720001220703125,36.254032135009766,351000
2016-11-25,45.5,45.5,44.560001373291016,44.779998779296875,35.50864791870117,148100
2016-11-28,44.91999816894531,45.349998474121094,44.36000061035156,44.810001373291016,35.53244400024414,473800
2016-11-29,44.349998474121094,45.099998474121094,43.310001373291016,44.209999084472656,35.05666732788086,667300
2016-11-30,45.18000030517578,46.0099983215332,44.619998931884766,45.130001068115234,35.78619384765625,498100
2016-12-01,45.77000045776367,45.79999923706055,44.93000030517578,45.13999938964844,35.79412078857422,406600
2016-12-02,44.95000076293945,45.70000076293945,44.95000076293945,45.189998626708984,35.833763122558594,154300
2016-12-05,45.689998626708984,45.86000061035156,44.959999084472656,45.79999923706055,36.31747817993164,190800
2016-12-06,45.70000076293945,45.810001373291016,45.18000030517578,45.380001068115234,35.98442840576172,361400
2016-12-07,45.310001373291016,45.93000030517578,45.220001220703125,45.869998931884766,36.37297439575195,364000
2016-12-08,46.04999923706055,46.290000915527344,45.720001220703125,45.939998626708984,36.42848587036133,243000
2016-12-09,46.150001525878906,46.25,45.43000030517578,45.470001220703125,36.05579376220703,202500
2016-12-12,46.34000015258789,46.34000015258789,45.52000045776367,45.7400016784668,36.26990509033203,322700
2016-12-13,46.20000076293945,46.2599983215332,45.0099983215332,46.2599983215332,36.682228088378906,376700
2016-12-14,46.0,46.9900016784668,45.0,45.349998474121094,35.96064758300781,616900
2016-12-15,44.75,45.86000061035156,44.18000030517578,45.400001525878906,36.00028610229492,680200
2016-12-16,45.290000915527344,47.06999969482422,45.04999923706055,46.47999954223633,36.856685638427734,2047200
2016-12-19,46.689998626708984,47.040000915527344,46.16999816894531,47.0099983215332,37.27694320678711,284300
2016-12-20,47.04999923706055,47.63999938964844,46.959999084472656,47.380001068115234,37.57034683227539,639200
2016-12-21,47.56999969482422,47.7400016784668,47.130001068115234,47.529998779296875,37.689292907714844,393700
2016-12-22,47.459999084472656,48.869998931884766,47.45000076293945,48.290000915527344,38.291934967041016,441800
2016-12-23,48.310001373291016,48.77000045776367,48.2400016784668,48.45000076293945,38.41880798339844,183200
2016-12-27,48.4900016784668,49.119998931884766,48.22999954223633,49.0,38.85493850708008,259300
2016-12-28,49.09000015258789,49.2400016784668,48.599998474121094,48.650001525878906,38.57741165161133,242600
2016-12-29,48.599998474121094,48.88999938964844,47.90999984741211,48.040000915527344,38.09370040893555,277800
2016-12-30,48.0,48.70000076293945,47.88999938964844,48.63999938964844,38.56947708129883,241200
2017-01-03,49.220001220703125,50.099998474121094,48.75,49.689998626708984,39.40207290649414,473700
2017-01-04,49.599998474121094,50.15999984741211,49.06999969482422,50.060001373291016,39.69547653198242,297600
2017-01-05,50.33000183105469,50.47999954223633,49.91999816894531,50.150001525878906,39.76683807373047,159900
2017-01-06,50.38999938964844,51.369998931884766,50.13999938964844,51.369998931884766,40.73424530029297,1023500
2017-01-09,51.099998474121094,51.439998626708984,50.09000015258789,50.150001525878906,39.76683807373047,373700
2017-01-10,49.58000183105469,50.099998474121094,48.959999084472656,49.08000183105469,38.91837692260742,224100
2017-01-11,49.15999984741211,50.31999969482422,48.900001525878906,49.77000045776367,39.46551513671875,297500
2017-01-12,49.959999084472656,50.0,49.25,49.47999954223633,39.235565185546875,233100
2017-01-13,49.56999969482422,51.15999984741211,49.0099983215332,51.060001373291016,40.488433837890625,359900
2017-01-17,51.25,52.81999969482422,50.849998474121094,52.20000076293945,41.39240264892578,617500
2017-01-18,51.9900016784668,52.970001220703125,51.4900016784668,52.65999984741211,41.75715255737305,467700
2017-01-19,52.650001525878906,53.0,52.08000183105469,52.099998474121094,41.313106536865234,359100
2017-01-20,52.369998931884766,52.7400016784668,52.040000915527344,52.209999084472656,41.400333404541016,268100
2017-01-23,52.310001373291016,53.34000015258789,52.029998779296875,52.95000076293945,41.98712158203125,408200
2017-01-24,53.08000183105469,53.869998931884766,52.88999938964844,53.56999969482422,42.478755950927734,396100
2017-01-25,54.0,54.599998474121094,53.59000015258789,54.54999923706055,43.255859375,334900
2017-01-26,55.0,55.2400016784668,54.709999084472656,55.040000915527344,43.644405364990234,467900
2017-01-27,54.5099983215332,56.34000015258789,54.5099983215332,56.13999938964844,44.97259521484375,400500
2017-01-30,56.0,56.2599983215332,55.54999923706055,55.88999938964844,44.7723274230957,385900
2017-01-31,56.150001525878906,56.22999954223633,55.38999938964844,56.16999816894531,44.99662399291992,209800
2017-02-01,56.709999084472656,57.150001525878906,56.09000015258789,56.470001220703125,45.23694610595703,254800
2017-02-02,56.81999969482422,56.88999938964844,56.060001373291016,56.630001068115234,45.36512756347656,342400
2017-02-03,57.15999984741211,58.0,55.779998779296875,57.060001373291016,45.709590911865234,726000
2017-02-06,57.41999816894531,57.41999816894531,55.0099983215332,55.45000076293945,44.41984558105469,325500
2017-02-07,55.029998779296875,55.349998474121094,53.040000915527344,54.13999938964844,43.37043380737305,492400
2017-02-08,53.66999816894531,54.95000076293945,53.47999954223633,54.81999969482422,43.9151725769043,224400
2017-02-09,55.099998474121094,56.220001220703125,55.099998474121094,55.5,44.459903717041016,324400
2017-02-10,55.59000015258789,56.209999084472656,55.5,55.869998931884766,44.75629806518555,192300
2017-02-13,56.029998779296875,56.20000076293945,55.13999938964844,55.7599983215332,44.66818618774414,415900
2017-02-14,56.0,56.7400016784668,55.900001525878906,56.40999984741211,45.18888473510742,1323900
2017-02-15,56.540000915527344,56.7400016784668,56.189998626708984,56.400001525878906,45.180870056152344,328300
2017-02-16,56.599998474121094,56.70000076293945,55.38999938964844,56.150001525878906,44.98060607910156,304900
2017-02-17,55.86000061035156,56.400001525878906,55.52000045776367,56.209999084472656,45.02867126464844,196500
2017-02-21,56.349998474121094,57.61000061035156,56.29999923706055,57.58000183105469,46.12614822387695,297200
2017-02-22,56.650001525878906,57.2400016784668,56.220001220703125,56.43000030517578,45.20490646362305,166900
2017-02-23,56.880001068115234,57.22999954223633,56.16999816894531,56.58000183105469,45.3250732421875,154800
2017-02-24,56.5,56.540000915527344,55.75,55.97999954223633,44.84442138671875,316700
2017-02-27,55.5,56.689998626708984,55.5,55.970001220703125,44.83640670776367,394400
2017-02-28,55.709999084472656,56.75,55.54999923706055,55.630001068115234,44.56404495239258,433100
2017-03-01,55.97999954223633,56.709999084472656,55.61000061035156,55.880001068115234,44.764305114746094,192400
2017-03-02,55.4900016784668,56.33000183105469,55.4900016784668,56.08000183105469,44.924530029296875,254700
2017-03-03,55.95000076293945,56.220001220703125,55.310001373291016,55.34000015258789,44.331729888916016,146200
2017-03-06,55.25,55.58000183105469,55.0099983215332,55.08000183105469,44.123451232910156,211800
2017-03-07,55.0,55.43000030517578,54.619998931884766,54.9900016784668,44.05135726928711,156300
2017-03-08,54.5099983215332,55.060001373291016,53.88999938964844,53.88999938964844,43.1701545715332,133100
2017-03-09,53.52000045776367,53.65999984741211,52.279998779296875,52.869998931884766,42.353065490722656,351100
2017-03-10,53.119998931884766,53.5,52.5,52.72999954223633,42.24091339111328,225900
2017-03-13,52.939998626708984,53.15999984741211,51.630001068115234,51.79999923706055,41.49589538574219,458100
2017-03-14,51.68000030517578,51.68000030517578,50.65999984741211,51.09000015258789,40.92714309692383,389700
2017-03-15,51.18000030517578,51.91999816894531,50.97999954223633,51.439998626708984,41.20751953125,404500
2017-03-16,51.5,51.720001220703125,50.66999816894531,51.150001525878906,40.9752082824707,222400
2017-03-17,51.02000045776367,51.20000076293945,50.439998626708984,50.90999984741211,40.78295135498047,876300
2017-03-20,50.90999984741211,51.099998474121094,50.470001220703125,50.790000915527344,40.68681716918945,259600
2017-03-21,50.77000045776367,51.11000061035156,49.810001373291016,50.529998779296875,40.47854232788086,344000
2017-03-22,50.529998779296875,50.529998779296875,49.56999969482422,50.13999938964844,40.16611862182617,291100
2017-03-23,50.060001373291016,50.599998474121094,49.7400016784668,50.2599983215332,40.262245178222656,182500
2017-03-24,50.27000045776367,50.72999954223633,50.09000015258789,50.22999954223633,40.23822021484375,99700
2017-03-27,49.779998779296875,50.06999969482422,49.56999969482422,49.869998931884766,39.949825286865234,146000
2017-03-28,50.02000045776367,50.22999954223633,49.880001068115234,49.900001525878906,39.97386169433594,160700
2017-03-29,49.77000045776367,50.5099983215332,49.59000015258789,50.33000183105469,40.31832504272461,374600
2017-03-30,50.380001068115234,50.86000061035156,50.150001525878906,50.70000076293945,40.61471939086914,225100
2017-03-31,50.59000015258789,51.45000076293945,50.58000183105469,51.349998474121094,41.13542175292969,208100
2017-04-03,51.04999923706055,51.619998931884766,51.04999923706055,51.459999084472656,41.22353744506836,234400
2017-04-04,51.279998779296875,51.689998626708984,50.91999816894531,51.459999084472656,41.22353744506836,154900
2017-04-05,51.540000915527344,52.04999923706055,51.38999938964844,51.439998626708984,41.20751953125,213300
2017-04-06,51.439998626708984,53.599998474121094,51.290000915527344,53.33000183105469,42.721561431884766,518600
2017-04-07,53.349998474121094,54.2400016784668,52.59000015258789,53.349998474121094,42.737579345703125,240600
2017-04-10,53.540000915527344,53.880001068115234,52.900001525878906,53.25,42.657474517822266,130900
2017-04-11,53.369998931884766,53.4900016784668,52.36000061035156,53.0,42.457210540771484,218700
2017-04-12,52.939998626708984,53.22999954223633,52.52000045776367,52.650001525878906,42.176822662353516,130900
2017-04-13,52.400001525878906,52.959999084472656,52.279998779296875,52.36000061035156,41.94451141357422,144200
2017-04-17,52.41999816894531,52.4900016784668,51.75,52.060001373291016,41.70418930053711,155100
2017-04-18,52.060001373291016,52.40999984741211,51.63999938964844,52.13999938964844,41.768272399902344,137500
2017-04-19,52.310001373291016,52.470001220703125,51.650001525878906,51.70000076293945,41.415802001953125,110100
2017-04-20,52.029998779296875,52.40999984741211,51.25,51.97999954223633,41.640106201171875,139100
2017-04-21,51.779998779296875,51.869998931884766,51.470001220703125,51.7599983215332,41.4638671875,130600
2017-04-24,52.0,52.5,51.56999969482422,52.380001068115234,41.960533142089844,110500
2017-04-25,52.189998626708984,53.790000915527344,52.189998626708984,53.72999954223633,43.04199981689453,184700
2017-04-26,53.59000015258789,53.88999938964844,53.06999969482422,53.59000015258789,42.92984390258789,217000
2017-04-27,53.0,53.5099983215332,52.209999084472656,52.599998474121094,42.602622985839844,404600
2017-04-28,52.20000076293945,53.5,51.720001220703125,52.68000030517578,42.66741943359375,125900
2017-05-01,52.77000045776367,53.0099983215332,52.150001525878906,52.290000915527344,42.35154724121094,130400
2017-05-02,52.290000915527344,53.31999969482422,52.130001068115234,52.959999084472656,42.89419937133789,339100
2017-05-03,52.63999938964844,53.290000915527344,52.150001525878906,53.060001373291016,42.975196838378906,374100
2017-05-04,52.880001068115234,53.45000076293945,50.5,51.04999923706055,41.347225189208984,671600
2017-05-05,50.97999954223633,52.810001373291016,50.790000915527344,52.5,42.521629333496094,262600
2017-05-08,52.33000183105469,52.84000015258789,51.75,52.0099983215332,42.12476348876953,178700
2017-05-09,52.13999938964844,52.150001525878906,50.90999984741211,51.58000183105469,41.776493072509766,126900
2017-05-10,51.779998779296875,52.25,51.15999984741211,51.86000061035156,42.00328063964844,293100
2017-05-11,51.959999084472656,52.150001525878906,51.33000183105469,51.849998474121094,41.995174407958984,151900
2017-05-12,52.040000915527344,53.599998474121094,51.720001220703125,52.33000183105469,42.383941650390625,260400
2017-05-15,52.83000183105469,53.099998474121094,52.5099983215332,52.56999969482422,42.57832717895508,242800
2017-05-16,52.5,53.189998626708984,52.04999923706055,52.869998931884766,42.821311950683594,2436100
2017-05-17,52.619998931884766,53.0,51.33000183105469,51.38999938964844,41.62260055541992,204200
2017-05-18,51.06999969482422,51.689998626708984,50.790000915527344,51.470001220703125,41.68740463256836,197900
2017-05-19,51.58000183105469,53.13999938964844,51.09000015258789,52.95000076293945,42.886104583740234,218900
2017-05-22,53.04999923706055,53.04999923706055,52.0,52.130001068115234,42.221961975097656,368900
2017-05-23,52.380001068115234,52.900001525878906,51.59000015258789,52.599998474121094,42.602622985839844,277900
2017-05-24,52.65999984741211,53.040000915527344,52.099998474121094,52.18000030517578,42.262454986572266,159000
2017-05-25,52.060001373291016,52.25,51.04999923706055,51.63999938964844,41.8250846862793,231900
2017-05-26,51.459999084472656,51.95000076293945,50.4900016784668,50.56999969482422,40.95845413208008,144500
2017-05-30,50.47999954223633,50.47999954223633,49.15999984741211,49.59000015258789,40.16471481323242,271700
2017-05-31,49.45000076293945,49.59000015258789,48.61000061035156,49.52000045776367,40.10802459716797,637300
2017-06-01,49.810001373291016,49.83000183105469,49.209999084472656,49.4900016784668,40.08373260498047,178300
2017-06-02,49.43000030517578,49.43000030517578,48.5,48.810001373291016,39.532962799072266,360800
2017-06-05,48.599998474121094,49.290000915527344,48.400001525878906,48.970001220703125,39.662559509277344,195400
2017-06-06,48.97999954223633,49.380001068115234,48.5,49.29999923706055,39.92984390258789,143100
2017-06-07,49.33000183105469,49.38999938964844,48.290000915527344,48.349998474121094,39.160404205322266,244800
2017-06-08,48.369998931884766,48.43000030517578,46.97999954223633,47.20000076293945,38.228965759277344,585900
2017-06-09,47.279998779296875,48.459999084472656,47.0,47.70000076293945,38.633941650390625,436600
2017-06-12,47.90999984741211,48.369998931884766,47.0099983215332,47.13999938964844,38.18037796020508,267600
2017-06-13,47.11000061035156,47.439998626708984,47.060001373291016,47.2400016784668,38.26136779785156,176700
2017-06-14,47.209999084472656,48.0099983215332,46.58000183105469,46.61000061035156,37.75111770629883,217200
2017-06-15,46.43000030517578,46.939998626708984,45.7400016784668,46.25,37.459537506103516,276500
2017-06-16,46.34000015258789,46.790000915527344,45.959999084472656,46.68000030517578,37.80780792236328,306100
2017-06-19,46.970001220703125,46.970001220703125,46.290000915527344,46.58000183105469,37.726810455322266,270300
2017-06-20,46.33000183105469,46.380001068115234,45.099998474121094,45.599998474121094,36.933067321777344,258400
2017-06-21,45.650001525878906,46.15999984741211,45.47999954223633,45.880001068115234,37.15986251831055,195300
2017-06-22,46.0,47.61000061035156,46.0,47.58000183105469,38.5367546081543,426600
2017-06-23,47.650001525878906,48.869998931884766,47.25,48.68000030517578,39.427677154541016,399400
2017-06-26,48.630001068115234,49.25,48.040000915527344,48.77000045776367,39.500572204589844,485000
2017-06-27,48.720001220703125,49.209999084472656,48.369998931884766,48.560001373291016,39.330482482910156,394500
2017-06-28,48.77000045776367,50.310001373291016,48.470001220703125,49.54999923706055,40.132328033447266,282900
2017-06-29,49.77000045776367,50.66999816894531,49.33000183105469,49.459999084472656,40.05942916870117,329800
2017-06-30,49.790000915527344,50.2400016784668,49.18000030517578,49.41999816894531,40.02703094482422,338100
2017-07-03,49.599998474121094,50.779998779296875,49.599998474121094,50.650001525878906,41.02325439453125,108600
2017-07-05,50.65999984741211,50.97999954223633,49.470001220703125,49.790000915527344,40.32670593261719,598600
2017-07-06,49.88999938964844,50.220001220703125,49.0,49.16999816894531,39.824554443359375,212300
2017-07-07,49.08000183105469,50.20000076293945,48.400001525878906,50.20000076293945,40.658782958984375,121500
2017-07-10,50.04999923706055,50.20000076293945,47.75,47.75,38.6744384765625,276900
2017-07-11,48.5,49.209999084472656,48.439998626708984,48.720001220703125,39.4600715637207,249500
2017-07-12,48.900001525878906,50.0,48.81999969482422,49.41999816894531,40.02703094482422,173700
2017-07-13,49.369998931884766,50.130001068115234,48.63999938964844,50.0,40.496795654296875,120900
2017-07-14,50.0,51.459999084472656,49.970001220703125,51.220001220703125,41.484920501708984,360400
2017-07-17,50.939998626708984,51.709999084472656,50.65999984741211,51.43000030517578,41.654998779296875,152600
2017-07-18,51.77000045776367,52.33000183105469,51.0,51.18000030517578,41.4525260925293,258200
2017-07-19,51.36000061035156,51.91999816894531,50.779998779296875,50.849998474121094,41.18523406982422,204000
2017-07-20,51.08000183105469,51.689998626708984,50.540000915527344,50.790000915527344,41.13664627075195,93700
2017-07-21,50.83000183105469,51.130001068115234,50.27000045776367,50.41999816894531,40.83695602416992,334800
2017-07-24,50.41999816894531,50.709999084472656,49.90999984741211,50.40999984741211,40.82886505126953,183300
2017-07-25,50.7400016784668,51.150001525878906,50.540000915527344,50.900001525878906,41.22573471069336,168100
2017-07-26,51.08000183105469,51.40999984741211,50.689998626708984,51.0,41.306724548339844,190400
2017-07-27,50.38999938964844,50.91999816894531,49.529998779296875,49.900001525878906,40.909114837646484,267300
2017-07-28,49.90999984741211,50.209999084472656,49.54999923706055,49.849998474121094,40.86812210083008,133100
2017-07-31,50.11000061035156,50.68000030517578,49.34000015258789,50.2599983215332,41.20425033569336,196000
2017-08-01,50.279998779296875,50.93000030517578,49.349998474121094,49.5,40.58118438720703,280600
2017-08-02,49.439998626708984,49.91999816894531,48.66999816894531,49.4900016784668,40.57299041748047,808000
2017-08-03,49.529998779296875,50.40999984741211,48.630001068115234,48.90999984741211,40.097496032714844,654600
2017-08-04,48.9900016784668,49.0,48.11000061035156,48.349998474121094,39.63839340209961,334400
2017-08-07,48.36000061035156,48.470001220703125,48.040000915527344,48.08000183105469,39.41703796386719,107800
2017-08-08,48.0,48.220001220703125,47.13999938964844,47.40999984741211,38.86776351928711,380000
2017-08-09,47.56999969482422,48.27000045776367,47.36000061035156,47.459999084472656,38.908748626708984,399400
2017-08-10,47.45000076293945,48.459999084472656,47.0099983215332,47.2400016784668,38.72838592529297,299400
2017-08-11,46.95000076293945,47.400001525878906,46.529998779296875,46.619998931884766,38.2200927734375,159500
2017-08-14,46.70000076293945,47.31999969482422,46.459999084472656,46.52000045776367,38.13812255859375,128400
2017-08-15,46.630001068115234,46.689998626708984,45.279998779296875,46.04999923706055,37.75279998779297,333600
2017-08-16,46.15999984741211,46.58000183105469,45.11000061035156,45.56999969482422,37.35928726196289,198600
2017-08-17,45.70000076293945,46.5,45.400001525878906,46.2599983215332,37.92496109008789,302600
2017-08-18,46.22999954223633,46.7400016784668,45.65999984741211,46.529998779296875,38.14631652832031,113200
2017-08-21,46.470001220703125,46.7400016784668,45.15999984741211,45.47999954223633,37.285499572753906,199400
2017-08-22,45.540000915527344,46.41999816894531,45.41999816894531,46.220001220703125,37.892181396484375,207100
2017-08-23,46.130001068115234,46.7599983215332,45.900001525878906,46.599998474121094,38.203697204589844,130800
2017-08-24,46.599998474121094,46.900001525878906,46.27000045776367,46.61000061035156,38.21190643310547,131100
2017-08-25,46.810001373291016,47.15999984741211,46.59000015258789,46.97999954223633,38.51523208618164,180000
2017-08-28,47.04999923706055,47.40999984741211,46.68000030517578,46.70000076293945,38.28569030761719,132900
2017-08-29,46.619998931884766,47.04999923706055,46.029998779296875,46.33000183105469,37.98235321044922,192500
2017-08-30,46.459999084472656,47.619998931884766,46.02000045776367,47.20000076293945,38.695587158203125,248200
2017-08-31,47.45000076293945,48.43000030517578,47.2599983215332,47.779998779296875,39.17108917236328,211300
2017-09-01,48.0,48.25,47.56999969482422,48.11000061035156,39.4416389465332,140800
2017-09-05,48.25,48.369998931884766,47.279998779296875,47.33000183105469,38.80217361450195,143100
2017-09-06,47.63999938964844,47.869998931884766,47.060001373291016,47.209999084472656,38.703792572021484,216500
2017-09-07,47.119998931884766,47.380001068115234,46.7599983215332,47.20000076293945,38.695587158203125,186800
2017-09-08,46.970001220703125,47.52000045776367,46.810001373291016,47.13999938964844,38.64640426635742,158400
2017-09-11,47.25,47.59000015258789,46.86000061035156,47.25,38.7365837097168,120300
2017-09-12,47.29999923706055,47.619998931884766,46.900001525878906,47.43000030517578,38.88416290283203,119900
2017-09-13,47.47999954223633,48.119998931884766,47.34000015258789,48.02000045776367,39.36785125732422,133000
2017-09-14,48.119998931884766,49.02000045776367,47.849998474121094,48.61000061035156,39.85154342651367,231500
2017-09-15,48.61000061035156,49.25,48.439998626708984,48.84000015258789,40.04010009765625,414500
2017-09-18,48.75,49.25,48.5099983215332,48.7400016784668,39.958126068115234,134800
2017-09-19,48.88999938964844,49.0,48.150001525878906,48.25,39.55640411376953,114400
2017-09-20,48.25,48.7400016784668,47.619998931884766,48.150001525878906,39.474422454833984,150900
2017-09-21,48.099998474121094,49.0,47.91999816894531,48.52000045776367,39.77776336669922,423500
2017-09-22,49.56999969482422,52.0,48.90999984741211,51.400001525878906,42.138851165771484,493900
2017-09-25,51.4900016784668,53.36000061035156,51.400001525878906,52.86000061035156,43.335784912109375,646200
2017-09-26,53.08000183105469,53.52000045776367,52.650001525878906,52.9900016784668,43.44236755371094,248800
2017-09-27,53.2599983215332,53.47999954223633,52.290000915527344,52.54999923706055,43.081642150878906,457700
2017-09-28,52.630001068115234,52.86000061035156,51.720001220703125,52.779998779296875,43.27020263671875,153500
2017-09-29,53.130001068115234,54.65999984741211,52.0,52.560001373291016,43.08984375,617300
2017-10-02,52.65999984741211,53.13999938964844,52.029998779296875,53.119998931884766,43.54894256591797,163100
2017-10-03,52.7599983215332,53.5,52.58000183105469,53.439998626708984,43.811283111572266,216200
2017-10-04,53.310001373291016,53.61000061035156,52.599998474121094,53.33000183105469,43.721107482910156,178900
2017-10-05,53.380001068115234,53.869998931884766,52.939998626708984,52.959999084472656,43.41776657104492,254300
2017-10-06,52.810001373291016,53.34000015258789,52.5099983215332,52.95000076293945,43.40957260131836,111700
2017-10-09,53.0,53.459999084472656,52.709999084472656,52.810001373291016,43.294803619384766,95500
2017-10-10,52.939998626708984,53.81999969482422,52.65999984741211,52.880001068115234,43.35218811035156,133200
2017-10-11,52.900001525878906,53.959999084472656,52.68000030517578,53.66999816894531,43.999839782714844,271000
2017-10-12,53.2599983215332,53.61000061035156,52.81999969482422,53.34000015258789,43.729305267333984,81500
2017-10-13,53.5,53.90999984741211,53.040000915527344,53.349998474121094,43.73749923706055,260000
2017-10-16,53.40999984741211,53.66999816894531,51.650001525878906,51.90999984741211,42.55695724487305,293400
2017-10-17,52.689998626708984,52.810001373291016,51.0,51.38999938964844,42.13064193725586,174500
2017-10-18,51.31999969482422,51.5,50.400001525878906,50.91999816894531,41.74533462524414,148800
2017-10-19,50.900001525878906,51.61000061035156,50.70000076293945,51.45000076293945,42.179840087890625,175400
2017-10-20,51.5099983215332,51.650001525878906,50.88999938964844,50.959999084472656,41.77812576293945,186500
2017-10-23,50.81999969482422,51.40999984741211,49.65999984741211,49.88999938964844,40.900917053222656,352700
2017-10-24,50.16999816894531,50.400001525878906,49.36000061035156,50.119998931884766,41.089473724365234,185600
2017-10-25,50.189998626708984,50.189998626708984,48.27000045776367,49.0,40.1712760925293,502500
2017-10-26,48.959999084472656,49.880001068115234,48.5,49.7599983215332,40.79433822631836,317200
2017-10-27,49.619998931884766,51.599998474121094,49.400001525878906,51.31999969482422,42.07325744628906,388400
2017-10-30,50.66999816894531,51.459999084472656,50.52000045776367,50.959999084472656,42.31072235107422,243600
2017-10-31,51.02000045776367,51.380001068115234,50.31999969482422,50.40999984741211,41.854061126708984,277000
2017-11-01,50.630001068115234,50.91999816894531,50.459999084472656,50.70000076293945,42.094844818115234,184400
2017-11-02,50.720001220703125,51.150001525878906,49.86000061035156,50.13999938964844,41.6298942565918,172600
2017-11-03,50.150001525878906,50.779998779296875,49.34000015258789,49.77000045776367,41.32269287109375,122500
2017-11-06,49.75,50.20000076293945,49.439998626708984,50.119998931884766,41.613285064697266,305000
2017-11-07,50.119998931884766,50.4900016784668,49.40999984741211,50.34000015258789,41.79595184326172,242800
2017-11-08,50.34000015258789,50.7400016784668,48.83000183105469,48.970001220703125,40.658477783203125,291300
2017-11-09,48.970001220703125,48.970001220703125,47.81999969482422,47.97999954223633,39.83650588989258,236300
2017-11-10,47.900001525878906,48.720001220703125,47.38999938964844,48.13999938964844,39.9693489074707,278700
2017-11-13,48.0099983215332,48.27000045776367,47.400001525878906,47.529998779296875,39.46288299560547,339600
2017-11-14,47.630001068115234,47.630001068115234,46.08000183105469,46.52000045776367,38.62431335449219,266600
2017-11-15,46.34000015258789,47.5,45.86000061035156,47.2400016784668,39.222103118896484,207500
2017-11-16,47.20000076293945,47.5,46.7400016784668,46.959999084472656,38.989627838134766,127900
2017-11-17,46.91999816894531,47.5,46.290000915527344,47.31999969482422,39.28852844238281,215200
2017-11-20,47.20000076293945,47.58000183105469,46.54999923706055,47.20000076293945,39.18888473510742,461300
2017-11-21,47.43000030517578,47.61000061035156,46.439998626708984,46.529998779296875,38.63261032104492,280800
2017-11-22,46.560001373291016,46.869998931884766,45.619998931884766,46.560001373291016,38.65752029418945,496800
2017-11-24,46.720001220703125,47.2400016784668,46.470001220703125,46.72999954223633,38.79866409301758,165700
2017-11-27,47.0,47.029998779296875,45.40999984741211,45.599998474121094,37.86044692993164,336100
2017-11-28,45.66999816894531,46.369998931884766,44.970001220703125,45.09000015258789,37.43701934814453,382900
2017-11-29,45.09000015258789,45.290000915527344,44.400001525878906,44.869998931884766,37.25435256958008,355200
2017-11-30,45.0,47.36000061035156,44.84000015258789,46.86000061035156,38.90660095214844,487200
2017-12-01,47.08000183105469,48.34000015258789,46.68000030517578,48.2400016784668,40.05237579345703,345300
2017-12-04,48.599998474121094,48.790000915527344,47.029998779296875,47.88999938964844,39.761775970458984,385100
2017-12-05,47.83000183105469,48.2599983215332,47.18000030517578,47.40999984741211,39.363250732421875,292100
2017-12-06,47.209999084472656,47.400001525878906,45.86000061035156,46.0099983215332,38.200862884521484,176100
2017-12-07,45.959999084472656,46.900001525878906,45.70000076293945,46.7400016784668,38.80697250366211,134400
2017-12-08,47.0,47.709999084472656,46.4900016784668,47.20000076293945,39.18888473510742,235800
2017-12-11,47.310001373291016,49.09000015258789,47.0,48.41999816894531,40.201820373535156,366400
2017-12-12,48.38999938964844,49.4900016784668,48.09000015258789,49.15999984741211,40.816226959228516,235500
2017-12-13,49.189998626708984,50.0,48.689998626708984,49.59000015258789,41.173240661621094,319800
2017-12-14,49.630001068115234,50.650001525878906,49.529998779296875,50.040000915527344,41.546875,534300
2017-12-15,50.06999969482422,50.470001220703125,49.79999923706055,49.869998931884766,41.40571975708008,842800
2017-12-18,50.65999984741211,52.5099983215332,50.56999969482422,51.33000183105469,42.617919921875,508300
2017-12-19,51.36000061035156,51.779998779296875,50.79999923706055,51.130001068115234,42.45186996459961,354100
2017-12-20,51.29999923706055,51.380001068115234,50.70000076293945,50.93000030517578,42.285804748535156,372300
2017-12-21,50.79999923706055,52.09000015258789,50.58000183105469,51.220001220703125,42.52659225463867,242500
2017-12-22,51.220001220703125,52.4900016784668,50.959999084472656,52.040000915527344,43.20741653442383,243300
2017-12-26,52.2599983215332,52.59000015258789,51.88999938964844,52.130001068115234,43.282142639160156,159200
2017-12-27,52.130001068115234,52.40999984741211,51.099998474121094,52.060001373291016,43.22401809692383,207900
2017-12-28,52.279998779296875,52.43000030517578,51.72999954223633,52.2599983215332,43.39007568359375,168800
2017-12-29,52.43000030517578,52.4900016784668,52.060001373291016,52.349998474121094,43.46479797363281,199800
2018-01-02,52.5,54.38999938964844,52.31999969482422,53.40999984741211,44.34489059448242,329500
2018-01-03,53.5,54.33000183105469,53.290000915527344,53.65999984741211,44.552459716796875,476000
2018-01-04,53.959999084472656,54.04999923706055,53.22999954223633,53.84000015258789,44.701908111572266,477000
2018-01-05,53.599998474121094,54.11000061035156,52.900001525878906,53.20000076293945,44.1705322265625,366300
2018-01-08,53.2599983215332,54.58000183105469,53.040000915527344,54.09000015258789,44.90947341918945,200900
2018-01-09,54.18000030517578,54.58000183105469,54.11000061035156,54.36000061035156,45.13364791870117,96000
2018-01-10,54.290000915527344,54.599998474121094,53.869998931884766,54.220001220703125,45.017417907714844,180800
2018-01-11,53.91999816894531,54.54999923706055,53.04999923706055,54.459999084472656,45.2166748046875,710500
2018-01-12,54.619998931884766,55.41999816894531,53.90999984741211,55.150001525878906,45.78956604003906,320600
2018-01-16,55.5,55.939998626708984,55.04999923706055,55.72999954223633,46.27112579345703,294500
2018-01-17,55.08000183105469,55.2400016784668,54.2599983215332,54.709999084472656,45.42424011230469,169800
2018-01-18,54.709999084472656,55.25,54.06999969482422,54.20000076293945,45.00080108642578,151000
2018-01-19,54.18000030517578,54.84000015258789,54.0099983215332,54.720001220703125,45.43254852294922,189400
2018-01-22,54.70000076293945,56.099998474121094,54.59000015258789,55.63999938964844,46.1963996887207,286000
2018-01-23,55.72999954223633,56.47999954223633,54.41999816894531,56.22999954223633,46.686256408691406,194800
2018-01-24,56.189998626708984,56.470001220703125,54.77000045776367,55.5099983215332,46.08845901489258,250200
2018-01-25,55.56999969482422,56.2400016784668,54.25,54.41999816894531,45.183467864990234,221300
2018-01-26,54.83000183105469,54.9900016784668,54.0,54.560001373291016,45.29970932006836,216000
2018-01-29,54.20000076293945,54.56999969482422,53.41999816894531,53.439998626708984,44.36979675292969,227300
2018-01-30,52.65999984741211,52.81999969482422,51.38999938964844,51.900001525878906,43.64491271972656,332900
2018-01-31,51.900001525878906,53.029998779296875,51.900001525878906,52.63999938964844,44.26720428466797,267100
2018-02-01,52.560001373291016,54.59000015258789,52.54999923706055,53.130001068115234,44.67927169799805,380000
2018-02-02,52.56999969482422,53.540000915527344,51.5,51.61000061035156,43.40103530883789,483900
2018-02-05,51.70000076293945,52.31999969482422,49.40999984741211,50.7400016784668,42.66941452026367,585400
2018-02-06,49.59000015258789,51.9900016784668,49.59000015258789,51.59000015258789,43.384212493896484,219600
2018-02-07,51.5,52.349998474121094,50.4900016784668,51.56999969482422,43.36738967895508,258400
2018-02-08,51.59000015258789,52.0,50.040000915527344,50.13999938964844,42.16484832763672,170900
2018-02-09,50.459999084472656,50.459999084472656,47.13999938964844,49.2599983215332,41.4248161315918,642700
2018-02-12,49.7599983215332,50.34000015258789,48.70000076293945,50.290000915527344,42.290985107421875,156200
2018-02-13,50.18000030517578,51.150001525878906,49.959999084472656,50.81999969482422,42.7366828918457,323100
2018-02-14,50.400001525878906,51.61000061035156,50.27000045776367,50.869998931884766,42.77873611450195,197600
2018-02-15,51.20000076293945,51.36000061035156,49.66999816894531,50.15999984741211,42.18166732788086,354200
2018-02-16,49.84000015258789,50.810001373291016,49.290000915527344,50.25,42.257354736328125,313600
2018-02-20,50.5,51.77000045776367,50.119998931884766,50.560001373291016,42.51804733276367,445200
2018-02-21,50.79999923706055,51.88999938964844,49.79999923706055,49.91999816894531,41.979835510253906,212800
2018-02-22,50.29999923706055,50.560001373291016,48.810001373291016,49.470001220703125,41.60142135620117,322600
2018-02-23,49.70000076293945,50.59000015258789,49.20000076293945,50.41999816894531,42.40030288696289,251500
2018-02-26,50.65999984741211,50.66999816894531,49.75,50.209999084472656,42.22372055053711,338800
2018-02-27,50.0099983215332,50.38999938964844,49.72999954223633,49.810001373291016,41.88733673095703,426300
2018-02-28,50.119998931884766,50.779998779296875,49.13999938964844,49.13999938964844,41.32390213012695,267900
2018-03-01,49.13999938964844,50.189998626708984,48.970001220703125,49.630001068115234,41.735965728759766,227100
2018-03-02,49.459999084472656,50.0099983215332,48.5,49.150001525878906,41.332313537597656,276700
2018-03-05,49.0099983215332,50.790000915527344,49.0099983215332,50.119998931884766,42.14802932739258,219100
2018-03-06,50.369998931884766,51.06999969482422,49.959999084472656,50.5,42.46758270263672,344800
2018-03-07,50.560001373291016,51.40999984741211,50.5,50.720001220703125,42.652591705322266,195600
2018-03-08,50.959999084472656,50.97999954223633,49.66999816894531,50.22999954223633,42.240535736083984,151400
2018-03-09,50.58000183105469,51.36000061035156,50.43000030517578,50.79999923706055,42.71986770629883,225700
2018-03-12,50.91999816894531,52.09000015258789,50.900001525878906,51.900001525878906,43.64491271972656,410900
2018-03-13,51.95000076293945,52.290000915527344,51.2400016784668,51.90999984741211,43.653316497802734,258700
2018-03-14,52.11000061035156,52.310001373291016,50.63999938964844,51.09000015258789,42.9637451171875,180700
2018-03-15,50.97999954223633,51.5,46.2400016784668,49.08000183105469,41.27345275878906,712700
2018-03-16,49.5,50.95000076293945,49.130001068115234,50.130001068115234,42.15644073486328,1496200
2018-03-19,50.040000915527344,50.599998474121094,48.15999984741211,48.380001068115234,40.68478775024414,377800
2018-03-20,48.41999816894531,48.5,46.88999938964844,47.41999816894531,39.877479553222656,422800
2018-03-21,47.40999984741211,48.7400016784668,46.880001068115234,48.66999816894531,40.92865753173828,325700
2018-03-22,48.31999969482422,48.52000045776367,46.38999938964844,46.599998474121094,39.187904357910156,456400
2018-03-23,46.91999816894531,47.310001373291016,45.939998626708984,47.0,39.5242919921875,438600
2018-03-26,47.40999984741211,47.40999984741211,46.25,47.060001373291016,39.57474136352539,238400
2018-03-27,47.349998474121094,47.400001525878906,45.88999938964844,46.56999969482422,39.162681579589844,168300
2018-03-28,46.099998474121094,47.65999984741211,45.5099983215332,47.209999084472656,39.70088577270508,285500
2018-03-29,47.7599983215332,48.400001525878906,47.29999923706055,47.779998779296875,40.18022537231445,190000
2018-04-02,47.66999816894531,48.25,46.970001220703125,47.63999938964844,40.0624885559082,128400
2018-04-03,47.619998931884766,48.25,46.5,48.04999923706055,40.40727615356445,126300
2018-04-04,47.75,48.33000183105469,47.150001525878906,47.77000045776367,40.17181396484375,95100
2018-04-05,47.93000030517578,48.939998626708984,47.189998626708984,48.66999816894531,40.92865753173828,127900
2018-04-06,48.290000915527344,48.79999923706055,47.099998474121094,47.630001068115234,40.054080963134766,183100
2018-04-09,47.58000183105469,47.880001068115234,46.810001373291016,47.709999084472656,40.12135314941406,167300
2018-04-10,47.970001220703125,49.29999923706055,47.900001525878906,48.75,40.995941162109375,240800
2018-04-11,48.4900016784668,49.06999969482422,48.11000061035156,48.91999816894531,41.13889694213867,187700
2018-04-12,49.15999984741211,49.599998474121094,47.88999938964844,48.93000030517578,41.14731216430664,240900
2018-04-13,48.91999816894531,49.4900016784668,48.41999816894531,49.040000915527344,41.239810943603516,271600
2018-04-16,49.290000915527344,51.630001068115234,49.040000915527344,51.33000183105469,43.16556930541992,459400
2018-04-17,51.7400016784668,53.58000183105469,51.5,52.02000045776367,43.745819091796875,514000
2018-04-18,52.189998626708984,52.70000076293945,51.36000061035156,51.869998931884766,43.61967468261719,275600
2018-04-19,52.18000030517578,52.18000030517578,50.7400016784668,51.0,42.888057708740234,157300
2018-04-20,51.0099983215332,51.15999984741211,50.060001373291016,50.11000061035156,42.139617919921875,143400
2018-04-23,50.25,51.9900016784668,50.09000015258789,51.349998474121094,43.18238830566406,425700
2018-04-24,51.45000076293945,51.540000915527344,50.5099983215332,50.689998626708984,42.62736892700195,214200
2018-04-25,50.52000045776367,50.86000061035156,49.720001220703125,50.779998779296875,42.70305252075195,194500
2018-04-26,51.09000015258789,51.18000030517578,50.310001373291016,50.61000061035156,42.56009292602539,244400
2018-04-27,50.31999969482422,50.77000045776367,49.20000076293945,49.869998931884766,42.53791046142578,183700
2018-04-30,49.900001525878906,50.16999816894531,49.0099983215332,49.58000183105469,42.290550231933594,205800
2018-05-01,49.619998931884766,50.529998779296875,49.439998626708984,50.349998474121094,42.94733810424805,269000
2018-05-02,50.380001068115234,50.65999984741211,49.630001068115234,49.88999938964844,42.554969787597656,366100
2018-05-03,49.68000030517578,50.04999923706055,48.380001068115234,48.59000015258789,41.446109771728516,472300
2018-05-04,48.369998931884766,49.22999954223633,48.16999816894531,49.06999969482422,41.85552978515625,251800
2018-05-07,49.279998779296875,49.880001068115234,48.43000030517578,48.72999954223633,41.565521240234375,158700
2018-05-08,48.529998779296875,49.0,47.720001220703125,48.790000915527344,41.61669921875,211800
2018-05-09,48.83000183105469,49.83000183105469,48.83000183105469,49.529998779296875,42.24789810180664,179800
2018-05-10,49.88999938964844,50.150001525878906,49.31999969482422,49.400001525878906,42.13701248168945,183700
2018-05-11,49.59000015258789,50.11000061035156,49.349998474121094,49.529998779296875,42.24789810180664,209900
2018-05-14,49.689998626708984,50.95000076293945,49.599998474121094,50.79999923706055,43.331180572509766,220400
2018-05-15,50.540000915527344,51.130001068115234,50.279998779296875,50.4900016784668,43.0667610168457,337400
2018-05-16,50.16999816894531,50.970001220703125,50.16999816894531,50.56999969482422,43.1349983215332,225200
2018-05-17,50.79999923706055,51.650001525878906,50.4900016784668,50.599998474121094,43.160587310791016,194100
2018-05-18,50.43000030517578,50.880001068115234,49.95000076293945,50.22999954223633,42.8449821472168,210700
2018-05-21,50.709999084472656,50.84000015258789,50.16999816894531,50.66999816894531,43.22029113769531,198700
2018-05-22,50.869998931884766,51.2599983215332,50.63999938964844,50.900001525878906,43.41647720336914,308400
2018-05-23,50.65999984741211,51.400001525878906,50.54999923706055,50.900001525878906,43.41647720336914,287100
2018-05-24,50.66999816894531,51.04999923706055,50.029998779296875,50.72999954223633,43.2714729309082,253600
2018-05-25,50.2400016784668,51.25,50.189998626708984,50.720001220703125,43.262943267822266,219000
2018-05-29,50.27000045776367,51.459999084472656,50.27000045776367,51.22999954223633,43.697959899902344,168400
2018-05-30,51.290000915527344,51.86000061035156,51.11000061035156,51.72999954223633,44.124446868896484,282800
2018-05-31,51.349998474121094,52.77000045776367,51.349998474121094,52.29999923706055,44.61064529418945,372100
2018-06-01,52.560001373291016,53.220001220703125,52.130001068115234,53.18000030517578,45.36125946044922,210900
2018-06-04,53.470001220703125,53.70000076293945,52.93000030517578,53.279998779296875,45.446556091308594,417300
2018-06-05,53.20000076293945,53.45000076293945,52.52000045776367,53.29999923706055,45.463623046875,187800
2018-06-06,53.25,53.25,52.599998474121094,53.25,45.42097473144531,187100
2018-06-07,53.45000076293945,53.84000015258789,53.20000076293945,53.4900016784668,45.62569046020508,270300
2018-06-08,53.56999969482422,53.56999969482422,52.75,53.31999969482422,45.48067855834961,323000
2018-06-11,53.369998931884766,54.0099983215332,53.060001373291016,53.9900016784668,46.05217742919922,609700
2018-06-12,54.04999923706055,54.20000076293945,53.41999816894531,53.75,45.84745407104492,587900
2018-06-13,53.77000045776367,53.77000045776367,52.77000045776367,52.779998779296875,45.02007293701172,112800
2018-06-14,52.91999816894531,53.31999969482422,52.650001525878906,52.75,44.994483947753906,223200
2018-06-15,52.689998626708984,52.70000076293945,51.27000045776367,51.34000015258789,43.791786193847656,389100
2018-06-18,51.2400016784668,51.79999923706055,51.11000061035156,51.650001525878906,44.056209564208984,306700
2018-06-19,51.31999969482422,51.61000061035156,50.209999084472656,51.189998626708984,43.663841247558594,273500
2018-06-20,51.40999984741211,51.77000045776367,51.31999969482422,51.630001068115234,44.03915023803711,283900
2018-06-21,51.720001220703125,51.91999816894531,51.0,51.439998626708984,43.87708282470703,205900
2018-06-22,52.0,52.58000183105469,51.40999984741211,51.63999938964844,44.04767608642578,263700
2018-06-25,51.36000061035156,51.5,50.40999984741211,50.599998474121094,43.160587310791016,194500
2018-06-26,50.599998474121094,51.709999084472656,50.119998931884766,51.2599983215332,43.723541259765625,219800
2018-06-27,51.529998779296875,51.7599983215332,49.84000015258789,50.2400016784668,42.853511810302734,440900
2018-06-28,50.27000045776367,51.33000183105469,49.619998931884766,50.40999984741211,42.99851989746094,349300
2018-06-29,50.779998779296875,51.209999084472656,49.90999984741211,51.060001373291016,43.55295944213867,225000
2018-07-02,50.869998931884766,51.11000061035156,50.02000045776367,50.619998931884766,43.17764663696289,196200
2018-07-03,51.0,51.380001068115234,50.189998626708984,50.31999969482422,42.9217529296875,121700
2018-07-05,50.689998626708984,50.689998626708984,50.04999923706055,50.2599983215332,42.870574951171875,120500
2018-07-06,50.220001220703125,51.02000045776367,50.029998779296875,50.529998779296875,43.10087585449219,111800
2018-07-09,50.63999938964844,51.25,50.27000045776367,50.58000183105469,43.14352798461914,193900
2018-07-10,50.709999084472656,51.13999938964844,49.93000030517578,50.310001373291016,42.9132194519043,136100
2018-07-11,49.95000076293945,50.439998626708984,49.560001373291016,49.619998931884766,42.32466506958008,157900
2018-07-12,49.619998931884766,51.029998779296875,49.619998931884766,50.75,43.28853225708008,157300
2018-07-13,50.75,51.09000015258789,50.310001373291016,50.84000015258789,43.365299224853516,143500
2018-07-16,50.59000015258789,51.22999954223633,50.5,50.66999816894531,43.22029113769531,191300
2018-07-17,50.58000183105469,50.97999954223633,49.939998626708984,50.099998474121094,42.73409652709961,189500
2018-07-18,50.20000076293945,52.529998779296875,49.72999954223633,52.20000076293945,44.52534484863281,532600
2018-07-19,52.86000061035156,54.11000061035156,52.369998931884766,53.59000015258789,45.71098327636719,519800
2018-07-20,53.56999969482422,53.720001220703125,52.29999923706055,52.470001220703125,44.755653381347656,245100
2018-07-23,52.599998474121094,53.0,52.11000061035156,52.68000030517578,44.934776306152344,318500
2018-07-24,52.95000076293945,53.45000076293945,52.36000061035156,52.5099983215332,44.789772033691406,301800
2018-07-25,52.61000061035156,53.880001068115234,52.52000045776367,53.599998474121094,45.71951675415039,318900
2018-07-26,53.83000183105469,54.06999969482422,53.290000915527344,53.709999084472656,45.81333923339844,362400
2018-07-27,54.11000061035156,55.0,52.59000015258789,53.22999954223633,45.403907775878906,649900
2018-07-30,52.88999938964844,53.5,52.54999923706055,53.36000061035156,46.16701889038086,265800
2018-07-31,53.540000915527344,53.9900016784668,53.43000030517578,53.650001525878906,46.41792678833008,254100
2018-08-01,53.63999938964844,53.9900016784668,53.2400016784668,53.52000045776367,46.305450439453125,277400
2018-08-02,53.619998931884766,54.060001373291016,53.27000045776367,53.689998626708984,46.45252990722656,316900
2018-08-03,53.77000045776367,53.93000030517578,53.18000030517578,53.31999969482422,46.132408142089844,148800
2018-08-06,53.5099983215332,53.9900016784668,53.380001068115234,53.83000183105469,46.573665618896484,146300
2018-08-07,54.060001373291016,54.47999954223633,53.41999816894531,53.880001068115234,46.61692428588867,269700
2018-08-08,53.810001373291016,54.22999954223633,53.310001373291016,54.08000183105469,46.78996276855469,421300
2018-08-09,53.84000015258789,54.58000183105469,53.790000915527344,54.25,46.93704605102539,553500
2018-08-10,54.290000915527344,54.939998626708984,53.689998626708984,53.720001220703125,46.478492736816406,1778200
2018-08-13,53.52000045776367,53.83000183105469,52.81999969482422,53.119998931884766,45.95936965942383,316100
2018-08-14,53.099998474121094,53.86000061035156,52.83000183105469,53.150001525878906,45.98532485961914,279500
2018-08-15,53.029998779296875,53.029998779296875,51.939998626708984,52.52000045776367,45.44025421142578,235800
2018-08-16,52.7599983215332,53.54999923706055,52.31999969482422,53.31999969482422,46.132408142089844,184100
2018-08-17,53.63999938964844,53.810001373291016,53.060001373291016,53.70000076293945,46.461185455322266,213900
2018-08-20,53.939998626708984,53.95000076293945,53.650001525878906,53.7599983215332,46.513092041015625,210500
2018-08-21,53.709999084472656,53.779998779296875,52.900001525878906,53.060001373291016,45.90745544433594,296500
2018-08-22,53.09000015258789,53.54999923706055,53.09000015258789,53.439998626708984,46.23623275756836,182000
2018-08-23,53.5099983215332,53.5099983215332,52.849998474121094,52.849998474121094,45.725765228271484,136800
2018-08-24,52.720001220703125,53.029998779296875,52.310001373291016,52.810001373291016,45.691165924072266,364900
2018-08-27,52.810001373291016,52.93000030517578,51.90999984741211,52.099998474121094,45.076866149902344,201500
2018-08-28,52.02000045776367,52.45000076293945,51.529998779296875,51.7599983215332,44.78269577026367,263800
2018-08-29,51.470001220703125,52.119998931884766,51.470001220703125,51.619998931884766,44.66157150268555,231400
2018-08-30,51.619998931884766,51.689998626708984,51.060001373291016,51.56999969482422,44.61831283569336,270800
2018-08-31,51.5,51.72999954223633,50.939998626708984,51.459999084472656,44.523136138916016,258600
2018-09-04,51.400001525878906,52.220001220703125,51.400001525878906,52.029998779296875,45.01630401611328,291900
2018-09-05,52.0099983215332,52.88999938964844,51.400001525878906,52.70000076293945,45.59598922729492,214500
2018-09-06,52.77000045776367,53.400001525878906,52.0,52.209999084472656,45.17203903198242,447400
2018-09-07,52.20000076293945,52.470001220703125,51.970001220703125,52.279998779296875,45.232601165771484,311200
2018-09-10,52.7599983215332,52.77000045776367,52.099998474121094,52.20000076293945,45.16338348388672,372600
2018-09-11,52.04999923706055,52.400001525878906,52.02000045776367,52.20000076293945,45.16338348388672,378700
2018-09-12,52.20000076293945,52.849998474121094,51.88999938964844,52.040000915527344,45.02495574951172,402600
2018-09-13,51.939998626708984,52.209999084472656,51.5099983215332,52.02000045776367,45.007652282714844,180700
2018-09-14,52.099998474121094,52.220001220703125,50.790000915527344,51.90999984741211,44.912479400634766,303400
2018-09-17,51.599998474121094,52.310001373291016,51.599998474121094,51.79999923706055,44.817298889160156,296000
2018-09-18,51.81999969482422,52.099998474121094,51.61000061035156,51.779998779296875,44.79999923706055,137500
2018-09-19,51.790000915527344,51.790000915527344,51.189998626708984,51.43000030517578,44.4971809387207,284800
2018-09-20,51.56999969482422,51.630001068115234,51.0,51.529998779296875,44.583702087402344,282300
2018-09-21,51.59000015258789,51.7400016784668,51.06999969482422,51.61000061035156,44.65292739868164,523900
2018-09-24,51.88999938964844,51.95000076293945,50.91999816894531,51.029998779296875,44.15110778808594,131400
2018-09-25,51.58000183105469,51.58000183105469,50.06999969482422,50.70000076293945,43.8655891418457,213500
2018-09-26,50.72999954223633,51.09000015258789,50.099998474121094,50.349998474121094,43.562767028808594,229300
2018-09-27,50.5099983215332,51.18000030517578,50.25,51.029998779296875,44.15110778808594,186400
2018-09-28,50.0,51.45000076293945,48.810001373291016,51.13999938964844,44.24627685546875,396900
2018-10-01,51.45000076293945,53.0,51.2599983215332,52.93000030517578,45.79498291015625,224900
2018-10-02,53.099998474121094,53.20000076293945,52.33000183105469,52.75,45.63924789428711,189800
2018-10-03,52.900001525878906,53.31999969482422,52.400001525878906,52.9900016784668,45.84689712524414,278600
2018-10-04,52.91999816894531,53.18000030517578,52.4900016784668,53.0,45.85554885864258,168300
2018-10-05,53.099998474121094,53.459999084472656,52.68000030517578,52.86000061035156,45.73441696166992,73800
2018-10-08,52.54999923706055,53.0,52.11000061035156,52.900001525878906,45.76902770996094,110900
2018-10-09,52.97999954223633,53.630001068115234,52.779998779296875,53.29999923706055,46.11510467529297,212500
2018-10-10,53.31999969482422,53.59000015258789,51.939998626708984,52.0,44.99034881591797,166700
2018-10-11,52.06999969482422,52.75,51.189998626708984,52.119998931884766,45.09416961669922,241700
2018-10-12,52.63999938964844,52.66999816894531,50.52000045776367,51.34000015258789,44.419315338134766,319800
2018-10-15,51.349998474121094,51.93000030517578,51.060001373291016,51.209999084472656,44.30683517456055,185600
2018-10-16,51.560001373291016,52.88999938964844,51.279998779296875,52.349998474121094,45.29316329956055,282000
2018-10-17,52.31999969482422,52.459999084472656,51.06999969482422,51.400001525878906,44.471229553222656,372000
2018-10-18,51.22999954223633,52.58000183105469,51.11000061035156,51.45000076293945,44.51449203491211,257900
2018-10-19,51.720001220703125,52.41999816894531,51.52000045776367,52.0099983215332,44.99899673461914,318700
2018-10-22,52.15999984741211,52.459999084472656,51.470001220703125,51.81999969482422,44.83460998535156,101500
2018-10-23,50.93000030517578,52.40999984741211,50.54999923706055,51.810001373291016,44.82596206665039,381800
2018-10-24,51.630001068115234,52.189998626708984,50.77000045776367,50.77000045776367,43.92615509033203,271300
2018-10-25,51.34000015258789,51.75,50.599998474121094,51.52000045776367,44.575050354003906,223800
2018-10-26,52.0,52.0,50.5,51.02000045776367,44.142452239990234,252300
2018-10-29,51.52000045776367,52.2599983215332,49.95000076293945,50.529998779296875,43.718502044677734,440000
2018-10-30,50.5,50.81999969482422,48.790000915527344,49.849998474121094,43.816951751708984,310100
2018-10-31,50.099998474121094,51.400001525878906,48.79999923706055,48.90999984741211,42.9907112121582,591200
2018-11-01,49.45000076293945,49.75,48.43000030517578,49.08000183105469,43.140140533447266,241000
2018-11-02,49.25,49.529998779296875,48.31999969482422,48.43000030517578,42.56880569458008,199100
2018-11-05,48.72999954223633,50.18000030517578,48.22999954223633,49.290000915527344,43.324729919433594,340400
2018-11-06,49.33000183105469,49.970001220703125,48.29999923706055,48.66999816894531,42.779754638671875,344700
2018-11-07,49.25,49.66999816894531,48.540000915527344,48.560001373291016,42.68307113647461,436600
2018-11-08,48.66999816894531,49.77000045776367,48.47999954223633,49.09000015258789,43.14892578125,249000
2018-11-09,48.90999984741211,49.25,48.209999084472656,49.11000061035156,43.16650390625,305300
2018-11-12,49.25,49.65999984741211,48.459999084472656,48.650001525878906,42.76218032836914,292200
2018-11-13,48.84000015258789,49.189998626708984,47.45000076293945,47.630001068115234,41.86562728881836,377200
2018-11-14,48.150001525878906,48.59000015258789,47.02000045776367,48.22999954223633,42.39301300048828,371500
2018-11-15,47.9900016784668,49.0,47.810001373291016,48.790000915527344,42.88523864746094,337500
2018-11-16,48.880001068115234,48.97999954223633,47.45000076293945,47.70000076293945,41.927154541015625,316600
2018-11-19,47.70000076293945,48.29999923706055,47.5,48.13999938964844,42.313899993896484,184700
2018-11-20,47.75,47.790000915527344,45.720001220703125,46.15999984741211,40.57352828979492,308200
2018-11-21,46.29999923706055,47.650001525878906,46.29999923706055,47.15999984741211,41.45250701904297,163200
2018-11-23,46.459999084472656,46.869998931884766,46.04999923706055,46.439998626708984,40.819637298583984,58400
2018-11-26,46.720001220703125,48.130001068115234,46.720001220703125,48.0,42.19084930419922,449700
2018-11-27,47.93000030517578,48.86000061035156,47.25,47.310001373291016,41.584346771240234,276100
2018-11-28,47.52000045776367,47.84000015258789,46.560001373291016,47.58000183105469,41.82167434692383,306100
2018-11-29,47.470001220703125,48.560001373291016,47.11000061035156,47.4900016784668,41.74256896972656,271800
2018-11-30,47.54999923706055,47.75,46.65999984741211,46.900001525878906,41.223976135253906,263700
2018-12-03,47.650001525878906,48.060001373291016,47.27000045776367,47.90999984741211,42.11174011230469,259200
2018-12-04,47.75,48.130001068115234,46.540000915527344,46.75,41.09212875366211,377700
2018-12-06,45.93000030517578,46.29999923706055,44.939998626708984,45.77000045776367,40.2307243347168,485700
2018-12-07,46.529998779296875,46.790000915527344,45.720001220703125,45.869998931884766,40.318626403808594,425400
2018-12-10,45.5099983215332,45.63999938964844,44.470001220703125,45.349998474121094,39.86155700683594,282000
2018-12-11,45.560001373291016,46.09000015258789,45.400001525878906,45.63999938964844,40.116458892822266,299500
2018-12-12,46.060001373291016,46.7599983215332,45.130001068115234,45.27000045776367,39.791236877441406,584200
2018-12-13,45.45000076293945,47.119998931884766,45.34000015258789,47.060001373291016,41.3646125793457,562600
2018-12-14,46.90999984741211,48.349998474121094,46.790000915527344,47.310001373291016,41.584346771240234,928800
2018-12-17,47.31999969482422,47.63999938964844,46.36000061035156,46.59000015258789,40.95149230957031,470900
2018-12-18,46.459999084472656,46.70000076293945,44.52000045776367,45.11000061035156,39.65060806274414,389300
2018-12-19,45.08000183105469,46.65999984741211,44.7599983215332,45.22999954223633,39.75608825683594,845500
2018-12-20,45.16999816894531,45.75,43.59000015258789,44.380001068115234,39.008949279785156,462700
2018-12-21,44.34000015258789,44.939998626708984,43.380001068115234,44.20000076293945,38.850738525390625,932800
2018-12-24,43.709999084472656,43.84000015258789,42.5,42.5,37.35647964477539,182100
2018-12-26,42.65999984741211,43.959999084472656,42.040000915527344,43.470001220703125,38.20908737182617,811100
2018-12-27,43.060001373291016,43.279998779296875,40.790000915527344,42.38999938964844,37.259788513183594,671500
2018-12-28,42.5,42.7599983215332,40.7599983215332,42.040000915527344,36.952152252197266,525500
2018-12-31,42.45000076293945,42.72999954223633,41.81999969482422,42.11000061035156,37.01367950439453,462600
2019-01-02,41.79999923706055,43.61000061035156,41.5099983215332,42.720001220703125,37.54985046386719,208700
2019-01-03,42.66999816894531,43.650001525878906,42.52000045776367,43.41999816894531,38.165130615234375,394700
2019-01-04,43.90999984741211,45.72999954223633,43.83000183105469,45.34000015258789,39.8527717590332,468200
2019-01-07,45.7400016784668,46.40999984741211,45.06999969482422,45.4900016784668,39.984619140625,426900
2019-01-08,46.02000045776367,48.060001373291016,45.86000061035156,47.84000015258789,42.050209045410156,360000
2019-01-09,48.33000183105469,49.4900016784668,47.790000915527344,49.33000183105469,43.359886169433594,374200
2019-01-10,49.25,49.25,48.060001373291016,48.66999816894531,42.779754638671875,368300
2019-01-11,48.470001220703125,48.58000183105469,47.47999954223633,47.9900016784668,42.18205261230469,405300
2019-01-14,47.7599983215332,48.09000015258789,46.93000030517578,47.650001525878906,41.88320541381836,302100
2019-01-15,48.209999084472656,49.189998626708984,47.81999969482422,49.13999938964844,43.192874908447266,590000
2019-01-16,49.220001220703125,49.380001068115234,48.90999984741211,49.2400016784668,43.28077697753906,141200
2019-01-17,48.84000015258789,49.36000061035156,48.540000915527344,48.7400016784668,42.841285705566406,369700
2019-01-18,48.790000915527344,49.36000061035156,48.72999954223633,49.36000061035156,43.38625717163086,112000
2019-01-22,49.150001525878906,49.40999984741211,47.7599983215332,48.0,42.19084930419922,399600
2019-01-23,48.25,49.2400016784668,48.209999084472656,49.060001373291016,43.12256622314453,408600
2019-01-24,49.15999984741211,49.52000045776367,48.619998931884766,49.15999984741211,43.21045684814453,264300
2019-01-25,49.349998474121094,50.529998779296875,49.29999923706055,50.45000076293945,44.344337463378906,372800
2019-01-28,50.209999084472656,50.77000045776367,49.7400016784668,50.5,44.388282775878906,467100
2019-01-29,50.790000915527344,50.790000915527344,49.790000915527344,50.369998931884766,44.27401351928711,266200
2019-01-30,50.7599983215332,51.13999938964844,49.939998626708984,50.709999084472656,44.57286834716797,352900
2019-01-31,50.290000915527344,50.45000076293945,48.72999954223633,49.02000045776367,43.80876922607422,389500
2019-02-01,49.06999969482422,50.72999954223633,48.68000030517578,50.439998626708984,45.07780456542969,556700
2019-02-04,50.439998626708984,50.72999954223633,50.15999984741211,50.529998779296875,45.15823745727539,373100
2019-02-05,50.599998474121094,50.79999923706055,50.349998474121094,50.5,45.13142395019531,170400
2019-02-06,50.369998931884766,50.369998931884766,49.150001525878906,49.72999954223633,44.44328308105469,190700
2019-02-07,49.47999954223633,49.47999954223633,48.369998931884766,48.619998931884766,43.45128631591797,303700
2019-02-08,49.529998779296875,50.02000045776367,48.25,49.150001525878906,43.92494583129883,282800
2019-02-11,49.0,49.68000030517578,48.63999938964844,49.540000915527344,44.27348327636719,287600
2019-02-12,50.119998931884766,50.900001525878906,49.939998626708984,50.40999984741211,45.05099868774414,391000
2019-02-13,50.689998626708984,50.81999969482422,50.22999954223633,50.709999084472656,45.31909942626953,353300
2019-02-14,50.790000915527344,51.810001373291016,50.310001373291016,51.470001220703125,45.99831008911133,524900
2019-02-15,51.75,51.84000015258789,49.709999084472656,50.130001068115234,44.80076599121094,662000
2019-02-19,49.79999923706055,51.83000183105469,49.54999923706055,51.349998474121094,45.89106369018555,341600
2019-02-20,51.349998474121094,51.349998474121094,50.790000915527344,51.0099983215332,45.58720779418945,188800
2019-02-21,51.150001525878906,51.16999816894531,50.0099983215332,50.310001373291016,44.96162796020508,310500
2019-02-22,50.66999816894531,50.91999816894531,50.38999938964844,50.52000045776367,45.1493034362793,184300
2019-02-25,50.52000045776367,50.83000183105469,50.13999938964844,50.599998474121094,45.22079849243164,261100
2019-02-26,50.59000015258789,50.790000915527344,50.25,50.279998779296875,44.934814453125,402700
2019-02-27,50.38999938964844,50.84000015258789,49.61000061035156,50.2400016784668,44.89906692504883,421500
2019-02-28,50.40999984741211,50.59000015258789,48.970001220703125,49.060001373291016,43.844512939453125,829900
2019-03-01,49.130001068115234,50.08000183105469,49.130001068115234,49.77000045776367,44.479034423828125,424300
2019-03-04,50.25,50.52000045776367,49.970001220703125,50.45000076293945,45.08673858642578,483500
2019-03-05,50.58000183105469,50.7599983215332,50.209999084472656,50.38999938964844,45.03312301635742,284100
2019-03-06,50.11000061035156,50.650001525878906,50.029998779296875,50.189998626708984,44.8543815612793,166600
2019-03-07,50.2400016784668,51.060001373291016,50.16999816894531,50.68000030517578,45.292293548583984,356600
2019-03-08,50.27000045776367,50.84000015258789,49.880001068115234,50.529998779296875,45.15823745727539,324300
2019-03-11,50.95000076293945,51.619998931884766,50.72999954223633,51.400001525878906,45.935752868652344,737800
2019-03-12,51.58000183105469,51.720001220703125,50.84000015258789,51.5099983215332,46.0340576171875,202200
2019-03-13,51.70000076293945,52.0,51.38999938964844,51.40999984741211,45.9446907043457,278900
2019-03-14,51.619998931884766,52.060001373291016,51.45000076293945,51.790000915527344,46.28429412841797,278400
2019-03-15,51.7599983215332,51.9900016784668,51.2599983215332,51.84000015258789,46.328975677490234,606500
2019-03-18,51.5,52.70000076293945,51.5,52.70000076293945,47.09755325317383,409200
2019-03-19,52.849998474121094,53.40999984741211,52.75,52.810001373291016,47.195858001708984,309700
2019-03-20,52.77000045776367,54.279998779296875,52.77000045776367,53.58000183105469,47.88399887084961,494200
2019-03-21,53.68000030517578,55.02000045776367,53.68000030517578,54.849998474121094,49.01898193359375,394500
2019-03-22,54.529998779296875,54.619998931884766,53.5099983215332,53.619998931884766,47.91975021362305,538200
2019-03-25,53.439998626708984,53.5,52.72999954223633,52.97999954223633,47.347782135009766,334100
2019-03-26,53.150001525878906,53.959999084472656,52.630001068115234,52.880001068115234,47.258419036865234,302900
2019-03-27,52.369998931884766,52.97999954223633,52.08000183105469,52.5099983215332,46.9277458190918,279900
2019-03-28,52.380001068115234,52.7599983215332,51.779998779296875,52.22999954223633,46.67751693725586,342500
2019-03-29,52.5,52.779998779296875,52.189998626708984,52.349998474121094,46.78475570678711,283100
2019-04-01,52.59000015258789,53.630001068115234,52.529998779296875,53.220001220703125,47.5622673034668,194200
2019-04-02,53.33000183105469,53.4900016784668,52.900001525878906,53.25,47.58908462524414,164200
2019-04-03,53.439998626708984,53.439998626708984,52.7599983215332,53.060001373291016,47.41927719116211,90100
2019-04-04,53.060001373291016,53.380001068115234,52.18000030517578,52.369998931884766,46.80263137817383,198000
2019-04-05,52.400001525878906,52.9900016784668,52.20000076293945,52.90999984741211,47.28522872924805,290400
2019-04-08,52.90999984741211,53.04999923706055,52.31999969482422,52.33000183105469,46.76688766479492,235800
2019-04-09,52.36000061035156,52.70000076293945,51.939998626708984,52.040000915527344,46.507713317871094,274700
2019-04-10,52.060001373291016,52.40999984741211,51.619998931884766,51.66999816894531,46.17704772949219,465700
2019-04-11,51.63999938964844,51.7599983215332,51.150001525878906,51.220001220703125,45.7748908996582,416400
2019-04-12,51.4900016784668,51.54999923706055,51.029998779296875,51.04999923706055,45.62295913696289,278100
2019-04-15,51.29999923706055,51.41999816894531,50.790000915527344,50.790000915527344,45.39059829711914,215800
2019-04-16,51.11000061035156,51.11000061035156,50.20000076293945,50.38999938964844,45.03312301635742,197700
2019-04-17,50.439998626708984,50.56999969482422,49.31999969482422,49.400001525878906,44.148372650146484,473600
2019-04-18,49.38999938964844,49.4900016784668,48.45000076293945,49.279998779296875,44.0411262512207,646000
2019-04-22,49.29999923706055,51.2400016784668,49.29999923706055,51.099998474121094,45.667640686035156,598700
2019-04-23,51.09000015258789,52.04999923706055,50.900001525878906,51.25,45.80169677734375,639500
2019-04-24,51.36000061035156,51.84000015258789,50.459999084472656,50.630001068115234,45.24760818481445,335000
2019-04-25,50.779998779296875,51.13999938964844,50.459999084472656,51.119998931884766,45.68552017211914,341900
2019-04-26,51.20000076293945,51.38999938964844,50.619998931884766,51.18000030517578,45.7391357421875,188300
2019-04-29,50.56999969482422,50.619998931884766,49.90999984741211,50.0,45.43472671508789,242000
2019-04-30,49.5099983215332,50.58000183105469,49.0,49.529998779296875,45.00763702392578,362000
2019-05-01,49.31999969482422,50.029998779296875,49.130001068115234,49.619998931884766,45.08942413330078,212200
2019-05-02,49.61000061035156,49.91999816894531,49.20000076293945,49.599998474121094,45.07124710083008,547400
2019-05-03,49.630001068115234,50.02000045776367,49.20000076293945,49.63999938964844,45.107601165771484,396000
2019-05-06,49.209999084472656,50.06999969482422,49.13999938964844,49.61000061035156,45.08033752441406,273200
2019-05-07,49.189998626708984,49.84000015258789,48.849998474121094,49.619998931884766,45.08942413330078,259700
2019-05-08,49.310001373291016,49.91999816894531,49.040000915527344,49.29999923706055,44.798641204833984,256100
2019-05-09,49.06999969482422,49.599998474121094,48.93000030517578,49.15999984741211,44.671424865722656,111500
2019-05-10,49.41999816894531,50.0,48.91999816894531,49.83000183105469,45.280250549316406,135400
2019-05-13,49.56999969482422,49.880001068115234,48.630001068115234,48.900001525878906,44.43516540527344,212000
2019-05-14,49.209999084472656,49.959999084472656,49.18000030517578,49.349998474121094,44.84407424926758,179900
2019-05-15,49.33000183105469,50.040000915527344,49.2400016784668,49.79999923706055,45.25299072265625,289400
2019-05-16,49.77000045776367,50.86000061035156,49.5099983215332,50.31999969482422,45.72550964355469,307400
2019-05-17,50.20000076293945,50.7400016784668,50.0,50.0,45.43472671508789,310400
2019-05-20,49.849998474121094,50.189998626708984,49.599998474121094,49.7599983215332,45.216636657714844,220500
2019-05-21,49.810001373291016,50.36000061035156,49.75,50.09000015258789,45.51650619506836,400500
2019-05-22,49.91999816894531,50.36000061035156,49.72999954223633,49.9900016784668,45.42564010620117,197600
2019-05-23,49.45000076293945,49.4900016784668,48.540000915527344,49.0,44.526031494140625,266200
2019-05-24,49.25,49.310001373291016,48.52000045776367,49.150001525878906,44.66233825683594,168800
2019-05-28,49.400001525878906,49.41999816894531,47.720001220703125,48.15999984741211,43.76272964477539,380000
2019-05-29,47.7599983215332,48.54999923706055,47.34000015258789,48.459999084472656,44.035335540771484,220400
2019-05-30,48.65999984741211,48.810001373291016,48.099998474121094,48.18000030517578,43.78090286254883,189200
2019-05-31,47.5,48.2599983215332,47.45000076293945,47.97999954223633,43.59916687011719,205200
2019-06-03,48.20000076293945,48.61000061035156,47.75,47.9900016784668,43.608253479003906,274200
2019-06-04,48.31999969482422,48.43000030517578,47.779998779296875,48.310001373291016,43.89902877807617,257500
2019-06-05,48.33000183105469,48.54999923706055,47.5099983215332,48.41999816894531,43.998985290527344,194300
2019-06-06,49.09000015258789,49.77000045776367,48.47999954223633,49.380001068115234,44.871337890625,461900
2019-06-07,49.540000915527344,50.130001068115234,49.52000045776367,49.54999923706055,45.025814056396484,336700
2019-06-10,49.689998626708984,50.09000015258789,49.209999084472656,49.779998779296875,45.23481369018555,132100
2019-06-11,49.959999084472656,50.400001525878906,49.650001525878906,49.86000061035156,45.30751419067383,206400
2019-06-12,49.56999969482422,49.93000030517578,49.13999938964844,49.279998779296875,44.78046417236328,117300
2019-06-13,49.7400016784668,50.439998626708984,49.40999984741211,50.2599983215332,45.67098617553711,251600
2019-06-14,50.369998931884766,50.369998931884766,48.90999984741211,49.18000030517578,44.68959426879883,237800
2019-06-17,49.060001373291016,49.959999084472656,48.529998779296875,49.689998626708984,45.15303039550781,289400
2019-06-18,49.939998626708984,50.22999954223633,49.56999969482422,49.630001068115234,45.098506927490234,202100
2019-06-19,49.630001068115234,50.540000915527344,49.52000045776367,50.20000076293945,45.61647033691406,180200
2019-06-20,50.650001525878906,51.43000030517578,49.959999084472656,50.459999084472656,45.852725982666016,338600
2019-06-21,50.400001525878906,52.22999954223633,50.220001220703125,51.4900016784668,46.78868103027344,671400
2019-06-24,51.459999084472656,51.470001220703125,50.5,50.66999816894531,46.04355239868164,248300
2019-06-25,50.63999938964844,50.63999938964844,48.86000061035156,49.31999969482422,44.816810607910156,537300
2019-06-26,49.470001220703125,50.11000061035156,49.189998626708984,49.2400016784668,44.74412155151367,292700
2019-06-27,49.2599983215332,49.43000030517578,48.349998474121094,48.529998779296875,44.09894561767578,215200
2019-06-28,48.619998931884766,49.369998931884766,48.5099983215332,49.349998474121094,44.84407424926758,244200
2019-07-01,49.90999984741211,49.91999816894531,48.75,49.040000915527344,44.562381744384766,176300
2019-07-02,48.939998626708984,50.189998626708984,48.72999954223633,49.880001068115234,45.32568359375,218500
2019-07-03,49.959999084472656,50.540000915527344,49.810001373291016,50.130001068115234,45.5528564453125,110800
2019-07-05,50.099998474121094,50.709999084472656,49.90999984741211,50.310001373291016,45.7164192199707,100100
2019-07-08,50.20000076293945,50.38999938964844,49.709999084472656,49.72999954223633,45.18938064575195,260100
2019-07-09,49.75,50.529998779296875,49.650001525878906,50.36000061035156,45.76185607910156,317900
2019-07-10,50.529998779296875,51.439998626708984,50.529998779296875,51.09000015258789,46.42520523071289,256000
2019-07-11,51.119998931884766,51.4900016784668,50.75,51.36000061035156,46.67055130004883,192600
2019-07-12,51.29999923706055,51.70000076293945,51.15999984741211,51.20000076293945,46.5251579284668,174900
2019-07-15,51.349998474121094,51.56999969482422,50.900001525878906,50.93000030517578,46.279815673828125,187800
2019-07-16,51.119998931884766,51.40999984741211,50.75,51.33000183105469,46.64329528808594,186700
2019-07-17,51.36000061035156,51.709999084472656,50.900001525878906,51.349998474121094,46.66146469116211,321500
2019-07-18,51.279998779296875,51.56999969482422,51.02000045776367,51.400001525878906,46.7068977355957,452700
2019-07-19,51.45000076293945,52.33000183105469,51.43000030517578,51.720001220703125,46.997684478759766,251700
2019-07-22,51.900001525878906,53.88999938964844,51.900001525878906,53.66999816894531,48.769630432128906,420400
2019-07-23,53.5,53.939998626708984,53.0,53.75,48.84232711791992,467400
2019-07-24,53.70000076293945,53.90999984741211,53.400001525878906,53.72999954223633,48.82415771484375,750700
2019-07-25,53.849998474121094,54.209999084472656,53.43000030517578,53.95000076293945,49.024070739746094,463700
2019-07-26,53.52000045776367,53.7599983215332,51.7599983215332,52.869998931884766,48.04267883300781,916600
2019-07-29,52.61000061035156,53.529998779296875,50.959999084472656,51.95000076293945,47.20668029785156,1684100
2019-07-30,51.470001220703125,51.75,50.369998931884766,51.459999084472656,47.543907165527344,725700
2019-07-31,51.31999969482422,52.5099983215332,51.31999969482422,52.2599983215332,48.283023834228516,450600
2019-08-01,51.68000030517578,52.47999954223633,51.31999969482422,52.0,48.042808532714844,236300
2019-08-02,52.599998474121094,53.18000030517578,52.040000915527344,52.5099983215332,48.513999938964844,352800
2019-08-05,52.08000183105469,52.08000183105469,50.83000183105469,51.619998931884766,47.69172668457031,482200
2019-08-06,51.939998626708984,52.08000183105469,50.97999954223633,51.36000061035156,47.451515197753906,406300
2019-08-07,51.0099983215332,51.65999984741211,50.150001525878906,51.45000076293945,47.534664154052734,453600
2019-08-08,51.720001220703125,52.11000061035156,51.06999969482422,52.0,48.042808532714844,268200
2019-08-09,52.08000183105469,52.43000030517578,51.16999816894531,51.25,47.34988784790039,297000
2019-08-12,51.25,52.060001373291016,50.68000030517578,51.7599983215332,47.821075439453125,266700
2019-08-13,51.7400016784668,52.59000015258789,51.560001373291016,52.06999969482422,48.10748291015625,286600
2019-08-14,50.72999954223633,52.209999084472656,50.72999954223633,51.720001220703125,47.784122467041016,395700
2019-08-15,51.83000183105469,52.13999938964844,51.45000076293945,51.779998779296875,47.83955383300781,274300
2019-08-16,51.849998474121094,52.790000915527344,51.59000015258789,52.349998474121094,48.36617660522461,788000
2019-08-19,52.7599983215332,53.31999969482422,52.540000915527344,53.16999816894531,49.12377166748047,329700
2019-08-20,53.189998626708984,53.79999923706055,52.61000061035156,53.7599983215332,49.66887664794922,440700
2019-08-21,53.70000076293945,54.56999969482422,53.560001373291016,54.130001068115234,50.010719299316406,591800
2019-08-22,54.150001525878906,54.58000183105469,53.83000183105469,54.369998931884766,50.232452392578125,702500
2019-08-23,54.0,54.61000061035156,53.77000045776367,54.38999938964844,50.25093460083008,804200
2019-08-26,54.849998474121094,55.380001068115234,53.959999084472656,54.08000183105469,49.96452331542969,719900
2019-08-27,54.189998626708984,54.75,53.7599983215332,54.04999923706055,49.936805725097656,356600
2019-08-28,54.310001373291016,54.65999984741211,53.95000076293945,54.56999969482422,50.417232513427734,301800
2019-08-29,54.75,55.43000030517578,54.58000183105469,55.18000030517578,50.98081588745117,506000
2019-08-30,55.15999984741211,55.43000030517578,54.599998474121094,54.970001220703125,50.78679656982422,443900
2019-09-03,55.0099983215332,55.09000015258789,54.189998626708984,54.470001220703125,50.32484436035156,374500
2019-09-04,54.790000915527344,55.040000915527344,54.540000915527344,54.90999984741211,50.731361389160156,564600
2019-09-05,55.22999954223633,55.38999938964844,54.52000045776367,54.52000045776367,50.37104034423828,388600
2019-09-06,54.41999816894531,54.66999816894531,54.08000183105469,54.4900016784668,50.34332275390625,200100
2019-09-09,54.70000076293945,55.84000015258789,54.52000045776367,55.5,51.276458740234375,275100
2019-09-10,55.59000015258789,56.220001220703125,55.279998779296875,56.04999923706055,51.78460693359375,256200
2019-09-11,56.18000030517578,56.689998626708984,56.0099983215332,56.130001068115234,51.8585205078125,381100
2019-09-12,56.0099983215332,56.310001373291016,55.65999984741211,56.11000061035156,51.84004211425781,206000
2019-09-13,56.40999984741211,58.209999084472656,56.34000015258789,57.7400016784668,53.34600067138672,839300
2019-09-16,58.959999084472656,59.75,58.189998626708984,58.29999923706055,53.863380432128906,768400
2019-09-17,58.470001220703125,58.88999938964844,57.91999816894531,58.06999969482422,53.65088653564453,575900
2019-09-18,57.91999816894531,58.16999816894531,57.4900016784668,57.869998931884766,53.46610641479492,929500
2019-09-19,58.0099983215332,58.380001068115234,57.5,58.08000183105469,53.660125732421875,1399000
2019-09-20,58.2400016784668,58.70000076293945,57.72999954223633,58.25,53.81718826293945,2587800
2019-09-23,58.2400016784668,58.2400016784668,57.54999923706055,57.81999969482422,53.41991424560547,326400
2019-09-24,57.72999954223633,57.93000030517578,56.70000076293945,56.72999954223633,52.41286087036133,434800
2019-09-25,56.5,57.15999984741211,55.91999816894531,56.84000015258789,52.514488220214844,495800
2019-09-26,56.810001373291016,57.09000015258789,56.029998779296875,56.939998626708984,52.606876373291016,336300
2019-09-27,56.81999969482422,57.290000915527344,56.310001373291016,56.52000045776367,52.218841552734375,283800
2019-09-30,56.52000045776367,56.91999816894531,56.29999923706055,56.619998931884766,52.31122970581055,424100
2019-10-01,56.61000061035156,56.65999984741211,55.65999984741211,55.65999984741211,51.424285888671875,300800
2019-10-02,55.400001525878906,55.720001220703125,54.90999984741211,55.650001525878906,51.4150505065918,416000
2019-10-03,55.56999969482422,56.09000015258789,55.189998626708984,55.27000045776367,51.06396484375,302100
2019-10-04,55.29999923706055,55.849998474121094,54.90999984741211,55.18000030517578,50.98081588745117,323200
2019-10-07,55.22999954223633,55.54999923706055,54.939998626708984,55.310001373291016,51.100921630859375,204600
2019-10-08,55.150001525878906,55.939998626708984,54.869998931884766,55.47999954223633,51.25798416137695,252900
2019-10-09,55.849998474121094,55.939998626708984,54.720001220703125,54.7599983215332,50.5927734375,243000
2019-10-10,54.70000076293945,55.29999923706055,54.630001068115234,55.209999084472656,51.0085334777832,257700
2019-10-11,55.45000076293945,56.16999816894531,55.08000183105469,55.869998931884766,51.61830520629883,210100
2019-10-14,55.72999954223633,55.90999984741211,55.20000076293945,55.630001068115234,51.39657211303711,332400
2019-10-15,55.630001068115234,56.65999984741211,55.529998779296875,56.2400016784668,51.96015167236328,222400
2019-10-16,56.130001068115234,56.56999969482422,55.31999969482422,55.5,51.276458740234375,281000
2019-10-17,55.560001373291016,55.79999923706055,55.06999969482422,55.189998626708984,50.990055084228516,365700
2019-10-18,54.880001068115234,55.27000045776367,54.75,54.91999816894531,50.7406005859375,243200
2019-10-21,55.029998779296875,55.189998626708984,54.38999938964844,54.41999816894531,50.278648376464844,341100
2019-10-22,54.52000045776367,55.400001525878906,54.310001373291016,54.36000061035156,50.22321319580078,274400
2019-10-23,54.36000061035156,54.63999938964844,53.849998474121094,54.060001373291016,49.946048736572266,164500
2019-10-24,54.2599983215332,55.20000076293945,53.90999984741211,55.16999816894531,50.97157287597656,417500
2019-10-25,55.86000061035156,57.61000061035156,55.470001220703125,57.0099983215332,52.67155075073242,519500
2019-10-28,57.5,57.790000915527344,56.70000076293945,57.349998474121094,52.98567581176758,447400
2019-10-29,57.689998626708984,57.900001525878906,56.650001525878906,56.90999984741211,52.57916259765625,529800
2019-10-30,56.20000076293945,56.41999816894531,55.189998626708984,56.029998779296875,52.565086364746094,436600
2019-10-31,55.810001373291016,56.119998931884766,55.31999969482422,55.88999938964844,52.43374252319336,396600
2019-11-01,56.11000061035156,56.619998931884766,55.63999938964844,55.959999084472656,52.49941635131836,283000
2019-11-04,56.15999984741211,56.529998779296875,55.029998779296875,55.189998626708984,51.777034759521484,545100
2019-11-05,55.34000015258789,55.61000061035156,54.20000076293945,54.52000045776367,51.148468017578125,586800
2019-11-06,54.52000045776367,55.20000076293945,54.209999084472656,55.150001525878906,51.73950958251953,499900
2019-11-07,55.220001220703125,55.630001068115234,54.29999923706055,54.36000061035156,50.99835968017578,281300
2019-11-08,54.33000183105469,54.91999816894531,54.0,54.56999969482422,51.19537353515625,309500
2019-11-11,54.369998931884766,54.939998626708984,54.029998779296875,54.27000045776367,50.91392517089844,244200
2019-11-12,54.349998474121094,55.0,54.040000915527344,54.75,51.36424255371094,250600
2019-11-13,54.66999816894531,55.689998626708984,54.5,54.97999954223633,51.580020904541016,661600
2019-11-14,55.130001068115234,55.439998626708984,54.61000061035156,55.0,51.598785400390625,386300
2019-11-15,55.13999938964844,55.630001068115234,54.880001068115234,55.130001068115234,51.720741271972656,339800
2019-11-18,55.0,55.0,54.150001525878906,54.38999938964844,51.02650833129883,214600
2019-11-19,54.310001373291016,54.63999938964844,54.040000915527344,54.31999969482422,50.960838317871094,479200
2019-11-20,54.38999938964844,54.86000061035156,54.33000183105469,54.5099983215332,51.13908386230469,446800
2019-11-21,54.779998779296875,55.75,54.619998931884766,55.689998626708984,52.24611282348633,429400
2019-11-22,55.84000015258789,56.58000183105469,55.630001068115234,56.4900016784668,52.99664306640625,272500
2019-11-25,56.5,56.84000015258789,55.959999084472656,56.560001373291016,53.062313079833984,237800
2019-11-26,56.5099983215332,56.79999923706055,55.68000030517578,56.06999969482422,52.60261535644531,307000
2019-11-27,56.20000076293945,56.470001220703125,55.099998474121094,55.88999938964844,52.43374252319336,513800
2019-11-29,55.779998779296875,55.970001220703125,55.400001525878906,55.72999954223633,52.28363800048828,342500
2019-12-02,55.900001525878906,56.189998626708984,55.18000030517578,55.58000183105469,52.142921447753906,373900
2019-12-03,55.380001068115234,55.59000015258789,54.970001220703125,54.97999954223633,51.580020904541016,431100
2019-12-04,55.20000076293945,55.900001525878906,54.790000915527344,55.66999816894531,52.227352142333984,346000
2019-12-05,55.81999969482422,56.31999969482422,55.279998779296875,55.599998474121094,52.161678314208984,320400
2019-12-06,55.45000076293945,56.060001373291016,54.91999816894531,54.970001220703125,51.570640563964844,318900
2019-12-09,54.900001525878906,55.810001373291016,54.900001525878906,55.7400016784668,52.293025970458984,362500
2019-12-10,56.0,57.0,55.90999984741211,56.029998779296875,52.565086364746094,512000
2019-12-11,56.04999923706055,56.34000015258789,55.47999954223633,56.189998626708984,52.71519088745117,388300
2019-12-12,56.20000076293945,56.29999923706055,55.88999938964844,56.29999923706055,52.81839370727539,293700
2019-12-13,56.34000015258789,57.0,55.83000183105469,56.97999954223633,53.45634078979492,322600
2019-12-16,57.099998474121094,59.130001068115234,57.02000045776367,59.02000045776367,55.370182037353516,519800
2019-12-17,58.970001220703125,59.939998626708984,58.72999954223633,59.63999938964844,55.95184326171875,480200
2019-12-18,59.619998931884766,60.13999938964844,59.220001220703125,59.810001373291016,56.111331939697266,617900
2019-12-19,59.810001373291016,60.349998474121094,59.18000030517578,60.279998779296875,56.55226516723633,530100
2019-12-20,60.619998931884766,62.66999816894531,59.900001525878906,62.52000045776367,58.653743743896484,3993400
2019-12-23,62.02000045776367,62.650001525878906,60.66999816894531,61.02000045776367,57.24650192260742,664600
2019-12-24,61.02000045776367,61.400001525878906,60.619998931884766,61.0,57.22774124145508,149800
2019-12-26,61.029998779296875,62.790000915527344,61.029998779296875,62.77000045776367,58.888282775878906,426800
2019-12-27,62.790000915527344,62.81999969482422,61.779998779296875,62.380001068115234,58.52239990234375,527200
2019-12-30,62.630001068115234,62.900001525878906,61.880001068115234,62.20000076293945,58.35353469848633,556400
2019-12-31,62.060001373291016,62.36000061035156,61.36000061035156,61.63999938964844,57.82816696166992,556200
2020-01-02,61.9900016784668,62.130001068115234,61.25,61.529998779296875,57.7249641418457,283900
2020-01-03,61.689998626708984,62.959999084472656,61.38999938964844,62.91999816894531,59.02900695800781,480600
2020-01-06,62.81999969482422,63.65999984741211,62.59000015258789,63.459999084472656,59.535614013671875,587600
2020-01-07,63.709999084472656,65.22000122070312,63.16999816894531,64.77999877929688,60.773983001708984,422500
2020-01-08,64.77999877929688,64.88999938964844,63.77000045776367,64.44000244140625,60.455013275146484,592800
2020-01-09,64.4800033569336,64.68000030517578,64.12999725341797,64.4000015258789,60.41748809814453,385800
2020-01-10,64.4000015258789,64.62999725341797,63.540000915527344,63.869998931884766,59.920257568359375,521100
2020-01-13,63.869998931884766,63.9900016784668,63.0,63.27000045776367,59.35736846923828,486500
2020-01-14,63.33000183105469,63.970001220703125,63.130001068115234,63.880001068115234,59.92964172363281,333400
2020-01-15,63.790000915527344,64.05000305175781,63.59000015258789,63.939998626708984,59.985931396484375,431200
2020-01-16,64.05999755859375,64.73999786376953,63.810001373291016,64.7300033569336,60.72707748413086,162300
2020-01-17,64.70999908447266,64.79000091552734,63.83000183105469,63.959999084472656,60.004695892333984,237700
2020-01-21,63.88999938964844,64.0999984741211,62.16999816894531,62.209999084472656,58.3629150390625,401400
2020-01-22,62.380001068115234,62.5,61.290000915527344,61.31999969482422,57.527950286865234,561400
2020-01-23,61.31999969482422,61.720001220703125,60.5,61.04999923706055,57.2746467590332,435900
2020-01-24,60.959999084472656,61.189998626708984,59.72999954223633,59.88999938964844,56.18638610839844,292900
2020-01-27,59.209999084472656,59.709999084472656,58.619998931884766,58.79999923706055,55.16379165649414,386900
2020-01-28,58.79999923706055,59.959999084472656,58.79999923706055,58.95000076293945,55.30451202392578,425900
2020-01-29,59.27000045776367,59.95000076293945,58.849998474121094,58.869998931884766,55.229461669921875,624000
2020-01-30,57.79999923706055,58.900001525878906,57.25,58.900001525878906,56.09130859375,585700
2020-01-31,58.90999984741211,59.720001220703125,58.060001373291016,58.43000030517578,55.64371871948242,781700
2020-02-03,58.43000030517578,59.34000015258789,58.310001373291016,59.04999923706055,56.234153747558594,433600
2020-02-04,59.5,61.279998779296875,59.5,61.09000015258789,58.17687225341797,340600
2020-02-05,61.59000015258789,63.2599983215332,61.369998931884766,62.29999923706055,59.32917404174805,505300
2020-02-06,62.43000030517578,62.43000030517578,60.59000015258789,60.88999938964844,57.986412048339844,467400
2020-02-07,60.75,61.7400016784668,60.11000061035156,61.06999969482422,58.1578254699707,425200
2020-02-10,60.869998931884766,61.95000076293945,60.40999984741211,60.45000076293945,57.5673942565918,291500
2020-02-11,60.91999816894531,60.93000030517578,59.349998474121094,59.52000045776367,56.68174362182617,410800
2020-02-12,59.83000183105469,60.63999938964844,59.63999938964844,60.380001068115234,57.500732421875,246100
2020-02-13,60.2599983215332,60.65999984741211,59.599998474121094,60.04999923706055,57.186466217041016,156700
2020-02-14,60.290000915527344,60.81999969482422,60.119998931884766,60.36000061035156,57.481685638427734,178900
2020-02-18,60.150001525878906,61.66999816894531,59.90999984741211,61.59000015258789,58.65303421020508,307300
2020-02-19,61.900001525878906,62.20000076293945,60.970001220703125,61.869998931884766,58.919681549072266,305300
2020-02-20,61.77000045776367,63.41999816894531,61.650001525878906,62.33000183105469,59.35774612426758,480100
2020-02-21,61.880001068115234,62.529998779296875,59.900001525878906,62.279998779296875,59.31012725830078,476700
2020-02-24,61.04999923706055,62.27000045776367,60.7599983215332,61.33000183105469,58.40542984008789,636600
2020-02-25,61.41999816894531,61.720001220703125,58.83000183105469,58.83000183105469,56.0246467590332,664200
2020-02-26,58.95000076293945,59.54999923706055,57.810001373291016,57.97999954223633,55.215179443359375,551600
2020-02-27,57.119998931884766,57.130001068115234,55.0099983215332,55.29999923706055,52.6629753112793,784600
2020-02-28,53.79999923706055,55.0,50.97999954223633,54.369998931884766,51.777320861816406,1058100
2020-03-02,54.77000045776367,55.29999923706055,53.279998779296875,54.65999984741211,52.05349349975586,408700
2020-03-03,54.7599983215332,56.189998626708984,53.75,54.2599983215332,51.67256546020508,412400
2020-03-04,55.04999923706055,55.9900016784668,54.400001525878906,55.029998779296875,52.40584945678711,493900
2020-03-05,54.119998931884766,54.58000183105469,51.689998626708984,52.4900016784668,49.98697280883789,405200
2020-03-06,51.209999084472656,51.209999084472656,48.06999969482422,48.77000045776367,46.44436264038086,725000
2020-03-09,42.7599983215332,45.7400016784668,38.5099983215332,39.09000015258789,37.22595977783203,1263500
2020-03-10,41.290000915527344,44.380001068115234,35.70000076293945,43.83000183105469,41.739933013916016,1694000
2020-03-11,42.40999984741211,43.84000015258789,40.18000030517578,40.18000030517578,38.26398468017578,1052300
2020-03-12,35.599998474121094,36.16999816894531,30.040000915527344,30.31999969482422,28.87416648864746,1280200
2020-03-13,33.16999816894531,40.09000015258789,31.280000686645508,37.5,35.71178436279297,1515200
2020-03-16,32.81999969482422,37.18000030517578,32.02000045776367,34.22999954223633,32.59771728515625,1175200
2020-03-17,35.209999084472656,35.209999084472656,30.260000228881836,31.549999237060547,30.04551124572754,1276200
2020-03-18,30.139999389648438,30.15999984741211,19.0,24.510000228881836,23.34122085571289,1517800
2020-03-19,24.5,34.709999084472656,21.709999084472656,26.639999389648438,25.36964988708496,2026100
2020-03-20,27.43000030517578,40.88999938964844,27.43000030517578,35.59000015258789,33.89286422729492,5180000
2020-03-23,35.59000015258789,35.59000015258789,26.760000228881836,29.399999618530273,27.998037338256836,2333100
2020-03-24,31.360000610351562,32.70000076293945,28.760000228881836,32.31999969482422,30.778793334960938,1295600
2020-03-25,32.47999954223633,38.15999984741211,31.56999969482422,36.060001373291016,34.340450286865234,1354900
2020-03-26,36.83000183105469,38.61000061035156,33.650001525878906,36.810001373291016,35.054683685302734,871100
2020-03-27,35.15999984741211,36.47999954223633,33.099998474121094,34.029998779296875,32.407249450683594,1021200
2020-03-30,33.310001373291016,33.599998474121094,29.510000228881836,31.420000076293945,29.921710968017578,652900
2020-03-31,31.489999771118164,36.7599983215332,31.209999084472656,36.43000030517578,34.692806243896484,1091200
2020-04-01,34.77000045776367,37.08000183105469,32.40999984741211,36.08000183105469,34.3594970703125,910400
2020-04-02,36.63999938964844,44.27000045776367,36.61000061035156,38.38999938964844,36.55934143066406,992500
2020-04-03,39.209999084472656,40.11000061035156,35.310001373291016,38.099998474121094,36.28316879272461,840600
2020-04-06,39.29999923706055,41.2599983215332,37.34000015258789,38.06999969482422,36.254600524902344,418800
2020-04-07,39.599998474121094,42.380001068115234,37.209999084472656,38.650001525878906,36.80694580078125,820200
2020-04-08,39.900001525878906,41.09000015258789,36.52000045776367,37.880001068115234,36.07366180419922,737800
2020-04-09,39.0,40.779998779296875,35.5,36.75,34.9975471496582,1135400
2020-04-13,37.119998931884766,39.36000061035156,36.150001525878906,37.810001373291016,36.00699996948242,606700
2020-04-14,38.77000045776367,41.38999938964844,38.150001525878906,40.54999923706055,38.61634063720703,790000
2020-04-15,39.47999954223633,39.77000045776367,38.150001525878906,39.2400016784668,37.368812561035156,858900
2020-04-16,39.16999816894531,40.369998931884766,38.18000030517578,39.689998626708984,37.79734802246094,451700
2020-04-17,40.849998474121094,42.400001525878906,40.36000061035156,41.61000061035156,39.62579345703125,1731000
2020-04-20,39.4900016784668,41.93000030517578,38.099998474121094,40.75,38.806800842285156,953600
2020-04-21,39.349998474121094,41.77000045776367,39.31999969482422,41.150001525878906,39.1877326965332,625300
2020-04-22,41.9900016784668,43.45000076293945,41.369998931884766,42.439998626708984,40.41621398925781,467100
2020-04-23,43.63999938964844,44.400001525878906,42.72999954223633,44.0,41.901824951171875,559900
2020-04-24,44.45000076293945,45.279998779296875,42.25,43.22999954223633,41.16854476928711,1091400
2020-04-27,43.0099983215332,43.369998931884766,41.900001525878906,43.290000915527344,41.22568130493164,767300
2020-04-28,44.0,45.150001525878906,43.279998779296875,44.310001373291016,42.197044372558594,444400
2020-04-29,45.540000915527344,47.0,44.81999969482422,46.400001525878906,44.187381744384766,600000
2020-04-30,46.380001068115234,46.380001068115234,41.310001373291016,42.54999923706055,41.29978942871094,653200
2020-05-01,44.77000045776367,44.77000045776367,40.279998779296875,41.560001373291016,40.33888244628906,376300
2020-05-04,41.06999969482422,42.599998474121094,40.5099983215332,41.84000015258789,40.610652923583984,389500
2020-05-05,43.27000045776367,43.709999084472656,41.34000015258789,42.06999969482422,40.833892822265625,516100
2020-05-06,42.0099983215332,42.939998626708984,40.970001220703125,42.150001525878906,40.91154479980469,304400
2020-05-07,42.79999923706055,43.41999816894531,41.0,41.0,39.79533386230469,594700
2020-05-08,41.4900016784668,44.27000045776367,41.29999923706055,44.119998931884766,42.82366180419922,675400
2020-05-11,43.66999816894531,44.0099983215332,42.369998931884766,42.88999938964844,41.629798889160156,280900
2020-05-12,43.33000183105469,44.54999923706055,42.02000045776367,42.02000045776367,40.78536605834961,580100
2020-05-13,42.04999923706055,43.400001525878906,40.56999969482422,41.97999954223633,40.74654006958008,591800
2020-05-14,41.16999816894531,42.849998474121094,39.619998931884766,42.619998931884766,41.367733001708984,369200
2020-05-15,42.689998626708984,43.4900016784668,42.18000030517578,42.630001068115234,41.37744140625,433700
2020-05-18,44.0,45.06999969482422,43.75,44.38999938964844,43.08572769165039,447500
2020-05-19,44.439998626708984,45.9900016784668,44.0099983215332,45.16999816894531,43.84280776977539,345100
2020-05-20,45.81999969482422,47.04999923706055,43.849998474121094,44.630001068115234,43.31867599487305,429800
2020-05-21,45.040000915527344,45.599998474121094,43.310001373291016,44.65999984741211,43.34779357910156,356400
2020-05-22,44.08000183105469,44.689998626708984,43.68000030517578,44.58000183105469,43.27014923095703,201600
2020-05-26,45.150001525878906,46.040000915527344,44.81999969482422,45.52000045776367,44.182525634765625,315600
2020-05-27,45.880001068115234,46.689998626708984,45.029998779296875,46.099998474121094,44.7454833984375,417700
2020-05-28,46.65999984741211,46.72999954223633,44.31999969482422,45.11000061035156,43.78457260131836,332500
2020-05-29,44.91999816894531,44.970001220703125,43.150001525878906,44.68000030517578,43.36720657348633,751800
2020-06-01,44.619998931884766,44.689998626708984,43.5,43.529998779296875,42.25099563598633,299500
2020-06-02,44.06999969482422,46.25,43.88999938964844,46.119998931884766,44.764896392822266,510500
2020-06-03,46.599998474121094,47.540000915527344,46.18000030517578,46.81999969482422,45.44432830810547,368700
2020-06-04,46.52000045776367,47.099998474121094,45.7400016784668,46.529998779296875,45.16284942626953,343300
2020-06-05,47.9900016784668,48.5099983215332,46.720001220703125,46.720001220703125,45.347267150878906,440600
2020-06-08,47.900001525878906,48.06999969482422,45.88999938964844,46.41999816894531,45.05607986450195,686100
2020-06-09,45.25,45.56999969482422,43.290000915527344,44.25,42.9498405456543,1091600
2020-06-10,44.150001525878906,44.52000045776367,42.380001068115234,43.68000030517578,42.39659118652344,1223200
2020-06-11,41.18000030517578,42.209999084472656,39.75,40.08000183105469,38.902366638183594,1038900
2020-06-12,41.56999969482422,41.779998779296875,39.119998931884766,39.220001220703125,38.06763458251953,969900
2020-06-15,38.11000061035156,41.150001525878906,37.5,40.13999938964844,38.960601806640625,1080000
2020-06-16,42.709999084472656,42.779998779296875,37.63999938964844,38.560001373291016,37.42702865600586,2470500
2020-06-17,38.75,40.04999923706055,38.18000030517578,39.099998474121094,37.95115661621094,885000
2020-06-18,38.40999984741211,41.20000076293945,38.400001525878906,40.4900016784668,39.30031967163086,1137700
2020-06-19,41.77000045776367,41.77000045776367,38.88999938964844,38.970001220703125,37.824981689453125,1197000
2020-06-22,38.65999984741211,39.38999938964844,37.97999954223633,39.15999984741211,38.009395599365234,683200
2020-06-23,39.470001220703125,39.97999954223633,38.36000061035156,38.439998626708984,37.310550689697266,424900
2020-06-24,37.939998626708984,37.939998626708984,35.90999984741211,36.58000183105469,35.50520324707031,612500
2020-06-25,36.279998779296875,37.349998474121094,36.040000915527344,37.16999816894531,36.07786560058594,398900
2020-06-26,36.95000076293945,37.11000061035156,35.130001068115234,35.540000915527344,34.49576187133789,356400
2020-06-29,35.75,36.70000076293945,35.560001373291016,35.599998474121094,34.55399703979492,390500
2020-06-30,35.34000015258789,36.150001525878906,35.02000045776367,36.040000915527344,34.98107147216797,519000
2020-07-01,36.220001220703125,36.709999084472656,35.34000015258789,35.68000030517578,34.63164520263672,354400
2020-07-02,36.13999938964844,36.34000015258789,35.439998626708984,36.25,35.184898376464844,377700
2020-07-06,35.349998474121094,35.689998626708984,29.420000076293945,29.780000686645508,28.905000686645508,4841900
2020-07-07,29.760000228881836,30.510000228881836,28.270000457763672,28.690000534057617,27.847028732299805,1574800
2020-07-08,28.68000030517578,29.8799991607666,28.56999969482422,29.09000015258789,28.235275268554688,899800
2020-07-09,29.18000030517578,30.5,28.1299991607666,29.90999984741211,29.03118133544922,1195400
2020-07-10,29.75,31.31999969482422,29.389999389648438,31.239999771118164,30.32210350036621,664300
2020-07-13,31.290000915527344,31.420000076293945,30.260000228881836,30.450000762939453,29.555315017700195,1474000
2020-07-14,30.360000610351562,31.34000015258789,29.790000915527344,29.899999618530273,29.021474838256836,826400
2020-07-15,31.219999313354492,32.20000076293945,30.299999237060547,30.780000686645508,29.875619888305664,1271000
2020-07-16,30.6299991607666,30.790000915527344,29.719999313354492,30.209999084472656,29.322364807128906,537400
2020-07-17,30.290000915527344,31.40999984741211,30.290000915527344,30.510000228881836,29.61355209350586,604400
2020-07-20,31.149999618530273,31.3799991607666,29.93000030517578,30.020000457763672,29.137948989868164,404400
2020-07-21,30.219999313354492,31.3799991607666,30.219999313354492,31.270000457763672,30.351221084594727,398000
2020-07-22,30.510000228881836,30.770000457763672,29.639999389648438,29.950000762939453,29.07000732421875,920200
2020-07-23,29.799999237060547,30.899999618530273,29.799999237060547,30.5,29.603845596313477,652500
2020-07-24,30.34000015258789,30.799999237060547,30.040000915527344,30.290000915527344,29.40001678466797,337800
2020-07-27,30.40999984741211,30.600000381469727,29.31999969482422,29.530000686645508,28.6623477935791,549800
2020-07-28,29.399999618530273,29.610000610351562,29.149999618530273,29.209999084472656,28.351747512817383,457800
2020-07-29,29.25,29.90999984741211,28.690000534057617,29.780000686645508,28.905000686645508,979700
2020-07-30,28.90999984741211,28.969999313354492,28.0,28.209999084472656,28.209999084472656,477200
2020-07-31,28.010000228881836,28.440000534057617,27.209999084472656,27.799999237060547,27.799999237060547,581500
2020-08-03,27.889999389648438,28.040000915527344,27.459999084472656,27.600000381469727,27.600000381469727,588200
2020-08-04,27.3799991607666,27.790000915527344,26.850000381469727,27.510000228881836,27.510000228881836,768900
2020-08-05,27.81999969482422,35.2599983215332,27.450000762939453,31.15999984741211,31.15999984741211,2927000
2020-08-06,31.0,31.0,28.899999618530273,29.479999542236328,29.479999542236328,904900
2020-08-07,29.43000030517578,29.559999465942383,28.09000015258789,28.479999542236328,28.479999542236328,1049200
2020-08-10,28.5,28.969999313354492,28.420000076293945,28.610000610351562,28.610000610351562,911900
2020-08-11,29.020000457763672,29.790000915527344,28.450000762939453,28.5,28.5,770700
2020-08-12,28.969999313354492,28.969999313354492,28.030000686645508,28.260000228881836,28.260000228881836,742500
2020-08-13,28.260000228881836,28.329999923706055,27.5,27.649999618530273,27.649999618530273,1074600
2020-08-14,27.81999969482422,28.100000381469727,27.479999542236328,27.610000610351562,27.610000610351562,638800
2020-08-17,27.610000610351562,27.959999084472656,27.420000076293945,27.850000381469727,27.850000381469727,450600
2020-08-18,27.850000381469727,28.1200008392334,27.5,27.530000686645508,27.530000686645508,560000
2020-08-19,27.520000457763672,27.799999237060547,27.010000228881836,27.149999618530273,27.149999618530273,1392000
2020-08-20,27.0,27.09000015258789,26.1299991607666,26.649999618530273,26.649999618530273,685400
2020-08-21,26.34000015258789,26.40999984741211,25.59000015258789,26.360000610351562,26.360000610351562,746500
2020-08-24,26.399999618530273,26.790000915527344,25.84000015258789,25.850000381469727,25.850000381469727,636900
2020-08-25,26.100000381469727,26.290000915527344,25.149999618530273,25.559999465942383,25.559999465942383,832600
2020-08-26,25.610000610351562,25.760000228881836,24.489999771118164,24.59000015258789,24.59000015258789,999300
2020-08-27,24.600000381469727,25.34000015258789,24.520000457763672,25.270000457763672,25.270000457763672,553000
2020-08-28,25.700000762939453,26.709999084472656,25.450000762939453,26.520000457763672,26.520000457763672,626000
2020-08-31,26.489999771118164,27.639999389648438,26.149999618530273,26.920000076293945,26.920000076293945,1150600
2020-09-01,26.799999237060547,27.280000686645508,26.5,27.280000686645508,27.280000686645508,399135
